Item	Área do plugin	Tipo de conteúdo	Texto atual	Texto proposto	Status da revisão	Onde aparece	Quantidade de usos do mesmo texto	Como a alteração será aplicada	Observações do designer	ID do campo	ID do texto repetido	Arquivo de referência	Linha	Contexto técnico
1	Canvas / backend Figma	Configuração técnica	Inter		A revisar	Texto usado no canvas ou em retorno do Figma	15	Propor aqui; desenvolvimento aplica no banco textual/código		hac.backend.onmessage.loadfontasync.l941c49.86cac0ec	txt.b6708d593ee2	src/plugin/backend/onmessage.js	941	loadFontAsync
2	Canvas / backend Figma	Configuração técnica	Bold		A revisar	Texto usado no canvas ou em retorno do Figma	15	Propor aqui; desenvolvimento aplica no banco textual/código		hac.backend.onmessage.loadfontasync.l941c65.1a04229c	txt.c9b76ae79584	src/plugin/backend/onmessage.js	941	loadFontAsync
3	Canvas / backend Figma	Configuração técnica	Inter		A revisar	Texto usado no canvas ou em retorno do Figma	15	Propor aqui; desenvolvimento aplica no banco textual/código		hac.backend.onmessage.loadfontasync.l1108c49.02a0ca9b	txt.b6708d593ee2	src/plugin/backend/onmessage.js	1108	loadFontAsync
4	Canvas / backend Figma	Configuração técnica	Bold		A revisar	Texto usado no canvas ou em retorno do Figma	15	Propor aqui; desenvolvimento aplica no banco textual/código		hac.backend.onmessage.loadfontasync.l1108c65.22f0cfe4	txt.c9b76ae79584	src/plugin/backend/onmessage.js	1108	loadFontAsync
5	Canvas / backend Figma	Configuração técnica	Inter		A revisar	Texto usado no canvas ou em retorno do Figma	15	Propor aqui; desenvolvimento aplica no banco textual/código		hac.backend.onmessage.loadfontasync.l2630c45.23549984	txt.b6708d593ee2	src/plugin/backend/onmessage.js	2630	loadFontAsync
6	Canvas / backend Figma	Configuração técnica	Bold		A revisar	Texto usado no canvas ou em retorno do Figma	15	Propor aqui; desenvolvimento aplica no banco textual/código		hac.backend.onmessage.loadfontasync.l2630c61.806a761f	txt.c9b76ae79584	src/plugin/backend/onmessage.js	2630	loadFontAsync
7	Canvas / backend Figma	Configuração técnica	Inter		A revisar	Texto usado no canvas ou em retorno do Figma	15	Propor aqui; desenvolvimento aplica no banco textual/código		hac.backend.onmessage.loadfontasync.l3861c51.fda2ff8d	txt.b6708d593ee2	src/plugin/backend/onmessage.js	3861	loadFontAsync
8	Canvas / backend Figma	Configuração técnica	Bold		A revisar	Texto usado no canvas ou em retorno do Figma	15	Propor aqui; desenvolvimento aplica no banco textual/código		hac.backend.onmessage.loadfontasync.l3861c67.51060ff1	txt.c9b76ae79584	src/plugin/backend/onmessage.js	3861	loadFontAsync
9	Canvas / backend Figma	Configuração técnica	Inter		A revisar	Texto usado no canvas ou em retorno do Figma	15	Propor aqui; desenvolvimento aplica no banco textual/código		hac.backend.onmessage.loadfontasync.l5089c49.15d45b7c	txt.b6708d593ee2	src/plugin/backend/onmessage.js	5089	loadFontAsync
10	Canvas / backend Figma	Configuração técnica	Bold		A revisar	Texto usado no canvas ou em retorno do Figma	15	Propor aqui; desenvolvimento aplica no banco textual/código		hac.backend.onmessage.loadfontasync.l5089c65.317970bb	txt.c9b76ae79584	src/plugin/backend/onmessage.js	5089	loadFontAsync
11	Canvas / backend Figma	Configuração técnica	Inter		A revisar	Texto usado no canvas ou em retorno do Figma	15	Propor aqui; desenvolvimento aplica no banco textual/código		hac.code.loadfontasync.l2124c47.2c3ff4d9	txt.b6708d593ee2	src/plugin/code.js	2124	loadFontAsync
12	Canvas / backend Figma	Configuração técnica	Bold		A revisar	Texto usado no canvas ou em retorno do Figma	15	Propor aqui; desenvolvimento aplica no banco textual/código		hac.code.loadfontasync.l2124c63.05c14fd2	txt.c9b76ae79584	src/plugin/code.js	2124	loadFontAsync
13	Canvas / backend Figma	Mensagem de diagnóstico	[hac] _a11yScanArea: instância sem match DSC resolvido — não deveria ser descartada silenciosamente.		A revisar	Texto usado no canvas ou em retorno do Figma	1	Propor aqui; desenvolvimento aplica no banco textual/código		hac.backend.dsc.matching.error.l583c25.1bf3673b	txt.371f7564c70e	src/plugin/backend/dsc-matching.js	583	error
14	Canvas / backend Figma	Mensagem de diagnóstico	Erro ao escanear node:		A revisar	Texto usado no canvas ou em retorno do Figma	1	Propor aqui; desenvolvimento aplica no banco textual/código		hac.backend.dsc.matching.extract.error.l710c21.de9b0a0f	txt.9699e2e97451	src/plugin/backend/dsc-matching.js	710	_extract > error
15	Canvas / backend Figma	Mensagem de diagnóstico	(type=		A revisar	Texto usado no canvas ou em retorno do Figma	1	Propor aqui; desenvolvimento aplica no banco textual/código		hac.backend.dsc.matching.error.l710c55.e02a8690	txt.419800639ec8	src/plugin/backend/dsc-matching.js	710	error
16	Canvas / backend Figma	Mensagem de diagnóstico	, id=		A revisar	Texto usado no canvas ou em retorno do Figma	1	Propor aqui; desenvolvimento aplica no banco textual/código		hac.backend.dsc.matching.error.l710c75.23b45a45	txt.c4e827148002	src/plugin/backend/dsc-matching.js	710	error
17	Canvas / backend Figma	Mensagem de diagnóstico	Initialization error (continuing without saved state):		A revisar	Texto usado no canvas ou em retorno do Figma	1	Propor aqui; desenvolvimento aplica no banco textual/código		hac.backend.onmessage.error.l480c21.aa5e7e8c	txt.c20d4e37d998	src/plugin/backend/onmessage.js	480	error
18	Canvas / backend Figma	Mensagem de diagnóstico	survey-existing-documentation failed:		A revisar	Texto usado no canvas ou em retorno do Figma	1	Propor aqui; desenvolvimento aplica no banco textual/código		hac.backend.onmessage.error.l529c21.c86b03d2	txt.ed4ba1e57d66	src/plugin/backend/onmessage.js	529	error
19	Canvas / backend Figma	Mensagem de diagnóstico	Storage save failed (possivelmente falta o plugin ID no manifest):		A revisar	Texto usado no canvas ou em retorno do Figma	1	Propor aqui; desenvolvimento aplica no banco textual/código		hac.backend.onmessage.warn.l564c20.36a63fcf	txt.69ed43bab563	src/plugin/backend/onmessage.js	564	warn
20	Canvas / backend Figma	Mensagem de diagnóstico	Onboarding state save failed:		A revisar	Texto usado no canvas ou em retorno do Figma	1	Propor aqui; desenvolvimento aplica no banco textual/código		hac.backend.onmessage.warn.l573c20.c764666a	txt.cc90477f1481	src/plugin/backend/onmessage.js	573	warn
21	Canvas / backend Figma	Mensagem de diagnóstico	clear-cache failed:		A revisar	Texto usado no canvas ou em retorno do Figma	1	Propor aqui; desenvolvimento aplica no banco textual/código		hac.backend.onmessage.error.l596c21.822ad9a5	txt.9649c2abc54b	src/plugin/backend/onmessage.js	596	error
22	Canvas / backend Figma	Mensagem de diagnóstico	ensure-hac-page failed:		A revisar	Texto usado no canvas ou em retorno do Figma	1	Propor aqui; desenvolvimento aplica no banco textual/código		hac.backend.onmessage.error.l644c21.bc067ec9	txt.9a3394a0340f	src/plugin/backend/onmessage.js	644	error
23	Canvas / backend Figma	Mensagem de diagnóstico	clear-canvas-and-cache failed:		A revisar	Texto usado no canvas ou em retorno do Figma	1	Propor aqui; desenvolvimento aplica no banco textual/código		hac.backend.onmessage.error.l663c21.1521ecad	txt.ed28e6be17e9	src/plugin/backend/onmessage.js	663	error
24	Canvas / backend Figma	Mensagem de diagnóstico	[hac] update-a11y-area-conector: falha ao trocar componente da instância.		A revisar	Texto usado no canvas ou em retorno do Figma	1	Propor aqui; desenvolvimento aplica no banco textual/código		hac.backend.onmessage.error.l1162c25.4e018803	txt.0ee2a5432eba	src/plugin/backend/onmessage.js	1162	error
25	Canvas / backend Figma	Mensagem de diagnóstico	[hac] create-unified-spec: node não encontrado no clone da área — desenhando sobre o original.		A revisar	Texto usado no canvas ou em retorno do Figma	1	Propor aqui; desenvolvimento aplica no banco textual/código		hac.backend.onmessage.error.l1351c29.ffcfed13	txt.0d9782e5a20f	src/plugin/backend/onmessage.js	1351	error
26	Canvas / backend Figma	Mensagem de diagnóstico	[hac] create-unified-spec: falha ao resolver/criar o clone da área — desenhando sobre o original.		A revisar	Texto usado no canvas ou em retorno do Figma	1	Propor aqui; desenvolvimento aplica no banco textual/código		hac.backend.onmessage.error.l1365c25.90d4159f	txt.2f7a31138adc	src/plugin/backend/onmessage.js	1365	error
27	Canvas / backend Figma	Mensagem de diagnóstico	[hac] create-unified-spec: fallback para card genérico —		A revisar	Texto usado no canvas ou em retorno do Figma	1	Propor aqui; desenvolvimento aplica no banco textual/código		hac.backend.onmessage.error.l1425c23.4e06d907	txt.f3789232dbc0	src/plugin/backend/onmessage.js	1425	error
28	Canvas / backend Figma	Mensagem de diagnóstico	[hac] create-unified-spec: reparenting pro grupo overlay falhou, caindo pra Section de sessão.		A revisar	Texto usado no canvas ou em retorno do Figma	1	Propor aqui; desenvolvimento aplica no banco textual/código		hac.backend.onmessage.error.l2291c25.71946c3d	txt.70d5beb1653b	src/plugin/backend/onmessage.js	2291	error
29	Canvas / backend Figma	Mensagem de diagnóstico	[hac] create-unified-spec: falha ao reajustar o tamanho do bloco/Documentação após novo card.		A revisar	Texto usado no canvas ou em retorno do Figma	1	Propor aqui; desenvolvimento aplica no banco textual/código		hac.backend.onmessage.error.l2336c25.6d2544ec	txt.ea8ef23f8fb7	src/plugin/backend/onmessage.js	2336	error
30	Canvas / backend Figma	Mensagem de diagnóstico	[hac] create-unified-spec: falhou.		A revisar	Texto usado no canvas ou em retorno do Figma	1	Propor aqui; desenvolvimento aplica no banco textual/código		hac.backend.onmessage.error.l2395c21.324e79be	txt.874cf9eea542	src/plugin/backend/onmessage.js	2395	error
31	Canvas / backend Figma	Mensagem de diagnóstico	[hac] _createTabOrderBadge: falha ao importar selo real, usando fallback procedural.		A revisar	Texto usado no canvas ou em retorno do Figma	1	Propor aqui; desenvolvimento aplica no banco textual/código		hac.backend.onmessage.createtaborderbadge.error.l2582c21.d880e8af	txt.1c0b3676de64	src/plugin/backend/onmessage.js	2582	_createTabOrderBadge > error
32	Canvas / backend Figma	Mensagem de diagnóstico	[hac] _createTabOrderBadge: fonte Inter Bold indisponível, tentando carregar novamente.		A revisar	Texto usado no canvas ou em retorno do Figma	1	Propor aqui; desenvolvimento aplica no banco textual/código		hac.backend.onmessage.createtaborderbadge.error.l2629c23.151c5118	txt.114702bc3b22	src/plugin/backend/onmessage.js	2629	_createTabOrderBadge > error
33	Canvas / backend Figma	Mensagem de diagnóstico	[hac] _createTabOrderBadge: reparenting pro grupo de selos falhou, caindo pro Grupo da Área.		A revisar	Texto usado no canvas ou em retorno do Figma	1	Propor aqui; desenvolvimento aplica no banco textual/código		hac.backend.onmessage.createtaborderbadge.error.l2716c23.a18122f2	txt.593af27c8eca	src/plugin/backend/onmessage.js	2716	_createTabOrderBadge > error
34	Canvas / backend Figma	Mensagem de diagnóstico	[hac] generate-tab-order-from-layers falhou:		A revisar	Texto usado no canvas ou em retorno do Figma	1	Propor aqui; desenvolvimento aplica no banco textual/código		hac.backend.onmessage.error.l2886c23.d7248854	txt.d28c7f329549	src/plugin/backend/onmessage.js	2886	error
35	Canvas / backend Figma	Mensagem de diagnóstico	[hac] generate-swipe-path-from-layers falhou:		A revisar	Texto usado no canvas ou em retorno do Figma	1	Propor aqui; desenvolvimento aplica no banco textual/código		hac.backend.onmessage.error.l3015c23.85552c9d	txt.996eb972e734	src/plugin/backend/onmessage.js	3015	error
36	Canvas / backend Figma	Mensagem de diagnóstico	[hac] renumber-tab-order-items: falha ao renumerar		A revisar	Texto usado no canvas ou em retorno do Figma	1	Propor aqui; desenvolvimento aplica no banco textual/código		hac.backend.onmessage.error.l3112c25.2ee2b6c5	txt.dd28f3da6920	src/plugin/backend/onmessage.js	3112	error
37	Canvas / backend Figma	Mensagem de diagnóstico	[hac] draw-tab-order-badge: falha ao desenhar selo para		A revisar	Texto usado no canvas ou em retorno do Figma	1	Propor aqui; desenvolvimento aplica no banco textual/código		hac.backend.onmessage.error.l3867c23.c6f693c0	txt.2f68015dc151	src/plugin/backend/onmessage.js	3867	error
38	Canvas / backend Figma	Mensagem de diagnóstico	[hac] insert-swipe-path: reparenting pro grupo overlay falhou, caindo pro Grupo da Área.		A revisar	Texto usado no canvas ou em retorno do Figma	1	Propor aqui; desenvolvimento aplica no banco textual/código		hac.backend.onmessage.error.l4171c27.65f24a60	txt.38759cee9dcf	src/plugin/backend/onmessage.js	4171	error
39	Canvas / backend Figma	Mensagem de diagnóstico	[hac] insert-swipe-path falhou:		A revisar	Texto usado no canvas ou em retorno do Figma	1	Propor aqui; desenvolvimento aplica no banco textual/código		hac.backend.onmessage.error.l4209c23.086568d4	txt.c697ef1cc339	src/plugin/backend/onmessage.js	4209	error
40	Canvas / backend Figma	Mensagem de diagnóstico	[hac] _fitFichaHandoffFrameToChildren: falha ao ajustar tamanho (não impede o restante).		A revisar	Texto usado no canvas ou em retorno do Figma	1	Propor aqui; desenvolvimento aplica no banco textual/código		hac.backend.onmessage.fitfichahandoffframetochildren.error.l4675c21.94088740	txt.c695b7ef007c	src/plugin/backend/onmessage.js	4675	_fitFichaHandoffFrameToChildren > error
41	Canvas / backend Figma	Mensagem de diagnóstico	[hac][legenda] início		A revisar	Texto usado no canvas ou em retorno do Figma	1	Propor aqui; desenvolvimento aplica no banco textual/código		hac.backend.onmessage.ensurelegendbesideclone.log.l4788c19.2d6dced5	txt.627553eca767	src/plugin/backend/onmessage.js	4788	_ensureLegendBesideClone > log
42	Canvas / backend Figma	Mensagem de diagnóstico	[hac][legenda] docFrame		A revisar	Texto usado no canvas ou em retorno do Figma	1	Propor aqui; desenvolvimento aplica no banco textual/código		hac.backend.onmessage.ensurelegendbesideclone.log.l4790c19.8efd4437	txt.baea0b23cf07	src/plugin/backend/onmessage.js	4790	_ensureLegendBesideClone > log
43	Canvas / backend Figma	Mensagem de diagnóstico	[hac][legenda] itensFrame		A revisar	Texto usado no canvas ou em retorno do Figma	1	Propor aqui; desenvolvimento aplica no banco textual/código		hac.backend.onmessage.ensurelegendbesideclone.log.l4792c19.1f2630a5	txt.cfd295dc7d6d	src/plugin/backend/onmessage.js	4792	_ensureLegendBesideClone > log
44	Canvas / backend Figma	Mensagem de diagnóstico	[hac][área] reparenting		A revisar	Texto usado no canvas ou em retorno do Figma	1	Propor aqui; desenvolvimento aplica no banco textual/código		hac.backend.onmessage.ensurelegendbesideclone.log.l4823c21.ab227c48	txt.9160d538aea1	src/plugin/backend/onmessage.js	4823	_ensureLegendBesideClone > log
45	Canvas / backend Figma	Mensagem de diagnóstico	[hac][área] reparentado com sucesso		A revisar	Texto usado no canvas ou em retorno do Figma	1	Propor aqui; desenvolvimento aplica no banco textual/código		hac.backend.onmessage.log.l4850c23.728d02d8	txt.d01508c3c34c	src/plugin/backend/onmessage.js	4850	log
46	Canvas / backend Figma	Mensagem de diagnóstico	[hac] _ensureLegendBesideClone: falha ao mover o Grupo da Área pra dentro de "[HAC] Assets do Handoff".		A revisar	Texto usado no canvas ou em retorno do Figma	1	Propor aqui; desenvolvimento aplica no banco textual/código		hac.backend.onmessage.ensurelegendbesideclone.error.l4858c23.da87315e	txt.ed2b4091041b	src/plugin/backend/onmessage.js	4858	_ensureLegendBesideClone > error
47	Canvas / backend Figma	Mensagem de diagnóstico	[hac][legenda] bloco		A revisar	Texto usado no canvas ou em retorno do Figma	1	Propor aqui; desenvolvimento aplica no banco textual/código		hac.backend.onmessage.ensurelegendbesideclone.log.l4863c19.ec228d1d	txt.fcc1da51f820	src/plugin/backend/onmessage.js	4863	_ensureLegendBesideClone > log
48	Canvas / backend Figma	Mensagem de diagnóstico	[hac][legenda] handoffFrame		A revisar	Texto usado no canvas ou em retorno do Figma	1	Propor aqui; desenvolvimento aplica no banco textual/código		hac.backend.onmessage.ensurelegendbesideclone.log.l4876c19.51f65890	txt.c5e42f49560d	src/plugin/backend/onmessage.js	4876	_ensureLegendBesideClone > log
49	Canvas / backend Figma	Mensagem de diagnóstico	[hac] _ensureLegendBesideClone: reparenting do clone pro FRAME de Handoff falhou.		A revisar	Texto usado no canvas ou em retorno do Figma	1	Propor aqui; desenvolvimento aplica no banco textual/código		hac.backend.onmessage.error.l4957c25.0e5afeb4	txt.334a93c5a5e2	src/plugin/backend/onmessage.js	4957	error
50	Canvas / backend Figma	Mensagem de diagnóstico	[hac][legenda] legenda encontrada?		A revisar	Texto usado no canvas ou em retorno do Figma	1	Propor aqui; desenvolvimento aplica no banco textual/código		hac.backend.onmessage.ensurelegendbesideclone.log.l4973c19.a072fa8c	txt.c97037b145b9	src/plugin/backend/onmessage.js	4973	_ensureLegendBesideClone > log
51	Canvas / backend Figma	Mensagem de diagnóstico	[hac] _ensureLegendBesideClone: falha ao inserir as instruções ao lado da réplica (não impede o trabalho).		A revisar	Texto usado no canvas ou em retorno do Figma	1	Propor aqui; desenvolvimento aplica no banco textual/código		hac.backend.onmessage.ensurelegendbesideclone.error.l4980c21.95cb885c	txt.0aed4d5d9d98	src/plugin/backend/onmessage.js	4980	_ensureLegendBesideClone > error
52	Canvas / backend Figma	Mensagem de diagnóstico	[hac] _buildFichaTabulacaoSection: falha ao desenhar selo.		A revisar	Texto usado no canvas ou em retorno do Figma	1	Propor aqui; desenvolvimento aplica no banco textual/código		hac.backend.onmessage.error.l5119c25.bc050288	txt.8c1909323a65	src/plugin/backend/onmessage.js	5119	error
53	Canvas / backend Figma	Mensagem de diagnóstico	[hac] _buildFichaSwipeSection: reparenting da trilha pro overlay falhou, mantendo solta na página.		A revisar	Texto usado no canvas ou em retorno do Figma	1	Propor aqui; desenvolvimento aplica no banco textual/código		hac.backend.onmessage.buildfichaswipesection.error.l5317c21.67e427aa	txt.6a700bad118d	src/plugin/backend/onmessage.js	5317	_buildFichaSwipeSection > error
54	Canvas / backend Figma	Mensagem de diagnóstico	[hac] insert-ficha-section: falha ao criar/obter o frame do Handoff de Acessibilidade.		A revisar	Texto usado no canvas ou em retorno do Figma	1	Propor aqui; desenvolvimento aplica no banco textual/código		hac.backend.onmessage.error.l5472c23.383f7c3a	txt.8fdf95bcdbdc	src/plugin/backend/onmessage.js	5472	error
55	Canvas / backend Figma	Mensagem de diagnóstico	[hac] insert-ficha-section: falha ao montar a seção "		A revisar	Texto usado no canvas ou em retorno do Figma	1	Propor aqui; desenvolvimento aplica no banco textual/código		hac.backend.onmessage.error.l5490c23.6905ef28	txt.3d886438c900	src/plugin/backend/onmessage.js	5490	error
56	Canvas / backend Figma	Mensagem de diagnóstico	[hac] insert-ficha-section: falha ao limpar a réplica de trabalho de "		A revisar	Texto usado no canvas ou em retorno do Figma	1	Propor aqui; desenvolvimento aplica no banco textual/código		hac.backend.onmessage.error.l5549c23.9bdffb86	txt.d9f6de9f4359	src/plugin/backend/onmessage.js	5549	error
57	Canvas / backend Figma	Mensagem de diagnóstico	" (não impede o handoff).		A revisar	Texto usado no canvas ou em retorno do Figma	1	Propor aqui; desenvolvimento aplica no banco textual/código		hac.backend.onmessage.error.l5549c111.79b860b6	txt.abf0bd17f338	src/plugin/backend/onmessage.js	5549	error
58	Canvas / backend Figma	Mensagem de diagnóstico	[hac] insert-ficha-section: falha ao readequar o tamanho da Section (não impede o handoff).		A revisar	Texto usado no canvas ou em retorno do Figma	1	Propor aqui; desenvolvimento aplica no banco textual/código		hac.backend.onmessage.error.l5570c23.cac808f9	txt.c9edb970e618	src/plugin/backend/onmessage.js	5570	error
59	Canvas / backend Figma	Mensagem de diagnóstico	[hac] insert-ficha-section: falha ao limpar sinalização de edição (não impede o handoff).		A revisar	Texto usado no canvas ou em retorno do Figma	1	Propor aqui; desenvolvimento aplica no banco textual/código		hac.backend.onmessage.error.l5584c23.4b865188	txt.a2df4c579975	src/plugin/backend/onmessage.js	5584	error
60	Canvas / backend Figma	Mensagem de diagnóstico	[hac] bump-a11y-session-version: falha ao incrementar a versão da Section de sessão (não impede o handoff).		A revisar	Texto usado no canvas ou em retorno do Figma	1	Propor aqui; desenvolvimento aplica no banco textual/código		hac.backend.onmessage.error.l5657c21.d87ba1ff	txt.41ea6a5005a8	src/plugin/backend/onmessage.js	5657	error
61	Canvas / backend Figma	Mensagem de diagnóstico	[hac] prepare-ficha-section-edit: falha ao resolver o clone de "		A revisar	Texto usado no canvas ou em retorno do Figma	1	Propor aqui; desenvolvimento aplica no banco textual/código		hac.backend.onmessage.error.l5705c23.62418eb9	txt.5b4699a87a8d	src/plugin/backend/onmessage.js	5705	error
62	Canvas / backend Figma	Mensagem de diagnóstico	[hac] prepare-ficha-section-edit: falha ao sinalizar o bloco final como desatualizado.		A revisar	Texto usado no canvas ou em retorno do Figma	1	Propor aqui; desenvolvimento aplica no banco textual/código		hac.backend.onmessage.error.l5727c23.0bd9732f	txt.5d534a89d1fa	src/plugin/backend/onmessage.js	5727	error
63	Canvas / backend Figma	Mensagem de diagnóstico	[hac] _reparentIntoSection: falhou, node ficou solto na página.		A revisar	Texto usado no canvas ou em retorno do Figma	1	Propor aqui; desenvolvimento aplica no banco textual/código		hac.code.reparentintosection.error.l1954c19.41e1ef4c	txt.62f89bb4e100	src/plugin/code.js	1954	_reparentIntoSection > error
64	Canvas / backend Figma	Mensagem de diagnóstico	[hac] _fitSectionToChildren: falhou ao redimensionar a Section.		A revisar	Texto usado no canvas ou em retorno do Figma	1	Propor aqui; desenvolvimento aplica no banco textual/código		hac.code.fitsectiontochildren.error.l2070c19.06da77e9	txt.000ecce054ff	src/plugin/code.js	2070	_fitSectionToChildren > error
65	Canvas / backend Figma	Mensagem de diagnóstico	[hac] _ensureCloneWorkFrame: falhou, moldura visual não aplicada (não afeta o trabalho real).		A revisar	Texto usado no canvas ou em retorno do Figma	1	Propor aqui; desenvolvimento aplica no banco textual/código		hac.code.ensurecloneworkframe.desativada.error.l2221c19.71e84177	txt.07e620b5bc1c	src/plugin/code.js	2221	_ensureCloneWorkFrame_DESATIVADA > error
66	Canvas / backend Figma	Mensagem de diagnóstico	[hac] _reparentIntoAreaGroup: falhou, node ficou solto na página.		A revisar	Texto usado no canvas ou em retorno do Figma	1	Propor aqui; desenvolvimento aplica no banco textual/código		hac.code.reparentintoareagroup.error.l2273c19.42a3e050	txt.c1f509dee244	src/plugin/code.js	2273	_reparentIntoAreaGroup > error
67	Canvas / backend Figma	Mensagem de diagnóstico	[hac] _rescueLegacyOverlayNestedInsideClone: falhou ao resgatar overlay legado, mantendo aninhado.		A revisar	Texto usado no canvas ou em retorno do Figma	1	Propor aqui; desenvolvimento aplica no banco textual/código		hac.code.rescuelegacyoverlaynestedinsideclone.error.l2336c19.54ab2aa0	txt.9ce8a6e74dd5	src/plugin/code.js	2336	_rescueLegacyOverlayNestedInsideClone > error
68	Canvas / backend Figma	Mensagem de diagnóstico	[hac] _snapshotCloneIntoFichaSection: exportAsync falhou, usando placeholder.		A revisar	Texto usado no canvas ou em retorno do Figma	1	Propor aqui; desenvolvimento aplica no banco textual/código		hac.code.snapshotcloneintofichasection.error.l2676c19.d5b2427d	txt.b4d50763b611	src/plugin/code.js	2676	_snapshotCloneIntoFichaSection > error
69	Canvas / backend Figma	Mensagem de diagnóstico	[hac] _findFreeTabOrderCopyPosition: falhou em _collectA11yOccupiedBounds		A revisar	Texto usado no canvas ou em retorno do Figma	1	Propor aqui; desenvolvimento aplica no banco textual/código		hac.code.findfreetabordercopyposition.error.l3410c19.c3237acb	txt.5ea2c48aac68	src/plugin/code.js	3410	_findFreeTabOrderCopyPosition > error
70	Canvas / backend Figma	Mensagem de diagnóstico	[hac] _createOrGetFichaFrame: falha ao migrar frames antigos (cria um Documentação novo).		A revisar	Texto usado no canvas ou em retorno do Figma	1	Propor aqui; desenvolvimento aplica no banco textual/código		hac.code.createorgetfichaframe.error.l3614c21.8381b02c	txt.f868932bd4ef	src/plugin/code.js	3614	_createOrGetFichaFrame > error
71	Canvas / backend Figma	Mensagem de diagnóstico	[hac] _syncTelaTituloCardWidth: falha ao sincronizar largura do título (não impede o restante).		A revisar	Texto usado no canvas ou em retorno do Figma	1	Propor aqui; desenvolvimento aplica no banco textual/código		hac.code.synctelatitulocardwidth.error.l4082c19.3ed9f0fc	txt.70d941c48e07	src/plugin/code.js	4082	_syncTelaTituloCardWidth > error
72	Canvas / backend Figma	Mensagem de diagnóstico	[hac] backup no documento falhou (clientStorage segue como fonte principal):		A revisar	Texto usado no canvas ou em retorno do Figma	1	Propor aqui; desenvolvimento aplica no banco textual/código		hac.code.writehacdatatodocument.warn.l5233c18.ce1ca85e	txt.20160e185c0e	src/plugin/code.js	5233	_writeHacDataToDocument > warn
73	Canvas / backend Figma	Mensagem de diagnóstico	[hac] backup no documento ilegível (ignorado):		A revisar	Texto usado no canvas ou em retorno do Figma	1	Propor aqui; desenvolvimento aplica no banco textual/código		hac.code.readhacdatafromdocument.warn.l5258c18.3e220aa8	txt.8f2b6ce0b9db	src/plugin/code.js	5258	_readHacDataFromDocument > warn
74	Canvas / backend Figma	Mensagem de diagnóstico	[hac] falha ao limpar o backup do documento:		A revisar	Texto usado no canvas ou em retorno do Figma	1	Propor aqui; desenvolvimento aplica no banco textual/código		hac.code.clearhacdatafromdocument.warn.l5277c18.cc9bf120	txt.4ca7d48e2585	src/plugin/code.js	5277	_clearHacDataFromDocument > warn
75	Canvas / backend Figma	Mensagem de diagnóstico	[hac] falha ao remover Section de sessão do canvas:		A revisar	Texto usado no canvas ou em retorno do Figma	1	Propor aqui; desenvolvimento aplica no banco textual/código		hac.code.warn.l5330c22.779efb01	txt.9752fedf3f83	src/plugin/code.js	5330	warn
76	Estrutura global	Mensagem de diagnóstico	[hac] download falhou:		A revisar	Texto montado dinamicamente pela interface	1	Propor aqui; desenvolvimento aplica no banco textual/código		hac.modules.core.downloadfile.error.l205c19.2f129a1c	txt.397af4e775f5	src/plugin/modules/core.js	205	_downloadFile > error
77	Estrutura global	Mensagem de diagnóstico	[hac] exportHacBackupJson falhou:		A revisar	Texto montado dinamicamente pela interface	1	Propor aqui; desenvolvimento aplica no banco textual/código		hac.modules.core.exporthacbackupjson.error.l274c19.19b25494	txt.2f142ac368e6	src/plugin/modules/core.js	274	exportHacBackupJson > error
78	Estrutura global	Mensagem de diagnóstico	[hac] exportHacHandoffDoc falhou:		A revisar	Texto montado dinamicamente pela interface	1	Propor aqui; desenvolvimento aplica no banco textual/código		hac.modules.core.exporthachandoffdoc.error.l343c19.c2048094	txt.38efae8c6ae9	src/plugin/modules/core.js	343	exportHacHandoffDoc > error
79	Estrutura global	Mensagem de diagnóstico	[hac] restauração falhou:		A revisar	Texto montado dinamicamente pela interface	1	Propor aqui; desenvolvimento aplica no banco textual/código		hac.modules.core.error.l421c21.61eeb974	txt.f2c512bf758d	src/plugin/modules/core.js	421	error
80	Estrutura global	Mensagem de diagnóstico	[hac] navigate("view-area-workspace") chamado sem _a11yWorkspaceAreaId definido — use openA11yAreaWorkspace(areaId) em vez de navigate() direto.		A revisar	Texto montado dinamicamente pela interface	1	Propor aqui; desenvolvimento aplica no banco textual/código		hac.modules.core.navigate.warn.l990c20.3cabbcb0	txt.41d790b4f010	src/plugin/modules/core.js	990	navigate > warn
81	Ordem de tabulação	Mensagem de diagnóstico	[hac] startTabOrderManualMode: areaId ou targetNodeId ausente.		A revisar	Texto montado dinamicamente pela interface	1	Propor aqui; desenvolvimento aplica no banco textual/código		hac.modules.tab.order.starttabordermanualmode.warn.l184c18.32532ce3	txt.c577b6f32c24	src/plugin/modules/tab-order.js	184	startTabOrderManualMode > warn
82	Ordem de tabulação	Mensagem de diagnóstico	[hac] openA11yInstructionThenStart: _renderA11yInstructionModal retornou false para feature=		A revisar	Texto montado dinamicamente pela interface	1	Propor aqui; desenvolvimento aplica no banco textual/código		hac.modules.tab.order.opena11yinstructionthenstart.warn.l378c18.888871e7	txt.320adb1c8c41	src/plugin/modules/tab-order.js	378	openA11yInstructionThenStart > warn
83	Ordem de tabulação	Mensagem de diagnóstico	— modal não será aberto, captura não iniciará.		A revisar	Texto montado dinamicamente pela interface	1	Propor aqui; desenvolvimento aplica no banco textual/código		hac.modules.tab.order.opena11yinstructionthenstart.warn.l378c123.5237d046	txt.a202a877a528	src/plugin/modules/tab-order.js	378	openA11yInstructionThenStart > warn
84	Ordem de tabulação	Mensagem de diagnóstico	[hac] _confirmA11yInstructionModal: nenhum callback pendente ao confirmar — modal fechado sem iniciar nenhuma captura.		A revisar	Texto montado dinamicamente pela interface	1	Propor aqui; desenvolvimento aplica no banco textual/código		hac.modules.tab.order.confirma11yinstructionmodal.warn.l422c18.00d65398	txt.254ec3aef951	src/plugin/modules/tab-order.js	422	_confirmA11yInstructionModal > warn
85	Ordem de tabulação	Mensagem de diagnóstico	[hac] cancelTabOrderReview: limpeza da cópia rascunho forçada após timeout — o loop de desenho automático não sinalizou o fim a tempo.		A revisar	Texto montado dinamicamente pela interface	1	Propor aqui; desenvolvimento aplica no banco textual/código		hac.modules.tab.order.settimeout.l1035c21.e3357f28	txt.6e095c709e3a	src/plugin/modules/tab-order.js	1035	setTimeout
86	Canvas / backend Figma	Precisa de triagem técnica	Selo de Área		A revisar	Texto usado no canvas ou em retorno do Figma	2	Propor aqui; desenvolvimento aplica no banco textual/código		hac.backend.onmessage.name.l961c22.28e2aad4	txt.07d892dc8efc	src/plugin/backend/onmessage.js	961	name
87	Canvas / backend Figma	Precisa de triagem técnica	Label		A revisar	Texto usado no canvas ou em retorno do Figma	5	Propor aqui; desenvolvimento aplica no banco textual/código		hac.backend.onmessage.name.l996c26.c509bd3f	txt.64c65374dbab	src/plugin/backend/onmessage.js	996	name
88	Canvas / backend Figma	Precisa de triagem técnica	Inter		A revisar	Texto usado no canvas ou em retorno do Figma	15	Propor aqui; desenvolvimento aplica no banco textual/código		hac.backend.onmessage.family.l997c40.312a5627	txt.b6708d593ee2	src/plugin/backend/onmessage.js	997	family
89	Canvas / backend Figma	Precisa de triagem técnica	Bold		A revisar	Texto usado no canvas ou em retorno do Figma	15	Propor aqui; desenvolvimento aplica no banco textual/código		hac.backend.onmessage.style.l997c56.c1ac5184	txt.c9b76ae79584	src/plugin/backend/onmessage.js	997	style
90	Canvas / backend Figma	Precisa de triagem técnica	${msg.number} · ${msg.label}		A revisar	Texto usado no canvas ou em retorno do Figma	1	Propor aqui; desenvolvimento valida as partes dinâmicas antes de aplicar		hac.backend.onmessage.name.l1032c20.5cda7851	txt.805d74b21706	src/plugin/backend/onmessage.js	1032	name
91	Canvas / backend Figma	Precisa de triagem técnica	a11y		A revisar	Texto usado no canvas ou em retorno do Figma	17	Propor aqui; desenvolvimento aplica no banco textual/código		hac.backend.onmessage.setplugindata.l1034c42.d87b1fe4	txt.758908d4c222	src/plugin/backend/onmessage.js	1034	setPluginData
92	Canvas / backend Figma	Precisa de triagem técnica	O selo desta área não foi encontrado no canvas — pode ter sido apagado ou movido.		A revisar	Texto usado no canvas ou em retorno do Figma	1	Propor aqui; desenvolvimento aplica no banco textual/código		hac.backend.onmessage.postmessage.l1101c102.1ff36356	txt.4b6c7519598d	src/plugin/backend/onmessage.js	1101	postMessage
93	Canvas / backend Figma	Precisa de triagem técnica	O elemento desta área não existe mais no canvas.		A revisar	Texto usado no canvas ou em retorno do Figma	1	Propor aqui; desenvolvimento aplica no banco textual/código		hac.backend.onmessage.postmessage.l1105c102.5c03870a	txt.1e55d7164196	src/plugin/backend/onmessage.js	1105	postMessage
94	Canvas / backend Figma	Precisa de triagem técnica	Não foi possível importar o selo real da lib "Design Acessível" para a nova direção.		A revisar	Texto usado no canvas ou em retorno do Figma	1	Propor aqui; desenvolvimento aplica no banco textual/código		hac.backend.onmessage.postmessage.l1163c104.d2b08407	txt.db7a53cbb97d	src/plugin/backend/onmessage.js	1163	postMessage
95	Canvas / backend Figma	Precisa de triagem técnica	Selo de Área		A revisar	Texto usado no canvas ou em retorno do Figma	2	Propor aqui; desenvolvimento aplica no banco textual/código		hac.backend.onmessage.name.l1188c24.e251af96	txt.07d892dc8efc	src/plugin/backend/onmessage.js	1188	name
96	Canvas / backend Figma	Precisa de triagem técnica	Label		A revisar	Texto usado no canvas ou em retorno do Figma	5	Propor aqui; desenvolvimento aplica no banco textual/código		hac.backend.onmessage.name.l1201c28.4d8c95bb	txt.64c65374dbab	src/plugin/backend/onmessage.js	1201	name
97	Canvas / backend Figma	Precisa de triagem técnica	Inter		A revisar	Texto usado no canvas ou em retorno do Figma	15	Propor aqui; desenvolvimento aplica no banco textual/código		hac.backend.onmessage.family.l1202c42.62e17acb	txt.b6708d593ee2	src/plugin/backend/onmessage.js	1202	family
98	Canvas / backend Figma	Precisa de triagem técnica	Bold		A revisar	Texto usado no canvas ou em retorno do Figma	15	Propor aqui; desenvolvimento aplica no banco textual/código		hac.backend.onmessage.style.l1202c58.2c12e76c	txt.c9b76ae79584	src/plugin/backend/onmessage.js	1202	style
99	Canvas / backend Figma	Precisa de triagem técnica	SpecA11y		A revisar	Texto usado no canvas ou em retorno do Figma	1	Propor aqui; desenvolvimento aplica no banco textual/código		hac.backend.onmessage.layertag.l1373c25.9945bc4f	txt.ace55f5d31e2	src/plugin/backend/onmessage.js	1373	_layerTag
100	Canvas / backend Figma	Precisa de triagem técnica	Spec Notes		A revisar	Texto usado no canvas ou em retorno do Figma	6	Propor aqui; desenvolvimento aplica no banco textual/código		hac.backend.onmessage.name.l1379c25.88b3d5fd	txt.f0740f301bde	src/plugin/backend/onmessage.js	1379	name
101	Canvas / backend Figma	Precisa de triagem técnica	Spec Notes		A revisar	Texto usado no canvas ou em retorno do Figma	6	Propor aqui; desenvolvimento aplica no banco textual/código		hac.backend.onmessage.name.l1431c25.c503de49	txt.f0740f301bde	src/plugin/backend/onmessage.js	1431	name
102	Canvas / backend Figma	Precisa de triagem técnica	Tag		A revisar	Texto usado no canvas ou em retorno do Figma	3	Propor aqui; desenvolvimento aplica no banco textual/código		hac.backend.onmessage.name.l1453c26.fdf7f95b	txt.5e9b60f69165	src/plugin/backend/onmessage.js	1453	name
103	Canvas / backend Figma	Precisa de triagem técnica	title/small		A revisar	Texto usado no canvas ou em retorno do Figma	2	Propor aqui; desenvolvimento aplica no banco textual/código		hac.backend.onmessage.applyfichatypography.l1470c46.2849ea3f	txt.315763090d78	src/plugin/backend/onmessage.js	1470	_applyFichaTypography
104	Canvas / backend Figma	Precisa de triagem técnica	label/tiny		A revisar	Texto usado no canvas ou em retorno do Figma	18	Propor aqui; desenvolvimento aplica no banco textual/código		hac.backend.onmessage.applyfichatypography.l1482c44.18dc6eff	txt.f4175b9050f0	src/plugin/backend/onmessage.js	1482	_applyFichaTypography
105	Canvas / backend Figma	Precisa de triagem técnica	Categoria/${opts.categoryLabel}		A revisar	Texto usado no canvas ou em retorno do Figma	1	Propor aqui; desenvolvimento valida as partes dinâmicas antes de aplicar		hac.backend.onmessage.name.l1489c23.2b92cf34	txt.14774d6aa548	src/plugin/backend/onmessage.js	1489	name
106	Canvas / backend Figma	Precisa de triagem técnica	label/tiny		A revisar	Texto usado no canvas ou em retorno do Figma	18	Propor aqui; desenvolvimento aplica no banco textual/código		hac.backend.onmessage.applyfichatypography.l1503c49.cf5c8d19	txt.f4175b9050f0	src/plugin/backend/onmessage.js	1503	_applyFichaTypography
107	Canvas / backend Figma	Precisa de triagem técnica	label/tiny		A revisar	Texto usado no canvas ou em retorno do Figma	18	Propor aqui; desenvolvimento aplica no banco textual/código		hac.backend.onmessage.applyfichatypography.l1517c45.44e6cead	txt.f4175b9050f0	src/plugin/backend/onmessage.js	1517	_applyFichaTypography
108	Canvas / backend Figma	Precisa de triagem técnica	Propriedades		A revisar	Texto usado no canvas ou em retorno do Figma	1	Propor aqui; desenvolvimento aplica no banco textual/código		hac.backend.onmessage.name.l1529c29.08a97bcf	txt.159f6473ed0a	src/plugin/backend/onmessage.js	1529	name
109	Canvas / backend Figma	Precisa de triagem técnica	Prop/${p.label}		A revisar	Texto usado no canvas ou em retorno do Figma	1	Propor aqui; desenvolvimento valida as partes dinâmicas antes de aplicar		hac.backend.onmessage.name.l1536c24.08d04081	txt.1b09d27e817e	src/plugin/backend/onmessage.js	1536	name
110	Canvas / backend Figma	Precisa de triagem técnica	label/tiny		A revisar	Texto usado no canvas ou em retorno do Figma	18	Propor aqui; desenvolvimento aplica no banco textual/código		hac.backend.onmessage.applyfichatypography.l1551c49.e4bb4330	txt.f4175b9050f0	src/plugin/backend/onmessage.js	1551	_applyFichaTypography
111	Canvas / backend Figma	Precisa de triagem técnica	label/tiny		A revisar	Texto usado no canvas ou em retorno do Figma	18	Propor aqui; desenvolvimento aplica no banco textual/código		hac.backend.onmessage.applyfichatypography.l1560c47.e7a3b147	txt.f4175b9050f0	src/plugin/backend/onmessage.js	1560	_applyFichaTypography
112	Canvas / backend Figma	Precisa de triagem técnica	label/tiny		A revisar	Texto usado no canvas ou em retorno do Figma	18	Propor aqui; desenvolvimento aplica no banco textual/código		hac.backend.onmessage.applyfichatypography.l1590c48.aec36bc9	txt.f4175b9050f0	src/plugin/backend/onmessage.js	1590	_applyFichaTypography
113	Canvas / backend Figma	Precisa de triagem técnica	\| ([A-Z]\d*(?:\.\d+)*) \| ([a-z]+)\]		A revisar	Texto usado no canvas ou em retorno do Figma	1	Propor aqui; desenvolvimento aplica no banco textual/código		hac.backend.onmessage.foreach.l1783c71.810bdb1f	txt.f1e32b29fc53	src/plugin/backend/onmessage.js	1783	forEach
114	Canvas / backend Figma	Precisa de triagem técnica	Spec Notes		A revisar	Texto usado no canvas ou em retorno do Figma	6	Propor aqui; desenvolvimento aplica no banco textual/código		hac.backend.onmessage.find.l1786c110.163b95e7	txt.f0740f301bde	src/plugin/backend/onmessage.js	1786	find
115	Canvas / backend Figma	Precisa de triagem técnica	${opts.a11yAreaId}::${opts.a11yType}		A revisar	Texto usado no canvas ou em retorno do Figma	1	Propor aqui; desenvolvimento valida as partes dinâmicas antes de aplicar		hac.backend.onmessage.areacolkey.l1802c47.38d16c05	txt.d1c3e59933ca	src/plugin/backend/onmessage.js	1802	_areaColKey
116	Canvas / backend Figma	Precisa de triagem técnica	Spec Notes		A revisar	Texto usado no canvas ou em retorno do Figma	6	Propor aqui; desenvolvimento aplica no banco textual/código		hac.backend.onmessage.find.l1809c151.98774885	txt.f0740f301bde	src/plugin/backend/onmessage.js	1809	find
117	Canvas / backend Figma	Precisa de triagem técnica	Spec Notes		A revisar	Texto usado no canvas ou em retorno do Figma	6	Propor aqui; desenvolvimento aplica no banco textual/código		hac.backend.onmessage.find.l1859c151.24ac4d0c	txt.f0740f301bde	src/plugin/backend/onmessage.js	1859	find
118	Canvas / backend Figma	Precisa de triagem técnica	Spec Notes		A revisar	Texto usado no canvas ou em retorno do Figma	6	Propor aqui; desenvolvimento aplica no banco textual/código		hac.backend.onmessage.find.l2112c123.1650a587	txt.f0740f301bde	src/plugin/backend/onmessage.js	2112	find
119	Canvas / backend Figma	Precisa de triagem técnica	Conector		A revisar	Texto usado no canvas ou em retorno do Figma	2	Propor aqui; desenvolvimento aplica no banco textual/código		hac.backend.onmessage.name.l2202c28.3ca3ad04	txt.ff7fa156a05c	src/plugin/backend/onmessage.js	2202	name
120	Canvas / backend Figma	Precisa de triagem técnica	M ${startPt.x} ${startPt.y} L ${endPt.x} ${endPt.y}		A revisar	Texto usado no canvas ou em retorno do Figma	1	Propor aqui; desenvolvimento valida as partes dinâmicas antes de aplicar		hac.backend.onmessage.data.l2203c68.55a381f6	txt.bc28313a8b73	src/plugin/backend/onmessage.js	2203	data
121	Canvas / backend Figma	Precisa de triagem técnica	DotInicio		A revisar	Texto usado no canvas ou em retorno do Figma	1	Propor aqui; desenvolvimento aplica no banco textual/código		hac.backend.onmessage.name.l2213c27.bb5a22b1	txt.3e0cb587c928	src/plugin/backend/onmessage.js	2213	name
122	Canvas / backend Figma	Precisa de triagem técnica	DotFim		A revisar	Texto usado no canvas ou em retorno do Figma	1	Propor aqui; desenvolvimento aplica no banco textual/código		hac.backend.onmessage.name.l2223c25.7170fb8f	txt.17663f3a8563	src/plugin/backend/onmessage.js	2223	name
123	Canvas / backend Figma	Precisa de triagem técnica	[${_layerTag} | ${opts.letter} | ${_specSide}] ${node.name}		A revisar	Texto usado no canvas ou em retorno do Figma	1	Propor aqui; desenvolvimento valida as partes dinâmicas antes de aplicar		hac.backend.onmessage.name.l2244c24.806676fe	txt.4080c94b1b15	src/plugin/backend/onmessage.js	2244	name
124	Canvas / backend Figma	Precisa de triagem técnica	a11y		A revisar	Texto usado no canvas ou em retorno do Figma	17	Propor aqui; desenvolvimento aplica no banco textual/código		hac.backend.onmessage.setplugindata.l2249c46.cd829509	txt.758908d4c222	src/plugin/backend/onmessage.js	2249	setPluginData
125	Canvas / backend Figma	Precisa de triagem técnica	[Specs de Leitor de Tela]		A revisar	Texto usado no canvas ou em retorno do Figma	2	Propor aqui; desenvolvimento aplica no banco textual/código		hac.backend.onmessage.getorcreatecloneoverlaygroup.l2286c106.97fa65c5	txt.d1d6dc5c7bf1	src/plugin/backend/onmessage.js	2286	_getOrCreateCloneOverlayGroup
126	Canvas / backend Figma	Precisa de triagem técnica	Réplica de Trabalho — Leitor de Tela		A revisar	Texto usado no canvas ou em retorno do Figma	1	Propor aqui; desenvolvimento aplica no banco textual/código		hac.backend.onmessage.ensurecloneworkframe.l2289c73.f7c97ca4	txt.0c4ec162d906	src/plugin/backend/onmessage.js	2289	_ensureCloneWorkFrame
127	Canvas / backend Figma	Precisa de triagem técnica	Sem categoria		A revisar	Texto usado no canvas ou em retorno do Figma	1	Propor aqui; desenvolvimento aplica no banco textual/código		hac.backend.onmessage.postmessage.l2355c39.f7c50f46	txt.c70be135e62c	src/plugin/backend/onmessage.js	2355	postMessage
128	Canvas / backend Figma	Precisa de triagem técnica	número#5265:3		A revisar	Texto usado no canvas ou em retorno do Figma	3	Propor aqui; desenvolvimento aplica no banco textual/código		hac.backend.onmessage.createtaborderbadge.setproperties.l2574c29.4ed77a72	txt.9ce3bf3db192	src/plugin/backend/onmessage.js	2574	_createTabOrderBadge > setProperties
129	Canvas / backend Figma	Precisa de triagem técnica	Selo de Ordem de Tabulação		A revisar	Texto usado no canvas ou em retorno do Figma	1	Propor aqui; desenvolvimento aplica no banco textual/código		hac.backend.onmessage.createtaborderbadge.name.l2591c20.113fe924	txt.1b8724c52f45	src/plugin/backend/onmessage.js	2591	_createTabOrderBadge > name
130	Canvas / backend Figma	Precisa de triagem técnica	Número		A revisar	Texto usado no canvas ou em retorno do Figma	3	Propor aqui; desenvolvimento aplica no banco textual/código		hac.backend.onmessage.createtaborderbadge.name.l2619c24.cb9bd313	txt.413b54cff6a8	src/plugin/backend/onmessage.js	2619	_createTabOrderBadge > name
131	Canvas / backend Figma	Precisa de triagem técnica	Inter		A revisar	Texto usado no canvas ou em retorno do Figma	15	Propor aqui; desenvolvimento aplica no banco textual/código		hac.backend.onmessage.family.l2627c40.7d276509	txt.b6708d593ee2	src/plugin/backend/onmessage.js	2627	family
132	Canvas / backend Figma	Precisa de triagem técnica	Bold		A revisar	Texto usado no canvas ou em retorno do Figma	15	Propor aqui; desenvolvimento aplica no banco textual/código		hac.backend.onmessage.style.l2627c56.c3bd3322	txt.c9b76ae79584	src/plugin/backend/onmessage.js	2627	style
133	Canvas / backend Figma	Precisa de triagem técnica	Inter		A revisar	Texto usado no canvas ou em retorno do Figma	15	Propor aqui; desenvolvimento aplica no banco textual/código		hac.backend.onmessage.family.l2631c40.f57a3538	txt.b6708d593ee2	src/plugin/backend/onmessage.js	2631	family
134	Canvas / backend Figma	Precisa de triagem técnica	Bold		A revisar	Texto usado no canvas ou em retorno do Figma	15	Propor aqui; desenvolvimento aplica no banco textual/código		hac.backend.onmessage.style.l2631c56.7427dd77	txt.c9b76ae79584	src/plugin/backend/onmessage.js	2631	style
135	Canvas / backend Figma	Precisa de triagem técnica	[Selo de Tabulação | ${number}] ${node.name}		A revisar	Texto usado no canvas ou em retorno do Figma	1	Propor aqui; desenvolvimento valida as partes dinâmicas antes de aplicar		hac.backend.onmessage.createtaborderbadge.name.l2641c18.2a836d36	txt.02ac9172143e	src/plugin/backend/onmessage.js	2641	_createTabOrderBadge > name
136	Canvas / backend Figma	Precisa de triagem técnica	a11y		A revisar	Texto usado no canvas ou em retorno do Figma	17	Propor aqui; desenvolvimento aplica no banco textual/código		hac.backend.onmessage.createtaborderbadge.setplugindata.l2643c40.ebf42cee	txt.758908d4c222	src/plugin/backend/onmessage.js	2643	_createTabOrderBadge > setPluginData
137	Canvas / backend Figma	Precisa de triagem técnica	[Selos de Tabulação]		A revisar	Texto usado no canvas ou em retorno do Figma	2	Propor aqui; desenvolvimento aplica no banco textual/código		hac.backend.onmessage.getorcreatecloneoverlaygroup.l2697c108.97e1b415	txt.a45858ee699d	src/plugin/backend/onmessage.js	2697	_getOrCreateCloneOverlayGroup
138	Canvas / backend Figma	Precisa de triagem técnica	o selo não entrou no grupo de selos (appendChild falhou)		A revisar	Texto usado no canvas ou em retorno do Figma	1	Propor aqui; desenvolvimento aplica no banco textual/código		hac.backend.onmessage.literal.l2703c27.bda80f78	txt.111839d024ae	src/plugin/backend/onmessage.js	2703	
139	Canvas / backend Figma	Precisa de triagem técnica	Réplica de Trabalho — Ordem de Tabulação		A revisar	Texto usado no canvas ou em retorno do Figma	1	Propor aqui; desenvolvimento aplica no banco textual/código		hac.backend.onmessage.createtaborderbadge.ensurecloneworkframe.l2706c65.dc16624a	txt.749cbb4f4766	src/plugin/backend/onmessage.js	2706	_createTabOrderBadge > _ensureCloneWorkFrame
140	Canvas / backend Figma	Precisa de triagem técnica	erro desconhecido		A revisar	Texto usado no canvas ou em retorno do Figma	1	Propor aqui; desenvolvimento aplica no banco textual/código		hac.backend.onmessage.slice.l2719c63.72822d63	txt.d7cff8e730ea	src/plugin/backend/onmessage.js	2719	slice
141	Canvas / backend Figma	Precisa de triagem técnica	number#1478:0		A revisar	Texto usado no canvas ou em retorno do Figma	2	Propor aqui; desenvolvimento aplica no banco textual/código		hac.backend.onmessage.literal.l3104c15.02b503d3	txt.c13245c000b6	src/plugin/backend/onmessage.js	3104	
142	Canvas / backend Figma	Precisa de triagem técnica	number#1478:0		A revisar	Texto usado no canvas ou em retorno do Figma	2	Propor aqui; desenvolvimento aplica no banco textual/código		hac.backend.onmessage.setproperties.l3105c38.37dd526f	txt.c13245c000b6	src/plugin/backend/onmessage.js	3105	setProperties
143	Canvas / backend Figma	Precisa de triagem técnica	número#5265:3		A revisar	Texto usado no canvas ou em retorno do Figma	3	Propor aqui; desenvolvimento aplica no banco textual/código		hac.backend.onmessage.literal.l3106c22.54436e66	txt.9ce3bf3db192	src/plugin/backend/onmessage.js	3106	
144	Canvas / backend Figma	Precisa de triagem técnica	número#5265:3		A revisar	Texto usado no canvas ou em retorno do Figma	3	Propor aqui; desenvolvimento aplica no banco textual/código		hac.backend.onmessage.setproperties.l3107c38.2f0a398f	txt.9ce3bf3db192	src/plugin/backend/onmessage.js	3107	setProperties
145	Canvas / backend Figma	Precisa de triagem técnica	[Selo de Tabulação | ${entry.number}] ${node.name.replace(/^\[Selo de Tabulação \| \d+\]\s*/, '')}		A revisar	Texto usado no canvas ou em retorno do Figma	1	Propor aqui; desenvolvimento valida as partes dinâmicas antes de aplicar		hac.backend.onmessage.name.l3109c23.7257b2aa	txt.45d1b0b88ac6	src/plugin/backend/onmessage.js	3109	name
146	Canvas / backend Figma	Precisa de triagem técnica	[Ordem de Tabulação] ${root.name}		A revisar	Texto usado no canvas ou em retorno do Figma	1	Propor aqui; desenvolvimento valida as partes dinâmicas antes de aplicar		hac.backend.onmessage.createtabordercloneforarea.name.l3175c18.4b8510e1	txt.3b4d61020ddc	src/plugin/backend/onmessage.js	3175	_createTabOrderCloneForArea > name
147	Canvas / backend Figma	Precisa de triagem técnica	a11y		A revisar	Texto usado no canvas ou em retorno do Figma	17	Propor aqui; desenvolvimento aplica no banco textual/código		hac.backend.onmessage.createtabordercloneforarea.setplugindata.l3177c40.cfcf8fb2	txt.758908d4c222	src/plugin/backend/onmessage.js	3177	_createTabOrderCloneForArea > setPluginData
148	Canvas / backend Figma	Precisa de triagem técnica	[Trilha de Swipe] ${root.name}		A revisar	Texto usado no canvas ou em retorno do Figma	1	Propor aqui; desenvolvimento valida as partes dinâmicas antes de aplicar		hac.backend.onmessage.createswipepathcloneforarea.name.l3240c18.4382e674	txt.3026d250571b	src/plugin/backend/onmessage.js	3240	_createSwipePathCloneForArea > name
149	Canvas / backend Figma	Precisa de triagem técnica	a11y		A revisar	Texto usado no canvas ou em retorno do Figma	17	Propor aqui; desenvolvimento aplica no banco textual/código		hac.backend.onmessage.createswipepathcloneforarea.setplugindata.l3242c40.fc15cdc7	txt.758908d4c222	src/plugin/backend/onmessage.js	3242	_createSwipePathCloneForArea > setPluginData
150	Canvas / backend Figma	Precisa de triagem técnica	[Leitor de Tela] ${root.name}		A revisar	Texto usado no canvas ou em retorno do Figma	1	Propor aqui; desenvolvimento valida as partes dinâmicas antes de aplicar		hac.backend.onmessage.createspeccloneforarea.name.l3319c18.5f98fdd2	txt.e9e953b13fb0	src/plugin/backend/onmessage.js	3319	_createSpecCloneForArea > name
151	Canvas / backend Figma	Precisa de triagem técnica	a11y		A revisar	Texto usado no canvas ou em retorno do Figma	17	Propor aqui; desenvolvimento aplica no banco textual/código		hac.backend.onmessage.createspeccloneforarea.setplugindata.l3321c40.00ded940	txt.758908d4c222	src/plugin/backend/onmessage.js	3321	_createSpecCloneForArea > setPluginData
152	Canvas / backend Figma	Precisa de triagem técnica	São necessários pelo menos 2 pontos para desenhar uma trilha de swipe.		A revisar	Texto usado no canvas ou em retorno do Figma	1	Propor aqui; desenvolvimento aplica no banco textual/código		hac.backend.onmessage.buildswipepathconnection.l3989c23.308fae97	txt.2b65035526e5	src/plugin/backend/onmessage.js	3989	_buildSwipePathConnection
153	Canvas / backend Figma	Precisa de triagem técnica	Segmento ${i + 1}		A revisar	Texto usado no canvas ou em retorno do Figma	1	Propor aqui; desenvolvimento valida as partes dinâmicas antes de aplicar		hac.backend.onmessage.buildswipepathconnection.name.l4005c19.4bcc50e4	txt.108e43a90cdc	src/plugin/backend/onmessage.js	4005	_buildSwipePathConnection > name
154	Canvas / backend Figma	Precisa de triagem técnica	M ${from.x} ${from.y} L ${to.x} ${to.y}		A revisar	Texto usado no canvas ou em retorno do Figma	1	Propor aqui; desenvolvimento valida as partes dinâmicas antes de aplicar		hac.backend.onmessage.buildswipepathconnection.data.l4011c59.6260fc4f	txt.f356c0707e98	src/plugin/backend/onmessage.js	4011	_buildSwipePathConnection > data
155	Canvas / backend Figma	Precisa de triagem técnica	Seta ${i + 1}		A revisar	Texto usado no canvas ou em retorno do Figma	1	Propor aqui; desenvolvimento valida as partes dinâmicas antes de aplicar		hac.backend.onmessage.buildswipepathconnection.name.l4021c20.c68d6a06	txt.3521f85619fd	src/plugin/backend/onmessage.js	4021	_buildSwipePathConnection > name
156	Canvas / backend Figma	Precisa de triagem técnica	M ${ax1} ${ay1} L ${midX} ${midY} L ${ax2} ${ay2}		A revisar	Texto usado no canvas ou em retorno do Figma	1	Propor aqui; desenvolvimento valida as partes dinâmicas antes de aplicar		hac.backend.onmessage.buildswipepathconnection.data.l4030c60.865a4c62	txt.30dcd2c162e7	src/plugin/backend/onmessage.js	4030	_buildSwipePathConnection > data
157	Canvas / backend Figma	Precisa de triagem técnica	Origem		A revisar	Texto usado no canvas ou em retorno do Figma	1	Propor aqui; desenvolvimento aplica no banco textual/código		hac.backend.onmessage.buildswipepathconnection.name.l4039c22.bed964c5	txt.bfceeb983cd7	src/plugin/backend/onmessage.js	4039	_buildSwipePathConnection > name
158	Canvas / backend Figma	Precisa de triagem técnica	[hac Swipe] Trilha (${nodes.length} pontos)		A revisar	Texto usado no canvas ou em retorno do Figma	1	Propor aqui; desenvolvimento valida as partes dinâmicas antes de aplicar		hac.backend.onmessage.buildswipepathconnection.name.l4049c18.0921f168	txt.26932d9b0b3c	src/plugin/backend/onmessage.js	4049	_buildSwipePathConnection > name
159	Canvas / backend Figma	Precisa de triagem técnica	a11y		A revisar	Texto usado no canvas ou em retorno do Figma	17	Propor aqui; desenvolvimento aplica no banco textual/código		hac.backend.onmessage.buildswipepathconnection.setplugindata.l4051c40.1f7a0934	txt.758908d4c222	src/plugin/backend/onmessage.js	4051	_buildSwipePathConnection > setPluginData
160	Canvas / backend Figma	Precisa de triagem técnica	São necessários pelo menos 2 pontos para criar uma trilha de swipe.		A revisar	Texto usado no canvas ou em retorno do Figma	1	Propor aqui; desenvolvimento aplica no banco textual/código		hac.backend.onmessage.postmessage.l4112c82.4ab4a7a8	txt.84f3f7bc3ee0	src/plugin/backend/onmessage.js	4112	postMessage
161	Canvas / backend Figma	Precisa de triagem técnica	A cópia da tela não foi encontrada no canvas — refaça a trilha.		A revisar	Texto usado no canvas ou em retorno do Figma	1	Propor aqui; desenvolvimento aplica no banco textual/código		hac.backend.onmessage.literal.l4126c27.62e276b5	txt.4985472fb2ec	src/plugin/backend/onmessage.js	4126	
162	Canvas / backend Figma	Precisa de triagem técnica	O elemento "${p && p.nodeName || 'sem nome'}" não existe mais na cópia da tela — refaça a trilha.		A revisar	Texto usado no canvas ou em retorno do Figma	1	Propor aqui; desenvolvimento valida as partes dinâmicas antes de aplicar		hac.backend.onmessage.template.l4140c29.ddb883be	txt.4c8bd797317b	src/plugin/backend/onmessage.js	4140	
163	Canvas / backend Figma	Precisa de triagem técnica	[Trilha de Swipe]		A revisar	Texto usado no canvas ou em retorno do Figma	2	Propor aqui; desenvolvimento aplica no banco textual/código		hac.backend.onmessage.getorcreatecloneoverlaygroup.l4166c105.b0e6ef00	txt.1eaeef1c7c7f	src/plugin/backend/onmessage.js	4166	_getOrCreateCloneOverlayGroup
164	Canvas / backend Figma	Precisa de triagem técnica	Réplica de Trabalho — Swipe		A revisar	Texto usado no canvas ou em retorno do Figma	1	Propor aqui; desenvolvimento aplica no banco textual/código		hac.backend.onmessage.ensurecloneworkframe.l4169c67.4881d3c7	txt.52de2996987f	src/plugin/backend/onmessage.js	4169	_ensureCloneWorkFrame
165	Canvas / backend Figma	Precisa de triagem técnica	Não foi possível criar a trilha de swipe.		A revisar	Texto usado no canvas ou em retorno do Figma	2	Propor aqui; desenvolvimento aplica no banco textual/código		hac.backend.onmessage.postmessage.l4213c48.88e996cf	txt.5b0baa481f2b	src/plugin/backend/onmessage.js	4213	postMessage
166	Canvas / backend Figma	Precisa de triagem técnica	[HAC] Instruções de ${cfg.title}		A revisar	Texto usado no canvas ou em retorno do Figma	1	Propor aqui; desenvolvimento valida as partes dinâmicas antes de aplicar		hac.backend.onmessage.getorcreatefichainstrucoesframe.name.l4466c23.0d1a4014	txt.b6d28c9201db	src/plugin/backend/onmessage.js	4466	_getOrCreateFichaInstrucoesFrame > name
167	Canvas / backend Figma	Precisa de triagem técnica	a11y		A revisar	Texto usado no canvas ou em retorno do Figma	17	Propor aqui; desenvolvimento aplica no banco textual/código		hac.backend.onmessage.getorcreatefichainstrucoesframe.setplugindata.l4495c45.13782131	txt.758908d4c222	src/plugin/backend/onmessage.js	4495	_getOrCreateFichaInstrucoesFrame > setPluginData
168	Canvas / backend Figma	Precisa de triagem técnica	a11y		A revisar	Texto usado no canvas ou em retorno do Figma	17	Propor aqui; desenvolvimento aplica no banco textual/código		hac.backend.onmessage.getorcreatefichainstrucoesframe.setplugindata.l4535c43.27e6923f	txt.758908d4c222	src/plugin/backend/onmessage.js	4535	_getOrCreateFichaInstrucoesFrame > setPluginData
169	Canvas / backend Figma	Precisa de triagem técnica	${areaId}::${sectionKey}		A revisar	Texto usado no canvas ou em retorno do Figma	4	Propor aqui; desenvolvimento valida as partes dinâmicas antes de aplicar		hac.backend.onmessage.getorcreatefichainstrucoesframe.setplugindata.l4536c60.092b4daf	txt.a3dd1d5702fc	src/plugin/backend/onmessage.js	4536	_getOrCreateFichaInstrucoesFrame > setPluginData
170	Canvas / backend Figma	Precisa de triagem técnica	${areaId}::${sectionKey}		A revisar	Texto usado no canvas ou em retorno do Figma	4	Propor aqui; desenvolvimento valida as partes dinâmicas antes de aplicar		hac.backend.onmessage.getorcreatefichahandoffframe.markervalue.l4575c25.c073378c	txt.a3dd1d5702fc	src/plugin/backend/onmessage.js	4575	_getOrCreateFichaHandoffFrame > markerValue
171	Canvas / backend Figma	Precisa de triagem técnica	[HAC] Handoff - ${cfg.title}		A revisar	Texto usado no canvas ou em retorno do Figma	2	Propor aqui; desenvolvimento valida as partes dinâmicas antes de aplicar		hac.backend.onmessage.name.l4580c30.6eefb4b2	txt.0e5b1341be24	src/plugin/backend/onmessage.js	4580	name
172	Canvas / backend Figma	Precisa de triagem técnica	[HAC] Handoff - ${cfg.title}		A revisar	Texto usado no canvas ou em retorno do Figma	2	Propor aqui; desenvolvimento valida as partes dinâmicas antes de aplicar		hac.backend.onmessage.getorcreatefichahandoffframe.name.l4587c18.6ba2fca2	txt.0e5b1341be24	src/plugin/backend/onmessage.js	4587	_getOrCreateFichaHandoffFrame > name
173	Canvas / backend Figma	Precisa de triagem técnica	a11y		A revisar	Texto usado no canvas ou em retorno do Figma	17	Propor aqui; desenvolvimento aplica no banco textual/código		hac.backend.onmessage.getorcreatefichahandoffframe.setplugindata.l4609c40.88193467	txt.758908d4c222	src/plugin/backend/onmessage.js	4609	_getOrCreateFichaHandoffFrame > setPluginData
174	Canvas / backend Figma	Precisa de triagem técnica	${areaId}::${sectionKey}		A revisar	Texto usado no canvas ou em retorno do Figma	4	Propor aqui; desenvolvimento valida as partes dinâmicas antes de aplicar		hac.backend.onmessage.findlegendforarea.markervalue.l4685c25.03ea4cfa	txt.a3dd1d5702fc	src/plugin/backend/onmessage.js	4685	_findLegendForArea > markerValue
175	Canvas / backend Figma	Precisa de triagem técnica	${areaId}::${sectionKey}		A revisar	Texto usado no canvas ou em retorno do Figma	4	Propor aqui; desenvolvimento valida as partes dinâmicas antes de aplicar		hac.backend.onmessage.ensurelegendbesideclone.markervalue.l4763c27.905e59b0	txt.a3dd1d5702fc	src/plugin/backend/onmessage.js	4763	_ensureLegendBesideClone > markerValue
176	Canvas / backend Figma	Precisa de triagem técnica	Roboto		A revisar	Texto usado no canvas ou em retorno do Figma	4	Propor aqui; desenvolvimento aplica no banco textual/código		hac.backend.onmessage.ensurelegendbesideclone.family.l4774c19.a7658d47	txt.6d0ca162d5ad	src/plugin/backend/onmessage.js	4774	_ensureLegendBesideClone > family
177	Canvas / backend Figma	Precisa de triagem técnica	Regular		A revisar	Texto usado no canvas ou em retorno do Figma	4	Propor aqui; desenvolvimento aplica no banco textual/código		hac.backend.onmessage.ensurelegendbesideclone.style.l4774c36.b2c273d5	txt.5f51efbecdb6	src/plugin/backend/onmessage.js	4774	_ensureLegendBesideClone > style
178	Canvas / backend Figma	Precisa de triagem técnica	Roboto		A revisar	Texto usado no canvas ou em retorno do Figma	4	Propor aqui; desenvolvimento aplica no banco textual/código		hac.backend.onmessage.ensurelegendbesideclone.family.l4774c59.a51c9451	txt.6d0ca162d5ad	src/plugin/backend/onmessage.js	4774	_ensureLegendBesideClone > family
179	Canvas / backend Figma	Precisa de triagem técnica	Medium		A revisar	Texto usado no canvas ou em retorno do Figma	5	Propor aqui; desenvolvimento aplica no banco textual/código		hac.backend.onmessage.ensurelegendbesideclone.style.l4774c76.7db90435	txt.20af41865769	src/plugin/backend/onmessage.js	4774	_ensureLegendBesideClone > style
180	Canvas / backend Figma	Precisa de triagem técnica	Roboto		A revisar	Texto usado no canvas ou em retorno do Figma	4	Propor aqui; desenvolvimento aplica no banco textual/código		hac.backend.onmessage.ensurelegendbesideclone.family.l4774c98.b8b3c276	txt.6d0ca162d5ad	src/plugin/backend/onmessage.js	4774	_ensureLegendBesideClone > family
181	Canvas / backend Figma	Precisa de triagem técnica	Bold		A revisar	Texto usado no canvas ou em retorno do Figma	15	Propor aqui; desenvolvimento aplica no banco textual/código		hac.backend.onmessage.ensurelegendbesideclone.style.l4774c115.227107a1	txt.c9b76ae79584	src/plugin/backend/onmessage.js	4774	_ensureLegendBesideClone > style
182	Canvas / backend Figma	Precisa de triagem técnica	Inter		A revisar	Texto usado no canvas ou em retorno do Figma	15	Propor aqui; desenvolvimento aplica no banco textual/código		hac.backend.onmessage.ensurelegendbesideclone.family.l4775c19.5ab34496	txt.b6708d593ee2	src/plugin/backend/onmessage.js	4775	_ensureLegendBesideClone > family
183	Canvas / backend Figma	Precisa de triagem técnica	Regular		A revisar	Texto usado no canvas ou em retorno do Figma	4	Propor aqui; desenvolvimento aplica no banco textual/código		hac.backend.onmessage.ensurelegendbesideclone.style.l4775c35.bc29253f	txt.5f51efbecdb6	src/plugin/backend/onmessage.js	4775	_ensureLegendBesideClone > style
184	Canvas / backend Figma	Precisa de triagem técnica	Inter		A revisar	Texto usado no canvas ou em retorno do Figma	15	Propor aqui; desenvolvimento aplica no banco textual/código		hac.backend.onmessage.ensurelegendbesideclone.family.l4775c58.ca89ecad	txt.b6708d593ee2	src/plugin/backend/onmessage.js	4775	_ensureLegendBesideClone > family
185	Canvas / backend Figma	Precisa de triagem técnica	Medium		A revisar	Texto usado no canvas ou em retorno do Figma	5	Propor aqui; desenvolvimento aplica no banco textual/código		hac.backend.onmessage.ensurelegendbesideclone.style.l4775c74.a0300822	txt.20af41865769	src/plugin/backend/onmessage.js	4775	_ensureLegendBesideClone > style
186	Canvas / backend Figma	Precisa de triagem técnica	Inter		A revisar	Texto usado no canvas ou em retorno do Figma	15	Propor aqui; desenvolvimento aplica no banco textual/código		hac.backend.onmessage.ensurelegendbesideclone.family.l4775c96.fe7940f3	txt.b6708d593ee2	src/plugin/backend/onmessage.js	4775	_ensureLegendBesideClone > family
187	Canvas / backend Figma	Precisa de triagem técnica	Bold		A revisar	Texto usado no canvas ou em retorno do Figma	15	Propor aqui; desenvolvimento aplica no banco textual/código		hac.backend.onmessage.ensurelegendbesideclone.style.l4775c112.4c4401fd	txt.c9b76ae79584	src/plugin/backend/onmessage.js	4775	_ensureLegendBesideClone > style
188	Canvas / backend Figma	Precisa de triagem técnica	[Selos de Tabulação]		A revisar	Texto usado no canvas ou em retorno do Figma	2	Propor aqui; desenvolvimento aplica no banco textual/código		hac.backend.onmessage.buildfichatabulacaosection.getorcreatecloneoverlaygroup..2e10ce80	txt.a45858ee699d	src/plugin/backend/onmessage.js	5038	_buildFichaTabulacaoSection > _getOrCreateCloneOverlayGroup
189	Canvas / backend Figma	Precisa de triagem técnica	Trilha de Swipe		A revisar	Texto usado no canvas ou em retorno do Figma	2	Propor aqui; desenvolvimento aplica no banco textual/código		hac.backend.onmessage.buildfichaswipesection.name.l5169c19.207d43a7	txt.983e755f3854	src/plugin/backend/onmessage.js	5169	_buildFichaSwipeSection > name
190	Canvas / backend Figma	Precisa de triagem técnica	Texto		A revisar	Texto usado no canvas ou em retorno do Figma	8	Propor aqui; desenvolvimento aplica no banco textual/código		hac.backend.onmessage.buildfichaswipesection.name.l5192c19.3a086274	txt.ea631551f556	src/plugin/backend/onmessage.js	5192	_buildFichaSwipeSection > name
191	Canvas / backend Figma	Precisa de triagem técnica	label/tiny		A revisar	Texto usado no canvas ou em retorno do Figma	18	Propor aqui; desenvolvimento aplica no banco textual/código		hac.backend.onmessage.buildfichaswipesection.applyfichatypography.l5200c41.1935c29f	txt.f4175b9050f0	src/plugin/backend/onmessage.js	5200	_buildFichaSwipeSection > _applyFichaTypography
192	Canvas / backend Figma	Precisa de triagem técnica	Nenhuma trilha de swipe definida para esta área.		A revisar	Texto usado no canvas ou em retorno do Figma	1	Propor aqui; desenvolvimento aplica no banco textual/código		hac.backend.onmessage.buildfichaswipesection.characters.l5201c25.7aaf0137	txt.6fcec705812e	src/plugin/backend/onmessage.js	5201	_buildFichaSwipeSection > characters
193	Canvas / backend Figma	Precisa de triagem técnica	Erro		A revisar	Texto usado no canvas ou em retorno do Figma	1	Propor aqui; desenvolvimento aplica no banco textual/código		hac.backend.onmessage.buildfichaswipesection.name.l5226c24.7ac48f11	txt.8ccb32f0bfde	src/plugin/backend/onmessage.js	5226	_buildFichaSwipeSection > name
194	Canvas / backend Figma	Precisa de triagem técnica	label/tiny		A revisar	Texto usado no canvas ou em retorno do Figma	18	Propor aqui; desenvolvimento aplica no banco textual/código		hac.backend.onmessage.buildfichaswipesection.applyfichatypography.l5233c46.2e3f29a6	txt.f4175b9050f0	src/plugin/backend/onmessage.js	5233	_buildFichaSwipeSection > _applyFichaTypography
195	Canvas / backend Figma	Precisa de triagem técnica	Não foi possível localizar/criar a cópia de trabalho para desenhar a trilha — marque a área novamente.		A revisar	Texto usado no canvas ou em retorno do Figma	1	Propor aqui; desenvolvimento aplica no banco textual/código		hac.backend.onmessage.buildfichaswipesection.characters.l5234c30.b825da01	txt.396b7f47d602	src/plugin/backend/onmessage.js	5234	_buildFichaSwipeSection > characters
196	Canvas / backend Figma	Precisa de triagem técnica	[Trilha de Swipe]		A revisar	Texto usado no canvas ou em retorno do Figma	2	Propor aqui; desenvolvimento aplica no banco textual/código		hac.backend.onmessage.buildfichaswipesection.getorcreatecloneoverlaygroup.l527.530b08ca	txt.1eaeef1c7c7f	src/plugin/backend/onmessage.js	5277	_buildFichaSwipeSection > _getOrCreateCloneOverlayGroup
197	Canvas / backend Figma	Precisa de triagem técnica	[Specs de Leitor de Tela]		A revisar	Texto usado no canvas ou em retorno do Figma	2	Propor aqui; desenvolvimento aplica no banco textual/código		hac.backend.onmessage.buildfichaleitorsection.getorcreatecloneoverlaygroup.l53.1ec810e8	txt.d1d6dc5c7bf1	src/plugin/backend/onmessage.js	5368	_buildFichaLeitorSection > _getOrCreateCloneOverlayGroup
198	Canvas / backend Figma	Precisa de triagem técnica	Dados inválidos.		A revisar	Texto usado no canvas ou em retorno do Figma	2	Propor aqui; desenvolvimento aplica no banco textual/código		hac.backend.onmessage.postmessage.l5447c114.da58a3de	txt.94c8a2bd5f6a	src/plugin/backend/onmessage.js	5447	postMessage
199	Canvas / backend Figma	Precisa de triagem técnica	O frame original desta área não existe mais no canvas — marque a área novamente.		A revisar	Texto usado no canvas ou em retorno do Figma	2	Propor aqui; desenvolvimento aplica no banco textual/código		hac.backend.onmessage.postmessage.l5460c19.7b87369a	txt.1bfec5fd60d4	src/plugin/backend/onmessage.js	5460	postMessage
200	Canvas / backend Figma	Precisa de triagem técnica	Não foi possível criar o frame do Handoff de Acessibilidade: ${(e && e.message) || 'erro desconhecido'}		A revisar	Texto usado no canvas ou em retorno do Figma	1	Propor aqui; desenvolvimento valida as partes dinâmicas antes de aplicar		hac.backend.onmessage.postmessage.l5475c19.fe40caa9	txt.2cec48624f44	src/plugin/backend/onmessage.js	5475	postMessage
201	Canvas / backend Figma	Precisa de triagem técnica	Falha ao montar a seção.		A revisar	Texto usado no canvas ou em retorno do Figma	1	Propor aqui; desenvolvimento aplica no banco textual/código		hac.backend.onmessage.postmessage.l5491c135.cb1c6fb1	txt.36098906de5a	src/plugin/backend/onmessage.js	5491	postMessage
202	Canvas / backend Figma	Precisa de triagem técnica	${major + 1}.0		A revisar	Texto usado no canvas ou em retorno do Figma	1	Propor aqui; desenvolvimento valida as partes dinâmicas antes de aplicar		hac.backend.onmessage.nextversion.l5643c27.34be34f7	txt.008d3163b8c0	src/plugin/backend/onmessage.js	5643	nextVersion
203	Canvas / backend Figma	Precisa de triagem técnica	| v${nextVersion}		A revisar	Texto usado no canvas ou em retorno do Figma	1	Propor aqui; desenvolvimento valida as partes dinâmicas antes de aplicar		hac.backend.onmessage.replace.l5651c89.75afef59	txt.e4d1a65960ee	src/plugin/backend/onmessage.js	5651	replace
204	Canvas / backend Figma	Precisa de triagem técnica	Dados inválidos.		A revisar	Texto usado no canvas ou em retorno do Figma	2	Propor aqui; desenvolvimento aplica no banco textual/código		hac.backend.onmessage.postmessage.l5679c112.983b2334	txt.94c8a2bd5f6a	src/plugin/backend/onmessage.js	5679	postMessage
205	Canvas / backend Figma	Precisa de triagem técnica	O frame original desta área não existe mais no canvas — marque a área novamente.		A revisar	Texto usado no canvas ou em retorno do Figma	2	Propor aqui; desenvolvimento aplica no banco textual/código		hac.backend.onmessage.postmessage.l5687c19.a8530fe5	txt.1bfec5fd60d4	src/plugin/backend/onmessage.js	5687	postMessage
206	Canvas / backend Figma	Precisa de triagem técnica	Não foi possível preparar a réplica de trabalho.		A revisar	Texto usado no canvas ou em retorno do Figma	1	Propor aqui; desenvolvimento aplica no banco textual/código		hac.backend.onmessage.postmessage.l5708c104.7e555e45	txt.a9babfe84589	src/plugin/backend/onmessage.js	5708	postMessage
207	Canvas / backend Figma	Precisa de triagem técnica	[hac web] Box specs leitor de tela		A revisar	Texto usado no canvas ou em retorno do Figma	2	Propor aqui; desenvolvimento aplica no banco textual/código		hac.backend.platform.profiles.setname.l193c16.57499c64	txt.f5753c7a14f5	src/plugin/backend/platform-profiles.js	193	setName
208	Canvas / backend Figma	Precisa de triagem técnica	exact+alias		A revisar	Texto usado no canvas ou em retorno do Figma	1	Propor aqui; desenvolvimento aplica no banco textual/código		hac.backend.platform.profiles.strategy.l206c30.800be845	txt.317cc4211cf6	src/plugin/backend/platform-profiles.js	206	strategy
209	Canvas / backend Figma	Precisa de triagem técnica	[hac mob] Box specs leitor de tela		A revisar	Texto usado no canvas ou em retorno do Figma	1	Propor aqui; desenvolvimento aplica no banco textual/código		hac.backend.platform.profiles.setname.l222c16.f1b027d8	txt.01afd82187e7	src/plugin/backend/platform-profiles.js	222	setName
210	Canvas / backend Figma	Precisa de triagem técnica	seed (não remover		A revisar	Texto usado no canvas ou em retorno do Figma	1	Propor aqui; desenvolvimento aplica no banco textual/código		hac.code.indexof.l201c53.f4e94ed9	txt.23091951e0cf	src/plugin/code.js	201	indexOf
211	Canvas / backend Figma	Precisa de triagem técnica	Number		A revisar	Texto usado no canvas ou em retorno do Figma	3	Propor aqui; desenvolvimento aplica no banco textual/código		hac.code.findone.l543c59.d0280fce	txt.53b0a1b2fadf	src/plugin/code.js	543	findOne
212	Canvas / backend Figma	Precisa de triagem técnica	a11y-mobile-wrapper-sem-key-de-variante:		A revisar	Texto usado no canvas ou em retorno do Figma	1	Propor aqui; desenvolvimento aplica no banco textual/código		hac.code.tryimporta11ymobilewrappercomponent.l611c38.dfc31adf	txt.adf0171754fc	src/plugin/code.js	611	_tryImportA11yMobileWrapperComponent
213	Canvas / backend Figma	Precisa de triagem técnica	Descrição		A revisar	Texto usado no canvas ou em retorno do Figma	16	Propor aqui; desenvolvimento aplica no banco textual/código		hac.code.filla11ymobileelementoseimagensfields.findnestedinstance.df40bdcb	txt.e9df693ec666	src/plugin/code.js	671	_fillA11yMobileElementosEImagensFields > _findNestedInstanceWithAnyProp
214	Canvas / backend Figma	Precisa de triagem técnica	Nome acessível		A revisar	Texto usado no canvas ou em retorno do Figma	11	Propor aqui; desenvolvimento aplica no banco textual/código		hac.code.filla11ymobileelementoseimagensfields.findnestedinstance.aabf36ca	txt.73731b9780ed	src/plugin/code.js	671	_fillA11yMobileElementosEImagensFields > _findNestedInstanceWithAnyProp
215	Canvas / backend Figma	Precisa de triagem técnica	Dica Leitor de Tela		A revisar	Texto usado no canvas ou em retorno do Figma	2	Propor aqui; desenvolvimento aplica no banco textual/código		hac.code.filla11ymobileelementoseimagensfields.findnestedinstance.fd1bd05f	txt.fe751aff9198	src/plugin/code.js	671	_fillA11yMobileElementosEImagensFields > _findNestedInstanceWithAnyProp
216	Canvas / backend Figma	Precisa de triagem técnica	Observação		A revisar	Texto usado no canvas ou em retorno do Figma	2	Propor aqui; desenvolvimento aplica no banco textual/código		hac.code.filla11ymobileelementoseimagensfields.findnestedinstance.20ba5325	txt.349a77d189ca	src/plugin/code.js	671	_fillA11yMobileElementosEImagensFields > _findNestedInstanceWithAnyProp
217	Canvas / backend Figma	Precisa de triagem técnica	Descrição		A revisar	Texto usado no canvas ou em retorno do Figma	16	Propor aqui; desenvolvimento aplica no banco textual/código		hac.code.filla11ymobileelementoseimagensfields.findrawkey.l688c35.d16a5cf5	txt.e9df693ec666	src/plugin/code.js	688	_fillA11yMobileElementosEImagensFields > findRawKey
218	Canvas / backend Figma	Precisa de triagem técnica	Dica Leitor de Tela		A revisar	Texto usado no canvas ou em retorno do Figma	2	Propor aqui; desenvolvimento aplica no banco textual/código		hac.code.filla11ymobileelementoseimagensfields.findrawkey.l695c30.b7f63516	txt.fe751aff9198	src/plugin/code.js	695	_fillA11yMobileElementosEImagensFields > findRawKey
219	Canvas / backend Figma	Precisa de triagem técnica	Observação		A revisar	Texto usado no canvas ou em retorno do Figma	2	Propor aqui; desenvolvimento aplica no banco textual/código		hac.code.filla11ymobileelementoseimagensfields.findrawkey.l702c36.4a397e13	txt.349a77d189ca	src/plugin/code.js	702	_fillA11yMobileElementosEImagensFields > findRawKey
220	Canvas / backend Figma	Precisa de triagem técnica	Nome acessível		A revisar	Texto usado no canvas ou em retorno do Figma	11	Propor aqui; desenvolvimento aplica no banco textual/código		hac.code.filla11ymobileelementoseimagensfields.findrawkey.l711c39.759fc7b8	txt.73731b9780ed	src/plugin/code.js	711	_fillA11yMobileElementosEImagensFields > findRawKey
221	Canvas / backend Figma	Precisa de triagem técnica	Descrição		A revisar	Texto usado no canvas ou em retorno do Figma	16	Propor aqui; desenvolvimento aplica no banco textual/código		hac.code.filla11ymobileelementoseimagensfields.syncnestedinstance.f8e436c0	txt.e9df693ec666	src/plugin/code.js	737	_fillA11yMobileElementosEImagensFields > syncNestedInstanceText
222	Canvas / backend Figma	Precisa de triagem técnica	Dica para Leitor de Tela		A revisar	Texto usado no canvas ou em retorno do Figma	3	Propor aqui; desenvolvimento aplica no banco textual/código		hac.code.filla11ymobileelementoseimagensfields.syncnestedinstance.071bbdac	txt.e1b02384952e	src/plugin/code.js	738	_fillA11yMobileElementosEImagensFields > syncNestedInstanceText
223	Canvas / backend Figma	Precisa de triagem técnica	Observações		A revisar	Texto usado no canvas ou em retorno do Figma	13	Propor aqui; desenvolvimento aplica no banco textual/código		hac.code.filla11ymobileelementoseimagensfields.syncnestedinstance.daad7633	txt.c358a1fc1734	src/plugin/code.js	739	_fillA11yMobileElementosEImagensFields > syncNestedInstanceText
224	Canvas / backend Figma	Precisa de triagem técnica	Nome acessível		A revisar	Texto usado no canvas ou em retorno do Figma	11	Propor aqui; desenvolvimento aplica no banco textual/código		hac.code.filla11ymobileelementoseimagensfields.syncnestedinstance.ed7313d4	txt.73731b9780ed	src/plugin/code.js	740	_fillA11yMobileElementosEImagensFields > syncNestedInstanceText
225	Canvas / backend Figma	Precisa de triagem técnica	Link		A revisar	Texto usado no canvas ou em retorno do Figma	7	Propor aqui; desenvolvimento aplica no banco textual/código		hac.code.filla11ymobileelementoseimagensfields.findnestedinstance.cd715278	txt.4f0aa52d656a	src/plugin/code.js	749	_fillA11yMobileElementosEImagensFields > _findNestedInstanceWithAnyProp
226	Canvas / backend Figma	Precisa de triagem técnica	Observações		A revisar	Texto usado no canvas ou em retorno do Figma	13	Propor aqui; desenvolvimento aplica no banco textual/código		hac.code.filla11ymobiletitulofields.findnestedinstancewithanyprop.47ff5cc9	txt.c358a1fc1734	src/plugin/code.js	842	_fillA11yMobileTituloFields > _findNestedInstanceWithAnyProp
227	Canvas / backend Figma	Precisa de triagem técnica	É um elemento que ajuda a organizar o conteúdo da página, fornecendo uma estrutura clara e semântica.		A revisar	Texto usado no canvas ou em retorno do Figma	1	Propor aqui; desenvolvimento aplica no banco textual/código		hac.code.findtextnodebycurrentvalue.l864c9.e9c9c722	txt.477022c0b896	src/plugin/code.js	864	_findTextNodeByCurrentValue
228	Canvas / backend Figma	Precisa de triagem técnica	Observações		A revisar	Texto usado no canvas ou em retorno do Figma	13	Propor aqui; desenvolvimento aplica no banco textual/código		hac.code.filla11ymobiledecorativofields.findnestedinstancewithany.28db648e	txt.c358a1fc1734	src/plugin/code.js	890	_fillA11yMobileDecorativoFields > _findNestedInstanceWithAnyProp
229	Canvas / backend Figma	Precisa de triagem técnica	Insira seu texto da observação.		A revisar	Texto usado no canvas ou em retorno do Figma	1	Propor aqui; desenvolvimento aplica no banco textual/código		hac.code.findtextnodebycurrentvalue.l910c72.69992694	txt.3026364c880a	src/plugin/code.js	910	_findTextNodeByCurrentValue
230	Canvas / backend Figma	Precisa de triagem técnica	${reason}: property "${name}" inexistente na instância "${instance.name}"		A revisar	Texto usado no canvas ou em retorno do Figma	1	Propor aqui; desenvolvimento valida as partes dinâmicas antes de aplicar		hac.code.setandverifyvariants.l1012c31.f4ea4705	txt.556ea82eb39a	src/plugin/code.js	1012	_setAndVerifyVariants
231	Canvas / backend Figma	Precisa de triagem técnica	${reason}: ${e && e.message ? e.message : e}		A revisar	Texto usado no canvas ou em retorno do Figma	1	Propor aqui; desenvolvimento valida as partes dinâmicas antes de aplicar		hac.code.setandverifyvariants.l1018c21.e587a7c9	txt.a42744d9102a	src/plugin/code.js	1018	_setAndVerifyVariants
232	Canvas / backend Figma	Precisa de triagem técnica	${reason}: "${key}" ficou "${actual}" em vez de "${value}"		A revisar	Texto usado no canvas ou em retorno do Figma	1	Propor aqui; desenvolvimento valida as partes dinâmicas antes de aplicar		hac.code.setandverifyvariants.l1022c43.2b8b377c	txt.8898d9a7fdec	src/plugin/code.js	1022	_setAndVerifyVariants
233	Canvas / backend Figma	Precisa de triagem técnica	a11y-elemento-componente-fora-da-base:		A revisar	Texto usado no canvas ou em retorno do Figma	1	Propor aqui; desenvolvimento aplica no banco textual/código		hac.code.filla11ywebelementofields.l1063c21.95102f8a	txt.af28384f9c91	src/plugin/code.js	1063	_fillA11yWebElementoFields
234	Canvas / backend Figma	Precisa de triagem técnica	(sem componente)		A revisar	Texto usado no canvas ou em retorno do Figma	1	Propor aqui; desenvolvimento aplica no banco textual/código		hac.code.filla11ywebelementofields.l1063c113.37593ecb	txt.a015d255b434	src/plugin/code.js	1063	_fillA11yWebElementoFields
235	Canvas / backend Figma	Precisa de triagem técnica	a11y-web-set-falhou: instância de conteúdo com "Componente" não encontrada no wrapper		A revisar	Texto usado no canvas ou em retorno do Figma	1	Propor aqui; desenvolvimento aplica no banco textual/código		hac.code.filla11ywebelementofields.l1067c33.c19b42dc	txt.7d4c9ffc0ba7	src/plugin/code.js	1067	_fillA11yWebElementoFields
236	Canvas / backend Figma	Precisa de triagem técnica	Leitor de Tela		A revisar	Texto usado no canvas ou em retorno do Figma	13	Propor aqui; desenvolvimento aplica no banco textual/código		hac.code.filla11ywebelementofields.findinstancebypropnames.l1074c.7e451ac7	txt.2cccdb3dac0d	src/plugin/code.js	1074	_fillA11yWebElementoFields > _findInstanceByPropNames
237	Canvas / backend Figma	Precisa de triagem técnica	Nome Acessível		A revisar	Texto usado no canvas ou em retorno do Figma	11	Propor aqui; desenvolvimento aplica no banco textual/código		hac.code.filla11ywebelementofields.findinstancebypropnames.l1074c.4d517f69	txt.73731b9780ed	src/plugin/code.js	1074	_fillA11yWebElementoFields > _findInstanceByPropNames
238	Canvas / backend Figma	Precisa de triagem técnica	Observações		A revisar	Texto usado no canvas ou em retorno do Figma	13	Propor aqui; desenvolvimento aplica no banco textual/código		hac.code.filla11ywebelementofields.findinstancebypropnames.l1074c.256e9253	txt.c358a1fc1734	src/plugin/code.js	1074	_fillA11yWebElementoFields > _findInstanceByPropNames
239	Canvas / backend Figma	Precisa de triagem técnica	Leitor de Tela		A revisar	Texto usado no canvas ou em retorno do Figma	13	Propor aqui; desenvolvimento aplica no banco textual/código		hac.code.filla11ywebelementofields.instancepropkey.l1078c49.cba7d519	txt.2cccdb3dac0d	src/plugin/code.js	1078	_fillA11yWebElementoFields > _instancePropKey
240	Canvas / backend Figma	Precisa de triagem técnica	Leitor de Tela		A revisar	Texto usado no canvas ou em retorno do Figma	13	Propor aqui; desenvolvimento aplica no banco textual/código		hac.code.filla11ywebelementofields.setandverifyvariants.l1079c44.02a40f4b	txt.2cccdb3dac0d	src/plugin/code.js	1079	_fillA11yWebElementoFields > _setAndVerifyVariants
241	Canvas / backend Figma	Precisa de triagem técnica	Nome Acessível		A revisar	Texto usado no canvas ou em retorno do Figma	11	Propor aqui; desenvolvimento aplica no banco textual/código		hac.code.filla11ywebelementofields.applywebbooleantextfield.l1082.9259996e	txt.73731b9780ed	src/plugin/code.js	1082	_fillA11yWebElementoFields > _applyWebBooleanTextField
242	Canvas / backend Figma	Precisa de triagem técnica	Observações		A revisar	Texto usado no canvas ou em retorno do Figma	13	Propor aqui; desenvolvimento aplica no banco textual/código		hac.code.filla11ywebelementofields.applywebbooleantextfield.l1083.2ab8624b	txt.c358a1fc1734	src/plugin/code.js	1083	_fillA11yWebElementoFields > _applyWebBooleanTextField
243	Canvas / backend Figma	Precisa de triagem técnica	a11y-web-set-falhou: nível de título fora da base:		A revisar	Texto usado no canvas ou em retorno do Figma	1	Propor aqui; desenvolvimento aplica no banco textual/código		hac.code.filla11ywebtitulofields.l1094c48.b9da72e4	txt.9b2830889648	src/plugin/code.js	1094	_fillA11yWebTituloFields
244	Canvas / backend Figma	Precisa de triagem técnica	a11y-web-set-falhou: instância "		A revisar	Texto usado no canvas ou em retorno do Figma	3	Propor aqui; desenvolvimento aplica no banco textual/código		hac.code.filla11ywebtitulofields.l1097c33.d1071f0f	txt.2f6f6f0e92c7	src/plugin/code.js	1097	_fillA11yWebTituloFields
245	Canvas / backend Figma	Precisa de triagem técnica	" não encontrada no wrapper		A revisar	Texto usado no canvas ou em retorno do Figma	3	Propor aqui; desenvolvimento aplica no banco textual/código		hac.code.filla11ywebtitulofields.l1097c84.467962e8	txt.850995bed081	src/plugin/code.js	1097	_fillA11yWebTituloFields
246	Canvas / backend Figma	Precisa de triagem técnica	Nível		A revisar	Texto usado no canvas ou em retorno do Figma	4	Propor aqui; desenvolvimento aplica no banco textual/código		hac.code.filla11ywebtitulofields.setandverifyvariants.l1098c36.d48af24b	txt.e716f916ba0f	src/plugin/code.js	1098	_fillA11yWebTituloFields > _setAndVerifyVariants
247	Canvas / backend Figma	Precisa de triagem técnica	a11y-web-set-falhou: instância "		A revisar	Texto usado no canvas ou em retorno do Figma	3	Propor aqui; desenvolvimento aplica no banco textual/código		hac.code.filla11ywebdecorativofields.l1107c33.4d68dedd	txt.2f6f6f0e92c7	src/plugin/code.js	1107	_fillA11yWebDecorativoFields
248	Canvas / backend Figma	Precisa de triagem técnica	" não encontrada no wrapper		A revisar	Texto usado no canvas ou em retorno do Figma	3	Propor aqui; desenvolvimento aplica no banco textual/código		hac.code.filla11ywebdecorativofields.l1107c84.dc66ff9a	txt.850995bed081	src/plugin/code.js	1107	_fillA11yWebDecorativoFields
249	Canvas / backend Figma	Precisa de triagem técnica	Observações		A revisar	Texto usado no canvas ou em retorno do Figma	13	Propor aqui; desenvolvimento aplica no banco textual/código		hac.code.filla11ywebdecorativofields.applywebbooleantextfield.l11.f92626e2	txt.c358a1fc1734	src/plugin/code.js	1108	_fillA11yWebDecorativoFields > _applyWebBooleanTextField
250	Canvas / backend Figma	Precisa de triagem técnica	Idioma		A revisar	Texto usado no canvas ou em retorno do Figma	5	Propor aqui; desenvolvimento aplica no banco textual/código		hac.code.idiomas.l1117c54.c82fcf4c	txt.113cff8ac7ee	src/plugin/code.js	1117	idiomas
251	Canvas / backend Figma	Precisa de triagem técnica	marco de navegacao		A revisar	Texto usado no canvas ou em retorno do Figma	9	Propor aqui; desenvolvimento aplica no banco textual/código		hac.code.web.estrutura.variacao.by.form.l1117c64.73a82135	txt.60329fb0364b	src/plugin/code.js	1117	_WEB_ESTRUTURA_VARIACAO_BY_FORM
252	Canvas / backend Figma	Precisa de triagem técnica	Marco de navegação		A revisar	Texto usado no canvas ou em retorno do Figma	6	Propor aqui; desenvolvimento aplica no banco textual/código		hac.code.marco.de.navegacao.l1117c86.7a301dce	txt.f745de63440f	src/plugin/code.js	1117	marco de navegacao
253	Canvas / backend Figma	Precisa de triagem técnica	titulo da pagina		A revisar	Texto usado no canvas ou em retorno do Figma	3	Propor aqui; desenvolvimento aplica no banco textual/código		hac.code.web.estrutura.variacao.by.form.l1117c108.e29dca08	txt.661a49c01068	src/plugin/code.js	1117	_WEB_ESTRUTURA_VARIACAO_BY_FORM
254	Canvas / backend Figma	Precisa de triagem técnica	Título da Página		A revisar	Texto usado no canvas ou em retorno do Figma	4	Propor aqui; desenvolvimento aplica no banco textual/código		hac.code.titulo.da.pagina.l1117c128.20034430	txt.dead91f968b4	src/plugin/code.js	1117	titulo da pagina
255	Canvas / backend Figma	Precisa de triagem técnica	da pagina		A revisar	Texto usado no canvas ou em retorno do Figma	7	Propor aqui; desenvolvimento aplica no banco textual/código		hac.code.web.estrutura.idioma.tipo.by.form.l1118c46.1285d62e	txt.8dd5ae3334cc	src/plugin/code.js	1118	_WEB_ESTRUTURA_IDIOMA_TIPO_BY_FORM
256	Canvas / backend Figma	Precisa de triagem técnica	Página		A revisar	Texto usado no canvas ou em retorno do Figma	3	Propor aqui; desenvolvimento aplica no banco textual/código		hac.code.da.pagina.l1118c59.b4bc1fdb	txt.fe34fd93c8e7	src/plugin/code.js	1118	da pagina
257	Canvas / backend Figma	Precisa de triagem técnica	das partes		A revisar	Texto usado no canvas ou em retorno do Figma	4	Propor aqui; desenvolvimento aplica no banco textual/código		hac.code.web.estrutura.idioma.tipo.by.form.l1118c69.e364a84b	txt.a84778a25727	src/plugin/code.js	1118	_WEB_ESTRUTURA_IDIOMA_TIPO_BY_FORM
258	Canvas / backend Figma	Precisa de triagem técnica	Parte		A revisar	Texto usado no canvas ou em retorno do Figma	3	Propor aqui; desenvolvimento aplica no banco textual/código		hac.code.das.partes.l1118c83.1e87dd73	txt.3653c5dfa95b	src/plugin/code.js	1118	das partes
259	Canvas / backend Figma	Precisa de triagem técnica	a11y-estrutura-sem-variante-na-base:		A revisar	Texto usado no canvas ou em retorno do Figma	1	Propor aqui; desenvolvimento aplica no banco textual/código		hac.code.filla11ywebestruturafields.l1125c21.ce2f06c4	txt.b92e8731db94	src/plugin/code.js	1125	_fillA11yWebEstruturaFields
260	Canvas / backend Figma	Precisa de triagem técnica	Marco de navegação		A revisar	Texto usado no canvas ou em retorno do Figma	6	Propor aqui; desenvolvimento aplica no banco textual/código		hac.code.filla11ywebestruturafields.l1130c20.41a7714c	txt.f745de63440f	src/plugin/code.js	1130	_fillA11yWebEstruturaFields
261	Canvas / backend Figma	Precisa de triagem técnica	a11y-estrutura-sem-variante-na-base: marco de navegação "		A revisar	Texto usado no canvas ou em retorno do Figma	1	Propor aqui; desenvolvimento aplica no banco textual/código		hac.code.filla11ywebestruturafields.l1132c32.d24f165c	txt.e0d23f43765d	src/plugin/code.js	1132	_fillA11yWebEstruturaFields
262	Canvas / backend Figma	Precisa de triagem técnica	Idioma		A revisar	Texto usado no canvas ou em retorno do Figma	5	Propor aqui; desenvolvimento aplica no banco textual/código		hac.code.filla11ywebestruturafields.l1133c27.ab0439aa	txt.113cff8ac7ee	src/plugin/code.js	1133	_fillA11yWebEstruturaFields
263	Canvas / backend Figma	Precisa de triagem técnica	a11y-estrutura-sem-variante-na-base: idioma "		A revisar	Texto usado no canvas ou em retorno do Figma	1	Propor aqui; desenvolvimento aplica no banco textual/código		hac.code.literal.l1135c67.a382ed89	txt.985698de41d4	src/plugin/code.js	1135	
264	Canvas / backend Figma	Precisa de triagem técnica	a11y-web-set-falhou: instância "		A revisar	Texto usado no canvas ou em retorno do Figma	3	Propor aqui; desenvolvimento aplica no banco textual/código		hac.code.filla11ywebestruturafields.l1140c33.9fe32f1d	txt.2f6f6f0e92c7	src/plugin/code.js	1140	_fillA11yWebEstruturaFields
265	Canvas / backend Figma	Precisa de triagem técnica	" não encontrada no wrapper		A revisar	Texto usado no canvas ou em retorno do Figma	3	Propor aqui; desenvolvimento aplica no banco textual/código		hac.code.filla11ywebestruturafields.l1140c84.b15c0224	txt.850995bed081	src/plugin/code.js	1140	_fillA11yWebEstruturaFields
266	Canvas / backend Figma	Precisa de triagem técnica	Variação		A revisar	Texto usado no canvas ou em retorno do Figma	2	Propor aqui; desenvolvimento aplica no banco textual/código		hac.code.filla11ywebestruturafields.setandverifyvariants.l1141c36.c1be3e56	txt.7d20d5a7e6bd	src/plugin/code.js	1141	_fillA11yWebEstruturaFields > _setAndVerifyVariants
267	Canvas / backend Figma	Precisa de triagem técnica	Tipo		A revisar	Texto usado no canvas ou em retorno do Figma	1	Propor aqui; desenvolvimento aplica no banco textual/código		hac.code.filla11ywebestruturafields.findinstancebypropnames.l1146.49ffb1ad	txt.db78ff0a8439	src/plugin/code.js	1146	_fillA11yWebEstruturaFields > _findInstanceByPropNames
268	Canvas / backend Figma	Precisa de triagem técnica	a11y-web-set-falhou: instância com "Tipo" não encontrada em "		A revisar	Texto usado no canvas ou em retorno do Figma	1	Propor aqui; desenvolvimento aplica no banco textual/código		hac.code.filla11ywebestruturafields.l1147c33.9703ca81	txt.15ead3ea45f3	src/plugin/code.js	1147	_fillA11yWebEstruturaFields
269	Canvas / backend Figma	Precisa de triagem técnica	Idioma		A revisar	Texto usado no canvas ou em retorno do Figma	5	Propor aqui; desenvolvimento aplica no banco textual/código		hac.code.filla11ywebestruturafields.l1149c22.92360d60	txt.113cff8ac7ee	src/plugin/code.js	1149	_fillA11yWebEstruturaFields
270	Canvas / backend Figma	Precisa de triagem técnica	Observações		A revisar	Texto usado no canvas ou em retorno do Figma	13	Propor aqui; desenvolvimento aplica no banco textual/código		hac.code.filla11ywebestruturafields.applywebbooleantextfield.l115.afbef5b8	txt.c358a1fc1734	src/plugin/code.js	1150	_fillA11yWebEstruturaFields > _applyWebBooleanTextField
271	Canvas / backend Figma	Precisa de triagem técnica	a11y-web-set-falhou: categoria sem preenchimento:		A revisar	Texto usado no canvas ou em retorno do Figma	1	Propor aqui; desenvolvimento aplica no banco textual/código		hac.code.literal.l1175c23.6d13a111	txt.508dc8fb4e20	src/plugin/code.js	1175	
272	Canvas / backend Figma	Precisa de triagem técnica	Número		A revisar	Texto usado no canvas ou em retorno do Figma	3	Propor aqui; desenvolvimento aplica no banco textual/código		hac.code.tryimporta11ywebwrappercomponent.besteffortsynca11ybadge.bb2f8baa	txt.413b54cff6a8	src/plugin/code.js	1188	_tryImportA11yWebWrapperComponent > _bestEffortSyncA11yBadgeLetter
273	Canvas / backend Figma	Precisa de triagem técnica	Nível		A revisar	Texto usado no canvas ou em retorno do Figma	4	Propor aqui; desenvolvimento aplica no banco textual/código		hac.code.tryimporta11ywebwrappercomponent.besteffortsynca11ybadge.a357ea3e	txt.e716f916ba0f	src/plugin/code.js	1188	_tryImportA11yWebWrapperComponent > _bestEffortSyncA11yBadgeLetter
274	Canvas / backend Figma	Precisa de triagem técnica	Letra		A revisar	Texto usado no canvas ou em retorno do Figma	1	Propor aqui; desenvolvimento aplica no banco textual/código		hac.code.tryimporta11ywebwrappercomponent.besteffortsynca11ybadge.b211165d	txt.94078cac4e46	src/plugin/code.js	1188	_tryImportA11yWebWrapperComponent > _bestEffortSyncA11yBadgeLetter
275	Canvas / backend Figma	Precisa de triagem técnica	a11y-sem-wrapper-no-perfil:		A revisar	Texto usado no canvas ou em retorno do Figma	1	Propor aqui; desenvolvimento aplica no banco textual/código		hac.code.tryimporta11ycomponent.l1204c33.0e0b0f8d	txt.3e4661439e3e	src/plugin/code.js	1204	_tryImportA11yComponent
276	Canvas / backend Figma	Precisa de triagem técnica	a11y-agrupamento-tipo-desconhecido:		A revisar	Texto usado no canvas ou em retorno do Figma	1	Propor aqui; desenvolvimento aplica no banco textual/código		hac.code.tryimporta11yagrupamento.l1276c34.20eb0477	txt.8a95476d9e79	src/plugin/code.js	1276	_tryImportA11yAgrupamento
277	Canvas / backend Figma	Precisa de triagem técnica	a11y-agrupamento-orientacao-desconhecida:		A revisar	Texto usado no canvas ou em retorno do Figma	1	Propor aqui; desenvolvimento aplica no banco textual/código		hac.code.tryimporta11yagrupamento.l1278c29.d34a083b	txt.d48e5f0b9189	src/plugin/code.js	1278	_tryImportA11yAgrupamento
278	Canvas / backend Figma	Precisa de triagem técnica	Agrupamento		A revisar	Texto usado no canvas ou em retorno do Figma	1	Propor aqui; desenvolvimento aplica no banco textual/código		hac.code.tryimporta11yagrupamento.name.l1282c19.9962bf7c	txt.c1d5e706dff4	src/plugin/code.js	1282	_tryImportA11yAgrupamento > name
279	Canvas / backend Figma	Precisa de triagem técnica	Number		A revisar	Texto usado no canvas ou em retorno do Figma	3	Propor aqui; desenvolvimento aplica no banco textual/código		hac.code.findone.l1303c82.5895ee85	txt.53b0a1b2fadf	src/plugin/code.js	1303	findOne
280	Canvas / backend Figma	Precisa de triagem técnica	a11y-conector-linha-tipo-desconhecido:		A revisar	Texto usado no canvas ou em retorno do Figma	1	Propor aqui; desenvolvimento aplica no banco textual/código		hac.code.tryimporta11yconectorlinha.l1330c34.32208241	txt.346bf352e6a3	src/plugin/code.js	1330	_tryImportA11yConectorLinha
281	Canvas / backend Figma	Precisa de triagem técnica	a11y-conector-linha-orientacao-desconhecida:		A revisar	Texto usado no canvas ou em retorno do Figma	1	Propor aqui; desenvolvimento aplica no banco textual/código		hac.code.tryimporta11yconectorlinha.l1332c29.d3391c53	txt.a0a459be3420	src/plugin/code.js	1332	_tryImportA11yConectorLinha
282	Canvas / backend Figma	Precisa de triagem técnica	Conector		A revisar	Texto usado no canvas ou em retorno do Figma	2	Propor aqui; desenvolvimento aplica no banco textual/código		hac.code.tryimporta11yconectorlinha.name.l1336c19.019d7957	txt.ff7fa156a05c	src/plugin/code.js	1336	_tryImportA11yConectorLinha > name
283	Canvas / backend Figma	Precisa de triagem técnica	Number		A revisar	Texto usado no canvas ou em retorno do Figma	3	Propor aqui; desenvolvimento aplica no banco textual/código		hac.code.findone.l1359c82.b0465828	txt.53b0a1b2fadf	src/plugin/code.js	1359	findOne
284	Canvas / backend Figma	Precisa de triagem técnica	( v\d+)$		A revisar	Texto usado no canvas ou em retorno do Figma	1	Propor aqui; desenvolvimento aplica no banco textual/código		hac.code.extracta11ysectionversionsuffix.match.l1435c107.e17a4691	txt.5502bdccd80b	src/plugin/code.js	1435	_extractA11ySectionVersionSuffix > match
285	Canvas / backend Figma	Precisa de triagem técnica	v(\d+)$		A revisar	Texto usado no canvas ou em retorno do Figma	1	Propor aqui; desenvolvimento aplica no banco textual/código		hac.code.match.l1453c104.aab258f8	txt.d808f241cd1b	src/plugin/code.js	1453	match
286	Canvas / backend Figma	Precisa de triagem técnica	${A11Y_SECTION_NAME} v${maxVersion + 1}		A revisar	Texto usado no canvas ou em retorno do Figma	1	Propor aqui; desenvolvimento valida as partes dinâmicas antes de aplicar		hac.code.computenexta11ysectionname.l1456c10.a26de60c	txt.5638779c9625	src/plugin/code.js	1456	_computeNextA11ySectionName
287	Canvas / backend Figma	Precisa de triagem técnica	👐 | HAC - Handoff de Acessibilidade CAIXA		A revisar	Texto usado no canvas ou em retorno do Figma	1	Propor aqui; desenvolvimento aplica no banco textual/código		hac.code.hac.page.name.l1489c30.425b2004	txt.08568181969f	src/plugin/code.js	1489	HAC_PAGE_NAME
288	Canvas / backend Figma	Precisa de triagem técnica	${_pad(_now.getDate())}/${_pad(_now.getMonth() + 1)}/${_now.getFullYear()} ${_pad(_now.getHours())}:${_pad(_now.getMinutes())}		A revisar	Texto usado no canvas ou em retorno do Figma	1	Propor aqui; desenvolvimento valida as partes dinâmicas antes de aplicar		hac.code.getorcreatea11ysessionsection.timestamp.l1642c24.efb42265	txt.5ac84328b832	src/plugin/code.js	1642	_getOrCreateA11ySessionSection > _timestamp
289	Canvas / backend Figma	Precisa de triagem técnica	[HAC] Handoff de Acessibilidade | ${_timestamp} | ${designerName || 'Designer não identificado'} | rascunho		A revisar	Texto usado no canvas ou em retorno do Figma	1	Propor aqui; desenvolvimento valida as partes dinâmicas antes de aplicar		hac.code.getorcreatea11ysessionsection.name.l1651c20.d0d85a65	txt.97bcba071f28	src/plugin/code.js	1651	_getOrCreateA11ySessionSection > name
290	Canvas / backend Figma	Precisa de triagem técnica	a11y		A revisar	Texto usado no canvas ou em retorno do Figma	17	Propor aqui; desenvolvimento aplica no banco textual/código		hac.code.countareagroups.l1741c50.3eccadb7	txt.758908d4c222	src/plugin/code.js	1741	_countAreaGroups
291	Canvas / backend Figma	Precisa de triagem técnica	Tela		A revisar	Texto usado no canvas ou em retorno do Figma	3	Propor aqui; desenvolvimento aplica no banco textual/código		hac.code.push.l1860c39.3c16220c	txt.92601ed7e85c	src/plugin/code.js	1860	push
292	Canvas / backend Figma	Precisa de triagem técnica	[Moldura] ${title}		A revisar	Texto usado no canvas ou em retorno do Figma	1	Propor aqui; desenvolvimento valida as partes dinâmicas antes de aplicar		hac.code.ensurecloneworkframe.desativada.name.l2166c24.80c611e2	txt.6ee24edf053d	src/plugin/code.js	2166	_ensureCloneWorkFrame_DESATIVADA > name
293	Canvas / backend Figma	Precisa de triagem técnica	a11y		A revisar	Texto usado no canvas ou em retorno do Figma	17	Propor aqui; desenvolvimento aplica no banco textual/código		hac.code.ensurecloneworkframe.desativada.setplugindata.l2173c46.19c23a15	txt.758908d4c222	src/plugin/code.js	2173	_ensureCloneWorkFrame_DESATIVADA > setPluginData
294	Canvas / backend Figma	Precisa de triagem técnica	[Título] ${title}		A revisar	Texto usado no canvas ou em retorno do Figma	1	Propor aqui; desenvolvimento valida as partes dinâmicas antes de aplicar		hac.code.ensurecloneworkframe.desativada.name.l2196c24.ba398d8c	txt.aa107ced97cf	src/plugin/code.js	2196	_ensureCloneWorkFrame_DESATIVADA > name
295	Canvas / backend Figma	Precisa de triagem técnica	a11y		A revisar	Texto usado no canvas ou em retorno do Figma	17	Propor aqui; desenvolvimento aplica no banco textual/código		hac.code.ensurecloneworkframe.desativada.setplugindata.l2198c46.31a40b88	txt.758908d4c222	src/plugin/code.js	2198	_ensureCloneWorkFrame_DESATIVADA > setPluginData
296	Canvas / backend Figma	Precisa de triagem técnica	Inter		A revisar	Texto usado no canvas ou em retorno do Figma	15	Propor aqui; desenvolvimento aplica no banco textual/código		hac.code.family.l2209c42.3175fc14	txt.b6708d593ee2	src/plugin/code.js	2209	family
297	Canvas / backend Figma	Precisa de triagem técnica	Bold		A revisar	Texto usado no canvas ou em retorno do Figma	15	Propor aqui; desenvolvimento aplica no banco textual/código		hac.code.style.l2209c58.6c181050	txt.c9b76ae79584	src/plugin/code.js	2209	style
298	Canvas / backend Figma	Precisa de triagem técnica	ForArea		A revisar	Texto usado no canvas ou em retorno do Figma	4	Propor aqui; desenvolvimento aplica no banco textual/código		hac.code.getplugindata.l2410c44.049e2e33	txt.ebd517a24e9c	src/plugin/code.js	2410	getPluginData
299	Canvas / backend Figma	Precisa de triagem técnica	ForArea		A revisar	Texto usado no canvas ou em retorno do Figma	4	Propor aqui; desenvolvimento aplica no banco textual/código		hac.code.setplugindata.l2459c52.11e4f44b	txt.ebd517a24e9c	src/plugin/code.js	2459	setPluginData
300	Canvas / backend Figma	Precisa de triagem técnica	${namePrefix} ${clone.name}		A revisar	Texto usado no canvas ou em retorno do Figma	2	Propor aqui; desenvolvimento valida as partes dinâmicas antes de aplicar		hac.code.getorcreatecloneoverlaygroup.name.l2483c22.a8593136	txt.2cab5fa854e5	src/plugin/code.js	2483	_getOrCreateCloneOverlayGroup > name
301	Canvas / backend Figma	Precisa de triagem técnica	ForArea		A revisar	Texto usado no canvas ou em retorno do Figma	4	Propor aqui; desenvolvimento aplica no banco textual/código		hac.code.setplugindata.l2486c53.167f967a	txt.ebd517a24e9c	src/plugin/code.js	2486	setPluginData
302	Canvas / backend Figma	Precisa de triagem técnica	seed (não remover — mantém o grupo vivo)		A revisar	Texto usado no canvas ou em retorno do Figma	1	Propor aqui; desenvolvimento aplica no banco textual/código		hac.code.getorcreatecloneoverlaygroup.name.l2509c15.184df53c	txt.deb2322f3077	src/plugin/code.js	2509	_getOrCreateCloneOverlayGroup > name
303	Canvas / backend Figma	Precisa de triagem técnica	${namePrefix} ${clone.name}		A revisar	Texto usado no canvas ou em retorno do Figma	2	Propor aqui; desenvolvimento valida as partes dinâmicas antes de aplicar		hac.code.getorcreatecloneoverlaygroup.name.l2520c23.08674602	txt.2cab5fa854e5	src/plugin/code.js	2520	_getOrCreateCloneOverlayGroup > name
304	Canvas / backend Figma	Precisa de triagem técnica	a11y		A revisar	Texto usado no canvas ou em retorno do Figma	17	Propor aqui; desenvolvimento aplica no banco textual/código		hac.code.getorcreatecloneoverlaygroup.setplugindata.l2522c45.67bc7aaa	txt.758908d4c222	src/plugin/code.js	2522	_getOrCreateCloneOverlayGroup > setPluginData
305	Canvas / backend Figma	Precisa de triagem técnica	ForArea		A revisar	Texto usado no canvas ou em retorno do Figma	4	Propor aqui; desenvolvimento aplica no banco textual/código		hac.code.getorcreatecloneoverlaygroup.setplugindata.l2526c58.0c838387	txt.ebd517a24e9c	src/plugin/code.js	2526	_getOrCreateCloneOverlayGroup > setPluginData
306	Canvas / backend Figma	Precisa de triagem técnica	SnapshotForArea		A revisar	Texto usado no canvas ou em retorno do Figma	1	Propor aqui; desenvolvimento aplica no banco textual/código		hac.code.snapshotcloneintofichasection.stablekey.l2608c64.2e20e8af	txt.9ad9b64054d6	src/plugin/code.js	2608	_snapshotCloneIntoFichaSection > stableKey
307	Canvas / backend Figma	Precisa de triagem técnica	[Snapshot indisponível]		A revisar	Texto usado no canvas ou em retorno do Figma	1	Propor aqui; desenvolvimento aplica no banco textual/código		hac.code.snapshotcloneintofichasection.l2678c24.1d2c254f	txt.cac616d77d08	src/plugin/code.js	2678	_snapshotCloneIntoFichaSection
308	Canvas / backend Figma	Precisa de triagem técnica	Texto		A revisar	Texto usado no canvas ou em retorno do Figma	8	Propor aqui; desenvolvimento aplica no banco textual/código		hac.code.snapshotcloneintofichasection.name.l2694c17.a459ee59	txt.ea631551f556	src/plugin/code.js	2694	_snapshotCloneIntoFichaSection > name
309	Canvas / backend Figma	Precisa de triagem técnica	Não foi possível gerar a prévia desta tela		A revisar	Texto usado no canvas ou em retorno do Figma	1	Propor aqui; desenvolvimento aplica no banco textual/código		hac.code.snapshotcloneintofichasection.characters.l2695c23.fc1d0bb7	txt.c7498ea29504	src/plugin/code.js	2695	_snapshotCloneIntoFichaSection > characters
310	Canvas / backend Figma	Precisa de triagem técnica	label/tiny		A revisar	Texto usado no canvas ou em retorno do Figma	18	Propor aqui; desenvolvimento aplica no banco textual/código		hac.code.snapshotcloneintofichasection.applyfichatypography.l2700.3aff4470	txt.f4175b9050f0	src/plugin/code.js	2700	_snapshotCloneIntoFichaSection > _applyFichaTypography
311	Canvas / backend Figma	Precisa de triagem técnica	[HAC] Ordem de Tabulação		A revisar	Texto usado no canvas ou em retorno do Figma	1	Propor aqui; desenvolvimento aplica no banco textual/código		hac.code.name.l3536c11.dc76764e	txt.f5c80bbf7309	src/plugin/code.js	3536	name
312	Canvas / backend Figma	Precisa de triagem técnica	Sequência de foco do teclado (tecla Tab) desta tela — cada selo numerado indica a ordem em que o elemento recebe foco.		A revisar	Texto usado no canvas ou em retorno do Figma	1	Propor aqui; desenvolvimento aplica no banco textual/código		hac.code.legendfallback.l3539c21.cea0f9ce	txt.b91ea52639fa	src/plugin/code.js	3539	legendFallback
313	Canvas / backend Figma	Precisa de triagem técnica	Ordem de Tabulação		A revisar	Texto usado no canvas ou em retorno do Figma	8	Propor aqui; desenvolvimento aplica no banco textual/código		hac.code.legendtitle.l3540c18.a46fc81a	txt.37066ca9dc6a	src/plugin/code.js	3540	legendTitle
314	Canvas / backend Figma	Precisa de triagem técnica	[HAC] Ordem de Leitura | Swipe		A revisar	Texto usado no canvas ou em retorno do Figma	1	Propor aqui; desenvolvimento aplica no banco textual/código		hac.code.name.l3543c11.9d76f634	txt.2e728afefe3f	src/plugin/code.js	3543	name
315	Canvas / backend Figma	Precisa de triagem técnica	Navegação por gesto de deslizar (swipe), exclusiva do leitor de tela mobile — trilha direcional de pontos, na ordem em que o gesto percorre a tela.		A revisar	Texto usado no canvas ou em retorno do Figma	1	Propor aqui; desenvolvimento aplica no banco textual/código		hac.code.legendfallback.l3546c21.cb4a009a	txt.8ffc07873137	src/plugin/code.js	3546	legendFallback
316	Canvas / backend Figma	Precisa de triagem técnica	Trilha de Swipe		A revisar	Texto usado no canvas ou em retorno do Figma	2	Propor aqui; desenvolvimento aplica no banco textual/código		hac.code.legendtitle.l3547c18.b294a510	txt.983e755f3854	src/plugin/code.js	3547	legendTitle
317	Canvas / backend Figma	Precisa de triagem técnica	[HAC] Leitor de Tela		A revisar	Texto usado no canvas ou em retorno do Figma	1	Propor aqui; desenvolvimento aplica no banco textual/código		hac.code.name.l3550c11.d5844665	txt.ad223cb325a8	src/plugin/code.js	3550	name
318	Canvas / backend Figma	Precisa de triagem técnica	Elementos e imagens, estrutura da página, nível de título, elemento decorativo e informações adicionais — cada marcador indica a categoria de acessibilidade documentada naquele ponto da tela.		A revisar	Texto usado no canvas ou em retorno do Figma	1	Propor aqui; desenvolvimento aplica no banco textual/código		hac.code.legendfallback.l3553c21.b239c90a	txt.3672364746c4	src/plugin/code.js	3553	legendFallback
319	Canvas / backend Figma	Precisa de triagem técnica	Especificações para Leitor de Tela		A revisar	Texto usado no canvas ou em retorno do Figma	2	Propor aqui; desenvolvimento aplica no banco textual/código		hac.code.legendtitle.l3554c18.eeb84e5e	txt.a6e1b0f8df14	src/plugin/code.js	3554	legendTitle
320	Canvas / backend Figma	Precisa de triagem técnica	[HAC] Documentação		A revisar	Texto usado no canvas ou em retorno do Figma	3	Propor aqui; desenvolvimento aplica no banco textual/código		hac.code.name.l3570c28.b9c7a42d	txt.dcfdca98edce	src/plugin/code.js	3570	name
321	Canvas / backend Figma	Precisa de triagem técnica	frame legado adotado não é um container com Auto Layout (tipo inesperado:		A revisar	Texto usado no canvas ou em retorno do Figma	1	Propor aqui; desenvolvimento aplica no banco textual/código		hac.code.literal.l3597c25.0ff5a181	txt.a0032e338636	src/plugin/code.js	3597	
322	Canvas / backend Figma	Precisa de triagem técnica	[HAC] Documentação		A revisar	Texto usado no canvas ou em retorno do Figma	3	Propor aqui; desenvolvimento aplica no banco textual/código		hac.code.createorgetfichaframe.name.l3599c22.0bdcc88d	txt.dcfdca98edce	src/plugin/code.js	3599	_createOrGetFichaFrame > name
323	Canvas / backend Figma	Precisa de triagem técnica	[HAC] Documentação		A revisar	Texto usado no canvas ou em retorno do Figma	3	Propor aqui; desenvolvimento aplica no banco textual/código		hac.code.createorgetfichaframe.name.l3632c21.96970ef2	txt.dcfdca98edce	src/plugin/code.js	3632	_createOrGetFichaFrame > name
324	Canvas / backend Figma	Precisa de triagem técnica	a11y		A revisar	Texto usado no canvas ou em retorno do Figma	17	Propor aqui; desenvolvimento aplica no banco textual/código		hac.code.createorgetfichaframe.setplugindata.l3661c43.8039f6cb	txt.758908d4c222	src/plugin/code.js	3661	_createOrGetFichaFrame > setPluginData
325	Canvas / backend Figma	Precisa de triagem técnica	Bold		A revisar	Texto usado no canvas ou em retorno do Figma	15	Propor aqui; desenvolvimento aplica no banco textual/código		hac.code.a11yrobotostyleforweight.l3705c29.1303a741	txt.c9b76ae79584	src/plugin/code.js	3705	_a11yRobotoStyleForWeight
326	Canvas / backend Figma	Precisa de triagem técnica	Medium		A revisar	Texto usado no canvas ou em retorno do Figma	5	Propor aqui; desenvolvimento aplica no banco textual/código		hac.code.a11yrobotostyleforweight.l3706c29.c153d577	txt.20af41865769	src/plugin/code.js	3706	_a11yRobotoStyleForWeight
327	Canvas / backend Figma	Precisa de triagem técnica	Medium		A revisar	Texto usado no canvas ou em retorno do Figma	5	Propor aqui; desenvolvimento aplica no banco textual/código		hac.code.a11yrobotostyleforweight.l3707c29.b267d56a	txt.20af41865769	src/plugin/code.js	3707	_a11yRobotoStyleForWeight
328	Canvas / backend Figma	Precisa de triagem técnica	Regular		A revisar	Texto usado no canvas ou em retorno do Figma	4	Propor aqui; desenvolvimento aplica no banco textual/código		hac.code.a11yrobotostyleforweight.l3708c10.40ec4420	txt.5f51efbecdb6	src/plugin/code.js	3708	_a11yRobotoStyleForWeight
329	Canvas / backend Figma	Precisa de triagem técnica	body/standard		A revisar	Texto usado no canvas ou em retorno do Figma	2	Propor aqui; desenvolvimento aplica no banco textual/código		hac.code.applyfichatypography.token.l3724c75.9d02d1da	txt.309eb159d51a	src/plugin/code.js	3724	_applyFichaTypography > token
330	Canvas / backend Figma	Precisa de triagem técnica	Roboto		A revisar	Texto usado no canvas ou em retorno do Figma	4	Propor aqui; desenvolvimento aplica no banco textual/código		hac.code.applyfichatypography.family.l3727c28.b240abdb	txt.6d0ca162d5ad	src/plugin/code.js	3727	_applyFichaTypography > family
331	Canvas / backend Figma	Precisa de triagem técnica	Bold		A revisar	Texto usado no canvas ou em retorno do Figma	15	Propor aqui; desenvolvimento aplica no banco textual/código		hac.code.applyfichatypography.interstyle.l3734c40.faaaafd8	txt.c9b76ae79584	src/plugin/code.js	3734	_applyFichaTypography > interStyle
332	Canvas / backend Figma	Precisa de triagem técnica	Medium		A revisar	Texto usado no canvas ou em retorno do Figma	5	Propor aqui; desenvolvimento aplica no banco textual/código		hac.code.interstyle.l3734c66.a0b9d07e	txt.20af41865769	src/plugin/code.js	3734	interStyle
333	Canvas / backend Figma	Precisa de triagem técnica	Regular		A revisar	Texto usado no canvas ou em retorno do Figma	4	Propor aqui; desenvolvimento aplica no banco textual/código		hac.code.interstyle.l3734c77.f987a03b	txt.5f51efbecdb6	src/plugin/code.js	3734	interStyle
334	Canvas / backend Figma	Precisa de triagem técnica	Inter		A revisar	Texto usado no canvas ou em retorno do Figma	15	Propor aqui; desenvolvimento aplica no banco textual/código		hac.code.applyfichatypography.family.l3735c26.4a66d611	txt.b6708d593ee2	src/plugin/code.js	3735	_applyFichaTypography > family
335	Canvas / backend Figma	Precisa de triagem técnica	Tela ${areaNumber} - ${frameLabel}		A revisar	Texto usado no canvas ou em retorno do Figma	2	Propor aqui; desenvolvimento valida as partes dinâmicas antes de aplicar		hac.code.name.l3830c28.081a0374	txt.4d9c59b757f7	src/plugin/code.js	3830	name
336	Canvas / backend Figma	Precisa de triagem técnica	Tela ${areaNumber} - ${frameLabel}		A revisar	Texto usado no canvas ou em retorno do Figma	2	Propor aqui; desenvolvimento valida as partes dinâmicas antes de aplicar		hac.code.getorcreatefichaareagroup.name.l3837c20.c3fb2b54	txt.4d9c59b757f7	src/plugin/code.js	3837	_getOrCreateFichaAreaGroup > name
337	Canvas / backend Figma	Precisa de triagem técnica	a11y		A revisar	Texto usado no canvas ou em retorno do Figma	17	Propor aqui; desenvolvimento aplica no banco textual/código		hac.code.getorcreatefichaareagroup.setplugindata.l3858c42.7f5a489c	txt.758908d4c222	src/plugin/code.js	3858	_getOrCreateFichaAreaGroup > setPluginData
338	Canvas / backend Figma	Precisa de triagem técnica	Título Card		A revisar	Texto usado no canvas ou em retorno do Figma	1	Propor aqui; desenvolvimento aplica no banco textual/código		hac.code.ensuretelatitulocard.name.l3942c17.12224e60	txt.ffc1a3d7225c	src/plugin/code.js	3942	_ensureTelaTituloCard > name
339	Canvas / backend Figma	Precisa de triagem técnica	a11y		A revisar	Texto usado no canvas ou em retorno do Figma	17	Propor aqui; desenvolvimento aplica no banco textual/código		hac.code.ensuretelatitulocard.setplugindata.l3950c39.93188426	txt.758908d4c222	src/plugin/code.js	3950	_ensureTelaTituloCard > setPluginData
340	Canvas / backend Figma	Precisa de triagem técnica	Título do bloco		A revisar	Texto usado no canvas ou em retorno do Figma	2	Propor aqui; desenvolvimento aplica no banco textual/código		hac.code.ensuretelatitulocard.name.l3978c19.b290b736	txt.52be39b3e4be	src/plugin/code.js	3978	_ensureTelaTituloCard > name
341	Canvas / backend Figma	Precisa de triagem técnica	label/standard		A revisar	Texto usado no canvas ou em retorno do Figma	2	Propor aqui; desenvolvimento aplica no banco textual/código		hac.code.ensuretelatitulocard.applyfichatypography.l3985c39.8bf23651	txt.41552333cf2c	src/plugin/code.js	3985	_ensureTelaTituloCard > _applyFichaTypography
342	Canvas / backend Figma	Precisa de triagem técnica	Documentação da Tela ${areaNumber} - ${frameLabel}		A revisar	Texto usado no canvas ou em retorno do Figma	1	Propor aqui; desenvolvimento valida as partes dinâmicas antes de aplicar		hac.code.ensuretelatitulocard.characters.l3986c23.38fb441e	txt.712854e8283e	src/plugin/code.js	3986	_ensureTelaTituloCard > characters
343	Canvas / backend Figma	Precisa de triagem técnica	[HAC] Assets do Handoff		A revisar	Texto usado no canvas ou em retorno do Figma	2	Propor aqui; desenvolvimento aplica no banco textual/código		hac.code.createfichaitensframe.name.l4092c21.f83c4a90	txt.dffe30daf241	src/plugin/code.js	4092	_createFichaItensFrame > name
344	Canvas / backend Figma	Precisa de triagem técnica	não foi possível criar/localizar "[HAC] Assets do Handoff" da área		A revisar	Texto usado no canvas ou em retorno do Figma	1	Propor aqui; desenvolvimento aplica no banco textual/código		hac.code.getorcreatefichaitensframe.l4225c21.116451a4	txt.17c470b7f4df	src/plugin/code.js	4225	_getOrCreateFichaItensFrame
345	Canvas / backend Figma	Precisa de triagem técnica	(sem id)		A revisar	Texto usado no canvas ou em retorno do Figma	1	Propor aqui; desenvolvimento aplica no banco textual/código		hac.code.getorcreatefichaitensframe.l4225c104.ce356c86	txt.4496e33a2ddc	src/plugin/code.js	4225	_getOrCreateFichaItensFrame
346	Canvas / backend Figma	Precisa de triagem técnica	[HAC] Assets do Handoff		A revisar	Texto usado no canvas ou em retorno do Figma	2	Propor aqui; desenvolvimento aplica no banco textual/código		hac.code.getorcreatefichaitensframe.name.l4247c43.1579a0f1	txt.dffe30daf241	src/plugin/code.js	4247	_getOrCreateFichaItensFrame > name
347	Canvas / backend Figma	Precisa de triagem técnica	[HAC] Frame Principal		A revisar	Texto usado no canvas ou em retorno do Figma	2	Propor aqui; desenvolvimento aplica no banco textual/código		hac.code.buildfichaframeprincipalsection.name.l4306c20.f1520a5e	txt.9f3108cbf44d	src/plugin/code.js	4306	_buildFichaFramePrincipalSection > name
348	Canvas / backend Figma	Precisa de triagem técnica	[Nome do Frame]		A revisar	Texto usado no canvas ou em retorno do Figma	1	Propor aqui; desenvolvimento aplica no banco textual/código		hac.code.buildfichaframeprincipalsection.name.l4320c21.99dd5b26	txt.9e9ca95a700c	src/plugin/code.js	4320	_buildFichaFramePrincipalSection > name
349	Canvas / backend Figma	Precisa de triagem técnica	Área		A revisar	Texto usado no canvas ou em retorno do Figma	3	Propor aqui; desenvolvimento aplica no banco textual/código		hac.code.buildfichaframeprincipalsection.l4321c84.cca46f72	txt.c3b1be261959	src/plugin/code.js	4321	_buildFichaFramePrincipalSection
350	Canvas / backend Figma	Precisa de triagem técnica	label/small		A revisar	Texto usado no canvas ou em retorno do Figma	4	Propor aqui; desenvolvimento aplica no banco textual/código		hac.code.buildfichaframeprincipalsection.applyfichatypography.l43.3886b887	txt.1b3a181b688f	src/plugin/code.js	4327	_buildFichaFramePrincipalSection > _applyFichaTypography
351	Canvas / backend Figma	Precisa de triagem técnica	[HAC] Frame Principal		A revisar	Texto usado no canvas ou em retorno do Figma	2	Propor aqui; desenvolvimento aplica no banco textual/código		hac.code.buildfichaframeprincipalsection.name.l4335c24.9990ae34	txt.9f3108cbf44d	src/plugin/code.js	4335	_buildFichaFramePrincipalSection > name
352	Canvas / backend Figma	Precisa de triagem técnica	Selo de Número da Tela		A revisar	Texto usado no canvas ou em retorno do Figma	1	Propor aqui; desenvolvimento aplica no banco textual/código		hac.code.buildfichaframeprincipalsection.name.l4376c20.7bcafffc	txt.df2ebb433211	src/plugin/code.js	4376	_buildFichaFramePrincipalSection > name
353	Canvas / backend Figma	Precisa de triagem técnica	Título do bloco		A revisar	Texto usado no canvas ou em retorno do Figma	2	Propor aqui; desenvolvimento aplica no banco textual/código		hac.code.appendfichablocktitle.name.l4541c12.a46be540	txt.52be39b3e4be	src/plugin/code.js	4541	_appendFichaBlockTitle > name
354	Canvas / backend Figma	Precisa de triagem técnica	title/large		A revisar	Texto usado no canvas ou em retorno do Figma	2	Propor aqui; desenvolvimento aplica no banco textual/código		hac.code.appendfichablocktitle.applyfichatypography.l4560c34.127263a9	txt.c60c915d7e74	src/plugin/code.js	4560	_appendFichaBlockTitle > _applyFichaTypography
355	Canvas / backend Figma	Precisa de triagem técnica	Legenda		A revisar	Texto usado no canvas ou em retorno do Figma	2	Propor aqui; desenvolvimento aplica no banco textual/código		hac.code.buildfichalegendcolumn.name.l4619c14.a0ad62e8	txt.10ec6d3e3278	src/plugin/code.js	4619	_buildFichaLegendColumn > name
356	Canvas / backend Figma	Precisa de triagem técnica	Título		A revisar	Texto usado no canvas ou em retorno do Figma	2	Propor aqui; desenvolvimento aplica no banco textual/código		hac.code.buildfichalegendcolumn.name.l4657c20.25b46197	txt.8a1be36de69d	src/plugin/code.js	4657	_buildFichaLegendColumn > name
357	Canvas / backend Figma	Precisa de triagem técnica	label/small		A revisar	Texto usado no canvas ou em retorno do Figma	4	Propor aqui; desenvolvimento aplica no banco textual/código		hac.code.buildfichalegendcolumn.applyfichatypography.l4665c42.d988f3d5	txt.1b3a181b688f	src/plugin/code.js	4665	_buildFichaLegendColumn > _applyFichaTypography
358	Canvas / backend Figma	Precisa de triagem técnica	Descrição		A revisar	Texto usado no canvas ou em retorno do Figma	16	Propor aqui; desenvolvimento aplica no banco textual/código		hac.code.buildfichalegendcolumn.name.l4678c21.d7f70f16	txt.e9df693ec666	src/plugin/code.js	4678	_buildFichaLegendColumn > name
359	Canvas / backend Figma	Precisa de triagem técnica	label/tiny		A revisar	Texto usado no canvas ou em retorno do Figma	18	Propor aqui; desenvolvimento aplica no banco textual/código		hac.code.buildfichalegendcolumn.applyfichatypography.l4686c43.38921100	txt.f4175b9050f0	src/plugin/code.js	4686	_buildFichaLegendColumn > _applyFichaTypography
360	Canvas / backend Figma	Precisa de triagem técnica	Subtítulo		A revisar	Texto usado no canvas ou em retorno do Figma	1	Propor aqui; desenvolvimento aplica no banco textual/código		hac.code.appendheading.name.l4700c14.254e34e3	txt.0d054fbc4715	src/plugin/code.js	4700	appendHeading > name
361	Canvas / backend Figma	Precisa de triagem técnica	label/tiny		A revisar	Texto usado no canvas ou em retorno do Figma	18	Propor aqui; desenvolvimento aplica no banco textual/código		hac.code.appendheading.applyfichatypography.l4707c36.752d9083	txt.f4175b9050f0	src/plugin/code.js	4707	appendHeading > _applyFichaTypography
362	Canvas / backend Figma	Precisa de triagem técnica	Parágrafo		A revisar	Texto usado no canvas ou em retorno do Figma	1	Propor aqui; desenvolvimento aplica no banco textual/código		hac.code.appendparagraph.name.l4717c14.b5adcf3d	txt.b28533f7fdbd	src/plugin/code.js	4717	appendParagraph > name
363	Canvas / backend Figma	Precisa de triagem técnica	label/tiny		A revisar	Texto usado no canvas ou em retorno do Figma	18	Propor aqui; desenvolvimento aplica no banco textual/código		hac.code.appendparagraph.applyfichatypography.l4725c36.1af9d93b	txt.f4175b9050f0	src/plugin/code.js	4725	appendParagraph > _applyFichaTypography
364	Canvas / backend Figma	Precisa de triagem técnica	Passos		A revisar	Texto usado no canvas ou em retorno do Figma	1	Propor aqui; desenvolvimento aplica no banco textual/código		hac.code.buildfichalegendcolumn.name.l4739c22.e8cd6b14	txt.7734a80fedac	src/plugin/code.js	4739	_buildFichaLegendColumn > name
365	Canvas / backend Figma	Precisa de triagem técnica	Passo ${i + 1}		A revisar	Texto usado no canvas ou em retorno do Figma	1	Propor aqui; desenvolvimento valida as partes dinâmicas antes de aplicar		hac.code.buildfichalegendcolumn.name.l4771c18.8cc4402f	txt.cc2ac2455bf2	src/plugin/code.js	4771	_buildFichaLegendColumn > name
366	Canvas / backend Figma	Precisa de triagem técnica	Número		A revisar	Texto usado no canvas ou em retorno do Figma	3	Propor aqui; desenvolvimento aplica no banco textual/código		hac.code.buildfichalegendcolumn.name.l4792c21.5d9df411	txt.413b54cff6a8	src/plugin/code.js	4792	_buildFichaLegendColumn > name
367	Canvas / backend Figma	Precisa de triagem técnica	${i + 1}.		A revisar	Texto usado no canvas ou em retorno do Figma	2	Propor aqui; desenvolvimento valida as partes dinâmicas antes de aplicar		hac.code.buildfichalegendcolumn.characters.l4797c27.8453d9e3	txt.cfd479c03f8b	src/plugin/code.js	4797	_buildFichaLegendColumn > characters
368	Canvas / backend Figma	Precisa de triagem técnica	label/tiny		A revisar	Texto usado no canvas ou em retorno do Figma	18	Propor aqui; desenvolvimento aplica no banco textual/código		hac.code.buildfichalegendcolumn.applyfichatypography.l4801c43.997b4b06	txt.f4175b9050f0	src/plugin/code.js	4801	_buildFichaLegendColumn > _applyFichaTypography
369	Canvas / backend Figma	Precisa de triagem técnica	Badge		A revisar	Texto usado no canvas ou em retorno do Figma	2	Propor aqui; desenvolvimento aplica no banco textual/código		hac.code.name.l4873c22.98ba0f71	txt.adac3846b477	src/plugin/code.js	4873	name
370	Canvas / backend Figma	Precisa de triagem técnica	Texto		A revisar	Texto usado no canvas ou em retorno do Figma	8	Propor aqui; desenvolvimento aplica no banco textual/código		hac.code.buildfichalegendcolumn.name.l4882c19.6391f6f3	txt.ea631551f556	src/plugin/code.js	4882	_buildFichaLegendColumn > name
371	Canvas / backend Figma	Precisa de triagem técnica	label/tiny		A revisar	Texto usado no canvas ou em retorno do Figma	18	Propor aqui; desenvolvimento aplica no banco textual/código		hac.code.buildfichalegendcolumn.applyfichatypography.l4890c41.afbb0df3	txt.f4175b9050f0	src/plugin/code.js	4890	_buildFichaLegendColumn > _applyFichaTypography
372	Canvas / backend Figma	Precisa de triagem técnica	Assets		A revisar	Texto usado no canvas ou em retorno do Figma	2	Propor aqui; desenvolvimento aplica no banco textual/código		hac.code.buildfichalegendcolumn.name.l4909c23.40d71a7b	txt.3685e330ec52	src/plugin/code.js	4909	_buildFichaLegendColumn > name
373	Canvas / backend Figma	Precisa de triagem técnica	Asset ${i + 1}		A revisar	Texto usado no canvas ou em retorno do Figma	1	Propor aqui; desenvolvimento valida as partes dinâmicas antes de aplicar		hac.code.buildfichalegendcolumn.name.l4934c18.de6d8a75	txt.a435646c795b	src/plugin/code.js	4934	_buildFichaLegendColumn > name
374	Canvas / backend Figma	Precisa de triagem técnica	Marcador		A revisar	Texto usado no canvas ou em retorno do Figma	1	Propor aqui; desenvolvimento aplica no banco textual/código		hac.code.name.l4975c23.48a9387f	txt.b63bae2cd5ad	src/plugin/code.js	4975	name
375	Canvas / backend Figma	Precisa de triagem técnica	Texto		A revisar	Texto usado no canvas ou em retorno do Figma	8	Propor aqui; desenvolvimento aplica no banco textual/código		hac.code.buildfichalegendcolumn.name.l4982c22.de8d3dd0	txt.ea631551f556	src/plugin/code.js	4982	_buildFichaLegendColumn > name
376	Canvas / backend Figma	Precisa de triagem técnica	Label		A revisar	Texto usado no canvas ou em retorno do Figma	5	Propor aqui; desenvolvimento aplica no banco textual/código		hac.code.buildfichalegendcolumn.name.l5007c20.e2a07951	txt.64c65374dbab	src/plugin/code.js	5007	_buildFichaLegendColumn > name
377	Canvas / backend Figma	Precisa de triagem técnica	label/tiny		A revisar	Texto usado no canvas ou em retorno do Figma	18	Propor aqui; desenvolvimento aplica no banco textual/código		hac.code.buildfichalegendcolumn.applyfichatypography.l5014c42.30c80bf0	txt.f4175b9050f0	src/plugin/code.js	5014	_buildFichaLegendColumn > _applyFichaTypography
378	Canvas / backend Figma	Precisa de triagem técnica	Descrição		A revisar	Texto usado no canvas ou em retorno do Figma	16	Propor aqui; desenvolvimento aplica no banco textual/código		hac.code.name.l5022c21.65b2bde2	txt.e9df693ec666	src/plugin/code.js	5022	name
379	Canvas / backend Figma	Precisa de triagem técnica	label/tiny		A revisar	Texto usado no canvas ou em retorno do Figma	18	Propor aqui; desenvolvimento aplica no banco textual/código		hac.code.applyfichatypography.l5030c43.f568ba46	txt.f4175b9050f0	src/plugin/code.js	5030	_applyFichaTypography
380	Canvas / backend Figma	Precisa de triagem técnica	Legenda		A revisar	Texto usado no canvas ou em retorno do Figma	2	Propor aqui; desenvolvimento aplica no banco textual/código		hac.code.buildfichainstructiononlylegendcolumn.name.l5067c14.e9f613f0	txt.10ec6d3e3278	src/plugin/code.js	5067	_buildFichaInstructionOnlyLegendColumn > name
381	Canvas / backend Figma	Precisa de triagem técnica	Título		A revisar	Texto usado no canvas ou em retorno do Figma	2	Propor aqui; desenvolvimento aplica no banco textual/código		hac.code.buildfichainstructiononlylegendcolumn.name.l5087c20.c56fd1a9	txt.8a1be36de69d	src/plugin/code.js	5087	_buildFichaInstructionOnlyLegendColumn > name
382	Canvas / backend Figma	Precisa de triagem técnica	label/small		A revisar	Texto usado no canvas ou em retorno do Figma	4	Propor aqui; desenvolvimento aplica no banco textual/código		hac.code.buildfichainstructiononlylegendcolumn.applyfichatypograp.15b70d19	txt.1b3a181b688f	src/plugin/code.js	5089	_buildFichaInstructionOnlyLegendColumn > _applyFichaTypography
383	Canvas / backend Figma	Precisa de triagem técnica	Descrição		A revisar	Texto usado no canvas ou em retorno do Figma	16	Propor aqui; desenvolvimento aplica no banco textual/código		hac.code.buildfichainstructiononlylegendcolumn.name.l5097c21.6a7b48e9	txt.e9df693ec666	src/plugin/code.js	5097	_buildFichaInstructionOnlyLegendColumn > name
384	Canvas / backend Figma	Precisa de triagem técnica	label/tiny		A revisar	Texto usado no canvas ou em retorno do Figma	18	Propor aqui; desenvolvimento aplica no banco textual/código		hac.code.buildfichainstructiononlylegendcolumn.applyfichatypograp.8206447d	txt.f4175b9050f0	src/plugin/code.js	5099	_buildFichaInstructionOnlyLegendColumn > _applyFichaTypography
385	Canvas / backend Figma	Precisa de triagem técnica	hacData:${figma.fileKey}		A revisar	Texto usado no canvas ou em retorno do Figma	1	Propor aqui; desenvolvimento valida as partes dinâmicas antes de aplicar		hac.code.gethacdatastoragekey.l5172c26.4516e3ec	txt.9475341e387d	src/plugin/code.js	5172	_getHacDataStorageKey
386	Canvas / backend Figma	Precisa de triagem técnica	${HAC_DOC_KEY_PREFIX}:${i}		A revisar	Texto usado no canvas ou em retorno do Figma	4	Propor aqui; desenvolvimento valida as partes dinâmicas antes de aplicar		hac.code.writehacdatatodocument.setsharedplugindata.l5220c44.daa58696	txt.e436b6833a82	src/plugin/code.js	5220	_writeHacDataToDocument > setSharedPluginData
387	Canvas / backend Figma	Precisa de triagem técnica	${HAC_DOC_KEY_PREFIX}:count		A revisar	Texto usado no canvas ou em retorno do Figma	5	Propor aqui; desenvolvimento valida as partes dinâmicas antes de aplicar		hac.code.parseint.l5225c68.37b8ae77	txt.6b097de23b94	src/plugin/code.js	5225	parseInt
388	Canvas / backend Figma	Precisa de triagem técnica	${HAC_DOC_KEY_PREFIX}:${i}		A revisar	Texto usado no canvas ou em retorno do Figma	4	Propor aqui; desenvolvimento valida as partes dinâmicas antes de aplicar		hac.code.writehacdatatodocument.setsharedplugindata.l5227c44.7d7019f6	txt.e436b6833a82	src/plugin/code.js	5227	_writeHacDataToDocument > setSharedPluginData
389	Canvas / backend Figma	Precisa de triagem técnica	${HAC_DOC_KEY_PREFIX}:count		A revisar	Texto usado no canvas ou em retorno do Figma	5	Propor aqui; desenvolvimento valida as partes dinâmicas antes de aplicar		hac.code.writehacdatatodocument.setsharedplugindata.l5229c42.99b790a1	txt.6b097de23b94	src/plugin/code.js	5229	_writeHacDataToDocument > setSharedPluginData
390	Canvas / backend Figma	Precisa de triagem técnica	${HAC_DOC_KEY_PREFIX}:savedAt		A revisar	Texto usado no canvas ou em retorno do Figma	2	Propor aqui; desenvolvimento valida as partes dinâmicas antes de aplicar		hac.code.writehacdatatodocument.setsharedplugindata.l5230c42.db0c2aaa	txt.5e1d9a2bed2a	src/plugin/code.js	5230	_writeHacDataToDocument > setSharedPluginData
391	Canvas / backend Figma	Precisa de triagem técnica	${HAC_DOC_KEY_PREFIX}:count		A revisar	Texto usado no canvas ou em retorno do Figma	5	Propor aqui; desenvolvimento valida as partes dinâmicas antes de aplicar		hac.code.parseint.l5245c65.cf15400f	txt.6b097de23b94	src/plugin/code.js	5245	parseInt
392	Canvas / backend Figma	Precisa de triagem técnica	${HAC_DOC_KEY_PREFIX}:${i}		A revisar	Texto usado no canvas ou em retorno do Figma	4	Propor aqui; desenvolvimento valida as partes dinâmicas antes de aplicar		hac.code.getsharedplugindata.l5249c58.87fda2cf	txt.e436b6833a82	src/plugin/code.js	5249	getSharedPluginData
393	Canvas / backend Figma	Precisa de triagem técnica	${HAC_DOC_KEY_PREFIX}:count		A revisar	Texto usado no canvas ou em retorno do Figma	5	Propor aqui; desenvolvimento valida as partes dinâmicas antes de aplicar		hac.code.parseint.l5270c65.e7736fd8	txt.6b097de23b94	src/plugin/code.js	5270	parseInt
394	Canvas / backend Figma	Precisa de triagem técnica	${HAC_DOC_KEY_PREFIX}:${i}		A revisar	Texto usado no canvas ou em retorno do Figma	4	Propor aqui; desenvolvimento valida as partes dinâmicas antes de aplicar		hac.code.clearhacdatafromdocument.setsharedplugindata.l5272c44.d2d66aef	txt.e436b6833a82	src/plugin/code.js	5272	_clearHacDataFromDocument > setSharedPluginData
395	Canvas / backend Figma	Precisa de triagem técnica	${HAC_DOC_KEY_PREFIX}:count		A revisar	Texto usado no canvas ou em retorno do Figma	5	Propor aqui; desenvolvimento valida as partes dinâmicas antes de aplicar		hac.code.clearhacdatafromdocument.setsharedplugindata.l5274c42.de823e09	txt.6b097de23b94	src/plugin/code.js	5274	_clearHacDataFromDocument > setSharedPluginData
396	Canvas / backend Figma	Precisa de triagem técnica	${HAC_DOC_KEY_PREFIX}:savedAt		A revisar	Texto usado no canvas ou em retorno do Figma	2	Propor aqui; desenvolvimento valida as partes dinâmicas antes de aplicar		hac.code.clearhacdatafromdocument.setsharedplugindata.l5275c42.405e19f3	txt.5e1d9a2bed2a	src/plugin/code.js	5275	_clearHacDataFromDocument > setSharedPluginData
397	Acessibilidade	Precisa de triagem técnica	<polygon points="		A revisar	Texto montado dinamicamente pela interface	1	Propor aqui; desenvolvimento aplica no banco textual/código		hac.modules.accessibility.literal.l233c16.a540a86e	txt.d76048580edd	src/plugin/modules/accessibility.js	233	
398	Acessibilidade	Precisa de triagem técnica	<rect x="		A revisar	Texto montado dinamicamente pela interface	1	Propor aqui; desenvolvimento aplica no banco textual/código		hac.modules.accessibility.literal.l238c16.fad9edfd	txt.a1cd91f1e656	src/plugin/modules/accessibility.js	238	
399	Acessibilidade	Precisa de triagem técnica	<circle cx="		A revisar	Texto montado dinamicamente pela interface	2	Propor aqui; desenvolvimento aplica no banco textual/código		hac.modules.accessibility.literal.l240c16.a69f6c10	txt.d49c1da031a3	src/plugin/modules/accessibility.js	240	
400	Acessibilidade	Precisa de triagem técnica	<text x="		A revisar	Texto montado dinamicamente pela interface	1	Propor aqui; desenvolvimento aplica no banco textual/código		hac.modules.accessibility.literal.l269c18.32f2b0e1	txt.47393ae39971	src/plugin/modules/accessibility.js	269	
401	Acessibilidade	Precisa de triagem técnica	" text-anchor="middle" dominant-baseline="central"		A revisar	Texto montado dinamicamente pela interface	1	Propor aqui; desenvolvimento aplica no banco textual/código		hac.modules.accessibility.literal.l269c52.d752a0c5	txt.538d64f1dfbc	src/plugin/modules/accessibility.js	269	
402	Acessibilidade	Precisa de triagem técnica	font-family="inherit" font-weight="800" font-size="		A revisar	Texto montado dinamicamente pela interface	1	Propor aqui; desenvolvimento aplica no banco textual/código		hac.modules.accessibility.literal.l270c7.2bb218ef	txt.a36afe31ff45	src/plugin/modules/accessibility.js	270	
403	Acessibilidade	Precisa de triagem técnica	<svg width="		A revisar	Texto montado dinamicamente pela interface	1	Propor aqui; desenvolvimento aplica no banco textual/código		hac.modules.accessibility.literal.l273c10.2cdd910b	txt.4052a2af05c4	src/plugin/modules/accessibility.js	273	
404	Acessibilidade	Precisa de triagem técnica	xmlns="http://www.w3.org/2000/svg" aria-hidden="true" focusable="false">		A revisar	Texto montado dinamicamente pela interface	1	Propor aqui; desenvolvimento aplica no banco textual/código		hac.modules.accessibility.rendera11ycategorybadgesvg.l274c5.ce97055f	txt.9a9933c7148d	src/plugin/modules/accessibility.js	274	renderA11yCategoryBadgeSvg
405	Acessibilidade	Precisa de triagem técnica	<circle cx="		A revisar	Texto montado dinamicamente pela interface	2	Propor aqui; desenvolvimento aplica no banco textual/código		hac.modules.accessibility.literal.l303c10.4f58553d	txt.d49c1da031a3	src/plugin/modules/accessibility.js	303	
406	Acessibilidade	Precisa de triagem técnica	" fill="none" stroke="#FFFFFF" stroke-width="		A revisar	Texto montado dinamicamente pela interface	1	Propor aqui; desenvolvimento aplica no banco textual/código		hac.modules.accessibility.literal.l303c62.80ea999a	txt.eed65ecf2ef6	src/plugin/modules/accessibility.js	303	
407	Acessibilidade	Precisa de triagem técnica	<line x1="		A revisar	Texto montado dinamicamente pela interface	1	Propor aqui; desenvolvimento aplica no banco textual/código		hac.modules.accessibility.literal.l304c5.c7a35333	txt.014cd00be96b	src/plugin/modules/accessibility.js	304	
408	Acessibilidade	Precisa de triagem técnica	" stroke="#FFFFFF" stroke-width="		A revisar	Texto montado dinamicamente pela interface	1	Propor aqui; desenvolvimento aplica no banco textual/código		hac.modules.accessibility.a11ybaniconsvg.l304c109.13582d3e	txt.6427ea7aa748	src/plugin/modules/accessibility.js	304	_a11yBanIconSvg
409	Acessibilidade	Precisa de triagem técnica	" stroke-linecap="round"/>		A revisar	Texto montado dinamicamente pela interface	1	Propor aqui; desenvolvimento aplica no banco textual/código		hac.modules.accessibility.a11ybaniconsvg.l304c161.82b7f0af	txt.90de090c60d3	src/plugin/modules/accessibility.js	304	_a11yBanIconSvg
410	Acessibilidade	Precisa de triagem técnica	nome acesivel		A revisar	Texto montado dinamicamente pela interface	1	Propor aqui; desenvolvimento aplica no banco textual/código		hac.modules.accessibility.normalizea11ytogglename.l493c13.ff2b617c	txt.8b0c59502f0c	src/plugin/modules/accessibility.js	493	_normalizeA11yToggleName
411	Acessibilidade	Precisa de triagem técnica	nome acessivel		A revisar	Texto montado dinamicamente pela interface	1	Propor aqui; desenvolvimento aplica no banco textual/código		hac.modules.accessibility.normalizea11ytogglename.l493c38.15f24c29	txt.cea71381ebbb	src/plugin/modules/accessibility.js	493	_normalizeA11yToggleName
412	Acessibilidade	Precisa de triagem técnica	notas de codigo		A revisar	Texto montado dinamicamente pela interface	1	Propor aqui; desenvolvimento aplica no banco textual/código		hac.modules.accessibility.normalizea11ytogglename.l495c30.096d2ff7	txt.c80765bc0a78	src/plugin/modules/accessibility.js	495	_normalizeA11yToggleName
413	Acessibilidade	Precisa de triagem técnica	https://www.figma.com/design/${profile.fileKey}/${profile.fileName}?node-id=${encodeURIComponent(nodeId)}		A revisar	Texto montado dinamicamente pela interface	1	Propor aqui; desenvolvimento valida as partes dinâmicas antes de aplicar		hac.modules.accessibility.builda11ycomponentdeeplink.l757c10.1addf487	txt.7bd3ee44ab85	src/plugin/modules/accessibility.js	757	_buildA11yComponentDeepLink
414	Acessibilidade	Precisa de triagem técnica	Personalizado		A revisar	Texto montado dinamicamente pela interface	7	Propor aqui; desenvolvimento aplica no banco textual/código		hac.modules.accessibility.synca11ymobilelinkurllockstate.value.l827c37.006f7b6e	txt.134cd863bd84	src/plugin/modules/accessibility.js	827	_syncA11yMobileLinkUrlLockState > value
415	Acessibilidade	Precisa de triagem técnica	dark:bg-dark-bg		A revisar	Texto montado dinamicamente pela interface	2	Propor aqui; desenvolvimento aplica no banco textual/código		hac.modules.accessibility.synca11ymobilelinkurllockstate.toggle.l830c28.a3ebd805	txt.9502405a74ea	src/plugin/modules/accessibility.js	830	_syncA11yMobileLinkUrlLockState > toggle
416	Acessibilidade	Precisa de triagem técnica	Preparando a réplica de trabalho…		A revisar	Texto montado dinamicamente pela interface	2	Propor aqui; desenvolvimento aplica no banco textual/código		hac.modules.accessibility.opena11ycategorypickermodalafterinstruction.showa11ycanv.e89a071a	txt.ea159cba06ca	src/plugin/modules/accessibility.js	1111	_openA11yCategoryPickerModalAfterInstruction > showA11yCanvasLoading
417	Acessibilidade	Precisa de triagem técnica	a11y-manual-match-		A revisar	Texto montado dinamicamente pela interface	1	Propor aqui; desenvolvimento aplica no banco textual/código		hac.modules.accessibility.opena11ycategorypickermodalafterinstruction.matchtoken.l.f779d53d	txt.9ff739445100	src/plugin/modules/accessibility.js	1126	_openA11yCategoryPickerModalAfterInstruction > matchToken
418	Acessibilidade	Precisa de triagem técnica	a11y-lib-check-		A revisar	Texto montado dinamicamente pela interface	3	Propor aqui; desenvolvimento aplica no banco textual/código		hac.modules.accessibility.opena11ycategorypickermodalafterinstruction.token.l1133c.5f40a542	txt.f1c08e6a9d91	src/plugin/modules/accessibility.js	1133	_openA11yCategoryPickerModalAfterInstruction > token
419	Acessibilidade	Precisa de triagem técnica	a11y-category-btn-		A revisar	Texto montado dinamicamente pela interface	2	Propor aqui; desenvolvimento aplica no banco textual/código		hac.modules.accessibility.foreach.l1162c41.dc034b30	txt.e06be46b04d3	src/plugin/modules/accessibility.js	1162	forEach
420	Acessibilidade	Precisa de triagem técnica	dark:bg-blue-900/20		A revisar	Texto montado dinamicamente pela interface	2	Propor aqui; desenvolvimento aplica no banco textual/código		hac.modules.accessibility.applya11ymanualmatchtopicker.foreach.l1220c66.500d2df9	txt.df92e65cf391	src/plugin/modules/accessibility.js	1220	_applyA11yManualMatchToPicker > forEach
421	Acessibilidade	Precisa de triagem técnica	Sem categoria sugerida — escolha abaixo.		A revisar	Texto montado dinamicamente pela interface	1	Propor aqui; desenvolvimento aplica no banco textual/código		hac.modules.accessibility.literal.l1255c49.0a44fbc2	txt.36ea9d5c16be	src/plugin/modules/accessibility.js	1255	
422	Acessibilidade	Precisa de triagem técnica	a11y-category-btn-		A revisar	Texto montado dinamicamente pela interface	2	Propor aqui; desenvolvimento aplica no banco textual/código		hac.modules.accessibility.applya11ymanualmatchtopicker.getelementbyid.l1276c39.92c7c988	txt.e06be46b04d3	src/plugin/modules/accessibility.js	1276	_applyA11yManualMatchToPicker > getElementById
423	Acessibilidade	Precisa de triagem técnica	dark:bg-blue-900/20		A revisar	Texto montado dinamicamente pela interface	2	Propor aqui; desenvolvimento aplica no banco textual/código		hac.modules.accessibility.applya11ymanualmatchtopicker.add.l1279c64.2e057cf4	txt.df92e65cf391	src/plugin/modules/accessibility.js	1279	_applyA11yManualMatchToPicker > add
424	Acessibilidade	Precisa de triagem técnica	ml-auto shrink-0 text-[12px] font-bold uppercase tracking-wider text-white bg-blue-600 rounded-full px-1.5 py-0.5		A revisar	Texto montado dinamicamente pela interface	1	Propor aqui; desenvolvimento aplica no banco textual/código		hac.modules.accessibility.applya11ymanualmatchtopicker.classname.l1282c23.b01524cd	txt.b3a3726e35f8	src/plugin/modules/accessibility.js	1282	_applyA11yManualMatchToPicker > className
425	Acessibilidade	Precisa de triagem técnica	a11y-lib-check-		A revisar	Texto montado dinamicamente pela interface	3	Propor aqui; desenvolvimento aplica no banco textual/código		hac.modules.accessibility.retrya11ylibrarycheck.token.l1304c17.974683f9	txt.f1c08e6a9d91	src/plugin/modules/accessibility.js	1304	retryA11yLibraryCheck > token
426	Acessibilidade	Precisa de triagem técnica	Especificação de Acessibilidade		A revisar	Texto montado dinamicamente pela interface	2	Propor aqui; desenvolvimento aplica no banco textual/código		hac.modules.accessibility.opena11ymodal.l1468c80.b0ba39b6	txt.5e40d99cdc7d	src/plugin/modules/accessibility.js	1468	openA11yModal
427	Acessibilidade	Precisa de triagem técnica	marco de navegacao		A revisar	Texto montado dinamicamente pela interface	9	Propor aqui; desenvolvimento aplica no banco textual/código		hac.modules.accessibility.opena11ymodal.l1541c73.fa499784	txt.60329fb0364b	src/plugin/modules/accessibility.js	1541	openA11yModal
428	Acessibilidade	Precisa de triagem técnica	da pagina		A revisar	Texto montado dinamicamente pela interface	7	Propor aqui; desenvolvimento aplica no banco textual/código		hac.modules.accessibility.opena11ymodal.value.l1543c46.7d395e1c	txt.8dd5ae3334cc	src/plugin/modules/accessibility.js	1543	openA11yModal > value
429	Acessibilidade	Precisa de triagem técnica	${len}/${max}		A revisar	Texto montado dinamicamente pela interface	2	Propor aqui; desenvolvimento valida as partes dinâmicas antes de aplicar		hac.modules.accessibility.updatea11ycharcounter.l1605c31.3fb116b2	txt.7f71d2480a75	src/plugin/modules/accessibility.js	1605	updateA11yCharCounter
430	Acessibilidade	Precisa de triagem técnica	${len}/${max}		A revisar	Texto montado dinamicamente pela interface	2	Propor aqui; desenvolvimento valida as partes dinâmicas antes de aplicar		hac.modules.accessibility.updatea11ycharcounterel.l1618c33.618de2d2	txt.7f71d2480a75	src/plugin/modules/accessibility.js	1618	updateA11yCharCounterEl
431	Acessibilidade	Precisa de triagem técnica	Personalizado		A revisar	Texto montado dinamicamente pela interface	7	Propor aqui; desenvolvimento aplica no banco textual/código		hac.modules.accessibility.join.l1986c54.77cc90a4	txt.134cd863bd84	src/plugin/modules/accessibility.js	1986	join
432	Acessibilidade	Precisa de triagem técnica	Personalizado		A revisar	Texto montado dinamicamente pela interface	7	Propor aqui; desenvolvimento aplica no banco textual/código		hac.modules.accessibility.map.l1988c86.9b8e89f2	txt.134cd863bd84	src/plugin/modules/accessibility.js	1988	map
433	Acessibilidade	Precisa de triagem técnica	bg-gray-50 dark:bg-dark-bg border border-gray-200 dark:border-dark-line rounded-dsc-medium p-3 space-y-2		A revisar	Texto montado dinamicamente pela interface	1	Propor aqui; desenvolvimento aplica no banco textual/código		hac.modules.accessibility.rendera11yelementomobilefields.classname.l1993c25.6f1f4b08	txt.510b17283cf3	src/plugin/modules/accessibility.js	1993	_renderA11yElementoMobileFields > className
434	Acessibilidade	Precisa de triagem técnica	Nome Acessível		A revisar	Texto montado dinamicamente pela interface	11	Propor aqui; desenvolvimento aplica no banco textual/código		hac.modules.accessibility.a11ymobilecomponenthasnomeacessivel.a11ymobilecomponenth.04125127	txt.73731b9780ed	src/plugin/modules/accessibility.js	2129	_a11yMobileComponentHasNomeAcessivel > _a11yMobileComponentHasToggle
435	Acessibilidade	Precisa de triagem técnica	Nome Acessível		A revisar	Texto montado dinamicamente pela interface	11	Propor aqui; desenvolvimento aplica no banco textual/código		hac.modules.accessibility.a11ymobilecomponenthastoggle.l2175c30.bb63ca38	txt.73731b9780ed	src/plugin/modules/accessibility.js	2175	_a11yMobileComponentHasToggle
436	Acessibilidade	Precisa de triagem técnica	Nome Acessível		A revisar	Texto montado dinamicamente pela interface	11	Propor aqui; desenvolvimento aplica no banco textual/código		hac.modules.accessibility.a11ymobilecomponenthastoggle.l2183c25.a74573de	txt.73731b9780ed	src/plugin/modules/accessibility.js	2183	_a11yMobileComponentHasToggle
437	Acessibilidade	Precisa de triagem técnica	Observações		A revisar	Texto montado dinamicamente pela interface	13	Propor aqui; desenvolvimento aplica no banco textual/código		hac.modules.accessibility.updatea11ymobileobservacoesvisibility.a11ymobilecomponen.69248941	txt.c358a1fc1734	src/plugin/modules/accessibility.js	2327	_updateA11yMobileObservacoesVisibility > _a11yMobileComponentHasToggle
438	Acessibilidade	Precisa de triagem técnica	Personalizado		A revisar	Texto montado dinamicamente pela interface	7	Propor aqui; desenvolvimento aplica no banco textual/código		hac.modules.accessibility.foreach.l2637c53.19ec91e8	txt.134cd863bd84	src/plugin/modules/accessibility.js	2637	forEach
439	Acessibilidade	Precisa de triagem técnica	Escape		A revisar	Texto montado dinamicamente pela interface	4	Propor aqui; desenvolvimento aplica no banco textual/código		hac.modules.accessibility.onesc.key.l2684c42.5e8fc187	txt.cdecabe1520a	src/plugin/modules/accessibility.js	2684	onEsc > key
440	Acessibilidade	Precisa de triagem técnica	${area.number ? area.number + ' · ' : ''}${area.label || 'Tela'}		A revisar	Texto montado dinamicamente pela interface	1	Propor aqui; desenvolvimento valida as partes dinâmicas antes de aplicar		hac.modules.accessibility.rendera11yworkspaceheader.l2767c34.078a962f	txt.acfd078f4611	src/plugin/modules/accessibility.js	2767	_renderA11yWorkspaceHeader
441	Acessibilidade	Precisa de triagem técnica	Tela		A revisar	Texto montado dinamicamente pela interface	3	Propor aqui; desenvolvimento aplica no banco textual/código		hac.modules.accessibility.rendera11yworkspaceheader.l2767c103.cc6f3369	txt.92601ed7e85c	src/plugin/modules/accessibility.js	2767	_renderA11yWorkspaceHeader
442	Acessibilidade	Precisa de triagem técnica	Mostrar no canvas		A revisar	Texto montado dinamicamente pela interface	1	Propor aqui; desenvolvimento aplica no banco textual/código		hac.modules.accessibility.rendera11yworkspaceheader.l2799c51.81e8131b	txt.09eb4e480802	src/plugin/modules/accessibility.js	2799	_renderA11yWorkspaceHeader
443	Acessibilidade	Precisa de triagem técnica	Ocultar/Mostrar no canvas		A revisar	Texto montado dinamicamente pela interface	2	Propor aqui; desenvolvimento aplica no banco textual/código		hac.modules.accessibility.rendera11yworkspaceheader.l2799c74.10411396	txt.deb0ae418ba9	src/plugin/modules/accessibility.js	2799	_renderA11yWorkspaceHeader
444	Acessibilidade	Precisa de triagem técnica	Escape		A revisar	Texto montado dinamicamente pela interface	4	Propor aqui; desenvolvimento aplica no banco textual/código		hac.modules.accessibility.onesc.key.l2823c42.28b92ea1	txt.cdecabe1520a	src/plugin/modules/accessibility.js	2823	onEsc > key
445	Acessibilidade	Precisa de triagem técnica	dark:text-blue-400		A revisar	Texto montado dinamicamente pela interface	2	Propor aqui; desenvolvimento aplica no banco textual/código		hac.modules.accessibility.applya11yworkspacetabstyles.foreach.l2866c26.7d70a0d9	txt.dd9ba5600702	src/plugin/modules/accessibility.js	2866	_applyA11yWorkspaceTabStyles > forEach
446	Acessibilidade	Precisa de triagem técnica	dark:text-dark-muted		A revisar	Texto montado dinamicamente pela interface	3	Propor aqui; desenvolvimento aplica no banco textual/código		hac.modules.accessibility.applya11yworkspacetabstyles.foreach.l2869c26.70b3a84e	txt.1a422188de26	src/plugin/modules/accessibility.js	2869	_applyA11yWorkspaceTabStyles > forEach
447	Acessibilidade	Precisa de triagem técnica	bg-gray-50 dark:bg-dark-bg border border-gray-200 dark:border-dark-line rounded-dsc-medium overflow-hidden		A revisar	Texto montado dinamicamente pela interface	1	Propor aqui; desenvolvimento aplica no banco textual/código		hac.modules.accessibility.rendera11ytogglerows.foreach.l3070c21.f4b0a82a	txt.cb712f6c75e8	src/plugin/modules/accessibility.js	3070	_renderA11yToggleRows > forEach
448	Acessibilidade	Precisa de triagem técnica	marco de navegacao		A revisar	Texto montado dinamicamente pela interface	9	Propor aqui; desenvolvimento aplica no banco textual/código		hac.modules.accessibility.updatea11yestruturafields.toggle.l3188c63.1a7d98ee	txt.60329fb0364b	src/plugin/modules/accessibility.js	3188	updateA11yEstruturaFields > toggle
449	Acessibilidade	Precisa de triagem técnica	da pagina		A revisar	Texto montado dinamicamente pela interface	7	Propor aqui; desenvolvimento aplica no banco textual/código		hac.modules.accessibility.updatea11yestruturafields.l3194c62.81d9de62	txt.8dd5ae3334cc	src/plugin/modules/accessibility.js	3194	updateA11yEstruturaFields
450	Acessibilidade	Precisa de triagem técnica	marco de navegacao		A revisar	Texto montado dinamicamente pela interface	9	Propor aqui; desenvolvimento aplica no banco textual/código		hac.modules.accessibility.updatea11yestruturafields.l3195c22.ea589126	txt.60329fb0364b	src/plugin/modules/accessibility.js	3195	updateA11yEstruturaFields
451	Acessibilidade	Precisa de triagem técnica	titulo da pagina		A revisar	Texto montado dinamicamente pela interface	3	Propor aqui; desenvolvimento aplica no banco textual/código		hac.modules.accessibility.updatea11yestruturafields.l3210c22.94cf5f7e	txt.661a49c01068	src/plugin/modules/accessibility.js	3210	updateA11yEstruturaFields
452	Acessibilidade	Precisa de triagem técnica	dark:bg-dark-bg		A revisar	Texto montado dinamicamente pela interface	2	Propor aqui; desenvolvimento aplica no banco textual/código		hac.modules.accessibility.updatea11yestruturafields.toggle.l3221c32.75b39a40	txt.9502405a74ea	src/plugin/modules/accessibility.js	3221	updateA11yEstruturaFields > toggle
453	Acessibilidade	Precisa de triagem técnica	EE idiomas		A revisar	Texto montado dinamicamente pela interface	1	Propor aqui; desenvolvimento aplica no banco textual/código		hac.modules.accessibility.updatea11yestruturafields.l3242c58.062f5464	txt.264ad3e78ce4	src/plugin/modules/accessibility.js	3242	updateA11yEstruturaFields
454	Acessibilidade	Precisa de triagem técnica	marco de navegacao		A revisar	Texto montado dinamicamente pela interface	9	Propor aqui; desenvolvimento aplica no banco textual/código		hac.modules.accessibility.updatea11yestruturafields.l3243c24.de24953a	txt.60329fb0364b	src/plugin/modules/accessibility.js	3243	updateA11yEstruturaFields
455	Acessibilidade	Precisa de triagem técnica	EE marco de navegacao		A revisar	Texto montado dinamicamente pela interface	1	Propor aqui; desenvolvimento aplica no banco textual/código		hac.modules.accessibility.literal.l3243c74.e6f3aaaa	txt.1d388896db08	src/plugin/modules/accessibility.js	3243	
456	Acessibilidade	Precisa de triagem técnica	niveis de titulo		A revisar	Texto montado dinamicamente pela interface	1	Propor aqui; desenvolvimento aplica no banco textual/código		hac.modules.accessibility.updatea11ytitulofields.rendera11yfixedtoggles.l3319c85.9ed70f08	txt.2b74d642b86f	src/plugin/modules/accessibility.js	3319	updateA11yTituloFields > _renderA11yFixedToggles
457	Acessibilidade	Precisa de triagem técnica	ED imagem		A revisar	Texto montado dinamicamente pela interface	1	Propor aqui; desenvolvimento aplica no banco textual/código		hac.modules.accessibility.updatea11ydecorativofields.rendera11yfixedtoggles.l3377c.d4020e5e	txt.49b714fa337e	src/plugin/modules/accessibility.js	3377	updateA11yDecorativoFields > _renderA11yFixedToggles
458	Acessibilidade	Precisa de triagem técnica	ED gerais		A revisar	Texto montado dinamicamente pela interface	1	Propor aqui; desenvolvimento aplica no banco textual/código		hac.modules.accessibility.updatea11ydecorativofields.rendera11yfixedtoggles.l3377c.fcb0e19a	txt.b646cf414443	src/plugin/modules/accessibility.js	3377	updateA11yDecorativoFields > _renderA11yFixedToggles
459	Acessibilidade	Precisa de triagem técnica	Elemento Decorativo (mobile, sem subtipo)		A revisar	Texto montado dinamicamente pela interface	2	Propor aqui; desenvolvimento aplica no banco textual/código		hac.modules.accessibility.applya11ydecorativooriginlock.l3401c43.82b30b7f	txt.ea445cb02593	src/plugin/modules/accessibility.js	3401	_applyA11yDecorativoOriginLock
460	Acessibilidade	Precisa de triagem técnica	Elemento Decorativo (sem subtipo)		A revisar	Texto montado dinamicamente pela interface	1	Propor aqui; desenvolvimento aplica no banco textual/código		hac.modules.accessibility.applya11ydecorativooriginlock.l3401c89.c8c17c64	txt.3b48f1480d32	src/plugin/modules/accessibility.js	3401	_applyA11yDecorativoOriginLock
461	Acessibilidade	Precisa de triagem técnica	Componente		A revisar	Texto montado dinamicamente pela interface	11	Propor aqui; desenvolvimento aplica no banco textual/código		hac.modules.accessibility.cleandsccontainingframename.l3492c36.6fe3251f	txt.b997b3fca96a	src/plugin/modules/accessibility.js	3492	_cleanDscContainingFrameName
462	Acessibilidade	Precisa de triagem técnica	marco de navegacao		A revisar	Texto montado dinamicamente pela interface	9	Propor aqui; desenvolvimento aplica no banco textual/código		hac.modules.accessibility.literal.l3685c26.54e9545c	txt.60329fb0364b	src/plugin/modules/accessibility.js	3685	
463	Acessibilidade	Precisa de triagem técnica	da pagina		A revisar	Texto montado dinamicamente pela interface	7	Propor aqui; desenvolvimento aplica no banco textual/código		hac.modules.accessibility.literal.l3686c79.7397a57b	txt.8dd5ae3334cc	src/plugin/modules/accessibility.js	3686	
464	Acessibilidade	Precisa de triagem técnica	Salvando especificação…		A revisar	Texto montado dinamicamente pela interface	2	Propor aqui; desenvolvimento aplica no banco textual/código		hac.modules.accessibility.finisha11yspecconfirm.showa11ycanvasloading.l3965c76.08b5e4bd	txt.053dc9a4a52e	src/plugin/modules/accessibility.js	3965	_finishA11ySpecConfirm > showA11yCanvasLoading
465	Acessibilidade	Precisa de triagem técnica	rotate(180deg)		A revisar	Texto montado dinamicamente pela interface	9	Propor aqui; desenvolvimento aplica no banco textual/código		hac.modules.accessibility.togglea11yareaaccordion.l4105c53.75449b45	txt.14214c0e9311	src/plugin/modules/accessibility.js	4105	toggleA11yAreaAccordion
466	Acessibilidade	Precisa de triagem técnica	rotate(0deg)		A revisar	Texto montado dinamicamente pela interface	12	Propor aqui; desenvolvimento aplica no banco textual/código		hac.modules.accessibility.togglea11yareaaccordion.l4105c72.16488673	txt.595c37b5a24b	src/plugin/modules/accessibility.js	4105	toggleA11yAreaAccordion
467	Acessibilidade	Precisa de triagem técnica	tab-order-body-		A revisar	Texto montado dinamicamente pela interface	2	Propor aqui; desenvolvimento aplica no banco textual/código		hac.modules.accessibility.foreach.l4137c46.0b7aedf0	txt.86854534aa16	src/plugin/modules/accessibility.js	4137	forEach
468	Acessibilidade	Precisa de triagem técnica	tab-order-chevron-		A revisar	Texto montado dinamicamente pela interface	1	Propor aqui; desenvolvimento aplica no banco textual/código		hac.modules.accessibility.foreach.l4137c67.5e335b43	txt.72777b59d6cf	src/plugin/modules/accessibility.js	4137	forEach
469	Acessibilidade	Precisa de triagem técnica	undoc-body-		A revisar	Texto montado dinamicamente pela interface	2	Propor aqui; desenvolvimento aplica no banco textual/código		hac.modules.accessibility.foreach.l4138c28.4e9ac498	txt.bde578267f0f	src/plugin/modules/accessibility.js	4138	forEach
470	Acessibilidade	Precisa de triagem técnica	undoc-chevron-		A revisar	Texto montado dinamicamente pela interface	1	Propor aqui; desenvolvimento aplica no banco textual/código		hac.modules.accessibility.foreach.l4138c45.c0b82045	txt.ff3aed41887d	src/plugin/modules/accessibility.js	4138	forEach
471	Acessibilidade	Precisa de triagem técnica	rotate(180deg)		A revisar	Texto montado dinamicamente pela interface	9	Propor aqui; desenvolvimento aplica no banco textual/código		hac.modules.accessibility.foreach.l4141c53.49576378	txt.14214c0e9311	src/plugin/modules/accessibility.js	4141	forEach
472	Acessibilidade	Precisa de triagem técnica	rotate(0deg)		A revisar	Texto montado dinamicamente pela interface	12	Propor aqui; desenvolvimento aplica no banco textual/código		hac.modules.accessibility.foreach.l4141c72.6eefbdae	txt.595c37b5a24b	src/plugin/modules/accessibility.js	4141	forEach
473	Acessibilidade	Precisa de triagem técnica	tab-order-body-		A revisar	Texto montado dinamicamente pela interface	2	Propor aqui; desenvolvimento aplica no banco textual/código		hac.modules.accessibility.a11ysetallsubaccordions.foreach.l4142c28.055c3ab3	txt.86854534aa16	src/plugin/modules/accessibility.js	4142	_a11ySetAllSubaccordions > forEach
474	Acessibilidade	Precisa de triagem técnica	undoc-body-		A revisar	Texto montado dinamicamente pela interface	2	Propor aqui; desenvolvimento aplica no banco textual/código		hac.modules.accessibility.a11ysetallsubaccordions.foreach.l4145c35.14321fe5	txt.bde578267f0f	src/plugin/modules/accessibility.js	4145	_a11ySetAllSubaccordions > forEach
475	Acessibilidade	Precisa de triagem técnica	rotate(180deg)		A revisar	Texto montado dinamicamente pela interface	9	Propor aqui; desenvolvimento aplica no banco textual/código		hac.modules.accessibility.togglea11ycategoryaccordion.l4169c53.38d4146f	txt.14214c0e9311	src/plugin/modules/accessibility.js	4169	toggleA11yCategoryAccordion
476	Acessibilidade	Precisa de triagem técnica	rotate(0deg)		A revisar	Texto montado dinamicamente pela interface	12	Propor aqui; desenvolvimento aplica no banco textual/código		hac.modules.accessibility.togglea11ycategoryaccordion.l4169c72.eb1a6f17	txt.595c37b5a24b	src/plugin/modules/accessibility.js	4169	toggleA11yCategoryAccordion
477	Acessibilidade	Precisa de triagem técnica	rotate(180deg)		A revisar	Texto montado dinamicamente pela interface	9	Propor aqui; desenvolvimento aplica no banco textual/código		hac.modules.accessibility.togglea11yundocumentedaccordion.l4213c53.b434e91f	txt.14214c0e9311	src/plugin/modules/accessibility.js	4213	toggleA11yUndocumentedAccordion
478	Acessibilidade	Precisa de triagem técnica	rotate(0deg)		A revisar	Texto montado dinamicamente pela interface	12	Propor aqui; desenvolvimento aplica no banco textual/código		hac.modules.accessibility.togglea11yundocumentedaccordion.l4213c72.a25c6e2d	txt.595c37b5a24b	src/plugin/modules/accessibility.js	4213	toggleA11yUndocumentedAccordion
479	Acessibilidade	Precisa de triagem técnica	Possível título sem token DSC		A revisar	Texto montado dinamicamente pela interface	1	Propor aqui; desenvolvimento aplica no banco textual/código		hac.modules.accessibility.a11yundocumenteditemlabel.l4221c38.5447d7de	txt.37bde3a55457	src/plugin/modules/accessibility.js	4221	_a11yUndocumentedItemLabel
480	Acessibilidade	Precisa de triagem técnica	Outro (${_cleanDscContainingFrameName(match.containingFrame)})		A revisar	Texto montado dinamicamente pela interface	1	Propor aqui; desenvolvimento valida as partes dinâmicas antes de aplicar		hac.modules.accessibility.a11yundocumenteditemlabel.l4223c41.71cc2a05	txt.4235de1907e0	src/plugin/modules/accessibility.js	4223	_a11yUndocumentedItemLabel
481	Acessibilidade	Precisa de triagem técnica	Nível de Título (${(match.suggestedLevel || 'h1').toUpperCase()})		A revisar	Texto montado dinamicamente pela interface	1	Propor aqui; desenvolvimento valida as partes dinâmicas antes de aplicar		hac.modules.accessibility.a11yundocumenteditemlabel.l4225c38.080ea2ca	txt.c48a70ff6603	src/plugin/modules/accessibility.js	4225	_a11yUndocumentedItemLabel
482	Acessibilidade	Precisa de triagem técnica	Elemento Decorativo		A revisar	Texto montado dinamicamente pela interface	3	Propor aqui; desenvolvimento aplica no banco textual/código		hac.modules.accessibility.a11yundocumenteditemlabel.l4226c42.bbb89650	txt.51c2f95692b8	src/plugin/modules/accessibility.js	4226	_a11yUndocumentedItemLabel
483	Acessibilidade	Precisa de triagem técnica	Estrutura da Página (${_cleanDscContainingFrameName(match.containingFrame)})		A revisar	Texto montado dinamicamente pela interface	1	Propor aqui; desenvolvimento valida as partes dinâmicas antes de aplicar		hac.modules.accessibility.a11yundocumenteditemlabel.l4227c41.5d5de7b6	txt.6b4d9f8c8c2e	src/plugin/modules/accessibility.js	4227	_a11yUndocumentedItemLabel
484	Acessibilidade	Precisa de triagem técnica	Elemento		A revisar	Texto montado dinamicamente pela interface	1	Propor aqui; desenvolvimento aplica no banco textual/código		hac.modules.accessibility.a11yundocumenteditemhtml.name.l4234c47.ff3c7506	txt.1e1c38bb8a8a	src/plugin/modules/accessibility.js	4234	_a11yUndocumentedItemHtml > name
485	Acessibilidade	Precisa de triagem técnica	rotate(180deg)		A revisar	Texto montado dinamicamente pela interface	9	Propor aqui; desenvolvimento aplica no banco textual/código		hac.modules.accessibility.a11yundocumentedaccordionel.chevronstyle.l4284c33.50f46dcc	txt.14214c0e9311	src/plugin/modules/accessibility.js	4284	_a11yUndocumentedAccordionEl > chevronStyle
486	Acessibilidade	Precisa de triagem técnica	rotate(0deg)		A revisar	Texto montado dinamicamente pela interface	12	Propor aqui; desenvolvimento aplica no banco textual/código		hac.modules.accessibility.a11yundocumentedaccordionel.chevronstyle.l4284c52.32b2fad1	txt.595c37b5a24b	src/plugin/modules/accessibility.js	4284	_a11yUndocumentedAccordionEl > chevronStyle
487	Acessibilidade	Precisa de triagem técnica	workspace-${area.id}		A revisar	Texto montado dinamicamente pela interface	2	Propor aqui; desenvolvimento valida as partes dinâmicas antes de aplicar		hac.modules.accessibility.a11yworkspacetabtabulacao.uid.l4319c15.c4f00322	txt.3e776e04f5a2	src/plugin/modules/accessibility.js	4319	_a11yWorkspaceTabTabulacao > uid
488	Acessibilidade	Precisa de triagem técnica	tab-order-list-${uid}		A revisar	Texto montado dinamicamente pela interface	2	Propor aqui; desenvolvimento valida as partes dinâmicas antes de aplicar		hac.modules.accessibility.a11yworkspacetabtabulacao.ulid.l4320c16.447e60d2	txt.9a81cd4a26ac	src/plugin/modules/accessibility.js	4320	_a11yWorkspaceTabTabulacao > ulId
489	Acessibilidade	Precisa de triagem técnica	workspace-${area.id}		A revisar	Texto montado dinamicamente pela interface	2	Propor aqui; desenvolvimento valida as partes dinâmicas antes de aplicar		hac.modules.accessibility.a11yworkspacetableitordetela.uid.l4643c15.bd90deb0	txt.3e776e04f5a2	src/plugin/modules/accessibility.js	4643	_a11yWorkspaceTabLeitorDeTela > uid
490	Acessibilidade	Precisa de triagem técnica	${uid}-cat-${catKey}		A revisar	Texto montado dinamicamente pela interface	1	Propor aqui; desenvolvimento valida as partes dinâmicas antes de aplicar		hac.modules.accessibility.join.l4657c22.41487581	txt.5de6cbb2d080	src/plugin/modules/accessibility.js	4657	join
491	Acessibilidade	Precisa de triagem técnica	position:absolute;top:${r.bottom + window.scrollY + 4}px;left:${left + window.scrollX}px;width:192px;z-index:9999;		A revisar	Texto montado dinamicamente pela interface	1	Propor aqui; desenvolvimento valida as partes dinâmicas antes de aplicar		hac.modules.accessibility.togglea11ycardmenu.csstext.l4921c26.eaaf59c1	txt.1f1f4c5ea98a	src/plugin/modules/accessibility.js	4921	toggleA11yCardMenu > cssText
492	Acessibilidade	Precisa de triagem técnica	Escape		A revisar	Texto montado dinamicamente pela interface	4	Propor aqui; desenvolvimento aplica no banco textual/código		hac.modules.accessibility.onesc.key.l4925c42.6ccbed4a	txt.cdecabe1520a	src/plugin/modules/accessibility.js	4925	onEsc > key
493	Acessibilidade	Precisa de triagem técnica	a11y-area-${area.id}		A revisar	Texto montado dinamicamente pela interface	1	Propor aqui; desenvolvimento valida as partes dinâmicas antes de aplicar		hac.modules.accessibility.a11yareaaccordionel.uid.l4999c15.fe197c6d	txt.ecd7530d2ebb	src/plugin/modules/accessibility.js	4999	_a11yAreaAccordionEl > uid
494	Acessibilidade	Precisa de triagem técnica	list-none bg-white dark:bg-dark-surface rounded-dsc-large border border-gray-100 dark:border-dark-line shadow-dsc-elevation-1 overflow-hidden		A revisar	Texto montado dinamicamente pela interface	1	Propor aqui; desenvolvimento aplica no banco textual/código		hac.modules.accessibility.a11yareaaccordionel.classname.l5046c18.76118f64	txt.5e91ed6a432f	src/plugin/modules/accessibility.js	5046	_a11yAreaAccordionEl > className
495	Acessibilidade	Precisa de triagem técnica	list-none bg-white dark:bg-dark-surface rounded-dsc-medium border border-amber-200 dark:border-amber-800/40 overflow-hidden		A revisar	Texto montado dinamicamente pela interface	1	Propor aqui; desenvolvimento aplica no banco textual/código		hac.modules.accessibility.a11ysemareaaccordionel.classname.l5111c18.1302153b	txt.7b7dfdd8cfa2	src/plugin/modules/accessibility.js	5111	_a11ySemAreaAccordionEl > className
496	Acessibilidade	Precisa de triagem técnica	__sem_area__		A revisar	Texto montado dinamicamente pela interface	7	Propor aqui; desenvolvimento aplica no banco textual/código		hac.modules.accessibility.a11ysemareaaccordionel.setattribute.l5112c37.8823cecb	txt.01a2d1b3df12	src/plugin/modules/accessibility.js	5112	_a11ySemAreaAccordionEl > setAttribute
497	Acessibilidade	Precisa de triagem técnica	sem area		A revisar	Texto montado dinamicamente pela interface	1	Propor aqui; desenvolvimento aplica no banco textual/código		hac.modules.accessibility.a11ysemareaaccordionel.setattribute.l5113c44.250416f5	txt.797e9f5516f2	src/plugin/modules/accessibility.js	5113	_a11ySemAreaAccordionEl > setAttribute
498	Acessibilidade	Precisa de triagem técnica	${specs.length} especificaç${specs.length === 1 ? 'ão' : 'ões'}		A revisar	Texto montado dinamicamente pela interface	1	Propor aqui; desenvolvimento valida as partes dinâmicas antes de aplicar		hac.modules.accessibility.a11ysemareaaccordionel.parts.l5114c18.a1a965c1	txt.4211f56faea3	src/plugin/modules/accessibility.js	5114	_a11ySemAreaAccordionEl > parts
499	Acessibilidade	Precisa de triagem técnica	${tabItemsCount} ${tabItemsCount === 1 ? 'item' : 'itens'} de ordem de tabulação		A revisar	Texto montado dinamicamente pela interface	1	Propor aqui; desenvolvimento valida as partes dinâmicas antes de aplicar		hac.modules.accessibility.a11ysemareaaccordionel.push.l5115c37.8779e644	txt.d62a93c183fd	src/plugin/modules/accessibility.js	5115	_a11ySemAreaAccordionEl > push
500	Acessibilidade	Precisa de triagem técnica	__sem_area__		A revisar	Texto montado dinamicamente pela interface	7	Propor aqui; desenvolvimento aplica no banco textual/código		hac.modules.accessibility.rendera11ygroupedlist.currenttaborderitems.l5316c49.cf43ce3d	txt.01a2d1b3df12	src/plugin/modules/accessibility.js	5316	renderA11yGroupedList > _currentTabOrderItems
501	Acessibilidade	Precisa de triagem técnica	__sem_area__		A revisar	Texto montado dinamicamente pela interface	7	Propor aqui; desenvolvimento aplica no banco textual/código		hac.modules.accessibility.rendera11ygroupedlist.rendertaborderlistforarea.l5321c34.d911f0aa	txt.01a2d1b3df12	src/plugin/modules/accessibility.js	5321	renderA11yGroupedList > _renderTabOrderListForArea
502	Acessibilidade	Precisa de triagem técnica	Criamos a página do handoff e levamos você até ela. Agora copie e cole aqui as telas que serão documentadas.		A revisar	Texto montado dinamicamente pela interface	1	Propor aqui; desenvolvimento aplica no banco textual/código		hac.modules.accessibility.openhacpageinstructionmodal.l5558c9.922ec2ee	txt.9869a5a920e9	src/plugin/modules/accessibility.js	5558	_openHacPageInstructionModal
503	Acessibilidade	Precisa de triagem técnica	Esta é a página do handoff. Copie e cole aqui as telas que serão documentadas.		A revisar	Texto montado dinamicamente pela interface	1	Propor aqui; desenvolvimento aplica no banco textual/código		hac.modules.accessibility.openhacpageinstructionmodal.l5559c9.fbd1148c	txt.30431f040310	src/plugin/modules/accessibility.js	5559	_openHacPageInstructionModal
504	Acessibilidade	Precisa de triagem técnica	${s.timestamp} · ${s.designerName}		A revisar	Texto montado dinamicamente pela interface	1	Propor aqui; desenvolvimento valida as partes dinâmicas antes de aplicar		hac.modules.accessibility.join.l5638c9.c2e7ac3e	txt.ace9feacd883	src/plugin/modules/accessibility.js	5638	join
505	Acessibilidade	Precisa de triagem técnica	Handoff sem data/autor identificáveis		A revisar	Texto montado dinamicamente pela interface	1	Propor aqui; desenvolvimento aplica no banco textual/código		hac.modules.accessibility.join.l5639c9.b89c4043	txt.8a9b27ae5c9a	src/plugin/modules/accessibility.js	5639	join
506	Acessibilidade	Precisa de triagem técnica	Acessibilidade · Mobile		A revisar	Texto montado dinamicamente pela interface	1	Propor aqui; desenvolvimento aplica no banco textual/código		hac.modules.accessibility.applya11yheaderorigintitle.l5793c47.5e67f262	txt.1404b10413db	src/plugin/modules/accessibility.js	5793	_applyA11yHeaderOriginTitle
507	Acessibilidade	Precisa de triagem técnica	Acessibilidade · Web		A revisar	Texto montado dinamicamente pela interface	1	Propor aqui; desenvolvimento aplica no banco textual/código		hac.modules.accessibility.applya11yheaderorigintitle.l5794c26.819e20c7	txt.71570950c046	src/plugin/modules/accessibility.js	5794	_applyA11yHeaderOriginTitle
508	Acessibilidade	Precisa de triagem técnica	Acessibilidade		A revisar	Texto montado dinamicamente pela interface	5	Propor aqui; desenvolvimento aplica no banco textual/código		hac.modules.accessibility.applya11yheaderorigintitle.l5795c7.7e1c0927	txt.2319af1437e6	src/plugin/modules/accessibility.js	5795	_applyA11yHeaderOriginTitle
509	Acessibilidade	Precisa de triagem técnica	Confirmar		A revisar	Texto montado dinamicamente pela interface	2	Propor aqui; desenvolvimento aplica no banco textual/código		hac.modules.accessibility.opena11yconfirmmodal.confirmlabel.l5959c62.0ab87c52	txt.4f0e5eb69067	src/plugin/modules/accessibility.js	5959	openA11yConfirmModal > confirmLabel
510	Acessibilidade	Precisa de triagem técnica	Cancelar		A revisar	Texto montado dinamicamente pela interface	15	Propor aqui; desenvolvimento aplica no banco textual/código		hac.modules.accessibility.opena11yconfirmmodal.cancellabel.l5960c59.32f77b8e	txt.62b1466cf22e	src/plugin/modules/accessibility.js	5960	openA11yConfirmModal > cancelLabel
511	Acessibilidade	Precisa de triagem técnica	Mobile		A revisar	Texto montado dinamicamente pela interface	5	Propor aqui; desenvolvimento aplica no banco textual/código		hac.modules.accessibility.openabouthacmodal.l5997c55.639dcaec	txt.83d6311e87d4	src/plugin/modules/accessibility.js	5997	openAboutHacModal
512	Acessibilidade	Precisa de triagem técnica	Web		A revisar	Texto montado dinamicamente pela interface	8	Propor aqui; desenvolvimento aplica no banco textual/código		hac.modules.accessibility.openabouthacmodal.l5997c85.933cd5c0	txt.ca84d1343b96	src/plugin/modules/accessibility.js	5997	openAboutHacModal
513	Acessibilidade	Precisa de triagem técnica	Não definida		A revisar	Texto montado dinamicamente pela interface	1	Propor aqui; desenvolvimento aplica no banco textual/código		hac.modules.accessibility.openabouthacmodal.l5997c93.f5b0ec54	txt.856c51d1dd95	src/plugin/modules/accessibility.js	5997	openAboutHacModal
514	Acessibilidade	Precisa de triagem técnica	outro designer		A revisar	Texto montado dinamicamente pela interface	1	Propor aqui; desenvolvimento aplica no banco textual/código		hac.modules.accessibility.extractdesignername.extractdesignername.l6020c57.f30e7a31	txt.15cb09b2fe19	src/plugin/modules/accessibility.js	6020	extractDesignerName > extractDesignerName
515	Acessibilidade	Precisa de triagem técnica	Handoff iniciado em ${timestamp} por ${designerName}		A revisar	Texto montado dinamicamente pela interface	1	Propor aqui; desenvolvimento valida as partes dinâmicas antes de aplicar		hac.modules.accessibility.rendera11ypriorsessionalert.whenby.l6078c7.1cc5771d	txt.28bf1db373aa	src/plugin/modules/accessibility.js	6078	renderA11yPriorSessionAlert > whenBy
516	Acessibilidade	Precisa de triagem técnica	Handoff já iniciado neste arquivo		A revisar	Texto montado dinamicamente pela interface	1	Propor aqui; desenvolvimento aplica no banco textual/código		hac.modules.accessibility.rendera11ypriorsessionalert.whenby.l6079c7.6140fbc5	txt.e9e65e7a6937	src/plugin/modules/accessibility.js	6079	renderA11yPriorSessionAlert > whenBy
517	Acessibilidade	Precisa de triagem técnica	Processando…		A revisar	Texto montado dinamicamente pela interface	1	Propor aqui; desenvolvimento aplica no banco textual/código		hac.modules.accessibility.showa11ycanvasloading.l6202c54.19492880	txt.9137e1973acc	src/plugin/modules/accessibility.js	6202	showA11yCanvasLoading
518	Acessibilidade	Precisa de triagem técnica	Salvando especificação…		A revisar	Texto montado dinamicamente pela interface	2	Propor aqui; desenvolvimento aplica no banco textual/código		hac.modules.accessibility.showa11ywizardsavingindicator.showa11ycanvasloading.l622.28f868dc	txt.053dc9a4a52e	src/plugin/modules/accessibility.js	6222	showA11yWizardSavingIndicator > showA11yCanvasLoading
519	Acessibilidade	Precisa de triagem técnica	a11y-lib-check-		A revisar	Texto montado dinamicamente pela interface	3	Propor aqui; desenvolvimento aplica no banco textual/código		hac.modules.accessibility.opena11yformfromundocumented.token.l6410c17.f6aaf565	txt.f1c08e6a9d91	src/plugin/modules/accessibility.js	6410	openA11yFormFromUndocumented > token
520	Acessibilidade	Precisa de triagem técnica	rotate(0deg)		A revisar	Texto montado dinamicamente pela interface	12	Propor aqui; desenvolvimento aplica no banco textual/código		hac.modules.accessibility.opena11ybatchsummarymodal.transform.l6708c56.2d4c0f67	txt.595c37b5a24b	src/plugin/modules/accessibility.js	6708	openA11yBatchSummaryModal > transform
521	Acessibilidade	Precisa de triagem técnica	rotate(0deg)		A revisar	Texto montado dinamicamente pela interface	12	Propor aqui; desenvolvimento aplica no banco textual/código		hac.modules.accessibility.opena11ybatchsummarymodal.transform.l6793c68.a475fc16	txt.595c37b5a24b	src/plugin/modules/accessibility.js	6793	openA11yBatchSummaryModal > transform
522	Acessibilidade	Precisa de triagem técnica	Preparando a réplica de trabalho…		A revisar	Texto montado dinamicamente pela interface	2	Propor aqui; desenvolvimento aplica no banco textual/código		hac.modules.accessibility.starta11ybatchwizard.showa11ycanvasloading.l7007c76.7e770fff	txt.ea159cba06ca	src/plugin/modules/accessibility.js	7007	startA11yBatchWizard > showA11yCanvasLoading
523	Acessibilidade	Precisa de triagem técnica	dark:text-emerald-400		A revisar	Texto montado dinamicamente pela interface	1	Propor aqui; desenvolvimento aplica no banco textual/código		hac.modules.accessibility.applya11ywizardmodalui.toggle.l7140c31.521f52c3	txt.1c6416158d9b	src/plugin/modules/accessibility.js	7140	_applyA11yWizardModalUi > toggle
524	Acessibilidade	Precisa de triagem técnica	Documentado		A revisar	Texto montado dinamicamente pela interface	1	Propor aqui; desenvolvimento aplica no banco textual/código		hac.modules.accessibility.applya11ywizardmodalui.l7148c44.000773f9	txt.bf0fc6d30261	src/plugin/modules/accessibility.js	7148	_applyA11yWizardModalUi
525	Acessibilidade	Precisa de triagem técnica	Aplicar		A revisar	Texto montado dinamicamente pela interface	3	Propor aqui; desenvolvimento aplica no banco textual/código		hac.modules.accessibility.applya11ywizardmodalui.l7148c60.4b7c44ff	txt.1ce04f516b65	src/plugin/modules/accessibility.js	7148	_applyA11yWizardModalUi
526	Acessibilidade	Precisa de triagem técnica	Continuar revisão		A revisar	Texto montado dinamicamente pela interface	1	Propor aqui; desenvolvimento aplica no banco textual/código		hac.modules.accessibility.stopa11ybatchwizard.showsnackbar.l7291c20.d7c165db	txt.b07b75d832eb	src/plugin/modules/accessibility.js	7291	stopA11yBatchWizard > showSnackbar
527	Acessibilidade	Precisa de triagem técnica	Personalizado		A revisar	Texto montado dinamicamente pela interface	7	Propor aqui; desenvolvimento aplica no banco textual/código		hac.modules.accessibility.restorea11ywebcomponenteselection.value.l7510c20.a37bc6e0	txt.134cd863bd84	src/plugin/modules/accessibility.js	7510	_restoreA11yWebComponenteSelection > value
528	Acessibilidade	Precisa de triagem técnica	marco de navegacao		A revisar	Texto montado dinamicamente pela interface	9	Propor aqui; desenvolvimento aplica no banco textual/código		hac.modules.accessibility.prefilla11yspecforedit.variacao.l7598c26.8a289811	txt.60329fb0364b	src/plugin/modules/accessibility.js	7598	_prefillA11ySpecForEdit > variacao
529	Acessibilidade	Precisa de triagem técnica	da pagina		A revisar	Texto montado dinamicamente pela interface	7	Propor aqui; desenvolvimento aplica no banco textual/código		hac.modules.accessibility.idioma.l7603c62.ae55a1dd	txt.8dd5ae3334cc	src/plugin/modules/accessibility.js	7603	idioma
530	Acessibilidade	Precisa de triagem técnica	marco de navegacao		A revisar	Texto montado dinamicamente pela interface	9	Propor aqui; desenvolvimento aplica no banco textual/código		hac.modules.accessibility.variacao.l7606c75.af0c6451	txt.60329fb0364b	src/plugin/modules/accessibility.js	7606	variacao
531	Acessibilidade	Precisa de triagem técnica	a11y-categories-help-		A revisar	Texto montado dinamicamente pela interface	1	Propor aqui; desenvolvimento aplica no banco textual/código		hac.modules.accessibility.foreach.l7816c43.0ab0ee95	txt.45d101225163	src/plugin/modules/accessibility.js	7816	forEach
532	Estrutura global	Precisa de triagem técnica	Limpando cache…		A revisar	Texto montado dinamicamente pela interface	1	Propor aqui; desenvolvimento aplica no banco textual/código		hac.modules.core.clearplugincache.showa11ycanvasloading.l147c74.75dbedc8	txt.43b329a12674	src/plugin/modules/core.js	147	clearPluginCache > showA11yCanvasLoading
533	Estrutura global	Precisa de triagem técnica	Limpando cache e canvas…		A revisar	Texto montado dinamicamente pela interface	1	Propor aqui; desenvolvimento aplica no banco textual/código		hac.modules.core.clearplugincanvasandcache.showa11ycanvasloading.l168c74.00673fd7	txt.6798a0ca0118	src/plugin/modules/core.js	168	clearPluginCanvasAndCache > showA11yCanvasLoading
534	Estrutura global	Precisa de triagem técnica	${mime};charset=utf-8		A revisar	Texto montado dinamicamente pela interface	1	Propor aqui; desenvolvimento valida as partes dinâmicas antes de aplicar		hac.modules.core.type.l192c46.5a6ae91e	txt.99a62be8f053	src/plugin/modules/core.js	192	type
535	Estrutura global	Precisa de triagem técnica	${d.getFullYear()}-${pad(d.getMonth() + 1)}-${pad(d.getDate())}_${pad(d.getHours())}${pad(d.getMinutes())}		A revisar	Texto montado dinamicamente pela interface	1	Propor aqui; desenvolvimento valida as partes dinâmicas antes de aplicar		hac.modules.core.hacbackupfilename.stamp.l216c17.686ddb2a	txt.8f6a1602e5b7	src/plugin/modules/core.js	216	_hacBackupFilename > stamp
536	Estrutura global	Precisa de triagem técnica	hac_${projeto}_${stamp}.${ext}		A revisar	Texto montado dinamicamente pela interface	1	Propor aqui; desenvolvimento valida as partes dinâmicas antes de aplicar		hac.modules.core.hacbackupfilename.l222c10.8c14225c	txt.506616bd0654	src/plugin/modules/core.js	222	_hacBackupFilename
537	Estrutura global	Precisa de triagem técnica	application/json		A revisar	Texto montado dinamicamente pela interface	1	Propor aqui; desenvolvimento aplica no banco textual/código		hac.modules.core.exporthacbackupjson.downloadfile.l271c92.ed119b80	txt.ca9fd0b24141	src/plugin/modules/core.js	271	exportHacBackupJson > _downloadFile
538	Estrutura global	Precisa de triagem técnica	# Handoff de Acessibilidade		A revisar	Texto montado dinamicamente pela interface	1	Propor aqui; desenvolvimento aplica no banco textual/código		hac.modules.core.exporthachandoffdoc.push.l290c12.d4db95ad	txt.bc131bf6c4a4	src/plugin/modules/core.js	290	exportHacHandoffDoc > push
539	Estrutura global	Precisa de triagem técnica	Gerado em ${new Date().toLocaleString('pt-BR')} pelo hac.		A revisar	Texto montado dinamicamente pela interface	1	Propor aqui; desenvolvimento valida as partes dinâmicas antes de aplicar		hac.modules.core.exporthachandoffdoc.push.l292c12.bfab4620	txt.b65e455fe251	src/plugin/modules/core.js	292	exportHacHandoffDoc > push
540	Estrutura global	Precisa de triagem técnica	_Nenhuma tela documentada._		A revisar	Texto montado dinamicamente pela interface	1	Propor aqui; desenvolvimento aplica no banco textual/código		hac.modules.core.exporthachandoffdoc.push.l294c31.633d452c	txt.e598e714b5a0	src/plugin/modules/core.js	294	exportHacHandoffDoc > push
541	Estrutura global	Precisa de triagem técnica	## ${area.number} · ${area.label || 'Tela'}		A revisar	Texto montado dinamicamente pela interface	1	Propor aqui; desenvolvimento valida as partes dinâmicas antes de aplicar		hac.modules.core.foreach.l297c14.49ce92ce	txt.e9bbb2e40b10	src/plugin/modules/core.js	297	forEach
542	Estrutura global	Precisa de triagem técnica	### Leitor de tela		A revisar	Texto montado dinamicamente pela interface	1	Propor aqui; desenvolvimento aplica no banco textual/código		hac.modules.core.foreach.l302c16.0b8c0ce4	txt.3b1f3cee1081	src/plugin/modules/core.js	302	forEach
543	Estrutura global	Precisa de triagem técnica	#### ${s.letter ? `\`${s.letter}\` · ` : ''}${s.name || 'Elemento'}		A revisar	Texto montado dinamicamente pela interface	1	Propor aqui; desenvolvimento valida as partes dinâmicas antes de aplicar		hac.modules.core.foreach.l307c18.07055619	txt.98c2651b217d	src/plugin/modules/core.js	307	forEach
544	Estrutura global	Precisa de triagem técnica	'- **Categoria:** ${cat}		A revisar	Texto montado dinamicamente pela interface	1	Propor aqui; desenvolvimento valida as partes dinâmicas antes de aplicar		hac.modules.core.foreach.l309c27.072d4a8f	txt.1461923927be	src/plugin/modules/core.js	309	forEach
545	Estrutura global	Precisa de triagem técnica	'- **Componente DSC:** ${s.a11yDscComponentName}		A revisar	Texto montado dinamicamente pela interface	1	Propor aqui; desenvolvimento valida as partes dinâmicas antes de aplicar		hac.modules.core.foreach.l310c46.d46b321c	txt.8677384410e7	src/plugin/modules/core.js	310	forEach
546	Estrutura global	Precisa de triagem técnica	'- **${p.label || p.key}:** ${p.value}		A revisar	Texto montado dinamicamente pela interface	1	Propor aqui; desenvolvimento valida as partes dinâmicas antes de aplicar		hac.modules.core.foreach.l312c38.de7b7102	txt.9bac4dbe12df	src/plugin/modules/core.js	312	forEach
547	Estrutura global	Precisa de triagem técnica	### Ordem de tabulação		A revisar	Texto montado dinamicamente pela interface	1	Propor aqui; desenvolvimento aplica no banco textual/código		hac.modules.core.foreach.l320c16.95642c6d	txt.cf904e4e73bb	src/plugin/modules/core.js	320	forEach
548	Estrutura global	Precisa de triagem técnica	${i + 1}. ${t.nodeName || t.name || 'Elemento'}		A revisar	Texto montado dinamicamente pela interface	1	Propor aqui; desenvolvimento valida as partes dinâmicas antes de aplicar		hac.modules.core.foreach.l322c42.e2a17506	txt.91d40c6e936f	src/plugin/modules/core.js	322	forEach
549	Estrutura global	Precisa de triagem técnica	### Trilha de leitura (swipe)		A revisar	Texto montado dinamicamente pela interface	1	Propor aqui; desenvolvimento aplica no banco textual/código		hac.modules.core.foreach.l328c16.03a7beae	txt.c2dbd8facdf7	src/plugin/modules/core.js	328	forEach
550	Estrutura global	Precisa de triagem técnica	${i + 1}. ${pt.nodeName || 'Ponto'}		A revisar	Texto montado dinamicamente pela interface	1	Propor aqui; desenvolvimento valida as partes dinâmicas antes de aplicar		hac.modules.core.foreach.l330c55.a792cf5f	txt.04e129ef9c1d	src/plugin/modules/core.js	330	forEach
551	Estrutura global	Precisa de triagem técnica	_Sem documentação registrada nesta tela._		A revisar	Texto montado dinamicamente pela interface	1	Propor aqui; desenvolvimento aplica no banco textual/código		hac.modules.core.foreach.l335c16.996fef68	txt.7e90d53301a4	src/plugin/modules/core.js	335	forEach
552	Estrutura global	Precisa de triagem técnica	text/markdown		A revisar	Texto montado dinamicamente pela interface	1	Propor aqui; desenvolvimento aplica no banco textual/código		hac.modules.core.exporthachandoffdoc.downloadfile.l340c70.c745bd51	txt.3bcfe3365c3b	src/plugin/modules/core.js	340	exportHacHandoffDoc > _downloadFile
553	Estrutura global	Precisa de triagem técnica	Recolher as instruções e liberar espaço no canvas		A revisar	Texto montado dinamicamente pela interface	2	Propor aqui; desenvolvimento aplica no banco textual/código		hac.modules.core.a11ycapturebarsynctooltips.t.l634c9.7b35c806	txt.471d569948af	src/plugin/modules/core.js	634	_a11yCaptureBarSyncTooltips > t
554	Estrutura global	Precisa de triagem técnica	Mostrar as instruções desta etapa		A revisar	Texto montado dinamicamente pela interface	1	Propor aqui; desenvolvimento aplica no banco textual/código		hac.modules.core.a11ycapturebarsynctooltips.t.l635c9.4585db0e	txt.cd0afc06bc5b	src/plugin/modules/core.js	635	_a11yCaptureBarSyncTooltips > t
555	Estrutura global	Precisa de triagem técnica	Recolher instruções		A revisar	Texto montado dinamicamente pela interface	2	Propor aqui; desenvolvimento aplica no banco textual/código		hac.modules.core.a11ycapturebarsynctooltips.setattribute.l637c50.ac67fefb	txt.009c9ba7c1b4	src/plugin/modules/core.js	637	_a11yCaptureBarSyncTooltips > setAttribute
556	Estrutura global	Precisa de triagem técnica	Mostrar instruções		A revisar	Texto montado dinamicamente pela interface	1	Propor aqui; desenvolvimento aplica no banco textual/código		hac.modules.core.a11ycapturebarsynctooltips.setattribute.l637c74.8f785804	txt.dfa409717894	src/plugin/modules/core.js	637	_a11yCaptureBarSyncTooltips > setAttribute
557	Estrutura global	Precisa de triagem técnica	item marcado		A revisar	Texto montado dinamicamente pela interface	1	Propor aqui; desenvolvimento aplica no banco textual/código		hac.modules.core.a11ycaptureminibarupdatecount.noun.l713c18.08f99f24	txt.d3014b69a7e0	src/plugin/modules/core.js	713	_a11yCaptureMiniBarUpdateCount > noun
558	Estrutura global	Precisa de triagem técnica	itens marcados		A revisar	Texto montado dinamicamente pela interface	1	Propor aqui; desenvolvimento aplica no banco textual/código		hac.modules.core.a11ycaptureminibarupdatecount.noun.l713c35.0ac3e785	txt.c7a288650b47	src/plugin/modules/core.js	713	_a11yCaptureMiniBarUpdateCount > noun
559	Estrutura global	Precisa de triagem técnica	ponto marcado		A revisar	Texto montado dinamicamente pela interface	1	Propor aqui; desenvolvimento aplica no banco textual/código		hac.modules.core.a11ycaptureminibarupdatecount.noun.l714c18.6567a904	txt.8838010128bf	src/plugin/modules/core.js	714	_a11yCaptureMiniBarUpdateCount > noun
560	Estrutura global	Precisa de triagem técnica	pontos marcados		A revisar	Texto montado dinamicamente pela interface	1	Propor aqui; desenvolvimento aplica no banco textual/código		hac.modules.core.a11ycaptureminibarupdatecount.noun.l714c36.0989da02	txt.8958387580b7	src/plugin/modules/core.js	714	_a11yCaptureMiniBarUpdateCount > noun
561	Estrutura global	Precisa de triagem técnica	bg-slate-800 text-white px-4 py-2 rounded-dsc-small shadow-xl text-xs font-bold animate-in fade-in slide-in-from-bottom-4 duration-300 flex items-center gap-2 border border-red-500		A revisar	Texto montado dinamicamente pela interface	1	Propor aqui; desenvolvimento aplica no banco textual/código		hac.modules.core.showtoast.l755c7.e725b42b	txt.5071cc73675a	src/plugin/modules/core.js	755	showToast
562	Estrutura global	Precisa de triagem técnica	bg-slate-800 text-white px-4 py-2 rounded-dsc-small shadow-xl text-xs font-bold animate-in fade-in slide-in-from-bottom-4 duration-300 flex items-center gap-2		A revisar	Texto montado dinamicamente pela interface	1	Propor aqui; desenvolvimento aplica no banco textual/código		hac.modules.core.showtoast.l756c7.a792d714	txt.b471113c0506	src/plugin/modules/core.js	756	showToast
563	Estrutura global	Precisa de triagem técnica	bg-slate-800 text-white px-4 py-3 rounded-dsc-large shadow-xl text-xs font-medium animate-in fade-in slide-in-from-bottom-4 duration-300 flex items-start gap-2 border border-blue-600 max-w-sm pointer-events-auto		A revisar	Texto montado dinamicamente pela interface	1	Propor aqui; desenvolvimento aplica no banco textual/código		hac.modules.core.showsnackbar.classname.l789c24.a279b3d7	txt.073b90b485be	src/plugin/modules/core.js	789	showSnackbar > className
564	Estrutura global	Precisa de triagem técnica	flex-1 min-w-0 flex flex-col gap-1.5		A revisar	Texto montado dinamicamente pela interface	1	Propor aqui; desenvolvimento aplica no banco textual/código		hac.modules.core.showsnackbar.classname.l796c26.6396c431	txt.d5e4d74aa337	src/plugin/modules/core.js	796	showSnackbar > className
565	Estrutura global	Precisa de triagem técnica	self-start text-blue-400 hover:text-blue-300 font-bold underline transition-colors		A revisar	Texto montado dinamicamente pela interface	1	Propor aqui; desenvolvimento aplica no banco textual/código		hac.modules.core.showsnackbar.classname.l804c27.4145fda0	txt.72a18a36f5ff	src/plugin/modules/core.js	804	showSnackbar > className
566	Estrutura global	Precisa de triagem técnica	flex-shrink-0 text-slate-400 hover:text-white transition-colors		A revisar	Texto montado dinamicamente pela interface	1	Propor aqui; desenvolvimento aplica no banco textual/código		hac.modules.core.showsnackbar.classname.l816c24.7d620d47	txt.cdf3b5a53aef	src/plugin/modules/core.js	816	showSnackbar > className
567	Estrutura global	Precisa de triagem técnica	input, button, select, textarea, a[href], [tabindex]:not([tabindex="-1"])		A revisar	Texto montado dinamicamente pela interface	1	Propor aqui; desenvolvimento aplica no banco textual/código		hac.modules.core.focusable.selector.l825c28.27279428	txt.4f494298f9c2	src/plugin/modules/core.js	825	FOCUSABLE_SELECTOR
568	Estrutura global	Precisa de triagem técnica	Escape		A revisar	Texto montado dinamicamente pela interface	4	Propor aqui; desenvolvimento aplica no banco textual/código		hac.modules.core.addeventlistener.l878c17.d3358c40	txt.cdecabe1520a	src/plugin/modules/core.js	878	addEventListener
569	Estrutura global	Precisa de triagem técnica	dark:text-blue-400		A revisar	Texto montado dinamicamente pela interface	2	Propor aqui; desenvolvimento aplica no banco textual/código		hac.modules.core.foreach.l1005c32.d06f6c23	txt.dd9ba5600702	src/plugin/modules/core.js	1005	forEach
570	Estrutura global	Precisa de triagem técnica	dark:text-dark-muted		A revisar	Texto montado dinamicamente pela interface	3	Propor aqui; desenvolvimento aplica no banco textual/código		hac.modules.core.foreach.l1008c32.1fa2a4e3	txt.1a422188de26	src/plugin/modules/core.js	1008	forEach
571	Estrutura global	Precisa de triagem técnica	rotate(0deg)		A revisar	Texto montado dinamicamente pela interface	12	Propor aqui; desenvolvimento aplica no banco textual/código		hac.modules.core.foreach.l1040c54.3e8b7cac	txt.595c37b5a24b	src/plugin/modules/core.js	1040	forEach
572	Estrutura global	Precisa de triagem técnica	rotate(180deg)		A revisar	Texto montado dinamicamente pela interface	9	Propor aqui; desenvolvimento aplica no banco textual/código		hac.modules.core.toggleaccordion.l1048c47.e8466b83	txt.14214c0e9311	src/plugin/modules/core.js	1048	toggleAccordion
573	Estrutura global	Precisa de triagem técnica	rotate(0deg)		A revisar	Texto montado dinamicamente pela interface	12	Propor aqui; desenvolvimento aplica no banco textual/código		hac.modules.core.toggleaccordion.l1048c66.0a7088f4	txt.595c37b5a24b	src/plugin/modules/core.js	1048	toggleAccordion
574	Estrutura global	Precisa de triagem técnica	rotate(0deg)		A revisar	Texto montado dinamicamente pela interface	12	Propor aqui; desenvolvimento aplica no banco textual/código		hac.modules.core.literal.l1073c52.bdd7285c	txt.595c37b5a24b	src/plugin/modules/core.js	1073	
575	Estrutura global	Precisa de triagem técnica	rotate(180deg)		A revisar	Texto montado dinamicamente pela interface	9	Propor aqui; desenvolvimento aplica no banco textual/código		hac.modules.core.literal.l1073c69.32ef4976	txt.14214c0e9311	src/plugin/modules/core.js	1073	
576	Ficha de handoff	Precisa de triagem técnica	Tabulação		A revisar	Texto montado dinamicamente pela interface	7	Propor aqui; desenvolvimento aplica no banco textual/código		hac.modules.handoff.ficha.fichasectiondisplayname.l58c39.644afcbc	txt.afd410875455	src/plugin/modules/handoff-ficha.js	58	_fichaSectionDisplayName
577	Ficha de handoff	Precisa de triagem técnica	Swipe		A revisar	Texto montado dinamicamente pela interface	4	Propor aqui; desenvolvimento aplica no banco textual/código		hac.modules.handoff.ficha.fichasectiondisplayname.l58c78.836a662c	txt.54f46d64bf13	src/plugin/modules/handoff-ficha.js	58	_fichaSectionDisplayName
578	Ficha de handoff	Precisa de triagem técnica	Leitor de Tela		A revisar	Texto montado dinamicamente pela interface	13	Propor aqui; desenvolvimento aplica no banco textual/código		hac.modules.handoff.ficha.fichasectiondisplayname.l58c88.97666afa	txt.2cccdb3dac0d	src/plugin/modules/handoff-ficha.js	58	_fichaSectionDisplayName
579	Ficha de handoff	Precisa de triagem técnica	Atualizar		A revisar	Texto montado dinamicamente pela interface	3	Propor aqui; desenvolvimento aplica no banco textual/código		hac.modules.handoff.ficha.fichabuttonlabel.verb.l76c46.4491d20f	txt.f8906248d08b	src/plugin/modules/handoff-ficha.js	76	_fichaButtonLabel > verb
580	Ficha de handoff	Precisa de triagem técnica	Preencher		A revisar	Texto montado dinamicamente pela interface	1	Propor aqui; desenvolvimento aplica no banco textual/código		hac.modules.handoff.ficha.fichabuttonlabel.verb.l76c60.eb537a9f	txt.cf35cef5f6aa	src/plugin/modules/handoff-ficha.js	76	_fichaButtonLabel > verb
581	Ficha de handoff	Precisa de triagem técnica	${verb} ${_fichaSectionDisplayName(sectionKey)}		A revisar	Texto montado dinamicamente pela interface	1	Propor aqui; desenvolvimento valida as partes dinâmicas antes de aplicar		hac.modules.handoff.ficha.fichabuttonlabel.l77c10.c015c470	txt.1b5539fa8db2	src/plugin/modules/handoff-ficha.js	77	_fichaButtonLabel
582	Ficha de handoff	Precisa de triagem técnica	Consolidando ${_fichaSectionDisplayName(sectionKey)} no Handoff de Acessibilidade…		A revisar	Texto montado dinamicamente pela interface	1	Propor aqui; desenvolvimento valida as partes dinâmicas antes de aplicar		hac.modules.handoff.ficha.fichainsertsection.showa11ycanvasloading.l279c74.39956050	txt.edfb7624db8f	src/plugin/modules/handoff-ficha.js	279	_fichaInsertSection > showA11yCanvasLoading
583	Ficha de handoff	Precisa de triagem técnica	Preparando réplica de trabalho…		A revisar	Texto montado dinamicamente pela interface	1	Propor aqui; desenvolvimento aplica no banco textual/código		hac.modules.handoff.ficha.fichaeditsection.showa11ycanvasloading.l312c74.24fb3f62	txt.3132422a074c	src/plugin/modules/handoff-ficha.js	312	_fichaEditSection > showA11yCanvasLoading
584	Ficha de handoff	Precisa de triagem técnica	${_fichaSectionDisplayName(key)} não inserida		A revisar	Texto montado dinamicamente pela interface	1	Propor aqui; desenvolvimento valida as partes dinâmicas antes de aplicar		hac.modules.handoff.ficha.fichaprojectcompletion.push.l557c53.1505cf4c	txt.13f0829bfb7e	src/plugin/modules/handoff-ficha.js	557	_fichaProjectCompletion > push
585	Ficha de handoff	Precisa de triagem técnica	${_fichaSectionDisplayName(key)} desatualizada		A revisar	Texto montado dinamicamente pela interface	1	Propor aqui; desenvolvimento valida as partes dinâmicas antes de aplicar		hac.modules.handoff.ficha.push.l558c62.3a512c18	txt.bc0aa239a143	src/plugin/modules/handoff-ficha.js	558	push
586	Ficha de handoff	Precisa de triagem técnica	text-green-600 dark:text-green-400		A revisar	Texto montado dinamicamente pela interface	2	Propor aqui; desenvolvimento aplica no banco textual/código		hac.modules.handoff.ficha.ficharenderprojectsummary.cordoicone.l604c46.dd8cb26c	txt.37d892d3de74	src/plugin/modules/handoff-ficha.js	604	_fichaRenderProjectSummary > corDoIcone
587	Ficha de handoff	Precisa de triagem técnica	text-slate-400 dark:text-dark-muted		A revisar	Texto montado dinamicamente pela interface	2	Propor aqui; desenvolvimento aplica no banco textual/código		hac.modules.handoff.ficha.ficharenderprojectsummary.cordoicone.l604c85.9ca80559	txt.5403f52028b8	src/plugin/modules/handoff-ficha.js	604	_fichaRenderProjectSummary > corDoIcone
588	Ficha de handoff	Precisa de triagem técnica	Handoff de Acessibilidade completo		A revisar	Texto montado dinamicamente pela interface	1	Propor aqui; desenvolvimento aplica no banco textual/código		hac.modules.handoff.ficha.ficharenderprojectsummary.titulo.l606c42.d9c2aab7	txt.729a90682ed8	src/plugin/modules/handoff-ficha.js	606	_fichaRenderProjectSummary > titulo
589	Ficha de handoff	Precisa de triagem técnica	Handoff de Acessibilidade do projeto		A revisar	Texto montado dinamicamente pela interface	1	Propor aqui; desenvolvimento aplica no banco textual/código		hac.modules.handoff.ficha.ficharenderprojectsummary.titulo.l606c81.40df9826	txt.41d3f51f079d	src/plugin/modules/handoff-ficha.js	606	_fichaRenderProjectSummary > titulo
590	Ficha de handoff	Precisa de triagem técnica	text-amber-600 dark:text-amber-400		A revisar	Texto montado dinamicamente pela interface	1	Propor aqui; desenvolvimento aplica no banco textual/código		hac.modules.handoff.ficha.fichastatuscolorclass.l676c33.18951017	txt.126b835a5091	src/plugin/modules/handoff-ficha.js	676	_fichaStatusColorClass
591	Ficha de handoff	Precisa de triagem técnica	text-green-600 dark:text-green-400		A revisar	Texto montado dinamicamente pela interface	2	Propor aqui; desenvolvimento aplica no banco textual/código		hac.modules.handoff.ficha.fichastatuscolorclass.l677c36.d4fa58a9	txt.37d892d3de74	src/plugin/modules/handoff-ficha.js	677	_fichaStatusColorClass
592	Ficha de handoff	Precisa de triagem técnica	text-slate-400 dark:text-dark-muted		A revisar	Texto montado dinamicamente pela interface	2	Propor aqui; desenvolvimento aplica no banco textual/código		hac.modules.handoff.ficha.fichastatuscolorclass.l678c10.cd1037a1	txt.5403f52028b8	src/plugin/modules/handoff-ficha.js	678	_fichaStatusColorClass
593	Ficha de handoff	Precisa de triagem técnica	${currentCount} agora, handoff tem ${count}. Clique Atualizar		A revisar	Texto montado dinamicamente pela interface	1	Propor aqui; desenvolvimento valida as partes dinâmicas antes de aplicar		hac.modules.handoff.ficha.fichastatuscardhtml.l694c18.2fe8156c	txt.5509b568f322	src/plugin/modules/handoff-ficha.js	694	_fichaStatusCardHtml
594	Ficha de handoff	Precisa de triagem técnica	Tabulação		A revisar	Texto montado dinamicamente pela interface	7	Propor aqui; desenvolvimento aplica no banco textual/código		hac.modules.handoff.ficha.fichadashboardhtml.fichastatuscardhtml.l732c45.0366ff2d	txt.afd410875455	src/plugin/modules/handoff-ficha.js	732	_fichaDashboardHtml > _fichaStatusCardHtml
595	Ficha de handoff	Precisa de triagem técnica	${n} selo${n === 1 ? '' : 's'} no handoff		A revisar	Texto montado dinamicamente pela interface	1	Propor aqui; desenvolvimento valida as partes dinâmicas antes de aplicar		hac.modules.handoff.ficha.fichadashboardhtml.fichastatuscardhtml.l732c63.c33834a2	txt.d47fc639f5b8	src/plugin/modules/handoff-ficha.js	732	_fichaDashboardHtml > _fichaStatusCardHtml
596	Ficha de handoff	Precisa de triagem técnica	Swipe		A revisar	Texto montado dinamicamente pela interface	4	Propor aqui; desenvolvimento aplica no banco textual/código		hac.modules.handoff.ficha.fichadashboardhtml.push.l740c52.3b0a8fd8	txt.54f46d64bf13	src/plugin/modules/handoff-ficha.js	740	_fichaDashboardHtml > push
597	Ficha de handoff	Precisa de triagem técnica	${n} ${n === 1 ? 'ponto' : 'pontos'} no handoff		A revisar	Texto montado dinamicamente pela interface	1	Propor aqui; desenvolvimento valida as partes dinâmicas antes de aplicar		hac.modules.handoff.ficha.fichadashboardhtml.push.l740c66.9837818e	txt.8c7442c8396d	src/plugin/modules/handoff-ficha.js	740	_fichaDashboardHtml > push
598	Ficha de handoff	Precisa de triagem técnica	Leitor de Tela		A revisar	Texto montado dinamicamente pela interface	13	Propor aqui; desenvolvimento aplica no banco textual/código		hac.modules.handoff.ficha.fichadashboardhtml.push.l742c51.3dd0b608	txt.2cccdb3dac0d	src/plugin/modules/handoff-ficha.js	742	_fichaDashboardHtml > push
599	Ficha de handoff	Precisa de triagem técnica	${n} especificaç${n === 1 ? 'ão' : 'ões'} no handoff		A revisar	Texto montado dinamicamente pela interface	1	Propor aqui; desenvolvimento valida as partes dinâmicas antes de aplicar		hac.modules.handoff.ficha.fichadashboardhtml.push.l742c74.24cefc28	txt.dfc7268411ac	src/plugin/modules/handoff-ficha.js	742	_fichaDashboardHtml > push
600	Onboarding	Precisa de triagem técnica	${tool.color}1a		A revisar	Texto montado dinamicamente pela interface	1	Propor aqui; desenvolvimento valida as partes dinâmicas antes de aplicar		hac.modules.onboarding.renderonboardingmodal.backgroundcolor.l246c50.86c9f58b	txt.9c16eadc1d01	src/plugin/modules/onboarding.js	246	_renderOnboardingModal > backgroundColor
601	Ordem de leitura / Swipe	Precisa de triagem técnica	tmp-swipe-${_swipePathTempIdSeq++}		A revisar	Texto montado dinamicamente pela interface	1	Propor aqui; desenvolvimento valida as partes dinâmicas antes de aplicar		hac.modules.swipe.path.swipepathnexttempid.l91c10.27fc9e6c	txt.a517d81b890f	src/plugin/modules/swipe-path.js	91	_swipePathNextTempId
602	Ordem de leitura / Swipe	Precisa de triagem técnica	Criando cópia de trabalho da tela…		A revisar	Texto montado dinamicamente pela interface	2	Propor aqui; desenvolvimento aplica no banco textual/código		hac.modules.swipe.path.startswipepathmanualmodeinner.ensurea11yprojectoriginthe.ab6bce62	txt.7070dec2ad36	src/plugin/modules/swipe-path.js	151	_startSwipePathManualModeInner > ensureA11yProjectOriginThen
603	Ordem de leitura / Swipe	Precisa de triagem técnica	Varrendo todos os componentes da tela…		A revisar	Texto montado dinamicamente pela interface	1	Propor aqui; desenvolvimento aplica no banco textual/código		hac.modules.swipe.path.confirmgenerateswipepathfromlayers.ensurea11yprojectorig.a7ef8d9e	txt.e31caea10583	src/plugin/modules/swipe-path.js	238	_confirmGenerateSwipePathFromLayers > ensureA11yProjectOriginThen
604	Ordem de leitura / Swipe	Precisa de triagem técnica	Preparando cópia de trabalho…		A revisar	Texto montado dinamicamente pela interface	2	Propor aqui; desenvolvimento aplica no banco textual/código		hac.modules.swipe.path.startswipepathaddpoint.showa11ycanvasloading.l312c74.2989f231	txt.31f4a8d0babd	src/plugin/modules/swipe-path.js	312	startSwipePathAddPoint > showA11yCanvasLoading
605	Ordem de leitura / Swipe	Precisa de triagem técnica	Concluir seleção (${count})		A revisar	Texto montado dinamicamente pela interface	2	Propor aqui; desenvolvimento valida as partes dinâmicas antes de aplicar		hac.modules.swipe.path.handleswipepathaccumulatedcountchanged.l447c48.05bd34d3	txt.3b6ad75b22a2	src/plugin/modules/swipe-path.js	447	handleSwipePathAccumulatedCountChanged
606	Ordem de leitura / Swipe	Precisa de triagem técnica	Concluir seleção		A revisar	Texto montado dinamicamente pela interface	5	Propor aqui; desenvolvimento aplica no banco textual/código		hac.modules.swipe.path.handleswipepathaccumulatedcountchanged.l447c80.3d58ef4d	txt.391f2e4bd258	src/plugin/modules/swipe-path.js	447	handleSwipePathAccumulatedCountChanged
607	Ordem de leitura / Swipe	Precisa de triagem técnica	text/plain		A revisar	Texto montado dinamicamente pela interface	3	Propor aqui; desenvolvimento aplica no banco textual/código		hac.modules.swipe.path.swipepathpendingdragstart.setdata.l598c33.21683778	txt.f919d9f15290	src/plugin/modules/swipe-path.js	598	_swipePathPendingDragStart > setData
608	Ordem de leitura / Swipe	Precisa de triagem técnica	Desenhando trilha de swipe…		A revisar	Texto montado dinamicamente pela interface	1	Propor aqui; desenvolvimento aplica no banco textual/código		hac.modules.swipe.path.applyswipepathtocanvas.showa11ycanvasloading.l702c74.eef18db6	txt.a466cc3d8778	src/plugin/modules/swipe-path.js	702	applySwipePathToCanvas > showA11yCanvasLoading
609	Ordem de leitura / Swipe	Precisa de triagem técnica	Salvar alterações		A revisar	Texto montado dinamicamente pela interface	2	Propor aqui; desenvolvimento aplica no banco textual/código		hac.modules.swipe.path.handleswipepathcreatefailed.l778c85.65172b89	txt.1166c09971a6	src/plugin/modules/swipe-path.js	778	handleSwipePathCreateFailed
610	Ordem de leitura / Swipe	Precisa de triagem técnica	Criar trilha de swipe		A revisar	Texto montado dinamicamente pela interface	1	Propor aqui; desenvolvimento aplica no banco textual/código		hac.modules.swipe.path.handleswipepathcreatefailed.l778c107.9b83d4d8	txt.e981e5871374	src/plugin/modules/swipe-path.js	778	handleSwipePathCreateFailed
611	Ordem de tabulação	Precisa de triagem técnica	rotate(180deg)		A revisar	Texto montado dinamicamente pela interface	9	Propor aqui; desenvolvimento aplica no banco textual/código		hac.modules.tab.order.togglea11ytaborderaccordion.l17c53.a676bc52	txt.14214c0e9311	src/plugin/modules/tab-order.js	17	toggleA11yTabOrderAccordion
612	Ordem de tabulação	Precisa de triagem técnica	rotate(0deg)		A revisar	Texto montado dinamicamente pela interface	12	Propor aqui; desenvolvimento aplica no banco textual/código		hac.modules.tab.order.togglea11ytaborderaccordion.l17c72.ca339057	txt.595c37b5a24b	src/plugin/modules/tab-order.js	17	toggleA11yTabOrderAccordion
613	Ordem de tabulação	Precisa de triagem técnica	tab-order-list-${uid}		A revisar	Texto montado dinamicamente pela interface	2	Propor aqui; desenvolvimento valida as partes dinâmicas antes de aplicar		hac.modules.tab.order.tabordersectionhtml.ulid.l31c16.002b7f04	txt.9a81cd4a26ac	src/plugin/modules/tab-order.js	31	_tabOrderSectionHtml > ulId
614	Ordem de tabulação	Precisa de triagem técnica	__sem_area__		A revisar	Texto montado dinamicamente pela interface	7	Propor aqui; desenvolvimento aplica no banco textual/código		hac.modules.tab.order.tabordersectionhtml.areaidattr.l33c39.5f59ff97	txt.01a2d1b3df12	src/plugin/modules/tab-order.js	33	_tabOrderSectionHtml > areaIdAttr
615	Ordem de tabulação	Precisa de triagem técnica	rotate(180deg)		A revisar	Texto montado dinamicamente pela interface	9	Propor aqui; desenvolvimento aplica no banco textual/código		hac.modules.tab.order.tabordersectionhtml.chevronstyle.l35c33.719f2870	txt.14214c0e9311	src/plugin/modules/tab-order.js	35	_tabOrderSectionHtml > chevronStyle
616	Ordem de tabulação	Precisa de triagem técnica	rotate(0deg)		A revisar	Texto montado dinamicamente pela interface	12	Propor aqui; desenvolvimento aplica no banco textual/código		hac.modules.tab.order.tabordersectionhtml.chevronstyle.l35c52.a9fdebdc	txt.595c37b5a24b	src/plugin/modules/tab-order.js	35	_tabOrderSectionHtml > chevronStyle
617	Ordem de tabulação	Precisa de triagem técnica	tmp-${_tabOrderTempIdSeq++}		A revisar	Texto montado dinamicamente pela interface	1	Propor aqui; desenvolvimento valida as partes dinâmicas antes de aplicar		hac.modules.tab.order.tabordernexttempid.l151c10.c3d3d8fa	txt.db057214ea51	src/plugin/modules/tab-order.js	151	_tabOrderNextTempId
618	Ordem de tabulação	Precisa de triagem técnica	Instruções sobre a documentação		A revisar	Texto montado dinamicamente pela interface	3	Propor aqui; desenvolvimento aplica no banco textual/código		hac.modules.tab.order.rendera11yinstructioncontent.instructionsheading.l228c83.cb992f65	txt.1f2a81b20d38	src/plugin/modules/tab-order.js	228	_renderA11yInstructionContent > instructionsHeading
619	Ordem de tabulação	Precisa de triagem técnica	Como fazer		A revisar	Texto montado dinamicamente pela interface	4	Propor aqui; desenvolvimento aplica no banco textual/código		hac.modules.tab.order.rendera11yinstructioncontent.stepsheading.l251c58.849cd65b	txt.b9f77d39a810	src/plugin/modules/tab-order.js	251	_renderA11yInstructionContent > stepsHeading
620	Ordem de tabulação	Precisa de triagem técnica	a11ySwipeInstructionSeen		A revisar	Texto montado dinamicamente pela interface	1	Propor aqui; desenvolvimento aplica no banco textual/código		hac.modules.tab.order.opena11yinstructionthenstart.seenkey.l366c41.773f5f96	txt.42d0c951eed5	src/plugin/modules/tab-order.js	366	openA11yInstructionThenStart > seenKey
621	Ordem de tabulação	Precisa de triagem técnica	a11yTabulacaoInstructionSeen		A revisar	Texto montado dinamicamente pela interface	1	Propor aqui; desenvolvimento aplica no banco textual/código		hac.modules.tab.order.opena11yinstructionthenstart.seenkey.l366c70.ebe42439	txt.2903f175ce5b	src/plugin/modules/tab-order.js	366	openA11yInstructionThenStart > seenKey
622	Ordem de tabulação	Precisa de triagem técnica	Entendi, adicionar itens		A revisar	Texto montado dinamicamente pela interface	1	Propor aqui; desenvolvimento aplica no banco textual/código		hac.modules.tab.order.opena11yinstructionthenstart.l395c60.3dca47ad	txt.8108a85ad248	src/plugin/modules/tab-order.js	395	openA11yInstructionThenStart
623	Ordem de tabulação	Precisa de triagem técnica	Entendi, começar seleção		A revisar	Texto montado dinamicamente pela interface	4	Propor aqui; desenvolvimento aplica no banco textual/código		hac.modules.tab.order.opena11yinstructionthenstart.l395c89.3929cbc2	txt.438f5ae0e533	src/plugin/modules/tab-order.js	395	openA11yInstructionThenStart
624	Ordem de tabulação	Precisa de triagem técnica	Criando cópia de trabalho da tela…		A revisar	Texto montado dinamicamente pela interface	2	Propor aqui; desenvolvimento aplica no banco textual/código		hac.modules.tab.order.starttabordermanualmodeinner.ensurea11yprojectoriginthen.1e677b8e	txt.7070dec2ad36	src/plugin/modules/tab-order.js	474	_startTabOrderManualModeInner > ensureA11yProjectOriginThen
625	Ordem de tabulação	Precisa de triagem técnica	Preparando cópia de trabalho…		A revisar	Texto montado dinamicamente pela interface	2	Propor aqui; desenvolvimento aplica no banco textual/código		hac.modules.tab.order.starttaborderadditemsfromcard.showa11ycanvasloading.l603.49b9e38b	txt.31f4a8d0babd	src/plugin/modules/tab-order.js	603	startTabOrderAddItemsFromCard > showA11yCanvasLoading
626	Ordem de tabulação	Precisa de triagem técnica	Concluir seleção (${count})		A revisar	Texto montado dinamicamente pela interface	2	Propor aqui; desenvolvimento valida as partes dinâmicas antes de aplicar		hac.modules.tab.order.handletaborderaccumulatedcountchanged.l717c48.493e2787	txt.3b6ad75b22a2	src/plugin/modules/tab-order.js	717	handleTabOrderAccumulatedCountChanged
627	Ordem de tabulação	Precisa de triagem técnica	Concluir seleção		A revisar	Texto montado dinamicamente pela interface	5	Propor aqui; desenvolvimento aplica no banco textual/código		hac.modules.tab.order.handletaborderaccumulatedcountchanged.l717c80.51173f2f	txt.391f2e4bd258	src/plugin/modules/tab-order.js	717	handleTabOrderAccumulatedCountChanged
628	Ordem de tabulação	Precisa de triagem técnica	text/plain		A revisar	Texto montado dinamicamente pela interface	3	Propor aqui; desenvolvimento aplica no banco textual/código		hac.modules.tab.order.taborderpendingdragstart.setdata.l855c33.e6258095	txt.f919d9f15290	src/plugin/modules/tab-order.js	855	_tabOrderPendingDragStart > setData
629	Ordem de tabulação	Precisa de triagem técnica	Desenhando 1 de ${list.length}...		A revisar	Texto montado dinamicamente pela interface	1	Propor aqui; desenvolvimento valida as partes dinâmicas antes de aplicar		hac.modules.tab.order.applytabordertocanvas.showa11ycanvasloading.l1109c48.65d165fd	txt.63caadcb2fc2	src/plugin/modules/tab-order.js	1109	applyTabOrderToCanvas > showA11yCanvasLoading
630	Ordem de tabulação	Precisa de triagem técnica	__sem_area__		A revisar	Texto montado dinamicamente pela interface	7	Propor aqui; desenvolvimento aplica no banco textual/código		hac.modules.tab.order.currenttaborderitems.l1171c18.67623740	txt.01a2d1b3df12	src/plugin/modules/tab-order.js	1171	_currentTabOrderItems
631	Ordem de tabulação	Precisa de triagem técnica	Varrendo elementos interativos da tela…		A revisar	Texto montado dinamicamente pela interface	1	Propor aqui; desenvolvimento aplica no banco textual/código		hac.modules.tab.order.confirmgeneratetaborderfromlayers.ensurea11yprojectorigi.4bc4f8fa	txt.131f2d379004	src/plugin/modules/tab-order.js	1236	_confirmGenerateTabOrderFromLayers > ensureA11yProjectOriginThen
632	Ordem de tabulação	Precisa de triagem técnica	__sem_area__		A revisar	Texto montado dinamicamente pela interface	7	Propor aqui; desenvolvimento aplica no banco textual/código		hac.modules.tab.order.rendertaborderlistforarea.readonly.l1373c31.cd890329	txt.01a2d1b3df12	src/plugin/modules/tab-order.js	1373	_renderTabOrderListForArea > readOnly
633	Ordem de tabulação	Precisa de triagem técnica	text/plain		A revisar	Texto montado dinamicamente pela interface	3	Propor aqui; desenvolvimento aplica no banco textual/código		hac.modules.tab.order.taborderdragstart.setdata.l1409c33.1f352699	txt.f919d9f15290	src/plugin/modules/tab-order.js	1409	_tabOrderDragStart > setData
634	Ordem de tabulação	Precisa de triagem técnica	Unnamed element		A revisar	Texto montado dinamicamente pela interface	1	Propor aqui; desenvolvimento aplica no banco textual/código		hac.modules.tab.order.tabordernarrationphrase.name.l1527c71.45105247	txt.471e5451c9f0	src/plugin/modules/tab-order.js	1527	_tabOrderNarrationPhrase > name
635	Ordem de tabulação	Precisa de triagem técnica	Elemento sem nome		A revisar	Texto montado dinamicamente pela interface	1	Propor aqui; desenvolvimento aplica no banco textual/código		hac.modules.tab.order.tabordernarrationphrase.name.l1527c91.3e49ad4e	txt.705f2024b9fa	src/plugin/modules/tab-order.js	1527	_tabOrderNarrationPhrase > name
636	Ordem de tabulação	Precisa de triagem técnica	${typeLabel}, ${name}		A revisar	Texto montado dinamicamente pela interface	1	Propor aqui; desenvolvimento valida as partes dinâmicas antes de aplicar		hac.modules.tab.order.tabordernarrationphrase.l1530c22.b2cd1743	txt.07d82dabc91f	src/plugin/modules/tab-order.js	1530	_tabOrderNarrationPhrase
637	Ordem de tabulação	Precisa de triagem técnica	dark:text-red-400		A revisar	Texto montado dinamicamente pela interface	1	Propor aqui; desenvolvimento aplica no banco textual/código		hac.modules.tab.order.settabordernarrationbuttonstate.toggle.l1544c24.2abf3199	txt.150dc4530095	src/plugin/modules/tab-order.js	1544	_setTabOrderNarrationButtonState > toggle
638	Ordem de tabulação	Precisa de triagem técnica	dark:text-dark-muted		A revisar	Texto montado dinamicamente pela interface	3	Propor aqui; desenvolvimento aplica no banco textual/código		hac.modules.tab.order.settabordernarrationbuttonstate.toggle.l1546c24.77169313	txt.1a422188de26	src/plugin/modules/tab-order.js	1546	_setTabOrderNarrationButtonState > toggle
639	Ordem de tabulação	Precisa de triagem técnica	en-US		A revisar	Texto montado dinamicamente pela interface	1	Propor aqui; desenvolvimento aplica no banco textual/código		hac.modules.tab.order.tabordernarrationadvance.l1589c36.0a9c64a9	txt.1080c8fd6427	src/plugin/modules/tab-order.js	1589	_tabOrderNarrationAdvance
640	Ordem de tabulação	Precisa de triagem técnica	pt-BR		A revisar	Texto montado dinamicamente pela interface	1	Propor aqui; desenvolvimento aplica no banco textual/código		hac.modules.tab.order.tabordernarrationadvance.l1589c46.15063833	txt.c697295ffaba	src/plugin/modules/tab-order.js	1589	_tabOrderNarrationAdvance
641	Ordem de tabulação	Precisa de triagem técnica	__sem_area__		A revisar	Texto montado dinamicamente pela interface	7	Propor aqui; desenvolvimento aplica no banco textual/código		hac.modules.tab.order.deletetaborderitem.sort.l1687c53.89591cb2	txt.01a2d1b3df12	src/plugin/modules/tab-order.js	1687	deleteTabOrderItem > sort
