Item	Área do plugin	Tipo de conteúdo	Texto atual	Texto proposto	Status da revisão	Onde aparece	Quantidade de usos do mesmo texto	Como a alteração será aplicada	Observações do designer	ID do campo	ID do texto repetido	Arquivo de referência	Linha	Contexto técnico
1	Acessibilidade	Texto da interface	Elementos e Imagens		A revisar	Texto montado dinamicamente pela interface	3	Propor aqui; desenvolvimento aplica no banco textual/código		hac.modules.accessibility.label.l119c25.94932508	txt.ae389a2dd9e8	src/plugin/modules/accessibility.js	119	label
2	Acessibilidade	Texto da interface	Estrutura da Página		A revisar	Texto montado dinamicamente pela interface	4	Propor aqui; desenvolvimento aplica no banco textual/código		hac.modules.accessibility.label.l120c25.07ffbee8	txt.2fb75ee3e5ab	src/plugin/modules/accessibility.js	120	label
3	Acessibilidade	Texto da interface	Nível de Título		A revisar	Texto montado dinamicamente pela interface	3	Propor aqui; desenvolvimento aplica no banco textual/código		hac.modules.accessibility.label.l127c25.b4deb6c8	txt.91e5dc8c41f2	src/plugin/modules/accessibility.js	127	label
4	Acessibilidade	Texto da interface	Elemento Decorativo		A revisar	Texto montado dinamicamente pela interface	3	Propor aqui; desenvolvimento aplica no banco textual/código		hac.modules.accessibility.label.l128c25.fe51d4d8	txt.51c2f95692b8	src/plugin/modules/accessibility.js	128	label
5	Acessibilidade	Texto da interface	Informações Adicionais (descontinuada)		A revisar	Texto montado dinamicamente pela interface	1	Propor aqui; desenvolvimento aplica no banco textual/código		hac.modules.accessibility.label.l138c25.3b6a9db7	txt.c18ca03e07a2	src/plugin/modules/accessibility.js	138	label
6	Acessibilidade	Texto da interface	Identificar como button e ler o seu rótulo visível em tela.		A revisar	Texto montado dinamicamente pela interface	2	Propor aqui; desenvolvimento aplica no banco textual/código		hac.modules.accessibility.descricao.l322c35.b76c2e66	txt.6948a1e634f2	src/plugin/modules/accessibility.js	322	descricao
7	Acessibilidade	Texto da interface	O título de cada cabeçalho do accordion deve ser atrelado em um elemento com a role="button", considerar também o status do painel como expandindo ou recolhido com o atributo aria-expanded.		A revisar	Texto montado dinamicamente pela interface	1	Propor aqui; desenvolvimento aplica no banco textual/código		hac.modules.accessibility.notascodigo.l322c111.7431d797	txt.6ea022c0fa31	src/plugin/modules/accessibility.js	322	notasCodigo
8	Acessibilidade	Texto da interface	Agrupar e identificar como link, deve ler o seu rótulo visível em tela.		A revisar	Texto montado dinamicamente pela interface	1	Propor aqui; desenvolvimento aplica no banco textual/código		hac.modules.accessibility.descricao.l323c35.b34f23c2	txt.b07c61f8c249	src/plugin/modules/accessibility.js	323	descricao
9	Acessibilidade	Texto da interface	Identificar como button e ler o seu rótulo visível em tela.		A revisar	Texto montado dinamicamente pela interface	2	Propor aqui; desenvolvimento aplica no banco textual/código		hac.modules.accessibility.descricao.l324c35.089ff468	txt.6948a1e634f2	src/plugin/modules/accessibility.js	324	descricao
10	Acessibilidade	Texto da interface	Identificar como checkbox.		A revisar	Texto montado dinamicamente pela interface	1	Propor aqui; desenvolvimento aplica no banco textual/código		hac.modules.accessibility.descricao.l325c35.86d44e69	txt.459656627ce3	src/plugin/modules/accessibility.js	325	descricao
11	Acessibilidade	Texto da interface	Em HTML, identificar o status do componente como desmarcado com o atributo aria-checked="false". Deve-se também inserir aria-label para adicionar um nome acessível ao elemento.		A revisar	Texto montado dinamicamente pela interface	1	Propor aqui; desenvolvimento aplica no banco textual/código		hac.modules.accessibility.notascodigo.l325c78.802e16cd	txt.84b42ef74210	src/plugin/modules/accessibility.js	325	notasCodigo
12	Acessibilidade	Texto da interface	Identificar como dialog e anunciar o título seguido do conteúdo assim que o componente for apresentado em tela.		A revisar	Texto montado dinamicamente pela interface	1	Propor aqui; desenvolvimento aplica no banco textual/código		hac.modules.accessibility.descricao.l326c35.1d4f8d92	txt.f468c08493c4	src/plugin/modules/accessibility.js	326	descricao
13	Acessibilidade	Texto da interface	Em HTML é necessário atrelar os seguintes atributos ao componente: aria-labelledby, aria-describedby e aria-modal.		A revisar	Texto montado dinamicamente pela interface	1	Propor aqui; desenvolvimento aplica no banco textual/código		hac.modules.accessibility.notascodigo.l326c163.d1ae093b	txt.9ae33ea18305	src/plugin/modules/accessibility.js	326	notasCodigo
14	Acessibilidade	Texto da interface	Agrupar e identificar como textbox.		A revisar	Texto montado dinamicamente pela interface	1	Propor aqui; desenvolvimento aplica no banco textual/código		hac.modules.accessibility.descricao.l327c35.3eed9741	txt.4fa4e05b23ae	src/plugin/modules/accessibility.js	327	descricao
15	Acessibilidade	Texto da interface	Identificar como link e ler o seu rótulo visível em tela.		A revisar	Texto montado dinamicamente pela interface	1	Propor aqui; desenvolvimento aplica no banco textual/código		hac.modules.accessibility.descricao.l328c35.afa76762	txt.e0c01de5e449	src/plugin/modules/accessibility.js	328	descricao
16	Acessibilidade	Texto da interface	Construir como lista ordenada.		A revisar	Texto montado dinamicamente pela interface	1	Propor aqui; desenvolvimento aplica no banco textual/código		hac.modules.accessibility.descricao.l329c35.70a9f8e5	txt.b4e1945cad5b	src/plugin/modules/accessibility.js	329	descricao
17	Acessibilidade	Texto da interface	Identificar como combobox e ler a quantidade de itens por página, seleção atual e o status do componente como recolhido ou expandido.		A revisar	Texto montado dinamicamente pela interface	1	Propor aqui; desenvolvimento aplica no banco textual/código		hac.modules.accessibility.descricao.l330c35.b23e4fbd	txt.dd8b79cddbde	src/plugin/modules/accessibility.js	330	descricao
18	Acessibilidade	Texto da interface	Em HTML, identificar o status do componente como "expandido" ou "recolhido" com aria-expanded. Utilizar aria-labelledby para indicar o elemento que rotula a caixa de combinação e aria-controls para definir que o componente funciona como um pop-up.		A revisar	Texto montado dinamicamente pela interface	1	Propor aqui; desenvolvimento aplica no banco textual/código		hac.modules.accessibility.notascodigo.l330c185.be9afd43	txt.2d9bf1635998	src/plugin/modules/accessibility.js	330	notasCodigo
19	Acessibilidade	Texto da interface	Identificar como radio button.		A revisar	Texto montado dinamicamente pela interface	1	Propor aqui; desenvolvimento aplica no banco textual/código		hac.modules.accessibility.descricao.l331c35.371f1d07	txt.fa065019041d	src/plugin/modules/accessibility.js	331	descricao
20	Acessibilidade	Texto da interface	Identificar o status do componente como marcado ou desmarcado com o atributo aria-checked="true" ou "false". Deve-se também, inserir aria-label para adicionar um nome acessível ao elemento.		A revisar	Texto montado dinamicamente pela interface	2	Propor aqui; desenvolvimento aplica no banco textual/código		hac.modules.accessibility.notascodigo.l331c82.860a1b0b	txt.cee0ea370308	src/plugin/modules/accessibility.js	331	notasCodigo
21	Acessibilidade	Texto da interface	Identificar como alert, deve interromper outros processos e anunciar o conteúdo da notificação sem mover o foco para ele.		A revisar	Texto montado dinamicamente pela interface	1	Propor aqui; desenvolvimento aplica no banco textual/código		hac.modules.accessibility.descricao.l332c35.0e1ed514	txt.941370ed4b58	src/plugin/modules/accessibility.js	332	descricao
22	Acessibilidade	Texto da interface	Em HTML, o atributo aria-live="assertive" está implícito na função de alerta.		A revisar	Texto montado dinamicamente pela interface	1	Propor aqui; desenvolvimento aplica no banco textual/código		hac.modules.accessibility.notascodigo.l332c173.fd318b65	txt.679e6d8a12ad	src/plugin/modules/accessibility.js	332	notasCodigo
23	Acessibilidade	Texto da interface	Agrupar e identificar como tab. Deve-se ler o seu rótulo visível junto de sua localização no grupo. A exemplo: "1 de 3". Também considerar o status do elemento como "selecionado".		A revisar	Texto montado dinamicamente pela interface	1	Propor aqui; desenvolvimento aplica no banco textual/código		hac.modules.accessibility.descricao.l333c35.3bc68b2d	txt.a2cb6e25b562	src/plugin/modules/accessibility.js	333	descricao
24	Acessibilidade	Texto da interface	Em HTML, deve ser fornecido a role="tablist" por padrão, role="tab" quando selecionado e role="tabpanel" quando expandindo. O atributo aria-selected é definido automaticamente com base na alteração da seleção.		A revisar	Texto montado dinamicamente pela interface	2	Propor aqui; desenvolvimento aplica no banco textual/código		hac.modules.accessibility.notascodigo.l333c231.7b4f7991	txt.8f9dca34022a	src/plugin/modules/accessibility.js	333	notasCodigo
25	Acessibilidade	Texto da interface	Identificar como switch.		A revisar	Texto montado dinamicamente pela interface	1	Propor aqui; desenvolvimento aplica no banco textual/código		hac.modules.accessibility.descricao.l334c35.dd76e4aa	txt.054ab0329291	src/plugin/modules/accessibility.js	334	descricao
26	Acessibilidade	Texto da interface	Identificar o status do componente como marcado ou desmarcado com o atributo aria-checked="true" ou "false". Deve-se também, inserir aria-label para adicionar um nome acessível ao elemento.		A revisar	Texto montado dinamicamente pela interface	2	Propor aqui; desenvolvimento aplica no banco textual/código		hac.modules.accessibility.notascodigo.l334c76.145e6750	txt.cee0ea370308	src/plugin/modules/accessibility.js	334	notasCodigo
27	Acessibilidade	Texto da interface	Identificar como table e ler a sua estrutura com a quantidade de linhas e colunas.		A revisar	Texto montado dinamicamente pela interface	1	Propor aqui; desenvolvimento aplica no banco textual/código		hac.modules.accessibility.descricao.l335c35.36e86f83	txt.0bb97b181b77	src/plugin/modules/accessibility.js	335	descricao
28	Acessibilidade	Texto da interface	Inserir o atributo aria-label em HTML para adicionar um nome acessível e aria-describedby="IDREF" referindo-se a legenda para a tabela.		A revisar	Texto montado dinamicamente pela interface	1	Propor aqui; desenvolvimento aplica no banco textual/código		hac.modules.accessibility.notascodigo.l335c134.8999f925	txt.b8c4b68417b8	src/plugin/modules/accessibility.js	335	notasCodigo
29	Acessibilidade	Texto da interface	Agrupar e identificar como tab. Deve-se ler o seu rótulo visível junto de sua localização no grupo. A exemplo: "1 de 3". Também considerar o status do componente quando estiver "selecionado".		A revisar	Texto montado dinamicamente pela interface	1	Propor aqui; desenvolvimento aplica no banco textual/código		hac.modules.accessibility.descricao.l336c35.e38be462	txt.8d7c84a0be19	src/plugin/modules/accessibility.js	336	descricao
30	Acessibilidade	Texto da interface	Em HTML, deve ser fornecido a role="tablist" por padrão, role="tab" quando selecionado e role="tabpanel" quando expandindo. O atributo aria-selected é definido automaticamente com base na alteração da seleção.		A revisar	Texto montado dinamicamente pela interface	2	Propor aqui; desenvolvimento aplica no banco textual/código		hac.modules.accessibility.notascodigo.l336c243.2fb367f1	txt.8f9dca34022a	src/plugin/modules/accessibility.js	336	notasCodigo
31	Acessibilidade	Texto da interface	Inserir o seguinte texto alternativo no elemento: [insira aqui o texto alternativo].		A revisar	Texto montado dinamicamente pela interface	1	Propor aqui; desenvolvimento aplica no banco textual/código		hac.modules.accessibility.descricao.l337c35.fdc0fa60	txt.9523fe8de41e	src/plugin/modules/accessibility.js	337	descricao
32	Acessibilidade	Texto da interface	Insira seu texto com as anotações necessárias para o pessoal de desenvolvimento.		A revisar	Texto montado dinamicamente pela interface	3	Propor aqui; desenvolvimento aplica no banco textual/código		hac.modules.accessibility.notascodigo.l337c136.87137cd4	txt.1efe3c1be007	src/plugin/modules/accessibility.js	337	notasCodigo
33	Acessibilidade	Texto da interface	Identificar como link e anunciar que o link abre uma nova janela e direciona o foco para ela.		A revisar	Texto montado dinamicamente pela interface	1	Propor aqui; desenvolvimento aplica no banco textual/código		hac.modules.accessibility.descricao.l347c18.6bd4bf2c	txt.b9903f0f5981	src/plugin/modules/accessibility.js	347	descricao
34	Acessibilidade	Texto da interface	Indicar o idioma predominante da página como: [insira aqui o idioma].		A revisar	Texto montado dinamicamente pela interface	1	Propor aqui; desenvolvimento aplica no banco textual/código		hac.modules.accessibility.descricao.l352c34.34b49141	txt.3561b27c1ccd	src/plugin/modules/accessibility.js	352	descricao
35	Acessibilidade	Texto da interface	. Para inglês:		A revisar	Texto visível diretamente na tela	1	Propor aqui; desenvolvimento aplica no banco textual/código		hac.modules.accessibility.html.text.1.43cade2b	txt.eca2465a25b0	src/plugin/modules/accessibility.js	352	html
36	Acessibilidade	Texto da interface	. Para espanhol:		A revisar	Texto visível diretamente na tela	1	Propor aqui; desenvolvimento aplica no banco textual/código		hac.modules.accessibility.html.text.2.73ecbc9f	txt.9cc611ed4229	src/plugin/modules/accessibility.js	352	html
37	Acessibilidade	Texto da interface	Indicar a(s) palavras(s) em um idioma.		A revisar	Texto montado dinamicamente pela interface	1	Propor aqui; desenvolvimento aplica no banco textual/código		hac.modules.accessibility.descricao.l353c34.cdca0f04	txt.8194417f8112	src/plugin/modules/accessibility.js	353	descricao
38	Acessibilidade	Texto da interface	Em HTML, use o atributo lang para declarar o conteúdo circundante como links ou outras partes do texto.		A revisar	Texto montado dinamicamente pela interface	1	Propor aqui; desenvolvimento aplica no banco textual/código		hac.modules.accessibility.notascodigo.l353c89.82ffaa50	txt.9299800c5225	src/plugin/modules/accessibility.js	353	notasCodigo
39	Acessibilidade	Texto da interface	Indicar como cabeçalho.		A revisar	Texto montado dinamicamente pela interface	1	Propor aqui; desenvolvimento aplica no banco textual/código		hac.modules.accessibility.descricao.l356c28.87125ead	txt.68a82297331a	src/plugin/modules/accessibility.js	356	descricao
40	Acessibilidade	Texto da interface	Indicar como navegação.		A revisar	Texto montado dinamicamente pela interface	1	Propor aqui; desenvolvimento aplica no banco textual/código		hac.modules.accessibility.descricao.l357c28.91eb7bb0	txt.177b4799a54d	src/plugin/modules/accessibility.js	357	descricao
41	Acessibilidade	Texto da interface	Indicar o conteúdo como principal da página.		A revisar	Texto montado dinamicamente pela interface	1	Propor aqui; desenvolvimento aplica no banco textual/código		hac.modules.accessibility.descricao.l358c28.4a65c6f5	txt.f69652a36974	src/plugin/modules/accessibility.js	358	descricao
42	Acessibilidade	Texto da interface	não deve ser usado dentro de elementos como		A revisar	Texto visível diretamente na tela	1	Propor aqui; desenvolvimento aplica no banco textual/código		hac.modules.accessibility.main.text.1.9f95412a	txt.e16d68ee73fe	src/plugin/modules/accessibility.js	358	main
43	Acessibilidade	Texto da interface	ou		A revisar	Texto visível diretamente na tela	1	Propor aqui; desenvolvimento aplica no banco textual/código		hac.modules.accessibility.header.text.1.d1e4c216	txt.d5f10c9bc837	src/plugin/modules/accessibility.js	358	header
44	Acessibilidade	Texto da interface	Indicar como seção.		A revisar	Texto montado dinamicamente pela interface	1	Propor aqui; desenvolvimento aplica no banco textual/código		hac.modules.accessibility.descricao.l359c28.e0784d00	txt.429613056dfa	src/plugin/modules/accessibility.js	359	descricao
45	Acessibilidade	Texto da interface	Indicar como rodapé.		A revisar	Texto montado dinamicamente pela interface	1	Propor aqui; desenvolvimento aplica no banco textual/código		hac.modules.accessibility.descricao.l360c28.3b3919aa	txt.c2721138b032	src/plugin/modules/accessibility.js	360	descricao
46	Acessibilidade	Texto da interface	accessibilityRole="header"		A revisar	Texto montado dinamicamente pela interface	2	Propor aqui; desenvolvimento aplica no banco textual/código		hac.modules.accessibility.notacodigo.l368c29.9fdd693a	txt.c14ab5875cee	src/plugin/modules/accessibility.js	368	notaCodigo
47	Acessibilidade	Texto da interface	accessibilityRole="menu" (ou "navigation" nas plataformas/bibliotecas que suportarem o role customizado)		A revisar	Texto montado dinamicamente pela interface	1	Propor aqui; desenvolvimento aplica no banco textual/código		hac.modules.accessibility.notacodigo.l369c29.5f8f139a	txt.6ef4e2685985	src/plugin/modules/accessibility.js	369	notaCodigo
48	Acessibilidade	Texto da interface	Definir o título da página como: [insira aqui o título].		A revisar	Texto montado dinamicamente pela interface	1	Propor aqui; desenvolvimento aplica no banco textual/código		hac.modules.accessibility.descricao.l374c32.41b47a0b	txt.d21e28ab980c	src/plugin/modules/accessibility.js	374	descricao
49	Acessibilidade	Texto da interface	Insira seu texto da descrição.		A revisar	Texto montado dinamicamente pela interface	1	Propor aqui; desenvolvimento aplica no banco textual/código		hac.modules.accessibility.descricao.l375c32.631fa18f	txt.cd43f989bfc0	src/plugin/modules/accessibility.js	375	descricao
50	Acessibilidade	Texto da interface	Insira seu texto com as anotações necessárias para o pessoal de desenvolvimento.		A revisar	Texto montado dinamicamente pela interface	3	Propor aqui; desenvolvimento aplica no banco textual/código		hac.modules.accessibility.notascodigo.l375c79.04afc0ae	txt.1efe3c1be007	src/plugin/modules/accessibility.js	375	notasCodigo
51	Acessibilidade	Texto da interface	Identificar como título de nível 1.		A revisar	Texto montado dinamicamente pela interface	1	Propor aqui; desenvolvimento aplica no banco textual/código		hac.modules.accessibility.descricao.l379c24.3e1a1f22	txt.507c95bbb949	src/plugin/modules/accessibility.js	379	descricao
52	Acessibilidade	Texto da interface	Identificar como título de nível 2.		A revisar	Texto montado dinamicamente pela interface	1	Propor aqui; desenvolvimento aplica no banco textual/código		hac.modules.accessibility.descricao.l380c24.68bcb7fb	txt.00150951cc70	src/plugin/modules/accessibility.js	380	descricao
53	Acessibilidade	Texto da interface	Identificar como título de nível 3.		A revisar	Texto montado dinamicamente pela interface	1	Propor aqui; desenvolvimento aplica no banco textual/código		hac.modules.accessibility.descricao.l381c24.fa437467	txt.810a1fa51535	src/plugin/modules/accessibility.js	381	descricao
54	Acessibilidade	Texto da interface	Identificar como título de nível 4.		A revisar	Texto montado dinamicamente pela interface	1	Propor aqui; desenvolvimento aplica no banco textual/código		hac.modules.accessibility.descricao.l382c24.29d79256	txt.9e90b30d6663	src/plugin/modules/accessibility.js	382	descricao
55	Acessibilidade	Texto da interface	Identificar como título de nível 5.		A revisar	Texto montado dinamicamente pela interface	1	Propor aqui; desenvolvimento aplica no banco textual/código		hac.modules.accessibility.descricao.l383c24.d2e80d69	txt.e1bfdd26da13	src/plugin/modules/accessibility.js	383	descricao
56	Acessibilidade	Texto da interface	Identificar como título de nível 6.		A revisar	Texto montado dinamicamente pela interface	1	Propor aqui; desenvolvimento aplica no banco textual/código		hac.modules.accessibility.descricao.l384c24.28ff2454	txt.9034471afd2c	src/plugin/modules/accessibility.js	384	descricao
57	Acessibilidade	Texto da interface	Identificar como título.		A revisar	Texto montado dinamicamente pela interface	1	Propor aqui; desenvolvimento aplica no banco textual/código		hac.modules.accessibility.descricao.l386c26.3f117e46	txt.c017f8ad0826	src/plugin/modules/accessibility.js	386	descricao
58	Acessibilidade	Texto da interface	accessibilityRole="header"		A revisar	Texto montado dinamicamente pela interface	2	Propor aqui; desenvolvimento aplica no banco textual/código		hac.modules.accessibility.notacodigo.l386c66.2c06c483	txt.c14ab5875cee	src/plugin/modules/accessibility.js	386	notaCodigo
59	Acessibilidade	Texto da interface	Não deve ser anunciado pelo Leitor de Tela.		A revisar	Texto montado dinamicamente pela interface	4	Propor aqui; desenvolvimento aplica no banco textual/código		hac.modules.accessibility.descricao.l389c26.f906ffca	txt.7d252c113f2b	src/plugin/modules/accessibility.js	389	descricao
60	Acessibilidade	Texto da interface	Insira seu texto com as anotações necessárias para o pessoal de desenvolvimento.		A revisar	Texto montado dinamicamente pela interface	3	Propor aqui; desenvolvimento aplica no banco textual/código		hac.modules.accessibility.notascodigo.l389c86.3030681d	txt.1efe3c1be007	src/plugin/modules/accessibility.js	389	notasCodigo
61	Acessibilidade	Texto da interface	Não deve ser anunciado pelo Leitor de Tela.		A revisar	Texto montado dinamicamente pela interface	4	Propor aqui; desenvolvimento aplica no banco textual/código		hac.modules.accessibility.descricao.l390c26.ac683195	txt.7d252c113f2b	src/plugin/modules/accessibility.js	390	descricao
62	Acessibilidade	Texto da interface	Em HTML utilize o atributo alt="" com o valor vazio.		A revisar	Texto montado dinamicamente pela interface	1	Propor aqui; desenvolvimento aplica no banco textual/código		hac.modules.accessibility.notascodigo.l390c86.a0c2ae46	txt.fcd7aaccc5fc	src/plugin/modules/accessibility.js	390	notasCodigo
63	Acessibilidade	Texto da interface	Não deve ser anunciado pelo Leitor de Tela.		A revisar	Texto montado dinamicamente pela interface	4	Propor aqui; desenvolvimento aplica no banco textual/código		hac.modules.accessibility.descricao.l400c24.909d3fbe	txt.7d252c113f2b	src/plugin/modules/accessibility.js	400	descricao
64	Acessibilidade	Texto da interface	Observações		A revisar	Texto montado dinamicamente pela interface	13	Propor aqui; desenvolvimento aplica no banco textual/código		hac.modules.accessibility.observacoes.l503c16.9cfccab9	txt.c358a1fc1734	src/plugin/modules/accessibility.js	503	observacoes
65	Acessibilidade	Texto da interface	Dica para Leitor de Tela		A revisar	Texto montado dinamicamente pela interface	3	Propor aqui; desenvolvimento aplica no banco textual/código		hac.modules.accessibility.label.l549c38.aa2f17d5	txt.e1b02384952e	src/plugin/modules/accessibility.js	549	label
66	Acessibilidade	Texto da interface	Inserir o seguinte accessibilityHint: [explicação sobre o que acontecerá após a ação].		A revisar	Texto montado dinamicamente pela interface	1	Propor aqui; desenvolvimento aplica no banco textual/código		hac.modules.accessibility.placeholder.l549c79.50d3b3c9	txt.3fe193277d4a	src/plugin/modules/accessibility.js	549	placeholder
67	Acessibilidade	Texto da interface	Não identificado		A revisar	Texto montado dinamicamente pela interface	1	Propor aqui; desenvolvimento aplica no banco textual/código		hac.modules.accessibility.rendera11ymodaldsccomponentname.innerhtml.l785c46.e69a4f16	txt.5c0a2535f150	src/plugin/modules/accessibility.js	785	_renderA11yModalDscComponentName > innerHTML
68	Acessibilidade	Texto da interface	Abrir componente na lib DSC		A revisar	Ajuda exibida ao passar o cursor	1	Propor aqui; desenvolvimento aplica no banco textual/código		hac.modules.accessibility.a.1.title.734a5341	txt.a06047ec46a0	src/plugin/modules/accessibility.js	791	a.1
69	Acessibilidade	Texto da interface	linkComponente		A revisar	Texto montado dinamicamente pela interface	1	Propor aqui; desenvolvimento aplica no banco textual/código		hac.modules.accessibility.linkcomponente.l870c36.4c806f8b	txt.00b415f9ca7e	src/plugin/modules/accessibility.js	870	linkComponente
70	Acessibilidade	Texto da interface	Entendi, começar seleção		A revisar	Texto montado dinamicamente pela interface	4	Propor aqui; desenvolvimento aplica no banco textual/código		hac.modules.accessibility.opena11ycategorypickermodal.textcontent.l1072c48.a0ab2dc5	txt.438f5ae0e533	src/plugin/modules/accessibility.js	1072	openA11yCategoryPickerModal > textContent
71	Acessibilidade	Texto da interface	a11y-category-picker-area-label		A revisar	Texto montado dinamicamente pela interface	2	Propor aqui; desenvolvimento aplica no banco textual/código		hac.modules.accessibility.opena11ywizardcategorypickermodal.label.l1145c41.2be15c0f	txt.b222bed76136	src/plugin/modules/accessibility.js	1145	openA11yWizardCategoryPickerModal > label
72	Acessibilidade	Texto da interface	a11y-category-picker-title-text		A revisar	Texto montado dinamicamente pela interface	2	Propor aqui; desenvolvimento aplica no banco textual/código		hac.modules.accessibility.opena11ywizardcategorypickermodal.titletext.l1147c45.ab3e3c61	txt.b8fa3c909b57	src/plugin/modules/accessibility.js	1147	openA11yWizardCategoryPickerModal > titleText
73	Acessibilidade	Texto da interface	Alterar Especificação		A revisar	Texto montado dinamicamente pela interface	1	Propor aqui; desenvolvimento aplica no banco textual/código		hac.modules.accessibility.opena11ywizardcategorypickermodal.textcontent.l1148c42.30ca4dc2	txt.9841cc325608	src/plugin/modules/accessibility.js	1148	openA11yWizardCategoryPickerModal > textContent
74	Acessibilidade	Texto da interface	a11y-category-btn-titulo-label		A revisar	Texto montado dinamicamente pela interface	1	Propor aqui; desenvolvimento aplica no banco textual/código		hac.modules.accessibility.applya11ycategorypickeroriginfilter.titulolabelel.l1168c.46e7bf87	txt.d4d8b835fefd	src/plugin/modules/accessibility.js	1168	_applyA11yCategoryPickerOriginFilter > tituloLabelEl
75	Acessibilidade	Texto da interface	a11y-category-picker-area-label		A revisar	Texto montado dinamicamente pela interface	2	Propor aqui; desenvolvimento aplica no banco textual/código		hac.modules.accessibility.opena11ycategorypickermodalnow.label.l1177c41.ec6d2022	txt.b222bed76136	src/plugin/modules/accessibility.js	1177	_openA11yCategoryPickerModalNow > label
76	Acessibilidade	Texto da interface	Nova spec em: ${area.number} ${area.label}		A revisar	Texto montado dinamicamente pela interface	1	Propor aqui; desenvolvimento valida as partes dinâmicas antes de aplicar		hac.modules.accessibility.opena11ycategorypickermodalnow.textcontent.l1181c27.7975b367	txt.a6d56473a3a6	src/plugin/modules/accessibility.js	1181	_openA11yCategoryPickerModalNow > textContent
77	Acessibilidade	Texto da interface	a11y-category-picker-title-text		A revisar	Texto montado dinamicamente pela interface	2	Propor aqui; desenvolvimento aplica no banco textual/código		hac.modules.accessibility.opena11ycategorypickermodalnow.titletext.l1187c45.348773ea	txt.b8fa3c909b57	src/plugin/modules/accessibility.js	1187	_openA11yCategoryPickerModalNow > titleText
78	Acessibilidade	Texto da interface	Nova especificação		A revisar	Texto montado dinamicamente pela interface	2	Propor aqui; desenvolvimento aplica no banco textual/código		hac.modules.accessibility.opena11ycategorypickermodalnow.textcontent.l1188c42.05b52fb0	txt.de843bb6dfcf	src/plugin/modules/accessibility.js	1188	_openA11yCategoryPickerModalNow > textContent
79	Acessibilidade	Texto da interface	a11y-category-picker-selection-status		A revisar	Texto montado dinamicamente pela interface	1	Propor aqui; desenvolvimento aplica no banco textual/código		hac.modules.accessibility.applya11ymanualmatchtopicker.statuswrap.l1233c46.b1db677c	txt.e7a407df6e25	src/plugin/modules/accessibility.js	1233	_applyA11yManualMatchToPicker > statusWrap
80	Acessibilidade	Texto da interface	a11y-category-picker-selection-name		A revisar	Texto montado dinamicamente pela interface	1	Propor aqui; desenvolvimento aplica no banco textual/código		hac.modules.accessibility.applya11ymanualmatchtopicker.statusname.l1234c46.12ff0e8a	txt.8e66dc8426f5	src/plugin/modules/accessibility.js	1234	_applyA11yManualMatchToPicker > statusName
81	Acessibilidade	Texto da interface	a11y-category-picker-selection-hint		A revisar	Texto montado dinamicamente pela interface	1	Propor aqui; desenvolvimento aplica no banco textual/código		hac.modules.accessibility.applya11ymanualmatchtopicker.statushint.l1235c46.cecf5855	txt.0bb5148d5565	src/plugin/modules/accessibility.js	1235	_applyA11yManualMatchToPicker > statusHint
82	Acessibilidade	Texto da interface	— ${result.match.containingFrame}		A revisar	Texto montado dinamicamente pela interface	1	Propor aqui; desenvolvimento valida as partes dinâmicas antes de aplicar		hac.modules.accessibility.framelabel.l1246c11.d78b92e9	txt.eaa22717bd21	src/plugin/modules/accessibility.js	1246	frameLabel
83	Acessibilidade	Texto da interface	Sugerido		A revisar	Texto montado dinamicamente pela interface	1	Propor aqui; desenvolvimento aplica no banco textual/código		hac.modules.accessibility.applya11ymanualmatchtopicker.textcontent.l1283c25.69e97214	txt.a3779ccfc4ae	src/plugin/modules/accessibility.js	1283	_applyA11yManualMatchToPicker > textContent
84	Acessibilidade	Texto da interface	Aplicar		A revisar	Texto montado dinamicamente pela interface	3	Propor aqui; desenvolvimento aplica no banco textual/código		hac.modules.accessibility.opena11ymodal.textcontent.l1412c54.89d4a2f8	txt.1ce04f516b65	src/plugin/modules/accessibility.js	1412	openA11yModal > textContent
85	Acessibilidade	Texto da interface	a11y-modal-area-label		A revisar	Texto montado dinamicamente pela interface	1	Propor aqui; desenvolvimento aplica no banco textual/código		hac.modules.accessibility.opena11ymodal.arealabelel.l1428c47.9221d26d	txt.636baf4f0a05	src/plugin/modules/accessibility.js	1428	openA11yModal > areaLabelEl
86	Acessibilidade	Texto da interface	Área: ${area.number} ${area.label}		A revisar	Texto montado dinamicamente pela interface	1	Propor aqui; desenvolvimento valida as partes dinâmicas antes de aplicar		hac.modules.accessibility.opena11ymodal.textcontent.l1432c33.be5974a2	txt.673dbcaea2e3	src/plugin/modules/accessibility.js	1432	openA11yModal > textContent
87	Acessibilidade	Texto da interface	0/${max}		A revisar	Texto visível diretamente na tela	2	Propor aqui; desenvolvimento valida as partes dinâmicas antes de aplicar		hac.modules.accessibility.span.text.1.fe999f4a	txt.fdcedf805d4d	src/plugin/modules/accessibility.js	1864	span
88	Acessibilidade	Texto da interface	Descrição (fixa)		A revisar	Texto visível diretamente na tela	1	Propor aqui; desenvolvimento aplica no banco textual/código		hac.modules.accessibility.p.text.1.1d7ba56a	txt.16a707657dd2	src/plugin/modules/accessibility.js	1874	p
89	Acessibilidade	Texto da interface	Descrição (texto alternativo) *		A revisar	Texto visível diretamente na tela	1	Propor aqui; desenvolvimento aplica no banco textual/código		hac.modules.accessibility.label.text.1.46811a34	txt.4fb0af830e5c	src/plugin/modules/accessibility.js	1887	label
90	Acessibilidade	Texto da interface	Insira aqui o texto alternativo da imagem/mídia.		A revisar	Exemplo ou orientação dentro de um campo	1	Propor aqui; desenvolvimento aplica no banco textual/código		hac.modules.accessibility.a11y.el.mobile.alt.descricao.placeholder.bb62403a	txt.f89980316a2c	src/plugin/modules/accessibility.js	1890	a11y-el-mobile-alt-descricao
91	Acessibilidade	Texto da interface	Componente do DSC		A revisar	Texto visível diretamente na tela	1	Propor aqui; desenvolvimento aplica no banco textual/código		hac.modules.accessibility.label.text.1.af83aaec	txt.8334f25231ea	src/plugin/modules/accessibility.js	1997	label
92	Acessibilidade	Texto da interface	Leitor de Tela		A revisar	Texto visível diretamente na tela	13	Propor aqui; desenvolvimento aplica no banco textual/código		hac.modules.accessibility.label.text.2.e4c4e02b	txt.2cccdb3dac0d	src/plugin/modules/accessibility.js	2004	label
93	Acessibilidade	Texto da interface	Link ou nome do componente *		A revisar	Texto visível diretamente na tela	1	Propor aqui; desenvolvimento aplica no banco textual/código		hac.modules.accessibility.label.text.3.dedc3532	txt.676912bcb62d	src/plugin/modules/accessibility.js	2011	label
94	Acessibilidade	Texto da interface	Preenchido automaticamente a partir do componente do DSC.		A revisar	Texto visível diretamente na tela	1	Propor aqui; desenvolvimento aplica no banco textual/código		hac.modules.accessibility.html.text.1.dd9a5322	txt.8db04a17b167	src/plugin/modules/accessibility.js	2018	html
95	Acessibilidade	Texto da interface	a11y-el-label-wrap		A revisar	Texto montado dinamicamente pela interface	4	Propor aqui; desenvolvimento aplica no banco textual/código		hac.modules.accessibility.reseta11ymobilenomeacessivelslot.labelwrap.l2244c45.fc1a972d	txt.d79fcb33a5ad	src/plugin/modules/accessibility.js	2244	_resetA11yMobileNomeAcessivelSlot > labelWrap
96	Acessibilidade	Texto da interface	a11y-el-label-wrap-heading		A revisar	Texto montado dinamicamente pela interface	2	Propor aqui; desenvolvimento aplica no banco textual/código		hac.modules.accessibility.reseta11ymobilenomeacessivelslot.labelwrapheading.l2245c.ff830b4b	txt.82a4e694e9ed	src/plugin/modules/accessibility.js	2245	_resetA11yMobileNomeAcessivelSlot > labelWrapHeading
97	Acessibilidade	Texto da interface	a11y-el-label-wrap		A revisar	Texto montado dinamicamente pela interface	4	Propor aqui; desenvolvimento aplica no banco textual/código		hac.modules.accessibility.updatea11ymobilenomeacessivelvisibility.labelwrap.l2256c.1b79f8f1	txt.d79fcb33a5ad	src/plugin/modules/accessibility.js	2256	_updateA11yMobileNomeAcessivelVisibility > labelWrap
98	Acessibilidade	Texto da interface	a11y-el-label-wrap-heading		A revisar	Texto montado dinamicamente pela interface	2	Propor aqui; desenvolvimento aplica no banco textual/código		hac.modules.accessibility.updatea11ymobilenomeacessivelvisibility.labelwrapheading.a23a7597	txt.82a4e694e9ed	src/plugin/modules/accessibility.js	2257	_updateA11yMobileNomeAcessivelVisibility > labelWrapHeading
99	Acessibilidade	Texto da interface	a11y-el-mobile-observacoes-textarea-wrap		A revisar	Texto montado dinamicamente pela interface	1	Propor aqui; desenvolvimento aplica no banco textual/código		hac.modules.accessibility.updatea11ymobileobservacoesvisibility.textareawrap.l2324.e0389c42	txt.44f18d945337	src/plugin/modules/accessibility.js	2324	_updateA11yMobileObservacoesVisibility > textareaWrap
100	Acessibilidade	Texto da interface	a11y-el-label-wrap		A revisar	Texto montado dinamicamente pela interface	4	Propor aqui; desenvolvimento aplica no banco textual/código		hac.modules.accessibility.synca11ymobileobservacoesplacement.labelwrap.l2361c45.2788a1b3	txt.d79fcb33a5ad	src/plugin/modules/accessibility.js	2361	_syncA11yMobileObservacoesPlacement > labelWrap
101	Acessibilidade	Texto da interface	hidden		A revisar	Texto montado dinamicamente pela interface	2	Propor aqui; desenvolvimento aplica no banco textual/código		hac.modules.accessibility.synca11ymobileobservacoesplacement.labelnalinhadatag.l23.6c9b2e7d	txt.99d72c7fc3e2	src/plugin/modules/accessibility.js	2374	_syncA11yMobileObservacoesPlacement > labelNaLinhaDaTag
102	Acessibilidade	Texto da interface	a11y-el-label-wrap		A revisar	Texto montado dinamicamente pela interface	4	Propor aqui; desenvolvimento aplica no banco textual/código		hac.modules.accessibility.updatea11ymobilelabelvisibility.labelwrap.l2461c45.6dcef6e5	txt.d79fcb33a5ad	src/plugin/modules/accessibility.js	2461	_updateA11yMobileLabelVisibility > labelWrap
103	Acessibilidade	Texto da interface	a11y-el-label		A revisar	Texto montado dinamicamente pela interface	4	Propor aqui; desenvolvimento aplica no banco textual/código		hac.modules.accessibility.updatea11ymobilelabelvisibility.labelinput.l2463c46.0311ed83	txt.9d62150a8bd9	src/plugin/modules/accessibility.js	2463	_updateA11yMobileLabelVisibility > labelInput
104	Acessibilidade	Texto da interface	Descrição		A revisar	Texto montado dinamicamente pela interface	16	Propor aqui; desenvolvimento aplica no banco textual/código		hac.modules.accessibility.collecta11yelementomobiletoggleproperties.push.l2541c44.68846f9b	txt.e9df693ec666	src/plugin/modules/accessibility.js	2541	_collectA11yElementoMobileToggleProperties > push
105	Acessibilidade	Texto da interface	Componente do DSC (Link)		A revisar	Texto montado dinamicamente pela interface	1	Propor aqui; desenvolvimento aplica no banco textual/código		hac.modules.accessibility.collecta11yelementomobiletoggleproperties.push.l2547c69.51d24eb5	txt.af266683af91	src/plugin/modules/accessibility.js	2547	_collectA11yElementoMobileToggleProperties > push
106	Acessibilidade	Texto da interface	Leitor de Tela		A revisar	Texto montado dinamicamente pela interface	13	Propor aqui; desenvolvimento aplica no banco textual/código		hac.modules.accessibility.collecta11yelementomobiletoggleproperties.push.l2560c47.7002bb7a	txt.2cccdb3dac0d	src/plugin/modules/accessibility.js	2560	_collectA11yElementoMobileToggleProperties > push
107	Acessibilidade	Texto da interface	a11y-el-label		A revisar	Texto montado dinamicamente pela interface	4	Propor aqui; desenvolvimento aplica no banco textual/código		hac.modules.accessibility.labelinput.l2600c50.1c31f39c	txt.9d62150a8bd9	src/plugin/modules/accessibility.js	2600	labelInput
108	Acessibilidade	Texto da interface	a11y-modal-duplicate-warning		A revisar	Texto montado dinamicamente pela interface	2	Propor aqui; desenvolvimento aplica no banco textual/código		hac.modules.accessibility.edita11yduplicatespecfrommodal.warningel.l2946c45.7a71cd00	txt.47f03e92d4fc	src/plugin/modules/accessibility.js	2946	_editA11yDuplicateSpecFromModal > warningEl
109	Acessibilidade	Texto da interface	a11y-modal-duplicate-warning		A revisar	Texto montado dinamicamente pela interface	2	Propor aqui; desenvolvimento aplica no banco textual/código		hac.modules.accessibility.prefilla11ycomponentname.warningel.l2995c45.c412a8db	txt.47f03e92d4fc	src/plugin/modules/accessibility.js	2995	prefillA11yComponentName > warningEl
110	Acessibilidade	Texto da interface	a11y-el-label		A revisar	Texto montado dinamicamente pela interface	4	Propor aqui; desenvolvimento aplica no banco textual/código		hac.modules.accessibility.filla11ylabelifempty.labelinput.l3024c46.604e4312	txt.9d62150a8bd9	src/plugin/modules/accessibility.js	3024	_fillA11yLabelIfEmpty > labelInput
111	Acessibilidade	Texto da interface	Insira seu texto de ${escapeHtml(t.label.toLowerCase())}.		A revisar	Exemplo ou orientação dentro de um campo	1	Propor aqui; desenvolvimento valida as partes dinâmicas antes de aplicar		hac.modules.accessibility.textarea.1.placeholder.f706de53	txt.72e9d6d73096	src/plugin/modules/accessibility.js	3079	textarea.1
112	Acessibilidade	Texto da interface	0/${max}		A revisar	Texto visível diretamente na tela	2	Propor aqui; desenvolvimento valida as partes dinâmicas antes de aplicar		hac.modules.accessibility.span.text.1.9217fc3b	txt.fdcedf805d4d	src/plugin/modules/accessibility.js	3082	span
113	Acessibilidade	Texto da interface	a11y-el-label		A revisar	Texto montado dinamicamente pela interface	4	Propor aqui; desenvolvimento aplica no banco textual/código		hac.modules.accessibility.finisha11yspecconfirm.label.l3597c21.ed12c5b9	txt.9d62150a8bd9	src/plugin/modules/accessibility.js	3597	_finishA11ySpecConfirm > label
114	Acessibilidade	Texto da interface	Label		A revisar	Texto montado dinamicamente pela interface	5	Propor aqui; desenvolvimento aplica no banco textual/código		hac.modules.accessibility.filter.l3636c54.e3c04883	txt.64c65374dbab	src/plugin/modules/accessibility.js	3636	filter
115	Acessibilidade	Texto da interface	Descrição		A revisar	Texto montado dinamicamente pela interface	16	Propor aqui; desenvolvimento aplica no banco textual/código		hac.modules.accessibility.filter.l3637c59.a1b70cb2	txt.e9df693ec666	src/plugin/modules/accessibility.js	3637	filter
116	Acessibilidade	Texto da interface	Personalizado		A revisar	Texto montado dinamicamente pela interface	7	Propor aqui; desenvolvimento aplica no banco textual/código		hac.modules.accessibility.componenteopcao.l3657c66.69ed59cc	txt.134cd863bd84	src/plugin/modules/accessibility.js	3657	componenteOpcao
117	Acessibilidade	Texto da interface	Componente		A revisar	Texto montado dinamicamente pela interface	11	Propor aqui; desenvolvimento aplica no banco textual/código		hac.modules.accessibility.unshift.l3660c56.3b3ea46c	txt.b997b3fca96a	src/plugin/modules/accessibility.js	3660	unshift
118	Acessibilidade	Texto da interface	Descrição		A revisar	Texto montado dinamicamente pela interface	16	Propor aqui; desenvolvimento aplica no banco textual/código		hac.modules.accessibility.label.l3674c34.5384efe3	txt.e9df693ec666	src/plugin/modules/accessibility.js	3674	label
119	Acessibilidade	Texto da interface	Nota de Código		A revisar	Texto montado dinamicamente pela interface	6	Propor aqui; desenvolvimento aplica no banco textual/código		hac.modules.accessibility.push.l3677c51.e9bd032c	txt.e626b601a40b	src/plugin/modules/accessibility.js	3677	push
120	Acessibilidade	Texto da interface	Descrição		A revisar	Texto montado dinamicamente pela interface	16	Propor aqui; desenvolvimento aplica no banco textual/código		hac.modules.accessibility.label.l3698c34.d59d05e3	txt.e9df693ec666	src/plugin/modules/accessibility.js	3698	label
121	Acessibilidade	Texto da interface	Nota de Código		A revisar	Texto montado dinamicamente pela interface	6	Propor aqui; desenvolvimento aplica no banco textual/código		hac.modules.accessibility.push.l3702c85.eada55cb	txt.e626b601a40b	src/plugin/modules/accessibility.js	3702	push
122	Acessibilidade	Texto da interface	Descrição		A revisar	Texto montado dinamicamente pela interface	16	Propor aqui; desenvolvimento aplica no banco textual/código		hac.modules.accessibility.label.l3729c34.1adf2807	txt.e9df693ec666	src/plugin/modules/accessibility.js	3729	label
123	Acessibilidade	Texto da interface	Nota de Código		A revisar	Texto montado dinamicamente pela interface	6	Propor aqui; desenvolvimento aplica no banco textual/código		hac.modules.accessibility.push.l3731c83.3765d8f3	txt.e626b601a40b	src/plugin/modules/accessibility.js	3731	push
124	Acessibilidade	Texto da interface	Acessibilidade		A revisar	Texto montado dinamicamente pela interface	5	Propor aqui; desenvolvimento aplica no banco textual/código		hac.modules.accessibility.a11yspecitemhtml.label.l3991c63.283303d7	txt.2319af1437e6	src/plugin/modules/accessibility.js	3991	_a11ySpecItemHtml > label
125	Acessibilidade	Texto da interface	${showCategoryChip ? `		A revisar	Texto visível diretamente na tela	1	Propor aqui; desenvolvimento valida as partes dinâmicas antes de aplicar		hac.modules.accessibility.div.text.1.767c7248	txt.6f0891bb5bcc	src/plugin/modules/accessibility.js	4028	div
126	Acessibilidade	Texto da interface	` : ''} ⏎ ${spec.a11ySourceLib ? `		A revisar	Texto visível diretamente na tela	1	Propor aqui; desenvolvimento valida as partes dinâmicas antes de aplicar		hac.modules.accessibility.html.text.1.c0a26fdf	txt.7df02761d9bc	src/plugin/modules/accessibility.js	4032	html
127	Acessibilidade	Texto da interface	` : ''} ⏎ ${dscComponentLabel ? `		A revisar	Texto visível diretamente na tela	1	Propor aqui; desenvolvimento valida as partes dinâmicas antes de aplicar		hac.modules.accessibility.html.text.2.f40f7cee	txt.2dfe1ba2013c	src/plugin/modules/accessibility.js	4036	html
128	Acessibilidade	Texto da interface	` : ''} ⏎ ${spec.needsReview ? `		A revisar	Texto visível diretamente na tela	1	Propor aqui; desenvolvimento valida as partes dinâmicas antes de aplicar		hac.modules.accessibility.html.text.3.58be4108	txt.ad1fe8cc6943	src/plugin/modules/accessibility.js	4040	html
129	Acessibilidade	Texto da interface	Especificação precisa de revisão, clique para verificar		A revisar	Ajuda exibida ao passar o cursor	1	Propor aqui; desenvolvimento aplica no banco textual/código		hac.modules.accessibility.button.1.title.ea1fe549	txt.affa09cc28ce	src/plugin/modules/accessibility.js	4042	button.1
130	Acessibilidade	Texto da interface	Verificar		A revisar	Texto visível diretamente na tela	1	Propor aqui; desenvolvimento aplica no banco textual/código		hac.modules.accessibility.html.text.4.24e3b65c	txt.cfa33587adc3	src/plugin/modules/accessibility.js	4045	html
131	Acessibilidade	Texto da interface	Focar no elemento no canvas		A revisar	Ajuda exibida ao passar o cursor	2	Propor aqui; desenvolvimento aplica no banco textual/código		hac.modules.accessibility.button.2.title.8469816f	txt.d9ccd1b3adc7	src/plugin/modules/accessibility.js	4049	button.2
132	Acessibilidade	Texto da interface	${isHidden ? 'Mostrar' : 'Ocultar'} no canvas		A revisar	Ajuda exibida ao passar o cursor	2	Propor aqui; desenvolvimento valida as partes dinâmicas antes de aplicar		hac.modules.accessibility.button.3.title.6c0da328	txt.a2642cd684be	src/plugin/modules/accessibility.js	4054	button.3
133	Acessibilidade	Texto da interface	Editar		A revisar	Ajuda exibida ao passar o cursor	2	Propor aqui; desenvolvimento aplica no banco textual/código		hac.modules.accessibility.button.5.title.cecbc167	txt.c9c43bc17ce2	src/plugin/modules/accessibility.js	4064	button.5
134	Acessibilidade	Texto da interface	Remover		A revisar	Ajuda exibida ao passar o cursor	1	Propor aqui; desenvolvimento aplica no banco textual/código		hac.modules.accessibility.button.6.title.0c06b3db	txt.72c3b1c9dbd5	src/plugin/modules/accessibility.js	4069	button.6
135	Acessibilidade	Texto da interface	{ ⏎ const isLink = p.key === 'linkComponente' && /^https?:\/\//.test(String(p.value || '')); ⏎ const valueHtml = isLink ⏎ ? `		A revisar	Texto visível diretamente na tela	1	Propor aqui; desenvolvimento aplica no banco textual/código		hac.modules.accessibility.div.text.2.f4b8de8c	txt.42b7b0731f68	src/plugin/modules/accessibility.js	4077	div
136	Acessibilidade	Texto da interface	Abrir componente no Figma		A revisar	Ajuda exibida ao passar o cursor	1	Propor aqui; desenvolvimento aplica no banco textual/código		hac.modules.accessibility.a.1.title.1c95c7c6	txt.4b1f1df12c9d	src/plugin/modules/accessibility.js	4080	a.1
137	Acessibilidade	Texto da interface	`; ⏎ return `		A revisar	Texto visível diretamente na tela	1	Propor aqui; desenvolvimento aplica no banco textual/código		hac.modules.accessibility.html.text.5.c91519cb	txt.deae101cd52f	src/plugin/modules/accessibility.js	4081	html
138	Acessibilidade	Texto da interface	`; ⏎ }).join('')}		A revisar	Texto visível diretamente na tela	1	Propor aqui; desenvolvimento aplica no banco textual/código		hac.modules.accessibility.html.text.6.18cfee3e	txt.d078a4e91e58	src/plugin/modules/accessibility.js	4086	html
139	Acessibilidade	Texto da interface	${escapeHtml(categoryLabel)} (${catSpecs.length})		A revisar	Texto visível diretamente na tela	1	Propor aqui; desenvolvimento valida as partes dinâmicas antes de aplicar		hac.modules.accessibility.p.text.1.8d022f52	txt.5cb41b7e9ee1	src/plugin/modules/accessibility.js	4190	p
140	Acessibilidade	Texto da interface	_a11ySpecItemHtml(spec, false)).join('')}		A revisar	Texto visível diretamente na tela	1	Propor aqui; desenvolvimento aplica no banco textual/código		hac.modules.accessibility.body.uid.text.5681a28f	txt.98e615545516	src/plugin/modules/accessibility.js	4194	body-${uid}
141	Acessibilidade	Texto da interface	${item.immediateParentName ? `		A revisar	Texto visível diretamente na tela	1	Propor aqui; desenvolvimento valida as partes dinâmicas antes de aplicar		hac.modules.accessibility.html.text.1.5a662cb9	txt.52865608ff3e	src/plugin/modules/accessibility.js	4253	html
142	Acessibilidade	Texto da interface	Este elemento está dentro de: ${escapeHtml(item.immediateParentName)}		A revisar	Ajuda exibida ao passar o cursor	1	Propor aqui; desenvolvimento valida as partes dinâmicas antes de aplicar		hac.modules.accessibility.p.3.title.6ea4281c	txt.0b86ba14e55e	src/plugin/modules/accessibility.js	4261	p.3
143	Acessibilidade	Texto da interface	dentro de: ${escapeHtml(item.immediateParentName)}		A revisar	Texto visível diretamente na tela	1	Propor aqui; desenvolvimento valida as partes dinâmicas antes de aplicar		hac.modules.accessibility.p.text.1.774409a7	txt.5bb859045866	src/plugin/modules/accessibility.js	4261	p
144	Acessibilidade	Texto da interface	Focar no canvas		A revisar	Ajuda exibida ao passar o cursor	8	Propor aqui; desenvolvimento aplica no banco textual/código		hac.modules.accessibility.button.1.title.d9cbf68b	txt.08f002c56c5f	src/plugin/modules/accessibility.js	4265	button.1
145	Acessibilidade	Texto da interface	Criar especificação		A revisar	Ajuda exibida ao passar o cursor	1	Propor aqui; desenvolvimento aplica no banco textual/código		hac.modules.accessibility.button.2.title.8d274922	txt.89deeb484e4e	src/plugin/modules/accessibility.js	4270	button.2
146	Acessibilidade	Texto da interface	Criar spec		A revisar	Texto visível diretamente na tela	3	Propor aqui; desenvolvimento aplica no banco textual/código		hac.modules.accessibility.html.text.2.105e2964	txt.c0e0305535e3	src/plugin/modules/accessibility.js	4273	html
147	Acessibilidade	Texto da interface	Não documentados (${entries.length})		A revisar	Texto visível diretamente na tela	1	Propor aqui; desenvolvimento valida as partes dinâmicas antes de aplicar		hac.modules.accessibility.p.text.1.f1303b1f	txt.668078613420	src/plugin/modules/accessibility.js	4293	p
148	Acessibilidade	Texto da interface	_a11yUndocumentedItemHtml(areaId, entry)).join('')}		A revisar	Texto visível diretamente na tela	1	Propor aqui; desenvolvimento aplica no banco textual/código		hac.modules.accessibility.undoc.body.uid.text.342a573b	txt.e8b66e20ada4	src/plugin/modules/accessibility.js	4297	undoc-body-${uid}
149	Acessibilidade	Texto da interface	Instruções sobre esta documentação		A revisar	Ajuda exibida ao passar o cursor	6	Propor aqui; desenvolvimento aplica no banco textual/código		hac.modules.accessibility.button.1.data.tooltip.7d2b1443	txt.31e194f20825	src/plugin/modules/accessibility.js	4353	button.1
150	Acessibilidade	Texto da interface	${hasManualItems ? '' : `		A revisar	Texto visível diretamente na tela	1	Propor aqui; desenvolvimento valida as partes dinâmicas antes de aplicar		hac.modules.accessibility.div.text.1.0849dd69	txt.431732d1afe9	src/plugin/modules/accessibility.js	4358	div
151	Acessibilidade	Texto da interface	Antes de começar, veja como documentar corretamente.		A revisar	Texto visível diretamente na tela	3	Propor aqui; desenvolvimento aplica no banco textual/código		hac.modules.accessibility.p.text.1.8002258e	txt.f513d52538d0	src/plugin/modules/accessibility.js	4371	p
152	Acessibilidade	Texto da interface	Ver instruções		A revisar	Texto visível diretamente na tela	3	Propor aqui; desenvolvimento aplica no banco textual/código		hac.modules.accessibility.button.text.1.6dc4f4b2	txt.283b693313b1	src/plugin/modules/accessibility.js	4373	button
153	Acessibilidade	Texto da interface	`} ⏎ ${hasManualItems ? `		A revisar	Texto visível diretamente na tela	1	Propor aqui; desenvolvimento valida as partes dinâmicas antes de aplicar		hac.modules.accessibility.html.text.1.ffa29776	txt.87a966b2880c	src/plugin/modules/accessibility.js	4376	html
154	Acessibilidade	Texto da interface	Adicionar itens		A revisar	Texto visível diretamente na tela	1	Propor aqui; desenvolvimento aplica no banco textual/código		hac.modules.accessibility.span.text.1.cfa3d52c	txt.11d2d329846b	src/plugin/modules/accessibility.js	4389	span
155	Acessibilidade	Texto da interface	Apagar todos os selos desta tela e recomeçar a ordem do zero		A revisar	Ajuda exibida ao passar o cursor	1	Propor aqui; desenvolvimento aplica no banco textual/código		hac.modules.accessibility.button.3.data.tooltip.4e3ab2a1	txt.fa640e3522d3	src/plugin/modules/accessibility.js	4392	button.3
156	Acessibilidade	Texto da interface	Nenhuma ordem de tabulação nesta tela ainda. Use o botão abaixo.		A revisar	Texto visível diretamente na tela	1	Propor aqui; desenvolvimento aplica no banco textual/código		hac.modules.accessibility.p.text.2.d7e7a0df	txt.5206e4d0b61f	src/plugin/modules/accessibility.js	4407	p
157	Acessibilidade	Texto da interface	Criar ordem de tabulação		A revisar	Texto visível diretamente na tela	3	Propor aqui; desenvolvimento aplica no banco textual/código		hac.modules.accessibility.html.text.2.59f1558d	txt.8ee77246e09e	src/plugin/modules/accessibility.js	4410	html
158	Acessibilidade	Texto da interface	${A11Y_AUTO_MAPPING_HIDDEN_TABULACAO ? '' : `		A revisar	Texto visível diretamente na tela	1	Propor aqui; desenvolvimento valida as partes dinâmicas antes de aplicar		hac.modules.accessibility.html.text.3.0da2bd47	txt.fb1ddad5904e	src/plugin/modules/accessibility.js	4412	html
159	Acessibilidade	Texto da interface	Mapeamento Automático		A revisar	Texto visível diretamente na tela	5	Propor aqui; desenvolvimento aplica no banco textual/código		hac.modules.accessibility.html.text.4.35636272	txt.59ce6b82ca8a	src/plugin/modules/accessibility.js	4416	html
160	Acessibilidade	Texto da interface	${hasManualItems ? `		A revisar	Texto visível diretamente na tela	1	Propor aqui; desenvolvimento valida as partes dinâmicas antes de aplicar		hac.modules.accessibility.html.text.5.2e974a42	txt.6ab50dc0cfcd	src/plugin/modules/accessibility.js	4420	html
161	Acessibilidade	Texto da interface	Simular leitura		A revisar	Texto visível diretamente na tela	3	Propor aqui; desenvolvimento aplica no banco textual/código		hac.modules.accessibility.span.text.2.c2292401	txt.96c2d4288e78	src/plugin/modules/accessibility.js	4426	span
162	Acessibilidade	Texto da interface	Idioma da narração		A revisar	Ajuda exibida ao passar o cursor	2	Propor aqui; desenvolvimento aplica no banco textual/código		hac.modules.accessibility.tab.order.narration.lang.uid.title.5bc0d839	txt.bd23d9ab6e8e	src/plugin/modules/accessibility.js	4441	tab-order-narration-lang-${uid}
163	Acessibilidade	Texto da interface	PT		A revisar	Texto visível diretamente na tela	1	Propor aqui; desenvolvimento aplica no banco textual/código		hac.modules.accessibility.option.text.1.e96e1fa1	txt.bc811258ae9f	src/plugin/modules/accessibility.js	4443	option
164	Acessibilidade	Texto da interface	EN		A revisar	Texto visível diretamente na tela	2	Propor aqui; desenvolvimento aplica no banco textual/código		hac.modules.accessibility.option.text.2.024022ec	txt.094b0fe0e302	src/plugin/modules/accessibility.js	4444	option
165	Acessibilidade	Texto da interface	Velocidade da narração		A revisar	Ajuda exibida ao passar o cursor	2	Propor aqui; desenvolvimento aplica no banco textual/código		hac.modules.accessibility.tab.order.narration.rate.uid.title.36b088f5	txt.87a372254e20	src/plugin/modules/accessibility.js	4451	tab-order-narration-rate-${uid}
166	Acessibilidade	Texto da interface	1x		A revisar	Texto visível diretamente na tela	1	Propor aqui; desenvolvimento aplica no banco textual/código		hac.modules.accessibility.option.text.3.d2a787cb	txt.6fe62d0dd7db	src/plugin/modules/accessibility.js	4453	option
167	Acessibilidade	Texto da interface	1.5x		A revisar	Texto visível diretamente na tela	1	Propor aqui; desenvolvimento aplica no banco textual/código		hac.modules.accessibility.option.text.4.c92bb093	txt.50dd3c97c87b	src/plugin/modules/accessibility.js	4454	option
168	Acessibilidade	Texto da interface	2x		A revisar	Texto visível diretamente na tela	1	Propor aqui; desenvolvimento aplica no banco textual/código		hac.modules.accessibility.option.text.5.4710a050	txt.8b48f47fb234	src/plugin/modules/accessibility.js	4455	option
169	Acessibilidade	Texto da interface	2.5x		A revisar	Texto visível diretamente na tela	1	Propor aqui; desenvolvimento aplica no banco textual/código		hac.modules.accessibility.option.text.6.a3f180d1	txt.fe2dff9f9c56	src/plugin/modules/accessibility.js	4456	option
170	Acessibilidade	Texto da interface	` : ''} ⏎ ${hasManualItems ? `		A revisar	Texto visível diretamente na tela	1	Propor aqui; desenvolvimento valida as partes dinâmicas antes de aplicar		hac.modules.accessibility.html.text.6.856dc364	txt.d52cb5b262f0	src/plugin/modules/accessibility.js	4458	html
171	Acessibilidade	Texto da interface	Atualizar		A revisar	Texto visível diretamente na tela	3	Propor aqui; desenvolvimento aplica no banco textual/código		hac.modules.accessibility.html.text.7.bfe9d317	txt.f8906248d08b	src/plugin/modules/accessibility.js	4473	html
172	Acessibilidade	Texto da interface	` : ''} ⏎ ${typeof _fichaInsertButtonHtml === 'function' ? _fichaInsertButtonHtml(area, 'tabulacao', hasManualItems) : ''}		A revisar	Texto visível diretamente na tela	1	Propor aqui; desenvolvimento valida as partes dinâmicas antes de aplicar		hac.modules.accessibility.html.text.8.2f8954f5	txt.a5c604d6104b	src/plugin/modules/accessibility.js	4475	html
173	Acessibilidade	Texto da interface	Disponível apenas para projetos mobile		A revisar	Texto visível diretamente na tela	1	Propor aqui; desenvolvimento aplica no banco textual/código		hac.modules.accessibility.p.text.1.83c63b7f	txt.47b3abbb2afc	src/plugin/modules/accessibility.js	4501	p
174	Acessibilidade	Texto da interface	Trilha de Ordem de Leitura documenta a navegação por gesto de deslizar, exclusiva do leitor de tela mobile.		A revisar	Texto visível diretamente na tela	1	Propor aqui; desenvolvimento aplica no banco textual/código		hac.modules.accessibility.p.text.2.03d777e8	txt.9a2fd72527ad	src/plugin/modules/accessibility.js	4502	p
175	Acessibilidade	Texto da interface	Instruções sobre esta documentação		A revisar	Ajuda exibida ao passar o cursor	6	Propor aqui; desenvolvimento aplica no banco textual/código		hac.modules.accessibility.button.1.data.tooltip.ddeca5b1	txt.31e194f20825	src/plugin/modules/accessibility.js	4526	button.1
176	Acessibilidade	Texto da interface	${existingPath ? `		A revisar	Texto visível diretamente na tela	1	Propor aqui; desenvolvimento valida as partes dinâmicas antes de aplicar		hac.modules.accessibility.div.text.1.bd70c035	txt.5983362f5128	src/plugin/modules/accessibility.js	4531	div
177	Acessibilidade	Texto da interface	Adicionar ponto		A revisar	Texto visível diretamente na tela	3	Propor aqui; desenvolvimento aplica no banco textual/código		hac.modules.accessibility.span.text.1.6a7e2a05	txt.2629163bf164	src/plugin/modules/accessibility.js	4544	span
178	Acessibilidade	Texto da interface	Remover trilha de swipe desta tela		A revisar	Ajuda exibida ao passar o cursor	2	Propor aqui; desenvolvimento aplica no banco textual/código		hac.modules.accessibility.button.2.data.tooltip.7ee48744	txt.d374aa9bdbf5	src/plugin/modules/accessibility.js	4547	button.2
179	Acessibilidade	Texto da interface	Trilha de Ordem de Leitura (${pointCount} ${pointCount === 1 ? 'ponto' : 'pontos'})		A revisar	Texto visível diretamente na tela	1	Propor aqui; desenvolvimento valida as partes dinâmicas antes de aplicar		hac.modules.accessibility.span.text.2.01562735	txt.fed4a9cee270	src/plugin/modules/accessibility.js	4554	span
180	Acessibilidade	Texto da interface	Antes de começar, veja como documentar corretamente.		A revisar	Texto visível diretamente na tela	3	Propor aqui; desenvolvimento aplica no banco textual/código		hac.modules.accessibility.p.text.1.a51cc4d9	txt.f513d52538d0	src/plugin/modules/accessibility.js	4578	p
181	Acessibilidade	Texto da interface	Ver instruções		A revisar	Texto visível diretamente na tela	3	Propor aqui; desenvolvimento aplica no banco textual/código		hac.modules.accessibility.button.text.1.c842776d	txt.283b693313b1	src/plugin/modules/accessibility.js	4580	button
182	Acessibilidade	Texto da interface	`} ⏎ ${existingPath ? '' : `		A revisar	Texto visível diretamente na tela	1	Propor aqui; desenvolvimento valida as partes dinâmicas antes de aplicar		hac.modules.accessibility.html.text.1.deaa485b	txt.f024706758c4	src/plugin/modules/accessibility.js	4583	html
183	Acessibilidade	Texto da interface	Nenhuma trilha de swipe nesta tela ainda. Use o botão abaixo.		A revisar	Texto visível diretamente na tela	1	Propor aqui; desenvolvimento aplica no banco textual/código		hac.modules.accessibility.p.text.2.5be16878	txt.375b7276194c	src/plugin/modules/accessibility.js	4601	p
184	Acessibilidade	Texto da interface	Criar ordem de leitura		A revisar	Texto visível diretamente na tela	1	Propor aqui; desenvolvimento aplica no banco textual/código		hac.modules.accessibility.html.text.2.a3037ce4	txt.e57ad5aaedbb	src/plugin/modules/accessibility.js	4604	html
185	Acessibilidade	Texto da interface	${A11Y_AUTO_MAPPING_HIDDEN_SWIPE ? '' : `		A revisar	Texto visível diretamente na tela	1	Propor aqui; desenvolvimento valida as partes dinâmicas antes de aplicar		hac.modules.accessibility.html.text.3.6c420fff	txt.6e6d6a72cb6d	src/plugin/modules/accessibility.js	4606	html
186	Acessibilidade	Texto da interface	Mapeamento Automático		A revisar	Texto visível diretamente na tela	5	Propor aqui; desenvolvimento aplica no banco textual/código		hac.modules.accessibility.html.text.4.771df94f	txt.59ce6b82ca8a	src/plugin/modules/accessibility.js	4610	html
187	Acessibilidade	Texto da interface	`} ⏎ ${typeof _fichaInsertButtonHtml === 'function' ? _fichaInsertButtonHtml(area, 'swipe', !!existingPath) : ''}		A revisar	Texto visível diretamente na tela	1	Propor aqui; desenvolvimento valida as partes dinâmicas antes de aplicar		hac.modules.accessibility.html.text.5.db20fab9	txt.b44a1c29112e	src/plugin/modules/accessibility.js	4613	html
188	Acessibilidade	Texto da interface	${hasManualSpecs ? '' : `		A revisar	Texto visível diretamente na tela	1	Propor aqui; desenvolvimento valida as partes dinâmicas antes de aplicar		hac.modules.accessibility.html.text.1.7250c2b5	txt.a7f9bbb191d1	src/plugin/modules/accessibility.js	4704	html
189	Acessibilidade	Texto da interface	Antes de começar, veja como documentar corretamente.		A revisar	Texto visível diretamente na tela	3	Propor aqui; desenvolvimento aplica no banco textual/código		hac.modules.accessibility.p.text.1.7640ccf1	txt.f513d52538d0	src/plugin/modules/accessibility.js	4712	p
190	Acessibilidade	Texto da interface	Ver instruções		A revisar	Texto visível diretamente na tela	3	Propor aqui; desenvolvimento aplica no banco textual/código		hac.modules.accessibility.button.text.1.6dbe3e42	txt.283b693313b1	src/plugin/modules/accessibility.js	4714	button
191	Acessibilidade	Texto da interface	${hasManualSpecs ? `		A revisar	Texto visível diretamente na tela	1	Propor aqui; desenvolvimento valida as partes dinâmicas antes de aplicar		hac.modules.accessibility.html.text.2.5139c338	txt.2284b069a818	src/plugin/modules/accessibility.js	4725	html
192	Acessibilidade	Texto da interface	Instruções sobre esta documentação		A revisar	Ajuda exibida ao passar o cursor	6	Propor aqui; desenvolvimento aplica no banco textual/código		hac.modules.accessibility.button.2.data.tooltip.86b00325	txt.31e194f20825	src/plugin/modules/accessibility.js	4729	button.2
193	Acessibilidade	Texto da interface	Nova spec		A revisar	Texto visível diretamente na tela	3	Propor aqui; desenvolvimento aplica no banco textual/código		hac.modules.accessibility.span.text.1.9effdcbb	txt.6883742d7a12	src/plugin/modules/accessibility.js	4736	span
194	Acessibilidade	Texto da interface	Excluir todas as especificações de Leitor de Tela desta tela		A revisar	Ajuda exibida ao passar o cursor	2	Propor aqui; desenvolvimento aplica no banco textual/código		hac.modules.accessibility.button.4.data.tooltip.df0f3043	txt.60482d72f132	src/plugin/modules/accessibility.js	4744	button.4
195	Acessibilidade	Texto da interface	Nenhuma especificação nesta tela ainda. Use o botão abaixo.		A revisar	Texto visível diretamente na tela	1	Propor aqui; desenvolvimento aplica no banco textual/código		hac.modules.accessibility.p.text.2.cbb7296d	txt.3758d1d750c7	src/plugin/modules/accessibility.js	4762	p
196	Acessibilidade	Texto da interface	Criar especificações		A revisar	Texto visível diretamente na tela	1	Propor aqui; desenvolvimento aplica no banco textual/código		hac.modules.accessibility.html.text.3.a6bf95fd	txt.db3f4a9f6d48	src/plugin/modules/accessibility.js	4765	html
197	Acessibilidade	Texto da interface	${A11Y_AUTO_MAPPING_HIDDEN_LEITOR ? '' : `		A revisar	Texto visível diretamente na tela	1	Propor aqui; desenvolvimento valida as partes dinâmicas antes de aplicar		hac.modules.accessibility.html.text.4.823e39e4	txt.b01fde84871c	src/plugin/modules/accessibility.js	4767	html
198	Acessibilidade	Texto da interface	Mapeamento Automático		A revisar	Texto visível diretamente na tela	5	Propor aqui; desenvolvimento aplica no banco textual/código		hac.modules.accessibility.html.text.5.0a543e68	txt.59ce6b82ca8a	src/plugin/modules/accessibility.js	4771	html
199	Acessibilidade	Texto da interface	Expandir todos		A revisar	Texto visível diretamente na tela	1	Propor aqui; desenvolvimento aplica no banco textual/código		hac.modules.accessibility.button.text.2.94a3a56d	txt.a44dfc199cb1	src/plugin/modules/accessibility.js	4778	button
200	Acessibilidade	Texto da interface	Recolher todos		A revisar	Texto visível diretamente na tela	1	Propor aqui; desenvolvimento aplica no banco textual/código		hac.modules.accessibility.button.text.3.f31b81f4	txt.01e1973d6736	src/plugin/modules/accessibility.js	4781	button
201	Acessibilidade	Texto da interface	0 ? categoryHtml : ''} ⏎ ${_a11yUndocumentedAccordionEl(`${uid}-undoc`, area.id, undocumentedEntries)}		A revisar	Texto visível diretamente na tela	1	Propor aqui; desenvolvimento valida as partes dinâmicas antes de aplicar		hac.modules.accessibility.html.text.6.56466502	txt.8e5cb7709112	src/plugin/modules/accessibility.js	4788	html
202	Acessibilidade	Texto da interface	Status do Handoff de Acessibilidade desta tela, reunindo o que já foi inserido de cada etapa.		A revisar	Texto visível diretamente na tela	1	Propor aqui; desenvolvimento aplica no banco textual/código		hac.modules.accessibility.p.text.1.9c2810de	txt.398f2957d902	src/plugin/modules/accessibility.js	4822	p
203	Acessibilidade	Texto da interface	Gerar Handoff		A revisar	Texto visível diretamente na tela	1	Propor aqui; desenvolvimento aplica no banco textual/código		hac.modules.accessibility.html.text.1.a3704865	txt.ffa706f1c63f	src/plugin/modules/accessibility.js	4832	html
204	Acessibilidade	Texto da interface	${hasAnyInserted ? `		A revisar	Texto visível diretamente na tela	1	Propor aqui; desenvolvimento valida as partes dinâmicas antes de aplicar		hac.modules.accessibility.html.text.2.fa09d2c9	txt.0979d044e26d	src/plugin/modules/accessibility.js	4834	html
205	Acessibilidade	Texto da interface	Ver handoff no canvas		A revisar	Ajuda exibida ao passar o cursor	2	Propor aqui; desenvolvimento aplica no banco textual/código		hac.modules.accessibility.button.2.data.tooltip.b8b4647c	txt.7b2d52da2b8b	src/plugin/modules/accessibility.js	4837	button.2
206	Acessibilidade	Texto da interface	${count} ${escapeHtml(categoryLabel || meta.label)}		A revisar	Texto visível diretamente na tela	1	Propor aqui; desenvolvimento valida as partes dinâmicas antes de aplicar		hac.modules.accessibility.span.text.1.45e10488	txt.28a9d8535802	src/plugin/modules/accessibility.js	5016	span
207	Acessibilidade	Texto da interface	${areaSpecs.length} especificaç${areaSpecs.length === 1 ? 'ão' : 'ões'}		A revisar	Texto visível diretamente na tela	1	Propor aqui; desenvolvimento valida as partes dinâmicas antes de aplicar		hac.modules.accessibility.p.text.1.9c533c8e	txt.ab26b1b9093f	src/plugin/modules/accessibility.js	5056	p
208	Acessibilidade	Texto da interface	Mais ações		A revisar	Ajuda exibida ao passar o cursor	5	Propor aqui; desenvolvimento aplica no banco textual/código		hac.modules.accessibility.button.1.title.4b87de53	txt.36b6b95cf4a9	src/plugin/modules/accessibility.js	5059	button.1
209	Acessibilidade	Texto da interface	Focar no canvas		A revisar	Texto visível diretamente na tela	8	Propor aqui; desenvolvimento aplica no banco textual/código		hac.modules.accessibility.html.text.1.3434496d	txt.08f002c56c5f	src/plugin/modules/accessibility.js	5067	html
210	Acessibilidade	Texto da interface	Remover tela		A revisar	Texto visível diretamente na tela	2	Propor aqui; desenvolvimento aplica no banco textual/código		hac.modules.accessibility.html.text.2.421ede8f	txt.df5ab335477b	src/plugin/modules/accessibility.js	5076	html
211	Acessibilidade	Texto da interface	${categoryBreakdown ? `		A revisar	Texto visível diretamente na tela	1	Propor aqui; desenvolvimento valida as partes dinâmicas antes de aplicar		hac.modules.accessibility.html.text.3.64b650ff	txt.b1dda786bbaf	src/plugin/modules/accessibility.js	5087	html
212	Acessibilidade	Texto da interface	Handoff de Acessibilidade: ${fichaInsertedCount}/${fichaSectionKeys.length} seções inseridas		A revisar	Texto visível diretamente na tela	1	Propor aqui; desenvolvimento valida as partes dinâmicas antes de aplicar		hac.modules.accessibility.span.text.1.958c5114	txt.e5cca533aa42	src/plugin/modules/accessibility.js	5093	span
213	Acessibilidade	Texto da interface	Sem tela		A revisar	Texto visível diretamente na tela	1	Propor aqui; desenvolvimento aplica no banco textual/código		hac.modules.accessibility.p.text.1.8e54ae02	txt.eaf322d97b07	src/plugin/modules/accessibility.js	5123	p
214	Acessibilidade	Texto da interface	${parts.join(' · ')} sem tela associada		A revisar	Texto visível diretamente na tela	1	Propor aqui; desenvolvimento valida as partes dinâmicas antes de aplicar		hac.modules.accessibility.p.text.2.24f3acf4	txt.0ced9b99f06f	src/plugin/modules/accessibility.js	5124	p
215	Acessibilidade	Texto da interface	0 ? _tabOrderSectionHtml(uid, null) : ''}		A revisar	Texto visível diretamente na tela	1	Propor aqui; desenvolvimento aplica no banco textual/código		hac.modules.accessibility.body.uid.text.115c137b	txt.b6b0b5796f82	src/plugin/modules/accessibility.js	5130	body-${uid}
216	Acessibilidade	Texto da interface	a11y-empty-state-block		A revisar	Texto montado dinamicamente pela interface	1	Propor aqui; desenvolvimento aplica no banco textual/código		hac.modules.accessibility.rendera11ygroupedlist.emptystateblock.l5255c51.f236378e	txt.3312ba0c5d2c	src/plugin/modules/accessibility.js	5255	renderA11yGroupedList > emptyStateBlock
217	Acessibilidade	Texto da interface	Nenhuma tela selecionada		A revisar	Texto visível diretamente na tela	1	Propor aqui; desenvolvimento aplica no banco textual/código		hac.modules.accessibility.p.text.1.83743636	txt.df511a14ac8b	src/plugin/modules/accessibility.js	5275	p
218	Acessibilidade	Texto da interface	Selecione um frame no figma e clique no botão a seguir para iniciar as etapas de preenchimento do handoff.		A revisar	Texto visível diretamente na tela	1	Propor aqui; desenvolvimento aplica no banco textual/código		hac.modules.accessibility.p.text.2.f0006a1b	txt.b298fa6319ba	src/plugin/modules/accessibility.js	5276	p
219	Acessibilidade	Texto da interface	Selecionar Tela		A revisar	Texto visível diretamente na tela	9	Propor aqui; desenvolvimento aplica no banco textual/código		hac.modules.accessibility.html.text.1.6a533c3f	txt.26edd591c064	src/plugin/modules/accessibility.js	5278	html
220	Acessibilidade	Texto da interface	onboarding-modal		A revisar	Texto montado dinamicamente pela interface	1	Propor aqui; desenvolvimento aplica no banco textual/código		hac.modules.accessibility.openhacpageinstructionmodal.onboardingel.l5547c48.9af4677b	txt.58061c4d5d3e	src/plugin/modules/accessibility.js	5547	_openHacPageInstructionModal > onboardingEl
221	Acessibilidade	Texto da interface	hidden		A revisar	Texto montado dinamicamente pela interface	2	Propor aqui; desenvolvimento aplica no banco textual/código		hac.modules.accessibility.openhacpageinstructionmodal.onboardingopen.l5548c77.fc919373	txt.99d72c7fc3e2	src/plugin/modules/accessibility.js	5548	_openHacPageInstructionModal > onboardingOpen
222	Acessibilidade	Texto da interface	Não foi possível concluir a busca. Tente novamente.		A revisar	Texto visível diretamente na tela	1	Propor aqui; desenvolvimento aplica no banco textual/código		hac.modules.accessibility.p.text.1.ec63e7e9	txt.5411120453ca	src/plugin/modules/accessibility.js	5614	p
223	Acessibilidade	Texto da interface	Nenhum handoff de acessibilidade encontrado neste arquivo ainda.		A revisar	Texto visível diretamente na tela	1	Propor aqui; desenvolvimento aplica no banco textual/código		hac.modules.accessibility.p.text.1.45a9a571	txt.1dcbd3939edf	src/plugin/modules/accessibility.js	5624	p
224	Acessibilidade	Texto da interface	Não foi possível abrir ${failedPages.length} página${failedPages.length === 1 ? '' : 's'} durante a busca — o restante do arquivo foi verificado normalmente.		A revisar	Texto visível diretamente na tela	1	Propor aqui; desenvolvimento valida as partes dinâmicas antes de aplicar		hac.modules.accessibility.p.text.1.48509dc1	txt.82277fce5d5f	src/plugin/modules/accessibility.js	5631	p
225	Acessibilidade	Texto da interface	rascunho		A revisar	Texto montado dinamicamente pela interface	2	Propor aqui; desenvolvimento aplica no banco textual/código		hac.modules.accessibility.versiontext.l5636c37.27b2f5ec	txt.b84a7db6d1e7	src/plugin/modules/accessibility.js	5636	versionText
226	Acessibilidade	Texto da interface	ainda em rascunho (não finalizado)		A revisar	Texto montado dinamicamente pela interface	2	Propor aqui; desenvolvimento aplica no banco textual/código		hac.modules.accessibility.versiontext.l5636c50.32174ac5	txt.ca7e497eb773	src/plugin/modules/accessibility.js	5636	versionText
227	Acessibilidade	Texto da interface	versão ${version}		A revisar	Texto montado dinamicamente pela interface	2	Propor aqui; desenvolvimento valida as partes dinâmicas antes de aplicar		hac.modules.accessibility.versiontext.l5636c89.79eb3036	txt.70c5936024d7	src/plugin/modules/accessibility.js	5636	versionText
228	Acessibilidade	Texto da interface	• ${escapeHtml(sc.name)}		A revisar	Texto visível diretamente na tela	1	Propor aqui; desenvolvimento valida as partes dinâmicas antes de aplicar		hac.modules.accessibility.li.text.1.a81e2e20	txt.66b044b226aa	src/plugin/modules/accessibility.js	5642	li
229	Acessibilidade	Texto da interface	`).join('')}		A revisar	Texto visível diretamente na tela	5	Propor aqui; desenvolvimento aplica no banco textual/código		hac.modules.accessibility.html.text.1.5deb7166	txt.8c669807335d	src/plugin/modules/accessibility.js	5642	html
230	Acessibilidade	Texto da interface	Seu handoff		A revisar	Texto visível diretamente na tela	1	Propor aqui; desenvolvimento aplica no banco textual/código		hac.modules.accessibility.span.text.1.0b085fbd	txt.e0367a1a9074	src/plugin/modules/accessibility.js	5653	span
231	Acessibilidade	Texto da interface	Handoff de outro designer		A revisar	Texto visível diretamente na tela	1	Propor aqui; desenvolvimento aplica no banco textual/código		hac.modules.accessibility.span.text.1.64d17d70	txt.b791376405ee	src/plugin/modules/accessibility.js	5654	span
232	Acessibilidade	Texto da interface	Seu trabalho continuará em uma Section própria — este handoff não será editado por você.		A revisar	Texto visível diretamente na tela	1	Propor aqui; desenvolvimento aplica no banco textual/código		hac.modules.accessibility.p.text.1.86531bb5	txt.284ec4146af7	src/plugin/modules/accessibility.js	5656	p
233	Acessibilidade	Texto da interface	${screenCount} tela${screenCount === 1 ? '' : 's'} · ${versionText}		A revisar	Texto visível diretamente na tela	1	Propor aqui; desenvolvimento valida as partes dinâmicas antes de aplicar		hac.modules.accessibility.p.text.1.75185a56	txt.286cc5c137cb	src/plugin/modules/accessibility.js	5664	p
234	Acessibilidade	Texto da interface	Página: ${escapeHtml(s.pageName || '—')}		A revisar	Texto visível diretamente na tela	1	Propor aqui; desenvolvimento valida as partes dinâmicas antes de aplicar		hac.modules.accessibility.p.text.2.376d13ca	txt.0929ce84c8bc	src/plugin/modules/accessibility.js	5665	p
235	Acessibilidade	Texto da interface	${screensList} ⏎ ${otherDesignerNote}		A revisar	Texto visível diretamente na tela	1	Propor aqui; desenvolvimento valida as partes dinâmicas antes de aplicar		hac.modules.accessibility.html.text.1.b42beaec	txt.a467101b880c	src/plugin/modules/accessibility.js	5665	html
236	Acessibilidade	Texto da interface	${s.sectionId ? `		A revisar	Texto visível diretamente na tela	1	Propor aqui; desenvolvimento valida as partes dinâmicas antes de aplicar		hac.modules.accessibility.html.text.2.4ca23c3d	txt.988836acfc62	src/plugin/modules/accessibility.js	5669	html
237	Acessibilidade	Texto da interface	Ver no canvas		A revisar	Texto visível diretamente na tela	2	Propor aqui; desenvolvimento aplica no banco textual/código		hac.modules.accessibility.button.text.1.bb1f23b4	txt.44dbf667bd9e	src/plugin/modules/accessibility.js	5670	button
238	Acessibilidade	Texto da interface	Deseja trocar de plataforma?		A revisar	Texto montado dinamicamente pela interface	1	Propor aqui; desenvolvimento aplica no banco textual/código		hac.modules.accessibility.confirmbacktohome.opena11yconfirmmodal.l5933c12.5b49f339	txt.c3b6e96ae21a	src/plugin/modules/accessibility.js	5933	confirmBackToHome > openA11yConfirmModal
239	Acessibilidade	Texto da interface	Voltar para a página inicial abre novamente a escolha entre Web e Mobile. O trabalho já documentado neste arquivo é mantido.		A revisar	Texto montado dinamicamente pela interface	1	Propor aqui; desenvolvimento aplica no banco textual/código		hac.modules.accessibility.confirmbacktohome.opena11yconfirmmodal.l5934c11.30f882ec	txt.b343eecba82d	src/plugin/modules/accessibility.js	5934	confirmBackToHome > openA11yConfirmModal
240	Acessibilidade	Texto da interface	Trocar plataforma		A revisar	Texto montado dinamicamente pela interface	1	Propor aqui; desenvolvimento aplica no banco textual/código		hac.modules.accessibility.confirmbacktohome.opena11yconfirmmodal.l5935c19.e8de273f	txt.8583c141f6ff	src/plugin/modules/accessibility.js	5935	confirmBackToHome > openA11yConfirmModal
241	Acessibilidade	Texto da interface	Cancelar		A revisar	Texto montado dinamicamente pela interface	15	Propor aqui; desenvolvimento aplica no banco textual/código		hac.modules.accessibility.confirmbacktohome.opena11yconfirmmodal.l5936c18.88c631fc	txt.62b1466cf22e	src/plugin/modules/accessibility.js	5936	confirmBackToHome > openA11yConfirmModal
242	Acessibilidade	Texto da interface	function		A revisar	Texto montado dinamicamente pela interface	1	Propor aqui; desenvolvimento aplica no banco textual/código		hac.modules.accessibility.opena11yconfirmmodal.l5939c31.4ba1e085	txt.c218e39efa2e	src/plugin/modules/accessibility.js	5939	openA11yConfirmModal
243	Acessibilidade	Texto da interface	view-home		A revisar	Texto montado dinamicamente pela interface	1	Propor aqui; desenvolvimento aplica no banco textual/código		hac.modules.accessibility.opena11yconfirmmodal.l5939c52.079d9314	txt.c474d42d9838	src/plugin/modules/accessibility.js	5939	openA11yConfirmModal
244	Acessibilidade	Texto da interface	Confirmar ação		A revisar	Texto montado dinamicamente pela interface	2	Propor aqui; desenvolvimento aplica no banco textual/código		hac.modules.accessibility.opena11yconfirmmodal.title.l5957c49.26f30b34	txt.edc840d427be	src/plugin/modules/accessibility.js	5957	openA11yConfirmModal > title
245	Acessibilidade	Texto da interface	about-hac-project-origin		A revisar	Texto montado dinamicamente pela interface	1	Propor aqui; desenvolvimento aplica no banco textual/código		hac.modules.accessibility.openabouthacmodal.originlabelel.l5994c49.3d113cbb	txt.7e0963c6c45b	src/plugin/modules/accessibility.js	5994	openAboutHacModal > originLabelEl
246	Acessibilidade	Texto da interface	Seu trabalho fica isolado numa Section própria. Nada do que você fizer sobrescreve o handoff já existente. Combine com a equipe se o objetivo é complementar a mesma documentação.		A revisar	Texto visível diretamente na tela	1	Propor aqui; desenvolvimento aplica no banco textual/código		hac.modules.accessibility.p.text.1.eed9961c	txt.87694aa313ef	src/plugin/modules/accessibility.js	6034	p
247	Acessibilidade	Texto da interface	rascunho		A revisar	Texto montado dinamicamente pela interface	2	Propor aqui; desenvolvimento aplica no banco textual/código		hac.modules.accessibility.rendera11ypriorsessionalert.versiontext.l6072c35.0b728d06	txt.b84a7db6d1e7	src/plugin/modules/accessibility.js	6072	renderA11yPriorSessionAlert > versionText
248	Acessibilidade	Texto da interface	ainda em rascunho (não finalizado)		A revisar	Texto montado dinamicamente pela interface	2	Propor aqui; desenvolvimento aplica no banco textual/código		hac.modules.accessibility.rendera11ypriorsessionalert.versiontext.l6072c48.a1b18785	txt.ca7e497eb773	src/plugin/modules/accessibility.js	6072	renderA11yPriorSessionAlert > versionText
249	Acessibilidade	Texto da interface	versão ${version}		A revisar	Texto montado dinamicamente pela interface	2	Propor aqui; desenvolvimento valida as partes dinâmicas antes de aplicar		hac.modules.accessibility.rendera11ypriorsessionalert.versiontext.l6072c87.a54705fa	txt.70c5936024d7	src/plugin/modules/accessibility.js	6072	renderA11yPriorSessionAlert > versionText
250	Acessibilidade	Texto da interface	${areaCount} tela${areaCount === 1 ? '' : 's'}, ${versionText}.		A revisar	Texto visível diretamente na tela	1	Propor aqui; desenvolvimento valida as partes dinâmicas antes de aplicar		hac.modules.accessibility.p.text.1.689e7afe	txt.7255e6b7154b	src/plugin/modules/accessibility.js	6085	p
251	Acessibilidade	Texto da interface	${sectionId ? `		A revisar	Texto visível diretamente na tela	1	Propor aqui; desenvolvimento valida as partes dinâmicas antes de aplicar		hac.modules.accessibility.html.text.1.534ce80a	txt.039542a9d470	src/plugin/modules/accessibility.js	6085	html
252	Acessibilidade	Texto da interface	Ver no canvas		A revisar	Texto visível diretamente na tela	2	Propor aqui; desenvolvimento aplica no banco textual/código		hac.modules.accessibility.button.text.1.be69b482	txt.44dbf667bd9e	src/plugin/modules/accessibility.js	6086	button
253	Acessibilidade	Texto da interface	Dispensar		A revisar	Ajuda exibida ao passar o cursor	2	Propor aqui; desenvolvimento aplica no banco textual/código		hac.modules.accessibility.button.2.title.628b2957	txt.c235c76b5ba9	src/plugin/modules/accessibility.js	6088	button.2
254	Acessibilidade	Texto da interface	a11y-post-area-loading-text		A revisar	Texto montado dinamicamente pela interface	4	Propor aqui; desenvolvimento aplica no banco textual/código		hac.modules.accessibility.loadingtext.l6135c49.a1d6aac7	txt.bb59cd7d4842	src/plugin/modules/accessibility.js	6135	loadingText
255	Acessibilidade	Texto da interface	Detectando componentes…		A revisar	Texto montado dinamicamente pela interface	3	Propor aqui; desenvolvimento aplica no banco textual/código		hac.modules.accessibility.opena11ypostareadetectmodal.ensurea11yprojectoriginthen..5111ae6f	txt.b4536f71c510	src/plugin/modules/accessibility.js	6136	openA11yPostAreaDetectModal > ensureA11yProjectOriginThen
256	Acessibilidade	Texto da interface	a11y-post-area-loading-text		A revisar	Texto montado dinamicamente pela interface	4	Propor aqui; desenvolvimento aplica no banco textual/código		hac.modules.accessibility.showa11ycanvasloading.loadingtext.l6201c47.2615a4b0	txt.bb59cd7d4842	src/plugin/modules/accessibility.js	6201	showA11yCanvasLoading > loadingText
257	Acessibilidade	Texto da interface	a11y-post-area-loading-text		A revisar	Texto montado dinamicamente pela interface	4	Propor aqui; desenvolvimento aplica no banco textual/código		hac.modules.accessibility.loadingtext.l6621c49.d3154f1b	txt.bb59cd7d4842	src/plugin/modules/accessibility.js	6621	loadingText
258	Acessibilidade	Texto da interface	Detectando componentes…		A revisar	Texto montado dinamicamente pela interface	3	Propor aqui; desenvolvimento aplica no banco textual/código		hac.modules.accessibility.rescana11ybatcharea.textcontent.l6622c48.468c5639	txt.b4536f71c510	src/plugin/modules/accessibility.js	6622	rescanA11yBatchArea > textContent
259	Acessibilidade	Texto da interface	Componentes detectados (${groupList.length} grupo${groupList.length === 1 ? '' : 's'}, ${totalItems} ${totalItems === 1 ? 'item' : 'itens'})		A revisar	Texto montado dinamicamente pela interface	1	Propor aqui; desenvolvimento valida as partes dinâmicas antes de aplicar		hac.modules.accessibility.opena11ybatchsummarymodal.textcontent.l6702c31.045813d6	txt.e95869391197	src/plugin/modules/accessibility.js	6702	openA11yBatchSummaryModal > textContent
260	Acessibilidade	Texto da interface	.accordion-content		A revisar	Texto montado dinamicamente pela interface	2	Propor aqui; desenvolvimento aplica no banco textual/código		hac.modules.accessibility.opena11ybatchsummarymodal.groupscontent.l6704c53.9e298316	txt.fcabb0d7dafe	src/plugin/modules/accessibility.js	6704	openA11yBatchSummaryModal > groupsContent
261	Acessibilidade	Texto da interface	Outro (${_cleanDscContainingFrameName(g.containingFrame)})		A revisar	Texto montado dinamicamente pela interface	1	Propor aqui; desenvolvimento valida as partes dinâmicas antes de aplicar		hac.modules.accessibility.label.l6715c11.5821ff05	txt.a4d273c0bcb5	src/plugin/modules/accessibility.js	6715	label
262	Acessibilidade	Texto da interface	estrutura		A revisar	Texto montado dinamicamente pela interface	1	Propor aqui; desenvolvimento aplica no banco textual/código		hac.modules.accessibility.label.l6716c27.ddcf96dd	txt.df57e359e957	src/plugin/modules/accessibility.js	6716	label
263	Acessibilidade	Texto da interface	Estrutura da Página (${_cleanDscContainingFrameName(g.containingFrame)})		A revisar	Texto montado dinamicamente pela interface	1	Propor aqui; desenvolvimento valida as partes dinâmicas antes de aplicar		hac.modules.accessibility.label.l6716c41.2d30808e	txt.3796c80fe412	src/plugin/modules/accessibility.js	6716	label
264	Acessibilidade	Texto da interface	${escapeHtml(String(a.number))} ${escapeHtml(a.label)}		A revisar	Texto visível diretamente na tela	1	Propor aqui; desenvolvimento valida as partes dinâmicas antes de aplicar		hac.modules.accessibility.option.text.1.8f0809db	txt.00b982f1d118	src/plugin/modules/accessibility.js	6735	option
265	Acessibilidade	Texto da interface	Iniciar Revisão (${detections.length} ${detections.length === 1 ? 'item' : 'itens'})		A revisar	Texto montado dinamicamente pela interface	1	Propor aqui; desenvolvimento valida as partes dinâmicas antes de aplicar		hac.modules.accessibility.opena11ybatchsummarymodal.textcontent.l6755c30.b32cdd3b	txt.312b054b1d58	src/plugin/modules/accessibility.js	6755	openA11yBatchSummaryModal > textContent
266	Acessibilidade	Texto da interface	${skippedCount} ${skippedCount === 1 ? 'item' : 'itens'} não ${skippedCount === 1 ? 'entra' : 'entram'} nesta revisão.		A revisar	Texto montado dinamicamente pela interface	1	Propor aqui; desenvolvimento valida as partes dinâmicas antes de aplicar		hac.modules.accessibility.opena11ybatchsummarymodal.textcontent.l6766c35.56b1df5a	txt.be61b22329be	src/plugin/modules/accessibility.js	6766	openA11yBatchSummaryModal > textContent
267	Acessibilidade	Texto da interface	Possíveis títulos sem token DSC (${tokenReviewCandidates.length})		A revisar	Texto montado dinamicamente pela interface	1	Propor aqui; desenvolvimento valida as partes dinâmicas antes de aplicar		hac.modules.accessibility.opena11ybatchsummarymodal.textcontent.l6785c60.758df030	txt.3d6f820f2963	src/plugin/modules/accessibility.js	6785	openA11yBatchSummaryModal > textContent
268	Acessibilidade	Texto da interface	.accordion-content		A revisar	Texto montado dinamicamente pela interface	2	Propor aqui; desenvolvimento aplica no banco textual/código		hac.modules.accessibility.tokenreviewcontent.l6789c65.d5dc0eba	txt.fcabb0d7dafe	src/plugin/modules/accessibility.js	6789	tokenReviewContent
269	Acessibilidade	Texto da interface	Focar no canvas		A revisar	Ajuda exibida ao passar o cursor	8	Propor aqui; desenvolvimento aplica no banco textual/código		hac.modules.accessibility.button.1.title.52918204	txt.08f002c56c5f	src/plugin/modules/accessibility.js	6798	button.1
270	Acessibilidade	Texto da interface	— Documentado		A revisar	Texto montado dinamicamente pela interface	1	Propor aqui; desenvolvimento aplica no banco textual/código		hac.modules.accessibility.applya11ywizardmodalui.statussuffix.l7136c40.3959cb5a	txt.e3f293bf0a7a	src/plugin/modules/accessibility.js	7136	_applyA11yWizardModalUi > statusSuffix
271	Acessibilidade	Texto da interface	— Descartado		A revisar	Texto montado dinamicamente pela interface	1	Propor aqui; desenvolvimento aplica no banco textual/código		hac.modules.accessibility.applya11ywizardmodalui.statussuffix.l7136c73.ad3fc10e	txt.e5901c8aa859	src/plugin/modules/accessibility.js	7136	_applyA11yWizardModalUi > statusSuffix
272	Acessibilidade	Texto da interface	Item ${state.currentIndex + 1} de ${state.queue.length}${statusSuffix}		A revisar	Texto montado dinamicamente pela interface	1	Propor aqui; desenvolvimento valida as partes dinâmicas antes de aplicar		hac.modules.accessibility.applya11ywizardmodalui.textcontent.l7137c28.e802237e	txt.e7e13217457e	src/plugin/modules/accessibility.js	7137	_applyA11yWizardModalUi > textContent
273	Acessibilidade	Texto da interface	a11y-wizard-index-total		A revisar	Texto montado dinamicamente pela interface	1	Propor aqui; desenvolvimento aplica no banco textual/código		hac.modules.accessibility.rendera11ywizardpaginator.totallabel.l7203c46.d7665c37	txt.3c85fc1837c6	src/plugin/modules/accessibility.js	7203	_renderA11yWizardPaginator > totalLabel
274	Acessibilidade	Texto da interface	de ${total}		A revisar	Texto montado dinamicamente pela interface	1	Propor aqui; desenvolvimento valida as partes dinâmicas antes de aplicar		hac.modules.accessibility.rendera11ywizardpaginator.textcontent.l7204c44.879d666c	txt.d712d7346321	src/plugin/modules/accessibility.js	7204	_renderA11yWizardPaginator > textContent
275	Acessibilidade	Texto da interface	Revisão interrompida: ${confirmedCount} especifica${confirmedCount === 1 ? 'ção criada' : 'ções criadas'}, ${remaining} ${remaining === 1 ? 'item' : 'itens'} de volta pra "Não Documentados".		A revisar	Texto montado dinamicamente pela interface	2	Propor aqui; desenvolvimento valida as partes dinâmicas antes de aplicar		hac.modules.accessibility.stopa11ybatchwizard.message.l7288c9.966d85b5	txt.7fd457b3db86	src/plugin/modules/accessibility.js	7288	stopA11yBatchWizard > message
276	Acessibilidade	Texto da interface	Revisão interrompida: ${remaining} ${remaining === 1 ? 'item' : 'itens'} continua${remaining === 1 ? '' : 'm'} em "Não Documentados".		A revisar	Texto montado dinamicamente pela interface	2	Propor aqui; desenvolvimento valida as partes dinâmicas antes de aplicar		hac.modules.accessibility.stopa11ybatchwizard.message.l7289c9.12ec92dd	txt.9e8758b1eff3	src/plugin/modules/accessibility.js	7289	stopA11yBatchWizard > message
277	Acessibilidade	Texto da interface	Salvar		A revisar	Texto montado dinamicamente pela interface	1	Propor aqui; desenvolvimento aplica no banco textual/código		hac.modules.accessibility.edita11yspec.textcontent.l7482c44.964c1ee9	txt.4a40c34875ed	src/plugin/modules/accessibility.js	7482	editA11ySpec > textContent
278	Acessibilidade	Texto da interface	a11y-categories-help-titulo-label		A revisar	Texto montado dinamicamente pela interface	1	Propor aqui; desenvolvimento aplica no banco textual/código		hac.modules.accessibility.applya11ycategorieshelporiginfilter.titulolabelel.l7821c.5ed86823	txt.25eb03e67dcc	src/plugin/modules/accessibility.js	7821	_applyA11yCategoriesHelpOriginFilter > tituloLabelEl
279	Canvas / backend Figma	Texto da interface	hac-onboarding-seen		A revisar	Texto usado no canvas ou em retorno do Figma	1	Propor aqui; desenvolvimento aplica no banco textual/código		hac.backend.onmessage.onboardingseen.l458c65.487e55e4	txt.7f119d42becb	src/plugin/backend/onmessage.js	458	onboardingSeen
280	Canvas / backend Figma	Texto da interface	Nenhum item selecionado. Selecione a Área Marcada no canvas para escanear.		A revisar	Texto usado no canvas ou em retorno do Figma	1	Propor aqui; desenvolvimento aplica no banco textual/código		hac.backend.onmessage.postmessage.l1259c18.017a2bac	txt.8dc1bc651d7f	src/plugin/backend/onmessage.js	1259	postMessage
281	Canvas / backend Figma	Texto da interface	label#733:6		A revisar	Texto usado no canvas ou em retorno do Figma	1	Propor aqui; desenvolvimento aplica no banco textual/código		hac.backend.platform.profiles.label.l143c10.a356826c	txt.f1850c0263b5	src/plugin/backend/platform-profiles.js	143	label
282	Canvas / backend Figma	Texto da interface	Web		A revisar	Texto usado no canvas ou em retorno do Figma	8	Propor aqui; desenvolvimento aplica no banco textual/código		hac.backend.platform.profiles.label.l191c12.d1d2a1c8	txt.ca84d1343b96	src/plugin/backend/platform-profiles.js	191	label
283	Canvas / backend Figma	Texto da interface	DSC Legado		A revisar	Texto usado no canvas ou em retorno do Figma	1	Propor aqui; desenvolvimento aplica no banco textual/código		hac.backend.platform.profiles.label.l203c81.0d0daff1	txt.ea37922d1143	src/plugin/backend/platform-profiles.js	203	label
284	Canvas / backend Figma	Texto da interface	Super DSC | Web		A revisar	Texto usado no canvas ou em retorno do Figma	1	Propor aqui; desenvolvimento aplica no banco textual/código		hac.backend.platform.profiles.label.l204c73.804f4c3b	txt.1ed257b49fa5	src/plugin/backend/platform-profiles.js	204	label
285	Canvas / backend Figma	Texto da interface	Mobile		A revisar	Texto usado no canvas ou em retorno do Figma	5	Propor aqui; desenvolvimento aplica no banco textual/código		hac.backend.platform.profiles.label.l220c12.51df451e	txt.83d6311e87d4	src/plugin/backend/platform-profiles.js	220	label
286	Canvas / backend Figma	Texto da interface	DSC | Super App		A revisar	Texto usado no canvas ou em retorno do Figma	1	Propor aqui; desenvolvimento aplica no banco textual/código		hac.backend.platform.profiles.label.l234c65.08d9e1fd	txt.9b32bf465c35	src/plugin/backend/platform-profiles.js	234	label
287	Canvas / backend Figma	Texto da interface	DSC | Android		A revisar	Texto usado no canvas ou em retorno do Figma	1	Propor aqui; desenvolvimento aplica no banco textual/código		hac.backend.platform.profiles.label.l235c69.eb867c05	txt.5d280f1a5656	src/plugin/backend/platform-profiles.js	235	label
288	Canvas / backend Figma	Texto da interface	descricao		A revisar	Texto usado no canvas ou em retorno do Figma	1	Propor aqui; desenvolvimento aplica no banco textual/código		hac.code.filla11ymobileelementoseimagensfields.descricaotexto.l68.09f529f2	txt.4e41d80938b5	src/plugin/code.js	687	_fillA11yMobileElementosEImagensFields > descricaoTexto
289	Canvas / backend Figma	Texto da interface	accessibilityHint		A revisar	Texto usado no canvas ou em retorno do Figma	2	Propor aqui; desenvolvimento aplica no banco textual/código		hac.code.filla11ymobileelementoseimagensfields.dicatexto.l694c29.16ac05af	txt.504252eac75e	src/plugin/code.js	694	_fillA11yMobileElementosEImagensFields > dicaTexto
290	Canvas / backend Figma	Texto da interface	observacoes		A revisar	Texto usado no canvas ou em retorno do Figma	3	Propor aqui; desenvolvimento aplica no banco textual/código		hac.code.filla11ymobileelementoseimagensfields.observacaotexto.l7.14a88375	txt.4e726143bae7	src/plugin/code.js	701	_fillA11yMobileElementosEImagensFields > observacaoTexto
291	Canvas / backend Figma	Texto da interface	label		A revisar	Texto usado no canvas ou em retorno do Figma	5	Propor aqui; desenvolvimento aplica no banco textual/código		hac.code.filla11ymobileelementoseimagensfields.nomeacessiveltexto.14dd1a97	txt.64c65374dbab	src/plugin/code.js	710	_fillA11yMobileElementosEImagensFields > nomeAcessivelTexto
292	Canvas / backend Figma	Texto da interface	Texto		A revisar	Texto usado no canvas ou em retorno do Figma	8	Propor aqui; desenvolvimento aplica no banco textual/código		hac.code.syncnestedinstancetext.textokey.l733c92.40e046be	txt.ea631551f556	src/plugin/code.js	733	syncNestedInstanceText > textoKey
293	Canvas / backend Figma	Texto da interface	Texto		A revisar	Texto usado no canvas ou em retorno do Figma	8	Propor aqui; desenvolvimento aplica no banco textual/código		hac.code.textokey.l756c36.02a15bd2	txt.ea631551f556	src/plugin/code.js	756	textoKey
294	Canvas / backend Figma	Texto da interface	Personalizado		A revisar	Texto usado no canvas ou em retorno do Figma	7	Propor aqui; desenvolvimento aplica no banco textual/código		hac.code.componentereal.l796c34.1c2347b6	txt.134cd863bd84	src/plugin/code.js	796	_componenteReal
295	Canvas / backend Figma	Texto da interface	Componente		A revisar	Texto usado no canvas ou em retorno do Figma	11	Propor aqui; desenvolvimento aplica no banco textual/código		hac.code.filla11ymobileelementoseimagensfields.componentekey.l803.3af657bb	txt.b997b3fca96a	src/plugin/code.js	803	_fillA11yMobileElementosEImagensFields > _componenteKey
296	Canvas / backend Figma	Texto da interface	Componente		A revisar	Texto usado no canvas ou em retorno do Figma	11	Propor aqui; desenvolvimento aplica no banco textual/código		hac.code.componentefound.l806c58.4bcd438d	txt.b997b3fca96a	src/plugin/code.js	806	componenteFound
297	Canvas / backend Figma	Texto da interface	observacoes		A revisar	Texto usado no canvas ou em retorno do Figma	3	Propor aqui; desenvolvimento aplica no banco textual/código		hac.code.filla11ymobiletitulofields.observacaotexto.l851c35.b75c6712	txt.4e726143bae7	src/plugin/code.js	851	_fillA11yMobileTituloFields > observacaoTexto
298	Canvas / backend Figma	Texto da interface	observacoes		A revisar	Texto usado no canvas ou em retorno do Figma	3	Propor aqui; desenvolvimento aplica no banco textual/código		hac.code.filla11ymobiledecorativofields.observacaotexto.l899c35.f1d935d9	txt.4e726143bae7	src/plugin/code.js	899	_fillA11yMobileDecorativoFields > observacaoTexto
299	Canvas / backend Figma	Texto da interface	texto		A revisar	Texto usado no canvas ou em retorno do Figma	8	Propor aqui; desenvolvimento aplica no banco textual/código		hac.code.applywebbooleantextfield.textokey.l1038c102.de0dba08	txt.ea631551f556	src/plugin/code.js	1038	_applyWebBooleanTextField > textoKey
300	Canvas / backend Figma	Texto da interface	Componente		A revisar	Texto usado no canvas ou em retorno do Figma	11	Propor aqui; desenvolvimento aplica no banco textual/código		hac.code.filla11ywebelementofields.content.l1066c55.150710b6	txt.b997b3fca96a	src/plugin/code.js	1066	_fillA11yWebElementoFields > content
301	Canvas / backend Figma	Texto da interface	Ordem de Tabulação		A revisar	Texto usado no canvas ou em retorno do Figma	8	Propor aqui; desenvolvimento aplica no banco textual/código		hac.code.title.l3537c12.6a74bed6	txt.37066ca9dc6a	src/plugin/code.js	3537	title
302	Canvas / backend Figma	Texto da interface	Ordem de Leitura | Swipe		A revisar	Texto usado no canvas ou em retorno do Figma	1	Propor aqui; desenvolvimento aplica no banco textual/código		hac.code.title.l3544c12.30f02e98	txt.a62fa6a5a55f	src/plugin/code.js	3544	title
303	Canvas / backend Figma	Texto da interface	Leitor de Tela		A revisar	Texto usado no canvas ou em retorno do Figma	13	Propor aqui; desenvolvimento aplica no banco textual/código		hac.code.title.l3551c12.1bb42265	txt.2cccdb3dac0d	src/plugin/code.js	3551	title
304	Canvas / backend Figma	Texto da interface	Área		A revisar	Texto usado no canvas ou em retorno do Figma	3	Propor aqui; desenvolvimento aplica no banco textual/código		hac.code.getorcreatefichaareagroup.framelabel.l3822c79.f5a8157c	txt.c3b1be261959	src/plugin/code.js	3822	_getOrCreateFichaAreaGroup > frameLabel
305	Canvas / backend Figma	Texto da interface	Área		A revisar	Texto usado no canvas ou em retorno do Figma	3	Propor aqui; desenvolvimento aplica no banco textual/código		hac.code.ensuretelatitulocard.framelabel.l3927c79.bb2a5eca	txt.c3b1be261959	src/plugin/code.js	3927	_ensureTelaTituloCard > frameLabel
306	Especificações	Texto da interface	Acessibilidade		A revisar	Texto visível diretamente na tela	5	Propor aqui; desenvolvimento aplica no banco textual/código		hac.views.specifications.a11y.header.title.text.d21b57ee	txt.2319af1437e6	src/plugin/views/specifications.html	24	a11y-header-title
307	Especificações	Texto da interface	Mais ações		A revisar	Ajuda exibida ao passar o cursor	5	Propor aqui; desenvolvimento aplica no banco textual/código		hac.views.specifications.btn.a11y.more.actions.title.b4159eb3	txt.36b6b95cf4a9	src/plugin/views/specifications.html	30	btn-a11y-more-actions
308	Especificações	Texto da interface	Como utilizar o Plugin		A revisar	Texto visível diretamente na tela	1	Propor aqui; desenvolvimento aplica no banco textual/código		hac.views.specifications.html.text.1.3770907a	txt.b3d710b1eb71	src/plugin/views/specifications.html	36	html
309	Especificações	Texto da interface	Como funciona o handoff		A revisar	Texto visível diretamente na tela	1	Propor aqui; desenvolvimento aplica no banco textual/código		hac.views.specifications.html.text.2.acd813d1	txt.cdcc172a4269	src/plugin/views/specifications.html	41	html
310	Especificações	Texto da interface	Selecionar tela		A revisar	Ajuda exibida ao passar o cursor	9	Propor aqui; desenvolvimento aplica no banco textual/código		hac.views.specifications.btn.a11y.select.screen.header.title.17a7b7cc	txt.26edd591c064	src/plugin/views/specifications.html	46	btn-a11y-select-screen-header
311	Especificações	Texto da interface	Selecionar Tela		A revisar	Texto visível diretamente na tela	9	Propor aqui; desenvolvimento aplica no banco textual/código		hac.views.specifications.span.text.1.80b5f565	txt.26edd591c064	src/plugin/views/specifications.html	48	span
312	Especificações	Texto da interface	Telas Documentadas (		A revisar	Texto visível diretamente na tela	1	Propor aqui; desenvolvimento aplica no banco textual/código		hac.views.specifications.h4.text.1.4b5cd126	txt.1e2f2be12c33	src/plugin/views/specifications.html	79	h4
313	Especificações	Texto da interface	Tela		A revisar	Texto visível diretamente na tela	3	Propor aqui; desenvolvimento aplica no banco textual/código		hac.views.specifications.a11y.workspace.title.text.c3db1fff	txt.92601ed7e85c	src/plugin/views/specifications.html	153	a11y-workspace-title
314	Especificações	Texto da interface	Mais ações		A revisar	Ajuda exibida ao passar o cursor	5	Propor aqui; desenvolvimento aplica no banco textual/código		hac.views.specifications.btn.a11y.workspace.more.actions.title.88ae2734	txt.36b6b95cf4a9	src/plugin/views/specifications.html	159	btn-a11y-workspace-more-actions
315	Especificações	Texto da interface	Focar no canvas		A revisar	Texto visível diretamente na tela	8	Propor aqui; desenvolvimento aplica no banco textual/código		hac.views.specifications.html.text.3.d02acd32	txt.08f002c56c5f	src/plugin/views/specifications.html	165	html
316	Especificações	Texto da interface	Ocultar/Mostrar no canvas		A revisar	Texto visível diretamente na tela	2	Propor aqui; desenvolvimento aplica no banco textual/código		hac.views.specifications.html.text.4.c8c2418d	txt.deb0ae418ba9	src/plugin/views/specifications.html	170	html
317	Especificações	Texto da interface	Remover tela		A revisar	Texto visível diretamente na tela	2	Propor aqui; desenvolvimento aplica no banco textual/código		hac.views.specifications.html.text.5.1c40a2c8	txt.df5ab335477b	src/plugin/views/specifications.html	175	html
318	Especificações	Texto da interface	Tabulação		A revisar	Texto visível diretamente na tela	7	Propor aqui; desenvolvimento aplica no banco textual/código		hac.views.specifications.span.text.2.f9e13245	txt.afd410875455	src/plugin/views/specifications.html	202	span
319	Especificações	Texto da interface	Swipe		A revisar	Texto visível diretamente na tela	4	Propor aqui; desenvolvimento aplica no banco textual/código		hac.views.specifications.span.text.3.686fa034	txt.54f46d64bf13	src/plugin/views/specifications.html	207	span
320	Especificações	Texto da interface	Leitor de Tela		A revisar	Texto visível diretamente na tela	13	Propor aqui; desenvolvimento aplica no banco textual/código		hac.views.specifications.span.text.4.a95da597	txt.2cccdb3dac0d	src/plugin/views/specifications.html	212	span
321	Especificações	Texto da interface	Resumo		A revisar	Texto visível diretamente na tela	1	Propor aqui; desenvolvimento aplica no banco textual/código		hac.views.specifications.span.text.5.c66e1068	txt.29e3cd750be2	src/plugin/views/specifications.html	217	span
322	Estrutura global	Texto da interface	Sobre o hac		A revisar	Ajuda exibida ao passar o cursor	2	Propor aqui; desenvolvimento aplica no banco textual/código		hac.build.button.1.title.92ca7829	txt.1bfb1079ad87	src/plugin/build.cjs	120	button.1
323	Estrutura global	Texto da interface	HAC		A revisar	Texto visível diretamente na tela	2	Propor aqui; desenvolvimento aplica no banco textual/código		hac.build.h1.text.1.5c01fe41	txt.5aca2c82a2f4	src/plugin/build.cjs	138	h1
324	Estrutura global	Texto da interface	Diminuir escala		A revisar	Ajuda exibida ao passar o cursor	1	Propor aqui; desenvolvimento aplica no banco textual/código		hac.build.btn.zoom.out.title.77b3769f	txt.1507b47d2173	src/plugin/build.cjs	143	btn-zoom-out
325	Estrutura global	Texto da interface	Aumentar escala		A revisar	Ajuda exibida ao passar o cursor	1	Propor aqui; desenvolvimento aplica no banco textual/código		hac.build.btn.zoom.in.title.1b07d606	txt.8318c833736d	src/plugin/build.cjs	147	btn-zoom-in
326	Estrutura global	Texto da interface	Alternar tema		A revisar	Ajuda exibida ao passar o cursor	1	Propor aqui; desenvolvimento aplica no banco textual/código		hac.build.button.4.title.8992c7c7	txt.12a70a37366a	src/plugin/build.cjs	151	button.4
327	Estrutura global	Texto da interface	Minimizar — clique no ícone para expandir novamente		A revisar	Ajuda exibida ao passar o cursor	1	Propor aqui; desenvolvimento aplica no banco textual/código		hac.build.btn.collapse.title.c80915f0	txt.4c3a98f62d13	src/plugin/build.cjs	157	btn-collapse
328	Estrutura global	Texto da interface	Salvar / exportar documentação		A revisar	Ajuda exibida ao passar o cursor	1	Propor aqui; desenvolvimento aplica no banco textual/código		hac.build.btn.hac.backup.menu.title.0000d08c	txt.6de9e1e88d46	src/plugin/build.cjs	167	btn-hac-backup-menu
329	Estrutura global	Texto da interface	Baixar backup (.json)		A revisar	Texto visível diretamente na tela	1	Propor aqui; desenvolvimento aplica no banco textual/código		hac.build.span.text.1.b9c8b8bf	txt.36f32f5e2c8d	src/plugin/build.cjs	177	span
330	Estrutura global	Texto da interface	Restaurável só neste arquivo.		A revisar	Texto visível diretamente na tela	1	Propor aqui; desenvolvimento aplica no banco textual/código		hac.build.span.text.2.1b4f0556	txt.b6ca8007ec0b	src/plugin/build.cjs	178	span
331	Estrutura global	Texto da interface	Exportar para o time (.md)		A revisar	Texto visível diretamente na tela	1	Propor aqui; desenvolvimento aplica no banco textual/código		hac.build.span.text.3.620f35f3	txt.68eefe8343bb	src/plugin/build.cjs	185	span
332	Estrutura global	Texto da interface	Documento legível com as specs.		A revisar	Texto visível diretamente na tela	1	Propor aqui; desenvolvimento aplica no banco textual/código		hac.build.span.text.4.57a5dabb	txt.45cc20f8b88d	src/plugin/build.cjs	186	span
333	Estrutura global	Texto da interface	Restaurar backup (.json)		A revisar	Texto visível diretamente na tela	1	Propor aqui; desenvolvimento aplica no banco textual/código		hac.build.span.text.5.30eeab8e	txt.5fa54994fd4b	src/plugin/build.cjs	194	span
334	Estrutura global	Texto da interface	Substitui a documentação atual. Só no mesmo arquivo de origem.		A revisar	Texto visível diretamente na tela	1	Propor aqui; desenvolvimento aplica no banco textual/código		hac.build.span.text.6.f6dd04ad	txt.ab2c2a742cf5	src/plugin/build.cjs	195	span
335	Estrutura global	Texto da interface	0 pontos marcados		A revisar	Texto visível diretamente na tela	1	Propor aqui; desenvolvimento aplica no banco textual/código		hac.build.a11y.capture.mini.bar.count.text.5e112abb	txt.5db0642c788e	src/plugin/build.cjs	233	a11y-capture-mini-bar-count
336	Estrutura global	Texto da interface	Recolher as instruções e liberar espaço no canvas		A revisar	Ajuda exibida ao passar o cursor	2	Propor aqui; desenvolvimento aplica no banco textual/código		hac.build.a11y.capture.mini.bar.help.data.tooltip.021f04a9	txt.471d569948af	src/plugin/build.cjs	250	a11y-capture-mini-bar-help
337	Estrutura global	Texto da interface	Cancelar		A revisar	Texto visível diretamente na tela	15	Propor aqui; desenvolvimento aplica no banco textual/código		hac.build.a11y.capture.mini.bar.cancel.text.e29c4525	txt.62b1466cf22e	src/plugin/build.cjs	256	a11y-capture-mini-bar-cancel
338	Estrutura global	Texto da interface	Concluir seleção		A revisar	Texto visível diretamente na tela	5	Propor aqui; desenvolvimento aplica no banco textual/código		hac.build.a11y.capture.mini.bar.finish.text.035cf2a9	txt.391f2e4bd258	src/plugin/build.cjs	261	a11y-capture-mini-bar-finish
339	Estrutura global	Texto da interface	Ordem de Tabulação		A revisar	Texto visível diretamente na tela	8	Propor aqui; desenvolvimento aplica no banco textual/código		hac.build.a11y.capture.bar.instructions.title.text.text.0f6cda18	txt.37066ca9dc6a	src/plugin/build.cjs	274	a11y-capture-bar-instructions-title-text
340	Estrutura global	Texto da interface	Instruções sobre o tipo de documentação		A revisar	Texto visível diretamente na tela	3	Propor aqui; desenvolvimento aplica no banco textual/código		hac.build.a11y.capture.bar.instructions.heading.text.54bbfc5b	txt.b0da0e72b688	src/plugin/build.cjs	277	a11y-capture-bar-instructions-heading
341	Estrutura global	Texto da interface	Como fazer		A revisar	Texto visível diretamente na tela	4	Propor aqui; desenvolvimento aplica no banco textual/código		hac.build.a11y.capture.bar.steps.heading.text.6086c4c2	txt.b9f77d39a810	src/plugin/build.cjs	281	a11y-capture-bar-steps-heading
342	Estrutura global	Texto da interface	${viewHome} ⏎ ${viewSpecs} ⏎ ${modalsShared}		A revisar	Texto visível diretamente na tela	1	Propor aqui; desenvolvimento valida as partes dinâmicas antes de aplicar		hac.build.div.text.1.5648d12a	txt.368aee88e068	src/plugin/build.cjs	287	div
343	Estrutura global	Texto da interface	Voltar ao topo		A revisar	Ajuda exibida ao passar o cursor	2	Propor aqui; desenvolvimento aplica no banco textual/código		hac.build.btn.top.title.c654620b	txt.38e998c3a17b	src/plugin/build.cjs	303	btn-top
344	Estrutura global	Texto da interface	{ ⏎ if (typeof lucide !== 'undefined') lucide.createIcons(); ⏎ });		A revisar	Texto visível diretamente na tela	1	Propor aqui; desenvolvimento aplica no banco textual/código		hac.build.script.text.1.d7a0a39a	txt.46f46d4d4bb1	src/plugin/build.cjs	387	script
345	Estrutura global	Texto da interface	Limpar todo o cache do plugin? ⏎ ⏎ Isso removerá: telas selecionadas, especificações de acessibilidade e ordem de tabulação. ⏎ ⏎ Essa ação não pode ser desfeita.		A revisar	Texto montado dinamicamente pela interface	1	Propor aqui; desenvolvimento aplica no banco textual/código		hac.modules.core.clearplugincache.confirm.l139c5.2d96748d	txt.c06832186d82	src/plugin/modules/core.js	139	clearPluginCache > confirm
346	Estrutura global	Texto da interface	Limpar completamente o Handoff de Acessibilidade? ⏎ ⏎ Isso removerá o cache do plugin E os itens já inseridos no canvas (selos, réplicas e a Ficha de Handoff) criados por você nesta sessão. ⏎ ⏎ Trabalho de outros designers no mesmo arquivo não é afetado. ⏎ ⏎ Essa ação não pode ser desfeita.		A revisar	Texto montado dinamicamente pela interface	1	Propor aqui; desenvolvimento aplica no banco textual/código		hac.modules.core.clearplugincanvasandcache.confirm.l160c5.d67596e9	txt.0a44e8d124bb	src/plugin/modules/core.js	160	clearPluginCanvasAndCache > confirm
347	Estrutura global	Texto da interface	Restaurar este backup?\n\nConteúdo: ${nAreas} tela(s), ${nSpecs} especificação(ões).\n\n		A revisar	Texto montado dinamicamente pela interface	1	Propor aqui; desenvolvimento valida as partes dinâmicas antes de aplicar		hac.modules.core.confirm.l407c7.a8fa8c47	txt.4da0298f9b4f	src/plugin/modules/core.js	407	confirm
348	Estrutura global	Texto da interface	A documentação atual do plugin será SUBSTITUÍDA. Os elementos já desenhados no canvas não são apagados.		A revisar	Texto montado dinamicamente pela interface	1	Propor aqui; desenvolvimento aplica no banco textual/código		hac.modules.core.confirm.l408c7.4137c174	txt.2a590e18fe3a	src/plugin/modules/core.js	408	confirm
349	Estrutura global	Texto da interface	body > div.flex-1		A revisar	Texto montado dinamicamente pela interface	3	Propor aqui; desenvolvimento aplica no banco textual/código		hac.modules.core.togglecollapse.maincontent.l483c46.d4978f01	txt.083361a877c9	src/plugin/modules/core.js	483	toggleCollapse > mainContent
350	Estrutura global	Texto da interface	body > div.flex-1		A revisar	Texto montado dinamicamente pela interface	3	Propor aqui; desenvolvimento aplica no banco textual/código		hac.modules.core.a11ycaptureminibarenter.maincontent.l545c46.2420c0a3	txt.083361a877c9	src/plugin/modules/core.js	545	_a11yCaptureMiniBarEnter > mainContent
351	Estrutura global	Texto da interface	a11y-capture-bar-instructions-title-text		A revisar	Texto montado dinamicamente pela interface	1	Propor aqui; desenvolvimento aplica no banco textual/código		hac.modules.core.title.l582c10.83adc9c5	txt.3b48469d8fd4	src/plugin/modules/core.js	582	title
352	Estrutura global	Texto da interface	a11y-capture-bar-instructions-heading		A revisar	Texto montado dinamicamente pela interface	1	Propor aqui; desenvolvimento aplica no banco textual/código		hac.modules.core.instructionsheading.l584c24.722345c6	txt.437f60bd9875	src/plugin/modules/core.js	584	instructionsHeading
353	Estrutura global	Texto da interface	a11y-capture-bar-instructions-body		A revisar	Texto montado dinamicamente pela interface	1	Propor aqui; desenvolvimento aplica no banco textual/código		hac.modules.core.instructionsbody.l585c21.05bf06eb	txt.15a9299d9b02	src/plugin/modules/core.js	585	instructionsBody
354	Estrutura global	Texto da interface	a11y-capture-bar-steps-heading		A revisar	Texto montado dinamicamente pela interface	1	Propor aqui; desenvolvimento aplica no banco textual/código		hac.modules.core.stepsheading.l586c17.b4c53e8d	txt.1441e7ec02d6	src/plugin/modules/core.js	586	stepsHeading
355	Estrutura global	Texto da interface	tabOrder		A revisar	Texto montado dinamicamente pela interface	1	Propor aqui; desenvolvimento aplica no banco textual/código		hac.modules.core.a11ycapturebarrenderinstructions.contentkey.l591c34.c27c1656	txt.296f7e339bd7	src/plugin/modules/core.js	591	_a11yCaptureBarRenderInstructions > contentKey
356	Estrutura global	Texto da interface	tabulacao		A revisar	Texto montado dinamicamente pela interface	1	Propor aqui; desenvolvimento aplica no banco textual/código		hac.modules.core.a11ycapturebarrenderinstructions.contentkey.l591c47.29efea48	txt.bb106260f137	src/plugin/modules/core.js	591	_a11yCaptureBarRenderInstructions > contentKey
357	Estrutura global	Texto da interface	swipe		A revisar	Texto montado dinamicamente pela interface	4	Propor aqui; desenvolvimento aplica no banco textual/código		hac.modules.core.a11ycapturebarrenderinstructions.contentkey.l591c61.2c17c0cc	txt.54f46d64bf13	src/plugin/modules/core.js	591	_a11yCaptureBarRenderInstructions > contentKey
358	Estrutura global	Texto da interface	a11y-capture-mini-bar-help		A revisar	Texto montado dinamicamente pela interface	1	Propor aqui; desenvolvimento aplica no banco textual/código		hac.modules.core.a11ycapturebarsynctooltips.helpbtn.l631c43.a822f8c0	txt.38eaca57b9a0	src/plugin/modules/core.js	631	_a11yCaptureBarSyncTooltips > helpBtn
359	Estrutura global	Texto da interface	data-tooltip		A revisar	Texto montado dinamicamente pela interface	1	Propor aqui; desenvolvimento aplica no banco textual/código		hac.modules.core.a11ycapturebarsynctooltips.setattribute.l636c26.c0cd7e87	txt.5729d5f2bd20	src/plugin/modules/core.js	636	_a11yCaptureBarSyncTooltips > setAttribute
360	Estrutura global	Texto da interface	body > div.flex-1		A revisar	Texto montado dinamicamente pela interface	3	Propor aqui; desenvolvimento aplica no banco textual/código		hac.modules.core.a11ycaptureminibarexit.maincontent.l689c46.843e6e9f	txt.083361a877c9	src/plugin/modules/core.js	689	_a11yCaptureMiniBarExit > mainContent
361	Estrutura global	Texto da interface	error		A revisar	Texto montado dinamicamente pela interface	17	Propor aqui; desenvolvimento aplica no banco textual/código		hac.modules.core.showtoast.iserror.l747c31.6a77ffc0	txt.11f9578d05e6	src/plugin/modules/core.js	747	showToast > isError
362	Estrutura global	Texto da interface	div		A revisar	Texto montado dinamicamente pela interface	2	Propor aqui; desenvolvimento aplica no banco textual/código		hac.modules.core.showtoast.toast.l748c40.cb7329c6	txt.26021f1f4700	src/plugin/modules/core.js	748	showToast > toast
363	Estrutura global	Texto da interface	div		A revisar	Texto montado dinamicamente pela interface	2	Propor aqui; desenvolvimento aplica no banco textual/código		hac.modules.core.showsnackbar.contentcol.l795c45.25e17037	txt.26021f1f4700	src/plugin/modules/core.js	795	showSnackbar > contentCol
364	Estrutura global	Texto da interface	span		A revisar	Texto montado dinamicamente pela interface	1	Propor aqui; desenvolvimento aplica no banco textual/código		hac.modules.core.showsnackbar.textspan.l797c43.080c4d17	txt.6325f8c63097	src/plugin/modules/core.js	797	showSnackbar > textSpan
365	Estrutura global	Texto da interface	.accordion-content, [data-accordion-content]		A revisar	Texto montado dinamicamente pela interface	2	Propor aqui; desenvolvimento aplica no banco textual/código		hac.modules.core.othercontent.l1035c70.09ff0eff	txt.73b04d3502ae	src/plugin/modules/core.js	1035	otherContent
366	Estrutura global	Texto da interface	.accordion-content, [data-accordion-content]		A revisar	Texto montado dinamicamente pela interface	2	Propor aqui; desenvolvimento aplica no banco textual/código		hac.modules.core.collapseallaccordions.allcontent.l1060c44.1bfcfce0	txt.73b04d3502ae	src/plugin/modules/core.js	1060	collapseAllAccordions > allContent
367	Ficha de handoff	Texto da interface	Descrição		A revisar	Texto montado dinamicamente pela interface	16	Propor aqui; desenvolvimento aplica no banco textual/código		hac.modules.handoff.ficha.fichabuildspecfields.push.l143c39.22679e2f	txt.e9df693ec666	src/plugin/modules/handoff-ficha.js	143	_fichaBuildSpecFields > push
368	Ficha de handoff	Texto da interface	Nome Acessível		A revisar	Texto montado dinamicamente pela interface	11	Propor aqui; desenvolvimento aplica no banco textual/código		hac.modules.handoff.ficha.fichabuildspecfields.push.l146c43.167a1439	txt.73731b9780ed	src/plugin/modules/handoff-ficha.js	146	_fichaBuildSpecFields > push
369	Ficha de handoff	Texto da interface	Notas de Código		A revisar	Texto montado dinamicamente pela interface	5	Propor aqui; desenvolvimento aplica no banco textual/código		hac.modules.handoff.ficha.fichabuildspecfields.push.l156c26.6b1bf3e4	txt.8904c1be0349	src/plugin/modules/handoff-ficha.js	156	_fichaBuildSpecFields > push
370	Ficha de handoff	Texto da interface	Notas adicionais		A revisar	Texto montado dinamicamente pela interface	1	Propor aqui; desenvolvimento aplica no banco textual/código		hac.modules.handoff.ficha.fichabuildspecfields.push.l157c26.26cf47bc	txt.1306e90570b6	src/plugin/modules/handoff-ficha.js	157	_fichaBuildSpecFields > push
371	Ficha de handoff	Texto da interface	Notas de Código		A revisar	Texto montado dinamicamente pela interface	5	Propor aqui; desenvolvimento aplica no banco textual/código		hac.modules.handoff.ficha.fichabuildspecfields.push.l159c26.3f2f7942	txt.8904c1be0349	src/plugin/modules/handoff-ficha.js	159	_fichaBuildSpecFields > push
372	Ficha de handoff	Texto da interface	Notas de Código		A revisar	Texto montado dinamicamente pela interface	5	Propor aqui; desenvolvimento aplica no banco textual/código		hac.modules.handoff.ficha.push.l161c26.04ba1f44	txt.8904c1be0349	src/plugin/modules/handoff-ficha.js	161	push
373	Ficha de handoff	Texto da interface	Observações		A revisar	Texto montado dinamicamente pela interface	13	Propor aqui; desenvolvimento aplica no banco textual/código		hac.modules.handoff.ficha.fichabuildspecfields.push.l165c41.68ba9205	txt.c358a1fc1734	src/plugin/modules/handoff-ficha.js	165	_fichaBuildSpecFields > push
374	Ficha de handoff	Texto da interface	componente		A revisar	Texto montado dinamicamente pela interface	11	Propor aqui; desenvolvimento aplica no banco textual/código		hac.modules.handoff.ficha.fichabuildspecfields.componenteraw.l172c15.ce81fb20	txt.b997b3fca96a	src/plugin/modules/handoff-ficha.js	172	_fichaBuildSpecFields > componenteRaw
375	Ficha de handoff	Texto da interface	Componente		A revisar	Texto montado dinamicamente pela interface	11	Propor aqui; desenvolvimento aplica no banco textual/código		hac.modules.handoff.ficha.fichabuildspecfields.push.l173c43.f844081c	txt.b997b3fca96a	src/plugin/modules/handoff-ficha.js	173	_fichaBuildSpecFields > push
376	Ficha de handoff	Texto da interface	Acessibilidade		A revisar	Texto montado dinamicamente pela interface	5	Propor aqui; desenvolvimento aplica no banco textual/código		hac.modules.handoff.ficha.fichabuildspecpayload.label.l184c63.b4051d1a	txt.2319af1437e6	src/plugin/modules/handoff-ficha.js	184	_fichaBuildSpecPayload > label
377	Ficha de handoff	Texto da interface	bg-green-50 dark:bg-green-900/10 border-green-200 dark:border-green-800/40		A revisar	Texto montado dinamicamente pela interface	1	Propor aqui; desenvolvimento aplica no banco textual/código		hac.modules.handoff.ficha.ficharenderprojectsummary.cordestatus.l602c7.70feaae9	txt.6119c08a3b88	src/plugin/modules/handoff-ficha.js	602	_fichaRenderProjectSummary > corDeStatus
378	Ficha de handoff	Texto da interface	bg-gray-50/60 dark:bg-dark-bg/40 border-gray-100 dark:border-dark-line		A revisar	Texto montado dinamicamente pela interface	1	Propor aqui; desenvolvimento aplica no banco textual/código		hac.modules.handoff.ficha.ficharenderprojectsummary.cordestatus.l603c7.4d1e758f	txt.5127d2762b20	src/plugin/modules/handoff-ficha.js	603	_fichaRenderProjectSummary > corDeStatus
379	Ficha de handoff	Texto da interface	text-green-700 dark:text-green-400		A revisar	Texto montado dinamicamente pela interface	1	Propor aqui; desenvolvimento aplica no banco textual/código		hac.modules.handoff.ficha.ficharenderprojectsummary.cordotexto.l605c46.0d2490be	txt.3b3f59e9ebe6	src/plugin/modules/handoff-ficha.js	605	_fichaRenderProjectSummary > corDoTexto
380	Ficha de handoff	Texto da interface	text-slate-500 dark:text-dark-muted		A revisar	Texto montado dinamicamente pela interface	1	Propor aqui; desenvolvimento aplica no banco textual/código		hac.modules.handoff.ficha.ficharenderprojectsummary.cordotexto.l605c85.1d970734	txt.5c62a250cb7a	src/plugin/modules/handoff-ficha.js	605	_fichaRenderProjectSummary > corDoTexto
381	Ficha de handoff	Texto da interface	${completion.complete} de ${completion.total} tela${completion.total === 1 ? '' : 's'} com o checklist fechado		A revisar	Texto visível diretamente na tela	1	Propor aqui; desenvolvimento valida as partes dinâmicas antes de aplicar		hac.modules.handoff.ficha.p.text.1.11322ef0	txt.3d0ec90d217d	src/plugin/modules/handoff-ficha.js	614	p
382	Ficha de handoff	Texto da interface	Todas as telas precisam ter o checklist fechado antes de finalizar		A revisar	Ajuda exibida ao passar o cursor	1	Propor aqui; desenvolvimento aplica no banco textual/código		hac.modules.handoff.ficha.button.1.data.tooltip.d972554f	txt.6db307e09131	src/plugin/modules/handoff-ficha.js	617	button.1
383	Ficha de handoff	Texto da interface	Finalizar		A revisar	Texto visível diretamente na tela	2	Propor aqui; desenvolvimento aplica no banco textual/código		hac.modules.handoff.ficha.html.text.1.3d0963e0	txt.071c46d7919b	src/plugin/modules/handoff-ficha.js	621	html
384	Ficha de handoff	Texto da interface	${completion.total} tela${completion.total === 1 ? '' : 's'} documentada${completion.total === 1 ? '' : 's'}, checklist fechado em todas.		A revisar	Texto montado dinamicamente pela interface	1	Propor aqui; desenvolvimento valida as partes dinâmicas antes de aplicar		hac.modules.handoff.ficha.fichaopenfinalizemodal.textcontent.l640c38.d2a48545	txt.c756e0480669	src/plugin/modules/handoff-ficha.js	640	_fichaOpenFinalizeModal > textContent
385	Ficha de handoff	Texto da interface	Ainda não inserida no handoff		A revisar	Texto montado dinamicamente pela interface	1	Propor aqui; desenvolvimento aplica no banco textual/código		hac.modules.handoff.ficha.fichastatuscardhtml.statustext.l690c20.e4e05911	txt.cc6d83c7de5b	src/plugin/modules/handoff-ficha.js	690	_fichaStatusCardHtml > statusText
386	Ficha de handoff	Texto da interface	Editar		A revisar	Texto visível diretamente na tela	2	Propor aqui; desenvolvimento aplica no banco textual/código		hac.modules.handoff.ficha.html.text.1.ee6ac0fc	txt.c9c43bc17ce2	src/plugin/modules/handoff-ficha.js	711	html
387	Início	Texto da interface	Boas-vindas ao Handoff de Acessibilidade CAIXA		A revisar	Texto visível diretamente na tela	1	Propor aqui; desenvolvimento aplica no banco textual/código		hac.views.home.h2.text.1.c8ea4495	txt.3b3fd45639aa	src/plugin/views/home.html	87	h2
388	Início	Texto da interface	Documente ordem de tabulação e especificação para Leitor de Tela de forma simples, rápida e escalável com o DSC.		A revisar	Texto visível diretamente na tela	1	Propor aqui; desenvolvimento aplica no banco textual/código		hac.views.home.p.text.1.02f8a590	txt.b1abea254730	src/plugin/views/home.html	88	p
389	Início	Texto da interface	Escolha qual lib o seu projeto se encaixa:		A revisar	Texto visível diretamente na tela	1	Propor aqui; desenvolvimento aplica no banco textual/código		hac.views.home.p.text.2.8da6b37a	txt.ad460c354c6e	src/plugin/views/home.html	94	p
390	Início	Texto da interface	Super DSC Mobile		A revisar	Texto visível diretamente na tela	3	Propor aqui; desenvolvimento aplica no banco textual/código		hac.views.home.p.text.3.efc58a7f	txt.5d64152f69d7	src/plugin/views/home.html	121	p
391	Início	Texto da interface	Super DSC Web		A revisar	Texto visível diretamente na tela	4	Propor aqui; desenvolvimento aplica no banco textual/código		hac.views.home.p.text.4.b46ee7ea	txt.88e1fa356c78	src/plugin/views/home.html	128	p
392	Início	Texto da interface	Qual biblioteca web?		A revisar	Texto visível diretamente na tela	1	Propor aqui; desenvolvimento aplica no banco textual/código		hac.views.home.h2.text.2.5b0d7830	txt.175f46f69fd0	src/plugin/views/home.html	142	h2
393	Início	Texto da interface	As duas coexistem hoje enquanto a migração de design system não termina.		A revisar	Texto visível diretamente na tela	1	Propor aqui; desenvolvimento aplica no banco textual/código		hac.views.home.p.text.5.ee44fecb	txt.3f2ad8e4a4b2	src/plugin/views/home.html	143	p
394	Início	Texto da interface	DSC Web Angular & React		A revisar	Texto visível diretamente na tela	3	Propor aqui; desenvolvimento aplica no banco textual/código		hac.views.home.span.text.1.b78a0339	txt.f6b8c99928b8	src/plugin/views/home.html	159	span
395	Início	Texto da interface	Legada		A revisar	Texto visível diretamente na tela	1	Propor aqui; desenvolvimento aplica no banco textual/código		hac.views.home.span.text.2.7caf7050	txt.3ca3de359736	src/plugin/views/home.html	160	span
396	Início	Texto da interface	Super DSC Web		A revisar	Texto visível diretamente na tela	4	Propor aqui; desenvolvimento aplica no banco textual/código		hac.views.home.span.text.3.d5199f2e	txt.88e1fa356c78	src/plugin/views/home.html	169	span
397	Início	Texto da interface	Nova · Recomendada		A revisar	Texto visível diretamente na tela	1	Propor aqui; desenvolvimento aplica no banco textual/código		hac.views.home.span.text.4.47143b6d	txt.0d9796707df6	src/plugin/views/home.html	170	span
398	Início	Texto da interface	Voltar		A revisar	Texto visível diretamente na tela	3	Propor aqui; desenvolvimento aplica no banco textual/código		hac.views.home.button.text.1.d48c6342	txt.1505adfd7cfd	src/plugin/views/home.html	174	button
399	Modais	Texto da interface	Nova especificação		A revisar	Texto visível diretamente na tela	2	Propor aqui; desenvolvimento aplica no banco textual/código		hac.views.modals.a11y.category.picker.title.text.text.4148ebb0	txt.de843bb6dfcf	src/plugin/views/modals.html	14	a11y-category-picker-title-text
400	Modais	Texto da interface	Fechar		A revisar	Ajuda exibida ao passar o cursor	26	Propor aqui; desenvolvimento aplica no banco textual/código		hac.views.modals.button.1.title.c1480f66	txt.5749fbf846d2	src/plugin/views/modals.html	16	button.1
401	Modais	Texto da interface	Selecionado no canvas		A revisar	Texto visível diretamente na tela	1	Propor aqui; desenvolvimento aplica no banco textual/código		hac.views.modals.p.text.1.3bdc45f2	txt.91bdac27ad01	src/plugin/views/modals.html	35	p
402	Modais	Texto da interface	Estrutura da Página		A revisar	Texto visível diretamente na tela	4	Propor aqui; desenvolvimento aplica no banco textual/código		hac.views.modals.html.text.1.123fdcdf	txt.2fb75ee3e5ab	src/plugin/views/modals.html	43	html
403	Modais	Texto da interface	Nível de Título		A revisar	Texto visível diretamente na tela	3	Propor aqui; desenvolvimento aplica no banco textual/código		hac.views.modals.a11y.category.btn.titulo.label.text.e1e0c84b	txt.91e5dc8c41f2	src/plugin/views/modals.html	52	a11y-category-btn-titulo-label
404	Modais	Texto da interface	Elementos e Imagens		A revisar	Texto visível diretamente na tela	3	Propor aqui; desenvolvimento aplica no banco textual/código		hac.views.modals.html.text.2.72b40852	txt.ae389a2dd9e8	src/plugin/views/modals.html	56	html
405	Modais	Texto da interface	Elemento Decorativo		A revisar	Texto visível diretamente na tela	3	Propor aqui; desenvolvimento aplica no banco textual/código		hac.views.modals.html.text.3.a2c350a2	txt.51c2f95692b8	src/plugin/views/modals.html	60	html
406	Modais	Texto da interface	(function () { ⏎ function renderA11yCategoryPickerBadges() { ⏎ if (typeof A11Y_CATEGORIES === 'undefined' || typeof renderA11yCategoryBadgeSvg === 'undefined') return; ⏎ document.querySelectorAll('.a11y-cat-badge-picker[data-a11y-cat]').forEach(function (el) { ⏎ var catKey = el.getAttribute('data-a11y-cat'); ⏎ if (!A11Y_CATEGORIES[catKey]) return; ⏎ el.innerHTML = renderA11yCategoryBadgeSvg(catKey, 18); ⏎ }); ⏎ } ⏎ ⏎ function attachObserver() { ⏎ var modal = document.getElementById('a11y-category-picker-modal'); ⏎ if (!modal) return; ⏎ var observer = new MutationObserver(function () { ⏎ if (!modal.classList.contains('hidden')) renderA11yCategoryPickerBadges(); ⏎ }); ⏎ observer.observe(modal, { attributes: true, attributeFilter: ['class'] }); ⏎ } ⏎ ⏎ if (document.readyState === 'loading') { ⏎ document.addEventListener('DOMContentLoaded', attachObserver); ⏎ } else { ⏎ attachObserver(); ⏎ } ⏎ })();		A revisar	Texto visível diretamente na tela	1	Propor aqui; desenvolvimento aplica no banco textual/código		hac.views.modals.script.text.1.09783f74	txt.97de298defc8	src/plugin/views/modals.html	73	script
407	Modais	Texto da interface	Especificação de Acessibilidade		A revisar	Texto visível diretamente na tela	2	Propor aqui; desenvolvimento aplica no banco textual/código		hac.views.modals.a11y.modal.title.text.text.7b38038d	txt.5e40d99cdc7d	src/plugin/views/modals.html	111	a11y-modal-title-text
408	Modais	Texto da interface	Alterar categoria		A revisar	Ajuda exibida ao passar o cursor	2	Propor aqui; desenvolvimento aplica no banco textual/código		hac.views.modals.a11y.modal.category.edit.btn.title.7a06ecd2	txt.df5448e93321	src/plugin/views/modals.html	115	a11y-modal-category-edit-btn
409	Modais	Texto da interface	Localizar no canvas		A revisar	Ajuda exibida ao passar o cursor	2	Propor aqui; desenvolvimento aplica no banco textual/código		hac.views.modals.btn.a11y.wizard.focus.title.1eee20c8	txt.a4641c2370b3	src/plugin/views/modals.html	128	btn-a11y-wizard-focus
410	Modais	Texto da interface	Focar		A revisar	Texto visível diretamente na tela	1	Propor aqui; desenvolvimento aplica no banco textual/código		hac.views.modals.span.text.1.a1b507e5	txt.b50aae9de20e	src/plugin/views/modals.html	130	span
411	Modais	Texto da interface	Fechar		A revisar	Ajuda exibida ao passar o cursor	26	Propor aqui; desenvolvimento aplica no banco textual/código		hac.views.modals.button.8.title.133938c3	txt.5749fbf846d2	src/plugin/views/modals.html	132	button.8
412	Modais	Texto da interface	Item anterior		A revisar	Ajuda exibida ao passar o cursor	2	Propor aqui; desenvolvimento aplica no banco textual/código		hac.views.modals.btn.a11y.wizard.prev.title.9a4e0b90	txt.c1125e0b9ccd	src/plugin/views/modals.html	144	btn-a11y-wizard-prev
413	Modais	Texto da interface	de —		A revisar	Texto visível diretamente na tela	1	Propor aqui; desenvolvimento aplica no banco textual/código		hac.views.modals.a11y.wizard.index.total.text.40effe3a	txt.0ae4f5ba6afb	src/plugin/views/modals.html	153	a11y-wizard-index-total
414	Modais	Texto da interface	Próximo item		A revisar	Ajuda exibida ao passar o cursor	2	Propor aqui; desenvolvimento aplica no banco textual/código		hac.views.modals.btn.a11y.wizard.next.title.fc52254d	txt.438d4cbf1cfa	src/plugin/views/modals.html	155	btn-a11y-wizard-next
415	Modais	Texto da interface	Camada no canvas:		A revisar	Texto visível diretamente na tela	1	Propor aqui; desenvolvimento aplica no banco textual/código		hac.views.modals.span.text.2.57dbe2af	txt.aac475cd285e	src/plugin/views/modals.html	168	span
416	Modais	Texto da interface	Está dentro de:		A revisar	Texto visível diretamente na tela	1	Propor aqui; desenvolvimento aplica no banco textual/código		hac.views.modals.span.text.3.fed71b3e	txt.a47fc2c6082b	src/plugin/views/modals.html	180	span
417	Modais	Texto da interface	Componente DSC:		A revisar	Texto visível diretamente na tela	1	Propor aqui; desenvolvimento aplica no banco textual/código		hac.views.modals.span.text.4.c7bd4129	txt.c5cb8135f0c0	src/plugin/views/modals.html	184	span
418	Modais	Texto da interface	Já existe uma especificação para este elemento.		A revisar	Texto visível diretamente na tela	1	Propor aqui; desenvolvimento aplica no banco textual/código		hac.views.modals.p.text.2.58a03442	txt.2ebba67f1e03	src/plugin/views/modals.html	196	p
419	Modais	Texto da interface	Editar especificação existente		A revisar	Texto visível diretamente na tela	1	Propor aqui; desenvolvimento aplica no banco textual/código		hac.views.modals.btn.a11y.modal.edit.duplicate.text.d1c75185	txt.19fb3d9eb45a	src/plugin/views/modals.html	198	btn-a11y-modal-edit-duplicate
420	Modais	Texto da interface	Tag		A revisar	Texto visível diretamente na tela	3	Propor aqui; desenvolvimento aplica no banco textual/código		hac.views.modals.label.text.1.f9415268	txt.5e9b60f69165	src/plugin/views/modals.html	253	label
421	Modais	Texto da interface	Label (accessibilityLabel)		A revisar	Texto visível diretamente na tela	1	Propor aqui; desenvolvimento aplica no banco textual/código		hac.views.modals.label.text.2.95cc1e0c	txt.5ca09a1c5b54	src/plugin/views/modals.html	270	label
422	Modais	Texto da interface	Ex: Botão de enviar formulário		A revisar	Exemplo ou orientação dentro de um campo	1	Propor aqui; desenvolvimento aplica no banco textual/código		hac.views.modals.a11y.el.label.placeholder.05544772	txt.0a9e9ed2560f	src/plugin/views/modals.html	273	a11y-el-label
423	Modais	Texto da interface	Nome Acessível		A revisar	Texto visível diretamente na tela	11	Propor aqui; desenvolvimento aplica no banco textual/código		hac.views.modals.p.text.3.0a885d38	txt.73731b9780ed	src/plugin/views/modals.html	288	p
424	Modais	Texto da interface	real ⏎ (logo abaixo, fora desta linha) é MOVIDO pra cá via ⏎ appendChild por _updateA11yMobileObservacoesVisibility quando ⏎ não há Nome Acessível/Label ocupando o espaço — mesmo padrão ⏎ de realocação já usado pelo campo de texto acessível acima ⏎ (nunca duplica elemento, o checkbox é sempre o mesmo nó). ⏎ Alinhamento vertical (2026-09-24, pedido do usuário: ⏎ "centralize o checkbox na linha"): mt-[1.375rem] compensa a ⏎ altura do		A revisar	Texto visível diretamente na tela	1	Propor aqui; desenvolvimento aplica no banco textual/código		hac.views.modals.a11y.el.mobile.observacoes.inline.wrap.text.1950135e	txt.bf334e42bc85	src/plugin/views/modals.html	295	a11y-el-mobile-observacoes-inline-wrap
425	Modais	Texto da interface	Observações		A revisar	Texto visível diretamente na tela	13	Propor aqui; desenvolvimento aplica no banco textual/código		hac.views.modals.span.text.5.788c9716	txt.c358a1fc1734	src/plugin/views/modals.html	324	span
426	Modais	Texto da interface	Formato: A, B, A1, A2, A1.1, A1.2...		A revisar	Texto visível diretamente na tela	2	Propor aqui; desenvolvimento aplica no banco textual/código		hac.views.modals.a11y.el.tag.error.text.a4dc1e83	txt.011874183ec1	src/plugin/views/modals.html	326	a11y-el-tag-error
427	Modais	Texto da interface	Insira seu texto de observações.		A revisar	Exemplo ou orientação dentro de um campo	1	Propor aqui; desenvolvimento aplica no banco textual/código		hac.views.modals.textarea.1.placeholder.947c7b56	txt.f9a92e282992	src/plugin/views/modals.html	335	textarea.1
428	Modais	Texto da interface	em si ⏎ permanecem no DOM como `hidden` (sem label visual, nunca ⏎ clicáveis) só para PRESERVAR DADO HISTÓRICO: _prefillA11ySpecForEdit ⏎ (accessibility.js) precisa continuar achando ⏎ `input[name="a11y-el-mobile-variant"][value=sub.variant]` pra ⏎ reaplicar corretamente a variante salva de specs mobile ANTIGAS ⏎ que tenham usado "link"/"texto alternativo" — se esses		A revisar	Texto visível diretamente na tela	1	Propor aqui; desenvolvimento aplica no banco textual/código		hac.views.modals.input.text.1.ace8d7bd	txt.76593620dbfc	src/plugin/views/modals.html	367	input
429	Modais	Texto da interface	Variante (mobile)		A revisar	Texto visível diretamente na tela	1	Propor aqui; desenvolvimento aplica no banco textual/código		hac.views.modals.p.text.4.65c3f3b7	txt.e50027acb691	src/plugin/views/modals.html	383	p
430	Modais	Texto da interface	Tag		A revisar	Texto visível diretamente na tela	3	Propor aqui; desenvolvimento aplica no banco textual/código		hac.views.modals.label.text.3.f6098655	txt.5e9b60f69165	src/plugin/views/modals.html	425	label
431	Modais	Texto da interface	A, A1...		A revisar	Exemplo ou orientação dentro de um campo	1	Propor aqui; desenvolvimento aplica no banco textual/código		hac.views.modals.a11y.estrutura.tag.input.placeholder.a464f89c	txt.878ab9413b0b	src/plugin/views/modals.html	426	a11y-estrutura-tag-input
432	Modais	Texto da interface	Subtipo		A revisar	Texto visível diretamente na tela	2	Propor aqui; desenvolvimento aplica no banco textual/código		hac.views.modals.label.text.4.6ed3318f	txt.39ef0f239f6c	src/plugin/views/modals.html	432	label
433	Modais	Texto da interface	Idiomas		A revisar	Texto visível diretamente na tela	2	Propor aqui; desenvolvimento aplica no banco textual/código		hac.views.modals.option.text.1.bfe3d355	txt.c369fb5dee00	src/plugin/views/modals.html	435	option
434	Modais	Texto da interface	Marco de Navegação		A revisar	Texto visível diretamente na tela	6	Propor aqui; desenvolvimento aplica no banco textual/código		hac.views.modals.option.text.2.e1661923	txt.f745de63440f	src/plugin/views/modals.html	436	option
435	Modais	Texto da interface	Título da Página		A revisar	Texto visível diretamente na tela	4	Propor aqui; desenvolvimento aplica no banco textual/código		hac.views.modals.option.text.3.dfefc9a6	txt.dead91f968b4	src/plugin/views/modals.html	437	option
436	Modais	Texto da interface	Customizável		A revisar	Texto visível diretamente na tela	2	Propor aqui; desenvolvimento aplica no banco textual/código		hac.views.modals.option.text.4.3cfdd6bb	txt.c811fb3c974d	src/plugin/views/modals.html	438	option
437	Modais	Texto da interface	Formato: A, B, A1, A2, A1.1, A1.2...		A revisar	Texto visível diretamente na tela	2	Propor aqui; desenvolvimento aplica no banco textual/código		hac.views.modals.a11y.estrutura.tag.error.text.e890d329	txt.011874183ec1	src/plugin/views/modals.html	442	a11y-estrutura-tag-error
438	Modais	Texto da interface	Idioma de		A revisar	Texto visível diretamente na tela	1	Propor aqui; desenvolvimento aplica no banco textual/código		hac.views.modals.label.text.5.388bee9a	txt.87b2bdad3870	src/plugin/views/modals.html	445	label
439	Modais	Texto da interface	Da página		A revisar	Texto visível diretamente na tela	1	Propor aqui; desenvolvimento aplica no banco textual/código		hac.views.modals.option.text.5.73bb75b4	txt.6f8c57246166	src/plugin/views/modals.html	448	option
440	Modais	Texto da interface	Das partes		A revisar	Texto visível diretamente na tela	4	Propor aqui; desenvolvimento aplica no banco textual/código		hac.views.modals.option.text.6.acffcd23	txt.a84778a25727	src/plugin/views/modals.html	449	option
441	Modais	Texto da interface	Marco		A revisar	Texto visível diretamente na tela	1	Propor aqui; desenvolvimento aplica no banco textual/código		hac.views.modals.label.text.6.e4190ff3	txt.3829486b93ec	src/plugin/views/modals.html	454	label
442	Modais	Texto da interface	Header		A revisar	Texto visível diretamente na tela	2	Propor aqui; desenvolvimento aplica no banco textual/código		hac.views.modals.option.text.7.7f793c9d	txt.594fd1615a34	src/plugin/views/modals.html	457	option
443	Modais	Texto da interface	Nav		A revisar	Texto visível diretamente na tela	2	Propor aqui; desenvolvimento aplica no banco textual/código		hac.views.modals.option.text.8.993f9ba2	txt.fea877d4f0f1	src/plugin/views/modals.html	458	option
444	Modais	Texto da interface	Main		A revisar	Texto visível diretamente na tela	2	Propor aqui; desenvolvimento aplica no banco textual/código		hac.views.modals.option.text.9.3d199566	txt.b28b7af69320	src/plugin/views/modals.html	459	option
445	Modais	Texto da interface	Aside		A revisar	Texto visível diretamente na tela	2	Propor aqui; desenvolvimento aplica no banco textual/código		hac.views.modals.option.text.10.f6472f0b	txt.b77cad146760	src/plugin/views/modals.html	460	option
446	Modais	Texto da interface	Footer		A revisar	Texto visível diretamente na tela	2	Propor aqui; desenvolvimento aplica no banco textual/código		hac.views.modals.option.text.11.77b0a876	txt.d7eb6b340a11	src/plugin/views/modals.html	461	option
447	Modais	Texto da interface	Customizável		A revisar	Texto visível diretamente na tela	2	Propor aqui; desenvolvimento aplica no banco textual/código		hac.views.modals.option.text.12.06c4e489	txt.c811fb3c974d	src/plugin/views/modals.html	462	option
448	Modais	Texto da interface	Descrição		A revisar	Texto visível diretamente na tela	16	Propor aqui; desenvolvimento aplica no banco textual/código		hac.views.modals.label.text.7.c30cb833	txt.e9df693ec666	src/plugin/views/modals.html	468	label
449	Modais	Texto da interface	Nota de Código		A revisar	Texto visível diretamente na tela	6	Propor aqui; desenvolvimento aplica no banco textual/código		hac.views.modals.p.text.5.7f0a1907	txt.e626b601a40b	src/plugin/views/modals.html	476	p
450	Modais	Texto da interface	Campos do componente		A revisar	Texto visível diretamente na tela	3	Propor aqui; desenvolvimento aplica no banco textual/código		hac.views.modals.p.text.6.e600fc44	txt.abb8d380c9b1	src/plugin/views/modals.html	484	p
451	Modais	Texto da interface	Nível		A revisar	Texto visível diretamente na tela	4	Propor aqui; desenvolvimento aplica no banco textual/código		hac.views.modals.label.text.8.df2a1c63	txt.e716f916ba0f	src/plugin/views/modals.html	513	label
452	Modais	Texto da interface	H1		A revisar	Texto visível diretamente na tela	3	Propor aqui; desenvolvimento aplica no banco textual/código		hac.views.modals.option.text.13.15df70c9	txt.ac4ae97285c1	src/plugin/views/modals.html	516	option
453	Modais	Texto da interface	H2		A revisar	Texto visível diretamente na tela	2	Propor aqui; desenvolvimento aplica no banco textual/código		hac.views.modals.option.text.14.9ba767c2	txt.bf1c365741a4	src/plugin/views/modals.html	517	option
454	Modais	Texto da interface	H3		A revisar	Texto visível diretamente na tela	2	Propor aqui; desenvolvimento aplica no banco textual/código		hac.views.modals.option.text.15.0b227b7f	txt.8dbc6058e033	src/plugin/views/modals.html	518	option
455	Modais	Texto da interface	H4		A revisar	Texto visível diretamente na tela	2	Propor aqui; desenvolvimento aplica no banco textual/código		hac.views.modals.option.text.16.7a84174e	txt.4f92c044d819	src/plugin/views/modals.html	519	option
456	Modais	Texto da interface	H5		A revisar	Texto visível diretamente na tela	2	Propor aqui; desenvolvimento aplica no banco textual/código		hac.views.modals.option.text.17.88a605a4	txt.36e20656918e	src/plugin/views/modals.html	520	option
457	Modais	Texto da interface	H6		A revisar	Texto visível diretamente na tela	2	Propor aqui; desenvolvimento aplica no banco textual/código		hac.views.modals.option.text.18.4ff9940d	txt.6b7658601d20	src/plugin/views/modals.html	521	option
458	Modais	Texto da interface	H (mobile, sem nível)		A revisar	Texto visível diretamente na tela	2	Propor aqui; desenvolvimento aplica no banco textual/código		hac.views.modals.option.text.19.cf4f9294	txt.6016218e6004	src/plugin/views/modals.html	522	option
459	Modais	Texto da interface	com opção única é ⏎ interação sem escolha real. _applyA11yTituloOriginLock esconde ⏎ o		A revisar	Texto visível diretamente na tela	1	Propor aqui; desenvolvimento aplica no banco textual/código		hac.views.modals.select.text.1.2800b245	txt.4827af11dbe6	src/plugin/views/modals.html	525	select
460	Modais	Texto da interface	acima e mostra este bloco read-only em vez dele ⏎ quando a11yOrigin==='mobile'; o		A revisar	Texto visível diretamente na tela	1	Propor aqui; desenvolvimento aplica no banco textual/código		hac.views.modals.select.text.2.0411e47f	txt.fbb10572e8cc	src/plugin/views/modals.html	527	select
461	Modais	Texto da interface	H (mobile, sem nível)		A revisar	Texto visível diretamente na tela	2	Propor aqui; desenvolvimento aplica no banco textual/código		hac.views.modals.a11y.titulo.nivel.fixed.text.79092e85	txt.6016218e6004	src/plugin/views/modals.html	531	a11y-titulo-nivel-fixed
462	Modais	Texto da interface	Descrição		A revisar	Texto visível diretamente na tela	16	Propor aqui; desenvolvimento aplica no banco textual/código		hac.views.modals.p.text.7.2c6a122f	txt.e9df693ec666	src/plugin/views/modals.html	535	p
463	Modais	Texto da interface	Nota de Código		A revisar	Texto visível diretamente na tela	6	Propor aqui; desenvolvimento aplica no banco textual/código		hac.views.modals.p.text.8.49e6add3	txt.e626b601a40b	src/plugin/views/modals.html	539	p
464	Modais	Texto da interface	Campos do componente		A revisar	Texto visível diretamente na tela	3	Propor aqui; desenvolvimento aplica no banco textual/código		hac.views.modals.p.text.9.ea80e630	txt.abb8d380c9b1	src/plugin/views/modals.html	552	p
465	Modais	Texto da interface	Subtipo		A revisar	Texto visível diretamente na tela	2	Propor aqui; desenvolvimento aplica no banco textual/código		hac.views.modals.label.text.9.0bb2b489	txt.39ef0f239f6c	src/plugin/views/modals.html	576	label
466	Modais	Texto da interface	Gerais		A revisar	Texto visível diretamente na tela	1	Propor aqui; desenvolvimento aplica no banco textual/código		hac.views.modals.option.text.20.bd55e555	txt.25f6a07fcd48	src/plugin/views/modals.html	579	option
467	Modais	Texto da interface	Imagem		A revisar	Texto visível diretamente na tela	4	Propor aqui; desenvolvimento aplica no banco textual/código		hac.views.modals.option.text.21.c132f637	txt.f854270eaca9	src/plugin/views/modals.html	580	option
468	Modais	Texto da interface	com opção única é ⏎ interação sem escolha real. _applyA11yDecorativoOriginLock ⏎ esconde o		A revisar	Texto visível diretamente na tela	1	Propor aqui; desenvolvimento aplica no banco textual/código		hac.views.modals.select.text.3.a3c35a04	txt.a69b86b4f419	src/plugin/views/modals.html	585	select
469	Modais	Texto da interface	acima e mostra este bloco read-only quando ⏎ a11yOrigin==='mobile'; o		A revisar	Texto visível diretamente na tela	1	Propor aqui; desenvolvimento aplica no banco textual/código		hac.views.modals.select.text.4.34a5eaea	txt.6d044bcae769	src/plugin/views/modals.html	587	select
470	Modais	Texto da interface	Elemento Decorativo (mobile, sem subtipo)		A revisar	Texto visível diretamente na tela	2	Propor aqui; desenvolvimento aplica no banco textual/código		hac.views.modals.a11y.decorativo.subtipo.fixed.text.bd635144	txt.ea445cb02593	src/plugin/views/modals.html	591	a11y-decorativo-subtipo-fixed
471	Modais	Texto da interface	Descrição		A revisar	Texto visível diretamente na tela	16	Propor aqui; desenvolvimento aplica no banco textual/código		hac.views.modals.p.text.10.32be5b56	txt.e9df693ec666	src/plugin/views/modals.html	595	p
472	Modais	Texto da interface	Não deve ser anunciado pelo Leitor de Tela.		A revisar	Texto visível diretamente na tela	4	Propor aqui; desenvolvimento aplica no banco textual/código		hac.views.modals.a11y.fixed.descricao.dec.text.41bb8e4c	txt.7d252c113f2b	src/plugin/views/modals.html	596	a11y-fixed-descricao-dec
473	Modais	Texto da interface	Nota de Código		A revisar	Texto visível diretamente na tela	6	Propor aqui; desenvolvimento aplica no banco textual/código		hac.views.modals.p.text.11.e21af3d4	txt.e626b601a40b	src/plugin/views/modals.html	602	p
474	Modais	Texto da interface	Campos do componente		A revisar	Texto visível diretamente na tela	3	Propor aqui; desenvolvimento aplica no banco textual/código		hac.views.modals.p.text.12.8f3042d1	txt.abb8d380c9b1	src/plugin/views/modals.html	616	p
475	Modais	Texto da interface	Modo de marcação		A revisar	Texto visível diretamente na tela	1	Propor aqui; desenvolvimento aplica no banco textual/código		hac.views.modals.label.text.10.27a5155c	txt.7b8120cc9a91	src/plugin/views/modals.html	623	label
476	Modais	Texto da interface	Contorno		A revisar	Texto visível diretamente na tela	2	Propor aqui; desenvolvimento aplica no banco textual/código		hac.views.modals.span.text.6.b1c002ab	txt.a16efcde6ea5	src/plugin/views/modals.html	628	span
477	Modais	Texto da interface	Linha		A revisar	Texto visível diretamente na tela	2	Propor aqui; desenvolvimento aplica no banco textual/código		hac.views.modals.span.text.7.42b1aa08	txt.41df2a9278c4	src/plugin/views/modals.html	633	span
478	Modais	Texto da interface	Contorno envolve o elemento com uma moldura. Linha liga um ponto do elemento ao card com um traço.		A revisar	Texto visível diretamente na tela	1	Propor aqui; desenvolvimento aplica no banco textual/código		hac.views.modals.p.text.13.65df4642	txt.3d83a5863db0	src/plugin/views/modals.html	636	p
479	Modais	Texto da interface	Lado da Guia		A revisar	Texto visível diretamente na tela	1	Propor aqui; desenvolvimento aplica no banco textual/código		hac.views.modals.label.text.11.ada72271	txt.671c2b5905aa	src/plugin/views/modals.html	641	label
480	Modais	Texto da interface	Dir.		A revisar	Texto visível diretamente na tela	1	Propor aqui; desenvolvimento aplica no banco textual/código		hac.views.modals.span.text.8.b2635219	txt.f35d51a7b531	src/plugin/views/modals.html	646	span
481	Modais	Texto da interface	Esq.		A revisar	Texto visível diretamente na tela	1	Propor aqui; desenvolvimento aplica no banco textual/código		hac.views.modals.span.text.9.14a2e7cf	txt.c07c75c1d500	src/plugin/views/modals.html	651	span
482	Modais	Texto da interface	Topo		A revisar	Texto visível diretamente na tela	1	Propor aqui; desenvolvimento aplica no banco textual/código		hac.views.modals.span.text.10.8e6f6a5e	txt.5e1e5ee98571	src/plugin/views/modals.html	656	span
483	Modais	Texto da interface	Base		A revisar	Texto visível diretamente na tela	1	Propor aqui; desenvolvimento aplica no banco textual/código		hac.views.modals.span.text.11.c8b01907	txt.1405df66cbe2	src/plugin/views/modals.html	661	span
484	Modais	Texto da interface	Cancelar		A revisar	Texto visível diretamente na tela	15	Propor aqui; desenvolvimento aplica no banco textual/código		hac.views.modals.button.text.1.f655c208	txt.62b1466cf22e	src/plugin/views/modals.html	669	button
485	Modais	Texto da interface	Descartar		A revisar	Texto visível diretamente na tela	1	Propor aqui; desenvolvimento aplica no banco textual/código		hac.views.modals.btn.a11y.wizard.discard.text.6ad4c6ce	txt.c88fe9e2bb9d	src/plugin/views/modals.html	674	btn-a11y-wizard-discard
486	Modais	Texto da interface	Aplicar		A revisar	Texto visível diretamente na tela	3	Propor aqui; desenvolvimento aplica no banco textual/código		hac.views.modals.btn.a11y.confirm.text.e065d835	txt.1ce04f516b65	src/plugin/views/modals.html	675	btn-a11y-confirm
487	Modais	Texto da interface	Selecionar Tela		A revisar	Texto visível diretamente na tela	9	Propor aqui; desenvolvimento aplica no banco textual/código		hac.views.modals.html.text.4.469eb94c	txt.26edd591c064	src/plugin/views/modals.html	687	html
488	Modais	Texto da interface	Fechar		A revisar	Ajuda exibida ao passar o cursor	26	Propor aqui; desenvolvimento aplica no banco textual/código		hac.views.modals.button.15.title.3da44ebb	txt.5749fbf846d2	src/plugin/views/modals.html	689	button.15
489	Modais	Texto da interface	Seleciona o frame no canvas e clique em "Atualizar nome" para recuperar o nome do frame. O marcador criado organiza as specs dessa tela na listagem.		A revisar	Texto visível diretamente na tela	1	Propor aqui; desenvolvimento aplica no banco textual/código		hac.views.modals.p.text.14.307dfbba	txt.a589f57d9a3d	src/plugin/views/modals.html	695	p
490	Modais	Texto da interface	Rótulo da tela		A revisar	Texto visível diretamente na tela	1	Propor aqui; desenvolvimento aplica no banco textual/código		hac.views.modals.label.text.12.29f9aa91	txt.7b50c4baf6c6	src/plugin/views/modals.html	707	label
491	Modais	Texto da interface	Puxar nome do elemento selecionado no canvas		A revisar	Ajuda exibida ao passar o cursor	2	Propor aqui; desenvolvimento aplica no banco textual/código		hac.views.modals.button.16.title.9dff66d9	txt.91a96bcd00db	src/plugin/views/modals.html	708	button.16
492	Modais	Texto da interface	Atualizar nome		A revisar	Texto visível diretamente na tela	1	Propor aqui; desenvolvimento aplica no banco textual/código		hac.views.modals.html.text.5.b702d0a2	txt.fa8296150636	src/plugin/views/modals.html	710	html
493	Modais	Texto da interface	Ex: Home Portal DSC		A revisar	Exemplo ou orientação dentro de um campo	1	Propor aqui; desenvolvimento aplica no banco textual/código		hac.views.modals.a11y.area.label.input.placeholder.b0690baf	txt.b43aa12075e4	src/plugin/views/modals.html	713	a11y-area-label-input
494	Modais	Texto da interface	Cancelar		A revisar	Texto visível diretamente na tela	15	Propor aqui; desenvolvimento aplica no banco textual/código		hac.views.modals.button.text.2.f5ebecc2	txt.62b1466cf22e	src/plugin/views/modals.html	733	button
495	Modais	Texto da interface	Selecionar		A revisar	Texto visível diretamente na tela	1	Propor aqui; desenvolvimento aplica no banco textual/código		hac.views.modals.button.text.3.e6000a83	txt.02ecdb02cd7d	src/plugin/views/modals.html	734	button
496	Modais	Texto da interface	Processando		A revisar	Texto visível diretamente na tela	1	Propor aqui; desenvolvimento aplica no banco textual/código		hac.views.modals.html.text.6.88b48a83	txt.82c58a664caa	src/plugin/views/modals.html	773	html
497	Modais	Texto da interface	Este handoff usa qual biblioteca de componentes?		A revisar	Texto visível diretamente na tela	1	Propor aqui; desenvolvimento aplica no banco textual/código		hac.views.modals.p.text.15.ee41e5ab	txt.96abb55c9f2e	src/plugin/views/modals.html	779	p
498	Modais	Texto da interface	Web		A revisar	Texto visível diretamente na tela	8	Propor aqui; desenvolvimento aplica no banco textual/código		hac.views.modals.span.text.12.616c7a97	txt.ca84d1343b96	src/plugin/views/modals.html	786	span
499	Modais	Texto da interface	Mobile		A revisar	Texto visível diretamente na tela	5	Propor aqui; desenvolvimento aplica no banco textual/código		hac.views.modals.span.text.13.2f55bff1	txt.83d6311e87d4	src/plugin/views/modals.html	791	span
500	Modais	Texto da interface	Detectando componentes…		A revisar	Texto visível diretamente na tela	3	Propor aqui; desenvolvimento aplica no banco textual/código		hac.views.modals.a11y.post.area.loading.text.text.9344e7db	txt.b4536f71c510	src/plugin/views/modals.html	800	a11y-post-area-loading-text
501	Modais	Texto da interface	Biblioteca necessária		A revisar	Texto visível diretamente na tela	1	Propor aqui; desenvolvimento aplica no banco textual/código		hac.views.modals.html.text.7.4239cdd9	txt.2426dd75b32e	src/plugin/views/modals.html	813	html
502	Modais	Texto da interface	Fechar		A revisar	Ajuda exibida ao passar o cursor	26	Propor aqui; desenvolvimento aplica no banco textual/código		hac.views.modals.button.21.title.cd1e9701	txt.5749fbf846d2	src/plugin/views/modals.html	815	button.21
503	Modais	Texto da interface	As specs de acessibilidade reaproveitam os componentes oficiais da biblioteca		A revisar	Texto visível diretamente na tela	1	Propor aqui; desenvolvimento aplica no banco textual/código		hac.views.modals.p.text.16.e86a5b7a	txt.4dd87ebeab30	src/plugin/views/modals.html	820	p
504	Modais	Texto da interface	Design Acessível		A revisar	Texto visível diretamente na tela	4	Propor aqui; desenvolvimento aplica no banco textual/código		hac.views.modals.strong.text.1.d18672c6	txt.41510f5fb2a2	src/plugin/views/modals.html	821	strong
505	Modais	Texto da interface	da CAIXA. Ela ainda não está acessível neste arquivo.		A revisar	Texto visível diretamente na tela	1	Propor aqui; desenvolvimento aplica no banco textual/código		hac.views.modals.html.text.8.226181e7	txt.b06e7d66721f	src/plugin/views/modals.html	821	html
506	Modais	Texto da interface	Abra o painel		A revisar	Texto visível diretamente na tela	1	Propor aqui; desenvolvimento aplica no banco textual/código		hac.views.modals.li.text.1.41d9048c	txt.b858b0669070	src/plugin/views/modals.html	824	li
507	Modais	Texto da interface	Assets		A revisar	Texto visível diretamente na tela	2	Propor aqui; desenvolvimento aplica no banco textual/código		hac.views.modals.strong.text.2.65d00f00	txt.3685e330ec52	src/plugin/views/modals.html	824	strong
508	Modais	Texto da interface	na barra lateral do Figma.		A revisar	Texto visível diretamente na tela	1	Propor aqui; desenvolvimento aplica no banco textual/código		hac.views.modals.html.text.9.38191ae5	txt.d49d7ebab9b7	src/plugin/views/modals.html	824	html
509	Modais	Texto da interface	Vá em		A revisar	Texto visível diretamente na tela	1	Propor aqui; desenvolvimento aplica no banco textual/código		hac.views.modals.li.text.2.d51ab511	txt.e6bd0d144691	src/plugin/views/modals.html	825	li
510	Modais	Texto da interface	Bibliotecas de equipe		A revisar	Texto visível diretamente na tela	1	Propor aqui; desenvolvimento aplica no banco textual/código		hac.views.modals.strong.text.3.5e150324	txt.6bf9a1be3c87	src/plugin/views/modals.html	825	strong
511	Modais	Texto da interface	e busque por		A revisar	Texto visível diretamente na tela	1	Propor aqui; desenvolvimento aplica no banco textual/código		hac.views.modals.html.text.10.778a76a0	txt.2bea3e021dfc	src/plugin/views/modals.html	825	html
512	Modais	Texto da interface	Design Acessível		A revisar	Texto visível diretamente na tela	4	Propor aqui; desenvolvimento aplica no banco textual/código		hac.views.modals.strong.text.4.a41ecd8a	txt.41510f5fb2a2	src/plugin/views/modals.html	825	strong
513	Modais	Texto da interface	Habilite a biblioteca para este arquivo.		A revisar	Texto visível diretamente na tela	1	Propor aqui; desenvolvimento aplica no banco textual/código		hac.views.modals.li.text.3.4d529acb	txt.71e134aeeecd	src/plugin/views/modals.html	826	li
514	Modais	Texto da interface	Se não encontrar a biblioteca na busca, ela pode não estar publicada para o seu time. Peça a um admin do DSC para compartilhá-la.		A revisar	Texto visível diretamente na tela	1	Propor aqui; desenvolvimento aplica no banco textual/código		hac.views.modals.p.text.17.a8765837	txt.bdece1b04ac0	src/plugin/views/modals.html	828	p
515	Modais	Texto da interface	Fechar		A revisar	Texto visível diretamente na tela	26	Propor aqui; desenvolvimento aplica no banco textual/código		hac.views.modals.button.text.4.fe8a1fde	txt.5749fbf846d2	src/plugin/views/modals.html	833	button
516	Modais	Texto da interface	Já habilitei, tentar de novo		A revisar	Texto visível diretamente na tela	1	Propor aqui; desenvolvimento aplica no banco textual/código		hac.views.modals.button.text.5.ec747009	txt.0469a76cb6f3	src/plugin/views/modals.html	834	button
517	Modais	Texto da interface	Handoff já existe neste arquivo		A revisar	Texto visível diretamente na tela	1	Propor aqui; desenvolvimento aplica no banco textual/código		hac.views.modals.html.text.11.e29f8e28	txt.b8a722defbf3	src/plugin/views/modals.html	854	html
518	Modais	Texto da interface	Fechar		A revisar	Ajuda exibida ao passar o cursor	26	Propor aqui; desenvolvimento aplica no banco textual/código		hac.views.modals.button.24.title.82946ad2	txt.5749fbf846d2	src/plugin/views/modals.html	856	button.24
519	Modais	Texto da interface	Entendi		A revisar	Texto visível diretamente na tela	3	Propor aqui; desenvolvimento aplica no banco textual/código		hac.views.modals.button.text.6.4d0d9551	txt.4b820b6a16da	src/plugin/views/modals.html	864	button
520	Modais	Texto da interface	Traga as telas para o handoff		A revisar	Texto visível diretamente na tela	1	Propor aqui; desenvolvimento aplica no banco textual/código		hac.views.modals.html.text.12.61962b1f	txt.5403b580b9ce	src/plugin/views/modals.html	889	html
521	Modais	Texto da interface	Fechar		A revisar	Ajuda exibida ao passar o cursor	26	Propor aqui; desenvolvimento aplica no banco textual/código		hac.views.modals.button.26.title.65e2ef8c	txt.5749fbf846d2	src/plugin/views/modals.html	891	button.26
522	Modais	Texto da interface	Como fazer		A revisar	Texto visível diretamente na tela	4	Propor aqui; desenvolvimento aplica no banco textual/código		hac.views.modals.span.text.14.76dacf72	txt.b9f77d39a810	src/plugin/views/modals.html	901	span
523	Modais	Texto da interface	Vá até a página onde estão as telas que você quer documentar.		A revisar	Texto visível diretamente na tela	1	Propor aqui; desenvolvimento aplica no banco textual/código		hac.views.modals.li.text.4.9463395a	txt.78cc85cc3f52	src/plugin/views/modals.html	906	li
524	Modais	Texto da interface	Selecione as telas e copie com		A revisar	Texto visível diretamente na tela	1	Propor aqui; desenvolvimento aplica no banco textual/código		hac.views.modals.li.text.5.d9842136	txt.04a78549515a	src/plugin/views/modals.html	907	li
525	Modais	Texto da interface	Ctrl + C		A revisar	Texto visível diretamente na tela	1	Propor aqui; desenvolvimento aplica no banco textual/código		hac.views.modals.strong.text.5.9b15135e	txt.66013b82e44b	src/plugin/views/modals.html	907	strong
526	Modais	Texto da interface	(ou Cmd + C no Mac).		A revisar	Texto visível diretamente na tela	1	Propor aqui; desenvolvimento aplica no banco textual/código		hac.views.modals.html.text.13.fcda1e88	txt.d4a5db2687ec	src/plugin/views/modals.html	907	html
527	Modais	Texto da interface	Volte para a página do handoff e cole com		A revisar	Texto visível diretamente na tela	1	Propor aqui; desenvolvimento aplica no banco textual/código		hac.views.modals.li.text.6.92b6c8b0	txt.3ec88af82a48	src/plugin/views/modals.html	908	li
528	Modais	Texto da interface	Ctrl + V		A revisar	Texto visível diretamente na tela	1	Propor aqui; desenvolvimento aplica no banco textual/código		hac.views.modals.strong.text.6.9d10f2af	txt.ab7780b442b0	src/plugin/views/modals.html	908	strong
529	Modais	Texto da interface	(ou Cmd + V).		A revisar	Texto visível diretamente na tela	1	Propor aqui; desenvolvimento aplica no banco textual/código		hac.views.modals.html.text.14.6e07a37d	txt.7a3809d09ec6	src/plugin/views/modals.html	908	html
530	Modais	Texto da interface	Repita para telas de outras páginas, se houver — pode colar todas aqui.		A revisar	Texto visível diretamente na tela	1	Propor aqui; desenvolvimento aplica no banco textual/código		hac.views.modals.li.text.7.ad50d15f	txt.8b60029ffcfc	src/plugin/views/modals.html	909	li
531	Modais	Texto da interface	Com as telas já aqui, use		A revisar	Texto visível diretamente na tela	1	Propor aqui; desenvolvimento aplica no banco textual/código		hac.views.modals.li.text.8.1f4d2e5e	txt.115efb53b541	src/plugin/views/modals.html	910	li
532	Modais	Texto da interface	Selecionar Tela		A revisar	Texto visível diretamente na tela	9	Propor aqui; desenvolvimento aplica no banco textual/código		hac.views.modals.strong.text.7.cc9d80aa	txt.26edd591c064	src/plugin/views/modals.html	910	strong
533	Modais	Texto da interface	para começar a documentar cada uma.		A revisar	Texto visível diretamente na tela	1	Propor aqui; desenvolvimento aplica no banco textual/código		hac.views.modals.html.text.15.6dd32b30	txt.e3964b89e0db	src/plugin/views/modals.html	910	html
534	Modais	Texto da interface	Por que uma página separada?		A revisar	Texto visível diretamente na tela	1	Propor aqui; desenvolvimento aplica no banco textual/código		hac.views.modals.span.text.15.e4685a89	txt.5719a2434f0a	src/plugin/views/modals.html	918	span
535	Modais	Texto da interface	O handoff de acessibilidade vira um material próprio, que o time de desenvolvimento consulta sem precisar navegar pelo arquivo de produto. Trabalhar sobre cópias também mantém as telas originais intactas: nada do que o hac desenha aqui — selos, réplicas, fichas — toca o design original.		A revisar	Texto visível diretamente na tela	1	Propor aqui; desenvolvimento aplica no banco textual/código		hac.views.modals.p.text.18.deb0b5d8	txt.71f517badd0f	src/plugin/views/modals.html	922	p
536	Modais	Texto da interface	Já existe documentação neste arquivo?		A revisar	Texto visível diretamente na tela	1	Propor aqui; desenvolvimento aplica no banco textual/código		hac.views.modals.p.text.19.a57d7841	txt.b6a6ccd8efbb	src/plugin/views/modals.html	935	p
537	Modais	Texto da interface	Busca em todas as páginas do arquivo por handoffs de acessibilidade já iniciados — seus ou de outros designers.		A revisar	Texto visível diretamente na tela	1	Propor aqui; desenvolvimento aplica no banco textual/código		hac.views.modals.p.text.20.e6343f1e	txt.079574b76026	src/plugin/views/modals.html	936	p
538	Modais	Texto da interface	Buscar documentação existente		A revisar	Texto visível diretamente na tela	1	Propor aqui; desenvolvimento aplica no banco textual/código		hac.views.modals.html.text.16.97b3cad6	txt.30a125aefa16	src/plugin/views/modals.html	941	html
539	Modais	Texto da interface	Buscando em todas as páginas do arquivo…		A revisar	Texto visível diretamente na tela	1	Propor aqui; desenvolvimento aplica no banco textual/código		hac.views.modals.span.text.16.51697059	txt.fb349ce2c86d	src/plugin/views/modals.html	945	span
540	Modais	Texto da interface	Entendi		A revisar	Texto visível diretamente na tela	3	Propor aqui; desenvolvimento aplica no banco textual/código		hac.views.modals.button.text.7.9801c8c4	txt.4b820b6a16da	src/plugin/views/modals.html	951	button
541	Modais	Texto da interface	Finalizar Handoff de Acessibilidade		A revisar	Texto visível diretamente na tela	1	Propor aqui; desenvolvimento aplica no banco textual/código		hac.views.modals.html.text.17.fb03c5db	txt.2085364450c8	src/plugin/views/modals.html	968	html
542	Modais	Texto da interface	Fechar		A revisar	Ajuda exibida ao passar o cursor	26	Propor aqui; desenvolvimento aplica no banco textual/código		hac.views.modals.button.31.title.78c2c6a2	txt.5749fbf846d2	src/plugin/views/modals.html	970	button.31
543	Modais	Texto da interface	Todas as telas do projeto têm o checklist de acessibilidade fechado.		A revisar	Texto visível diretamente na tela	1	Propor aqui; desenvolvimento aplica no banco textual/código		hac.views.modals.p.text.21.cc00db96	txt.0e4e8b84ffea	src/plugin/views/modals.html	975	p
544	Modais	Texto da interface	Finalizar marca esta geração do handoff como concluída e inicia uma nova versão. Você pode continuar editando o projeto normalmente depois.		A revisar	Texto visível diretamente na tela	1	Propor aqui; desenvolvimento aplica no banco textual/código		hac.views.modals.p.text.22.345178fb	txt.cf5deebbc97b	src/plugin/views/modals.html	977	p
545	Modais	Texto da interface	Cancelar		A revisar	Texto visível diretamente na tela	15	Propor aqui; desenvolvimento aplica no banco textual/código		hac.views.modals.button.text.8.83fd3bc3	txt.62b1466cf22e	src/plugin/views/modals.html	980	button
546	Modais	Texto da interface	Finalizar		A revisar	Texto visível diretamente na tela	2	Propor aqui; desenvolvimento aplica no banco textual/código		hac.views.modals.button.text.9.a272d499	txt.071c46d7919b	src/plugin/views/modals.html	981	button
547	Modais	Texto da interface	Ordem de Tabulação		A revisar	Texto visível diretamente na tela	8	Propor aqui; desenvolvimento aplica no banco textual/código		hac.views.modals.a11y.instruction.modal.title.text.text.f501d1a4	txt.37066ca9dc6a	src/plugin/views/modals.html	1050	a11y-instruction-modal-title-text
548	Modais	Texto da interface	Fechar		A revisar	Ajuda exibida ao passar o cursor	26	Propor aqui; desenvolvimento aplica no banco textual/código		hac.views.modals.button.34.title.a9cc7e48	txt.5749fbf846d2	src/plugin/views/modals.html	1052	button.34
549	Modais	Texto da interface	Instruções sobre o tipo de documentação		A revisar	Texto visível diretamente na tela	3	Propor aqui; desenvolvimento aplica no banco textual/código		hac.views.modals.a11y.instruction.modal.instructions.heading.text.00e37ca5	txt.b0da0e72b688	src/plugin/views/modals.html	1058	a11y-instruction-modal-instructions-heading
550	Modais	Texto da interface	Como fazer		A revisar	Texto visível diretamente na tela	4	Propor aqui; desenvolvimento aplica no banco textual/código		hac.views.modals.a11y.instruction.modal.steps.heading.text.e31a3505	txt.b9f77d39a810	src/plugin/views/modals.html	1062	a11y-instruction-modal-steps-heading
551	Modais	Texto da interface	Entendi, começar seleção		A revisar	Texto visível diretamente na tela	4	Propor aqui; desenvolvimento aplica no banco textual/código		hac.views.modals.btn.a11y.instruction.modal.continue.text.0c29b7ab	txt.438f5ae0e533	src/plugin/views/modals.html	1067	btn-a11y-instruction-modal-continue
552	Modais	Texto da interface	Ordem de Tabulação		A revisar	Texto visível diretamente na tela	8	Propor aqui; desenvolvimento aplica no banco textual/código		hac.views.modals.html.text.18.e6405b62	txt.37066ca9dc6a	src/plugin/views/modals.html	1084	html
553	Modais	Texto da interface	Cancelar		A revisar	Ajuda exibida ao passar o cursor	15	Propor aqui; desenvolvimento aplica no banco textual/código		hac.views.modals.button.36.title.94049ff4	txt.62b1466cf22e	src/plugin/views/modals.html	1092	button.36
554	Modais	Texto da interface	Esta é a sequência marcada no canvas. Arraste para reordenar ou remova um item antes de confirmar. Use "Adicionar item" para incluir mais elementos (segure shift e clique, ou use marquise, pra marcar vários de uma vez): eles sempre somam ao final da ordem já existente.		A revisar	Texto visível diretamente na tela	1	Propor aqui; desenvolvimento aplica no banco textual/código		hac.views.modals.p.text.23.4d72986a	txt.96b494b0e0ca	src/plugin/views/modals.html	1099	p
555	Modais	Texto da interface	Adicionar item		A revisar	Texto visível diretamente na tela	2	Propor aqui; desenvolvimento aplica no banco textual/código		hac.views.modals.span.text.17.796b78a0	txt.7e1d0b3dc865	src/plugin/views/modals.html	1105	span
556	Modais	Texto da interface	Nenhum item ainda. Clique num elemento do canvas para começar.		A revisar	Texto visível diretamente na tela	1	Propor aqui; desenvolvimento aplica no banco textual/código		hac.views.modals.a11y.tab.order.pending.empty.text.610598ab	txt.b05b7726f46a	src/plugin/views/modals.html	1112	a11y-tab-order-pending-empty
557	Modais	Texto da interface	Cancelar		A revisar	Texto visível diretamente na tela	15	Propor aqui; desenvolvimento aplica no banco textual/código		hac.views.modals.button.text.10.b8c86839	txt.62b1466cf22e	src/plugin/views/modals.html	1116	button
558	Modais	Texto da interface	Criar ordem de tabulação		A revisar	Texto visível diretamente na tela	3	Propor aqui; desenvolvimento aplica no banco textual/código		hac.views.modals.btn.tab.order.apply.text.96192b96	txt.8ee77246e09e	src/plugin/views/modals.html	1118	btn-tab-order-apply
559	Modais	Texto da interface	Trilha de Ordem de Leitura		A revisar	Texto visível diretamente na tela	2	Propor aqui; desenvolvimento aplica no banco textual/código		hac.views.modals.a11y.swipe.path.review.title.text.text.c09ad68c	txt.2a4c8bb6df7a	src/plugin/views/modals.html	1146	a11y-swipe-path-review-title-text
560	Modais	Texto da interface	Cancelar		A revisar	Ajuda exibida ao passar o cursor	15	Propor aqui; desenvolvimento aplica no banco textual/código		hac.views.modals.button.40.title.dd84cf1c	txt.62b1466cf22e	src/plugin/views/modals.html	1152	button.40
561	Modais	Texto da interface	Esta é a trilha marcada no canvas, já na ordem espacial resolvida automaticamente. Arraste para reordenar ou remova um ponto antes de confirmar.		A revisar	Texto visível diretamente na tela	2	Propor aqui; desenvolvimento aplica no banco textual/código		hac.views.modals.a11y.swipe.path.review.instruction.text.f2bf1eab	txt.ad8c5a498d49	src/plugin/views/modals.html	1159	a11y-swipe-path-review-instruction
562	Modais	Texto da interface	Adicionar ponto		A revisar	Texto visível diretamente na tela	3	Propor aqui; desenvolvimento aplica no banco textual/código		hac.views.modals.span.text.18.aedaf849	txt.2629163bf164	src/plugin/views/modals.html	1165	span
563	Modais	Texto da interface	Nenhum ponto ainda. Clique num elemento do canvas para começar.		A revisar	Texto visível diretamente na tela	1	Propor aqui; desenvolvimento aplica no banco textual/código		hac.views.modals.a11y.swipe.path.pending.empty.text.9a24805c	txt.320bbc968291	src/plugin/views/modals.html	1172	a11y-swipe-path-pending-empty
564	Modais	Texto da interface	Cancelar		A revisar	Texto visível diretamente na tela	15	Propor aqui; desenvolvimento aplica no banco textual/código		hac.views.modals.button.text.11.ce440b6a	txt.62b1466cf22e	src/plugin/views/modals.html	1176	button
565	Modais	Texto da interface	Criar trilha de ordem de leitura		A revisar	Texto visível diretamente na tela	2	Propor aqui; desenvolvimento aplica no banco textual/código		hac.views.modals.a11y.swipe.path.review.confirm.text.text.01e7edbd	txt.f172156528f3	src/plugin/views/modals.html	1179	a11y-swipe-path-review-confirm-text
566	Modais	Texto da interface	Mapeamento Automatizado		A revisar	Texto visível diretamente na tela	1	Propor aqui; desenvolvimento aplica no banco textual/código		hac.views.modals.html.text.19.b76a7486	txt.44c0921615b3	src/plugin/views/modals.html	1197	html
567	Modais	Texto da interface	Reescanear esta tela		A revisar	Ajuda exibida ao passar o cursor	2	Propor aqui; desenvolvimento aplica no banco textual/código		hac.views.modals.btn.a11y.batch.rescan.title.907c760d	txt.1a979c88db7b	src/plugin/views/modals.html	1204	btn-a11y-batch-rescan
568	Modais	Texto da interface	Fechar		A revisar	Ajuda exibida ao passar o cursor	26	Propor aqui; desenvolvimento aplica no banco textual/código		hac.views.modals.button.45.title.80579b8e	txt.5749fbf846d2	src/plugin/views/modals.html	1208	button.45
569	Modais	Texto da interface	Tela mapeada para especificação		A revisar	Texto visível diretamente na tela	1	Propor aqui; desenvolvimento aplica no banco textual/código		hac.views.modals.label.text.13.1a3cabf9	txt.c657c2686d2d	src/plugin/views/modals.html	1216	label
570	Modais	Texto da interface	Todas as especificações do lote nascem dentro desta tela.		A revisar	Texto visível diretamente na tela	1	Propor aqui; desenvolvimento aplica no banco textual/código		hac.views.modals.p.text.24.3db26c1d	txt.bb1a21cf1542	src/plugin/views/modals.html	1220	p
571	Modais	Texto da interface	Os itens abrem um a um para revisão: nenhum vira especificação sem sua confirmação.		A revisar	Texto visível diretamente na tela	1	Propor aqui; desenvolvimento aplica no banco textual/código		hac.views.modals.p.text.25.1bdaf4e7	txt.22e6632609d5	src/plugin/views/modals.html	1223	p
572	Modais	Texto da interface	Esta é uma busca simples por componentes reconhecidos do DSC: ela pode não pegar tudo. Revise se todos os itens passíveis de especificação desta tela foram de fato documentados.		A revisar	Texto visível diretamente na tela	1	Propor aqui; desenvolvimento aplica no banco textual/código		hac.views.modals.span.text.19.cf847eb7	txt.39930e8f7edd	src/plugin/views/modals.html	1234	span
573	Modais	Texto da interface	Componentes detectados		A revisar	Texto visível diretamente na tela	1	Propor aqui; desenvolvimento aplica no banco textual/código		hac.views.modals.a11y.batch.summary.groups.title.text.ea20cea5	txt.d9435dc20142	src/plugin/views/modals.html	1245	a11y-batch-summary-groups-title
574	Modais	Texto da interface	Possíveis títulos sem token DSC		A revisar	Texto visível diretamente na tela	1	Propor aqui; desenvolvimento aplica no banco textual/código		hac.views.modals.a11y.token.review.title.text.3128846e	txt.355c56decc8d	src/plugin/views/modals.html	1265	a11y-token-review-title
575	Modais	Texto da interface	Sem estilo do DSC vinculado, a detecção automática não pega.		A revisar	Texto visível diretamente na tela	1	Propor aqui; desenvolvimento aplica no banco textual/código		hac.views.modals.p.text.26.c873c941	txt.8ba9eddd500a	src/plugin/views/modals.html	1270	p
576	Modais	Texto da interface	Pra resolver, vincule um Text Style do DSC no Figma e escaneie de novo.		A revisar	Texto visível diretamente na tela	1	Propor aqui; desenvolvimento aplica no banco textual/código		hac.views.modals.span.text.20.c1eb64fa	txt.92e1bf47c1c4	src/plugin/views/modals.html	1272	span
577	Modais	Texto da interface	Iniciar Revisão		A revisar	Texto visível diretamente na tela	3	Propor aqui; desenvolvimento aplica no banco textual/código		hac.views.modals.btn.a11y.batch.confirm.text.49c49b15	txt.8a91797a2a4e	src/plugin/views/modals.html	1281	btn-a11y-batch-confirm
578	Modais	Texto da interface	Entendendo as categorias		A revisar	Texto visível diretamente na tela	1	Propor aqui; desenvolvimento aplica no banco textual/código		hac.views.modals.a11y.help.modal.title.text.f523af60	txt.7bf94bf49f02	src/plugin/views/modals.html	1303	a11y-help-modal-title
579	Modais	Texto da interface	Fechar		A revisar	Ajuda exibida ao passar o cursor	26	Propor aqui; desenvolvimento aplica no banco textual/código		hac.views.modals.button.49.title.45d00a00	txt.5749fbf846d2	src/plugin/views/modals.html	1304	button.49
580	Modais	Texto da interface	Especificar para leitores de tela consiste em definir como as tecnologias assistivas (NVDA/VoiceOver/Jaws) interpretam e anunciam os elementos da interface. Essa documentação assegura que o conteúdo seja plenamente compreendido e inclusivo, fornecendo as orientações fundamentais para que o time de desenvolvimento implemente a experiência exatamente como projetada.		A revisar	Texto visível diretamente na tela	2	Propor aqui; desenvolvimento aplica no banco textual/código		hac.views.modals.p.text.27.e9c76d85	txt.cf3c941c19de	src/plugin/views/modals.html	1317	p
581	Modais	Texto da interface	Especificar para leitores de tela consiste em definir como as tecnologias assistivas (VoiceOver/Talkback) interpretam e anunciam os elementos da interface. Essa documentação assegura que o conteúdo seja plenamente compreendido e inclusivo, fornecendo as orientações fundamentais para que o time de desenvolvimento implemente a experiência exatamente como projetada.		A revisar	Texto visível diretamente na tela	2	Propor aqui; desenvolvimento aplica no banco textual/código		hac.views.modals.p.text.28.4bbf23db	txt.e3e88f097aa9	src/plugin/views/modals.html	1320	p
582	Modais	Texto da interface	Estrutura da Página		A revisar	Texto visível diretamente na tela	4	Propor aqui; desenvolvimento aplica no banco textual/código		hac.views.modals.p.text.29.9ebb7163	txt.2fb75ee3e5ab	src/plugin/views/modals.html	1338	p
583	Modais	Texto da interface	Utilizado para marcar elementos semânticos que estruturam o "esqueleto" de uma página, indicando as seções de conteúdo e para que servem, exemplos: <header>, <main>, <footer>, etc.		A revisar	Texto visível diretamente na tela	1	Propor aqui; desenvolvimento aplica no banco textual/código		hac.views.modals.p.text.30.44ce8a4e	txt.7758a88b390c	src/plugin/views/modals.html	1339	p
584	Modais	Texto da interface	Nível de Título		A revisar	Texto visível diretamente na tela	3	Propor aqui; desenvolvimento aplica no banco textual/código		hac.views.modals.a11y.categories.help.titulo.label.text.d5b508a9	txt.91e5dc8c41f2	src/plugin/views/modals.html	1349	a11y-categories-help-titulo-label
585	Modais	Texto da interface	Utilizado para estruturar os cabeçalhos da interface (H1-H6) logicamente. O H1 é o título principal (único por página), seguido por H2, H3 e assim por diante. Essa ordem permite que usuários de leitores de tela entendam o sumário do conteúdo.		A revisar	Texto visível diretamente na tela	1	Propor aqui; desenvolvimento aplica no banco textual/código		hac.views.modals.p.text.31.b0002174	txt.3f6ecd288d15	src/plugin/views/modals.html	1350	p
586	Modais	Texto da interface	Utilizado para estruturar os cabeçalhos da interface, permitindo que o leitor de tela navegue diretamente entre os tópicos que foram definidos como títulos de conteúdo.		A revisar	Texto visível diretamente na tela	1	Propor aqui; desenvolvimento aplica no banco textual/código		hac.views.modals.p.text.32.77cbd97e	txt.ba09734d0e98	src/plugin/views/modals.html	1351	p
587	Modais	Texto da interface	Elementos Interativos e Imagens		A revisar	Texto visível diretamente na tela	1	Propor aqui; desenvolvimento aplica no banco textual/código		hac.views.modals.p.text.33.7eb66a93	txt.492bcdf81c97	src/plugin/views/modals.html	1358	p
588	Modais	Texto da interface	Utilizado para referenciar componentes no DSC Super App, garantir nome acessível aos elementos e descrever textos alternativos nas imagens.		A revisar	Texto visível diretamente na tela	1	Propor aqui; desenvolvimento aplica no banco textual/código		hac.views.modals.p.text.34.4d77aa4d	txt.c827d57fb67b	src/plugin/views/modals.html	1359	p
589	Modais	Texto da interface	Elementos Decorativos		A revisar	Texto visível diretamente na tela	2	Propor aqui; desenvolvimento aplica no banco textual/código		hac.views.modals.p.text.35.36c4aba0	txt.dec701da64f7	src/plugin/views/modals.html	1366	p
590	Modais	Texto da interface	Utilizado para marcar os elementos que devem ser ignorados pelo leitor de tela, como por exemplo imagens que não passam conteúdo ou função, formas abstratas, divisores ou ícones decorativos.		A revisar	Texto visível diretamente na tela	1	Propor aqui; desenvolvimento aplica no banco textual/código		hac.views.modals.p.text.36.5c57ee91	txt.641a44ee558a	src/plugin/views/modals.html	1367	p
591	Modais	Texto da interface	Estrutura padrão de cada spec		A revisar	Texto visível diretamente na tela	1	Propor aqui; desenvolvimento aplica no banco textual/código		hac.views.modals.span.text.21.c73abb4d	txt.9385742ccfac	src/plugin/views/modals.html	1389	span
592	Modais	Texto da interface	Toda categoria segue os mesmos campos:		A revisar	Texto visível diretamente na tela	1	Propor aqui; desenvolvimento aplica no banco textual/código		hac.views.modals.p.text.37.6a423e06	txt.7ad25902324b	src/plugin/views/modals.html	1393	p
593	Modais	Texto da interface	Descrição		A revisar	Texto visível diretamente na tela	16	Propor aqui; desenvolvimento aplica no banco textual/código		hac.views.modals.strong.text.8.6546233e	txt.e9df693ec666	src/plugin/views/modals.html	1393	strong
594	Modais	Texto da interface	(como o elemento deve ou não ser lido) e		A revisar	Texto visível diretamente na tela	1	Propor aqui; desenvolvimento aplica no banco textual/código		hac.views.modals.html.text.20.e98a7dcd	txt.3a4f900caa4f	src/plugin/views/modals.html	1393	html
595	Modais	Texto da interface	Notas de Código		A revisar	Texto visível diretamente na tela	5	Propor aqui; desenvolvimento aplica no banco textual/código		hac.views.modals.strong.text.9.52891221	txt.8904c1be0349	src/plugin/views/modals.html	1393	strong
596	Modais	Texto da interface	(apontamento técnico pro dev), quando aplicável à variante escolhida.		A revisar	Texto visível diretamente na tela	1	Propor aqui; desenvolvimento aplica no banco textual/código		hac.views.modals.html.text.21.12e4eb08	txt.50f1fe7f0710	src/plugin/views/modals.html	1393	html
597	Modais	Texto da interface	Tela → Especificação		A revisar	Texto visível diretamente na tela	1	Propor aqui; desenvolvimento aplica no banco textual/código		hac.views.modals.span.text.22.53aca977	txt.dda2356d709d	src/plugin/views/modals.html	1400	span
598	Modais	Texto da interface	Selecionar Tela		A revisar	Texto visível diretamente na tela	9	Propor aqui; desenvolvimento aplica no banco textual/código		hac.views.modals.strong.text.10.d4ef9d16	txt.26edd591c064	src/plugin/views/modals.html	1404	strong
599	Modais	Texto da interface	(selo azul numerado) é o pré-requisito: identifica uma seção ou bloco da tela e agrupa, na listagem lateral, todas as especificações criadas dentro dela. Cada uma das categorias acima é uma		A revisar	Texto visível diretamente na tela	1	Propor aqui; desenvolvimento aplica no banco textual/código		hac.views.modals.html.text.22.b5f1d72b	txt.b6b0e57dbd74	src/plugin/views/modals.html	1404	html
600	Modais	Texto da interface	Especificação		A revisar	Texto visível diretamente na tela	1	Propor aqui; desenvolvimento aplica no banco textual/código		hac.views.modals.strong.text.11.445db442	txt.379c4d4bf08b	src/plugin/views/modals.html	1404	strong
601	Modais	Texto da interface	, sempre criada dentro de uma tela já selecionada.		A revisar	Texto visível diretamente na tela	1	Propor aqui; desenvolvimento aplica no banco textual/código		hac.views.modals.html.text.23.fab67161	txt.9b77fa82f063	src/plugin/views/modals.html	1404	html
602	Modais	Texto da interface	Contorno		A revisar	Texto visível diretamente na tela	2	Propor aqui; desenvolvimento aplica no banco textual/código		hac.views.modals.strong.text.12.1bc23756	txt.a16efcde6ea5	src/plugin/views/modals.html	1405	strong
603	Modais	Texto da interface	(padrão) envolve o elemento inteiro com uma moldura, com o selo embutido num dos cantos.		A revisar	Texto visível diretamente na tela	1	Propor aqui; desenvolvimento aplica no banco textual/código		hac.views.modals.html.text.24.585ee07a	txt.a701fe2981d3	src/plugin/views/modals.html	1405	html
604	Modais	Texto da interface	Linha		A revisar	Texto visível diretamente na tela	2	Propor aqui; desenvolvimento aplica no banco textual/código		hac.views.modals.strong.text.13.4ac53f76	txt.41df2a9278c4	src/plugin/views/modals.html	1405	strong
605	Modais	Texto da interface	liga um ponto do elemento ao card de detalhamento com um traço, sem contornar a tela, útil quando o elemento é pequeno ou está muito próximo de outros. Os dois são desenhados sobre uma cópia de trabalho do elemento, nunca sobre o frame original do seu design: o original nunca é alterado.		A revisar	Texto visível diretamente na tela	1	Propor aqui; desenvolvimento aplica no banco textual/código		hac.views.modals.html.text.25.9b6426b6	txt.6b5689a11869	src/plugin/views/modals.html	1405	html
606	Modais	Texto da interface	Casos de borda comuns		A revisar	Texto visível diretamente na tela	1	Propor aqui; desenvolvimento aplica no banco textual/código		hac.views.modals.span.text.23.7dd89eed	txt.e03db010ef33	src/plugin/views/modals.html	1412	span
607	Modais	Texto da interface	Um ícone ao lado de um texto que já explica a mesma coisa (ex.: ícone de lixeira ao lado do texto "Excluir") é		A revisar	Texto visível diretamente na tela	1	Propor aqui; desenvolvimento aplica no banco textual/código		hac.views.modals.p.text.38.fdee07b3	txt.0fa6152aceae	src/plugin/views/modals.html	1416	p
608	Modais	Texto da interface	decorativo		A revisar	Texto visível diretamente na tela	1	Propor aqui; desenvolvimento aplica no banco textual/código		hac.views.modals.em.text.1.6862a921	txt.7b308cab01a6	src/plugin/views/modals.html	1416	em
609	Modais	Texto da interface	: o texto já basta. Já um ícone sozinho, sem texto ao lado, que representa uma ação (ex.: só o ícone de lixeira, sem rótulo visível) é		A revisar	Texto visível diretamente na tela	1	Propor aqui; desenvolvimento aplica no banco textual/código		hac.views.modals.html.text.26.f3ec66d6	txt.4d2b36393cb1	src/plugin/views/modals.html	1416	html
610	Modais	Texto da interface	Elemento e Imagem		A revisar	Texto visível diretamente na tela	2	Propor aqui; desenvolvimento aplica no banco textual/código		hac.views.modals.em.text.2.f579580b	txt.410870c91720	src/plugin/views/modals.html	1416	em
611	Modais	Texto da interface	, e precisa de descrição explicando a função.		A revisar	Texto visível diretamente na tela	1	Propor aqui; desenvolvimento aplica no banco textual/código		hac.views.modals.html.text.27.c2fb08b5	txt.bdb1613cf34f	src/plugin/views/modals.html	1416	html
612	Modais	Texto da interface	Uma imagem que só ilustra/decora a tela (banner, ilustração de fundo) é		A revisar	Texto visível diretamente na tela	1	Propor aqui; desenvolvimento aplica no banco textual/código		hac.views.modals.p.text.39.077f94ea	txt.99bb50a521eb	src/plugin/views/modals.html	1417	p
613	Modais	Texto da interface	decorativa		A revisar	Texto visível diretamente na tela	1	Propor aqui; desenvolvimento aplica no banco textual/código		hac.views.modals.em.text.3.004a9390	txt.2ef640a147ae	src/plugin/views/modals.html	1417	em
614	Modais	Texto da interface	. Uma imagem que carrega informação que não está em texto em nenhum outro lugar (gráfico, print de comprovante, foto de um documento) é		A revisar	Texto visível diretamente na tela	1	Propor aqui; desenvolvimento aplica no banco textual/código		hac.views.modals.html.text.28.a6bc0f88	txt.d6fffaa75c86	src/plugin/views/modals.html	1417	html
615	Modais	Texto da interface	Elemento e Imagem		A revisar	Texto visível diretamente na tela	2	Propor aqui; desenvolvimento aplica no banco textual/código		hac.views.modals.em.text.4.fbaec636	txt.410870c91720	src/plugin/views/modals.html	1417	em
616	Modais	Texto da interface	e precisa de texto alternativo descrevendo o conteúdo.		A revisar	Texto visível diretamente na tela	1	Propor aqui; desenvolvimento aplica no banco textual/código		hac.views.modals.html.text.29.200aab9e	txt.c8cd3532a993	src/plugin/views/modals.html	1417	html
617	Modais	Texto da interface	No final, o time de dev não recebe um documento à parte: consome direto o		A revisar	Texto visível diretamente na tela	1	Propor aqui; desenvolvimento aplica no banco textual/código		hac.views.modals.p.text.40.135e40b8	txt.5432a615a866	src/plugin/views/modals.html	1418	p
618	Modais	Texto da interface	Handoff de Acessibilidade		A revisar	Texto visível diretamente na tela	3	Propor aqui; desenvolvimento aplica no banco textual/código		hac.views.modals.strong.text.14.1b705aea	txt.2571b7914b0b	src/plugin/views/modals.html	1418	strong
619	Modais	Texto da interface	gerado na aba Handoff de cada tela, que reúne Descrição e Notas de Código de cada especificação já registrada no canvas.		A revisar	Texto visível diretamente na tela	1	Propor aqui; desenvolvimento aplica no banco textual/código		hac.views.modals.html.text.30.456a200a	txt.e57a65c1e243	src/plugin/views/modals.html	1418	html
620	Modais	Texto da interface	(function () { ⏎ function renderA11yCategoriesHelpBadges() { ⏎ if (typeof A11Y_CATEGORIES === 'undefined' || typeof renderA11yCategoryBadgeSvg === 'undefined') return; // defensivo — nunca deveria faltar quando o modal já pode ser aberto ⏎ document.querySelectorAll('.a11y-cat-badge[data-a11y-cat]').forEach(function (el) { ⏎ var catKey = el.getAttribute('data-a11y-cat'); ⏎ if (!A11Y_CATEGORIES[catKey]) return; ⏎ // Forma real da categoria (círculo/estrela/quadrado) via SVG puro — ⏎ // substitui o antigo círculo com borda + ícone Lucide. A borda/cor ⏎ // inline não é mais necessária aqui (a cor já vem preenchida no SVG). ⏎ el.style.borderColor = 'transparent'; ⏎ el.innerHTML = renderA11yCategoryBadgeSvg(catKey, 28); ⏎ }); ⏎ } ⏎ ⏎ function attachObserver() { ⏎ var modal = document.getElementById('a11y-categories-help-modal'); ⏎ if (!modal) return; ⏎ var observer = new MutationObserver(function () { ⏎ if (!modal.classList.contains('hidden')) renderA11yCategoriesHelpBadges(); ⏎ }); ⏎ observer.observe(modal, { attributes: true, attributeFilter: ['class'] }); ⏎ } ⏎ ⏎ // Guard pros dois casos possíveis: script avaliado durante o parsing ⏎ // (documento ainda "loading", caso normal aqui) ou já carregado por algum ⏎ // motivo — nunca perde o attach por causa de timing de DOMContentLoaded. ⏎ if (document.readyState === 'loading') { ⏎ document.addEventListener('DOMContentLoaded', attachObserver); ⏎ } else { ⏎ attachObserver(); ⏎ } ⏎ })();		A revisar	Texto visível diretamente na tela	1	Propor aqui; desenvolvimento aplica no banco textual/código		hac.views.modals.script.text.2.0db3b9d1	txt.a525e5e6a550	src/plugin/views/modals.html	1439	script
621	Modais	Texto da interface	Sobre o hac		A revisar	Texto visível diretamente na tela	2	Propor aqui; desenvolvimento aplica no banco textual/código		hac.views.modals.html.text.31.7ed54313	txt.1bfb1079ad87	src/plugin/views/modals.html	1505	html
622	Modais	Texto da interface	Fechar		A revisar	Ajuda exibida ao passar o cursor	26	Propor aqui; desenvolvimento aplica no banco textual/código		hac.views.modals.button.54.title.7e22b45c	txt.5749fbf846d2	src/plugin/views/modals.html	1507	button.54
623	Modais	Texto da interface	HAC		A revisar	Texto visível diretamente na tela	2	Propor aqui; desenvolvimento aplica no banco textual/código		hac.views.modals.strong.text.15.3321b4ee	txt.5aca2c82a2f4	src/plugin/views/modals.html	1518	strong
624	Modais	Texto da interface	— Handoff de Acessibilidade CAIXA. Documenta, direto no canvas do Figma, como cada elemento da tela deve ser interpretado por um leitor de tela e em que ordem o teclado deve navegá-la.		A revisar	Texto visível diretamente na tela	1	Propor aqui; desenvolvimento aplica no banco textual/código		hac.views.modals.html.text.32.b78be243	txt.654462ab0bc2	src/plugin/views/modals.html	1518	html
625	Modais	Texto da interface	Versão		A revisar	Texto visível diretamente na tela	1	Propor aqui; desenvolvimento aplica no banco textual/código		hac.views.modals.dt.text.1.01e09ef3	txt.c0fd4beaf49f	src/plugin/views/modals.html	1522	dt
626	Modais	Texto da interface	Vertical responsável		A revisar	Texto visível diretamente na tela	1	Propor aqui; desenvolvimento aplica no banco textual/código		hac.views.modals.dt.text.2.fa11f27a	txt.81e7886018e4	src/plugin/views/modals.html	1526	dt
627	Modais	Texto da interface	Acessibilidade		A revisar	Texto visível diretamente na tela	5	Propor aqui; desenvolvimento aplica no banco textual/código		hac.views.modals.dd.text.1.7c967f77	txt.2319af1437e6	src/plugin/views/modals.html	1527	dd
628	Modais	Texto da interface	Plataforma do projeto		A revisar	Texto visível diretamente na tela	1	Propor aqui; desenvolvimento aplica no banco textual/código		hac.views.modals.dt.text.3.0ff0c937	txt.0dbd8e0ed054	src/plugin/views/modals.html	1531	dt
629	Modais	Texto da interface	Trocar		A revisar	Texto visível diretamente na tela	1	Propor aqui; desenvolvimento aplica no banco textual/código		hac.views.modals.button.text.12.a4b46dbf	txt.b38aca7dfaea	src/plugin/views/modals.html	1535	button
630	Modais	Texto da interface	Manutenção		A revisar	Texto visível diretamente na tela	1	Propor aqui; desenvolvimento aplica no banco textual/código		hac.views.modals.p.text.41.11b62d8f	txt.ac9600b38509	src/plugin/views/modals.html	1547	p
631	Modais	Texto da interface	Limpar cache		A revisar	Texto visível diretamente na tela	1	Propor aqui; desenvolvimento aplica no banco textual/código		hac.views.modals.html.text.33.f196c766	txt.d851537942fc	src/plugin/views/modals.html	1550	html
632	Modais	Texto da interface	Limpar tudo (cache + canvas)		A revisar	Texto visível diretamente na tela	1	Propor aqui; desenvolvimento aplica no banco textual/código		hac.views.modals.html.text.34.81130695	txt.ddb40a12ad53	src/plugin/views/modals.html	1555	html
633	Modais	Texto da interface	Fechar		A revisar	Texto visível diretamente na tela	26	Propor aqui; desenvolvimento aplica no banco textual/código		hac.views.modals.button.text.13.05c8925c	txt.5749fbf846d2	src/plugin/views/modals.html	1561	button
634	Modais	Texto da interface	Confirmar ação		A revisar	Texto visível diretamente na tela	2	Propor aqui; desenvolvimento aplica no banco textual/código		hac.views.modals.a11y.confirm.modal.title.text.text.ed0e0934	txt.edc840d427be	src/plugin/views/modals.html	1580	a11y-confirm-modal-title-text
635	Modais	Texto da interface	Cancelar		A revisar	Ajuda exibida ao passar o cursor	15	Propor aqui; desenvolvimento aplica no banco textual/código		hac.views.modals.button.59.title.c5c969b0	txt.62b1466cf22e	src/plugin/views/modals.html	1582	button.59
636	Modais	Texto da interface	Cancelar		A revisar	Ajuda exibida ao passar o cursor	15	Propor aqui; desenvolvimento aplica no banco textual/código		hac.views.modals.a11y.confirm.modal.cancel.btn.title.9d1e47e6	txt.62b1466cf22e	src/plugin/views/modals.html	1590	a11y-confirm-modal-cancel-btn
637	Modais	Texto da interface	Cancelar		A revisar	Texto visível diretamente na tela	15	Propor aqui; desenvolvimento aplica no banco textual/código		hac.views.modals.a11y.confirm.modal.cancel.btn.text.20d7bb13	txt.62b1466cf22e	src/plugin/views/modals.html	1590	a11y-confirm-modal-cancel-btn
638	Modais	Texto da interface	Confirmar		A revisar	Texto visível diretamente na tela	2	Propor aqui; desenvolvimento aplica no banco textual/código		hac.views.modals.a11y.confirm.modal.confirm.btn.text.51c606f1	txt.4f0e5eb69067	src/plugin/views/modals.html	1591	a11y-confirm-modal-confirm-btn
639	Onboarding	Texto da interface	view-specifications		A revisar	Texto montado dinamicamente pela interface	2	Propor aqui; desenvolvimento aplica no banco textual/código		hac.modules.onboarding.onboarding.tools.l49c11.c74b2448	txt.59b20428d324	src/plugin/modules/onboarding.js	49	ONBOARDING_TOOLS
640	Onboarding	Texto da interface	Documentação de Acessibilidade: Web		A revisar	Texto montado dinamicamente pela interface	1	Propor aqui; desenvolvimento aplica no banco textual/código		hac.modules.onboarding.title.l50c12.68c0774c	txt.0f21d98f97a4	src/plugin/modules/onboarding.js	50	title
641	Onboarding	Texto da interface	monitor		A revisar	Texto montado dinamicamente pela interface	3	Propor aqui; desenvolvimento aplica no banco textual/código		hac.modules.onboarding.onboarding.tools.l51c11.eaae5f61	txt.9796809f7dae	src/plugin/modules/onboarding.js	51	ONBOARDING_TOOLS
642	Onboarding	Texto da interface	#005ca9		A revisar	Texto montado dinamicamente pela interface	2	Propor aqui; desenvolvimento aplica no banco textual/código		hac.modules.onboarding.onboarding.tools.l52c12.5f39ac08	txt.eb8656638dd7	src/plugin/modules/onboarding.js	52	ONBOARDING_TOOLS
643	Onboarding	Texto da interface	stepper		A revisar	Texto montado dinamicamente pela interface	6	Propor aqui; desenvolvimento aplica no banco textual/código		hac.modules.onboarding.onboarding.tools.l53c13.3506549a	txt.52c8217c245d	src/plugin/modules/onboarding.js	53	ONBOARDING_TOOLS
644	Onboarding	Texto da interface	Super DSC Web		A revisar	Texto visível diretamente na tela	4	Propor aqui; desenvolvimento aplica no banco textual/código		hac.modules.onboarding.strong.text.1.5358950c	txt.88e1fa356c78	src/plugin/modules/onboarding.js	54	strong
645	Onboarding	Texto da interface	e do		A revisar	Texto visível diretamente na tela	1	Propor aqui; desenvolvimento aplica no banco textual/código		hac.modules.onboarding.html.text.1.2a108ed0	txt.8f47f6d85eb1	src/plugin/modules/onboarding.js	54	html
646	Onboarding	Texto da interface	DSC Web Angular & React		A revisar	Texto visível diretamente na tela	3	Propor aqui; desenvolvimento aplica no banco textual/código		hac.modules.onboarding.strong.text.2.d73d186c	txt.f6b8c99928b8	src/plugin/modules/onboarding.js	54	strong
647	Onboarding	Texto da interface	(legado). Regras completas: lib		A revisar	Texto visível diretamente na tela	1	Propor aqui; desenvolvimento aplica no banco textual/código		hac.modules.onboarding.html.text.2.3ea29f09	txt.2c4d848692d1	src/plugin/modules/onboarding.js	54	html
648	Onboarding	Texto da interface	Design Acessível		A revisar	Texto visível diretamente na tela	4	Propor aqui; desenvolvimento aplica no banco textual/código		hac.modules.onboarding.a.text.1.12a93180	txt.41510f5fb2a2	src/plugin/modules/onboarding.js	54	a
649	Onboarding	Texto da interface	Selecionar Tela		A revisar	Texto visível diretamente na tela	9	Propor aqui; desenvolvimento aplica no banco textual/código		hac.modules.onboarding.strong.text.1.adf8df73	txt.26edd591c064	src/plugin/modules/onboarding.js	56	strong
650	Onboarding	Texto da interface	Leitor de Tela		A revisar	Texto visível diretamente na tela	13	Propor aqui; desenvolvimento aplica no banco textual/código		hac.modules.onboarding.strong.text.1.8ba0e5f1	txt.2cccdb3dac0d	src/plugin/modules/onboarding.js	57	strong
651	Onboarding	Texto da interface	, use		A revisar	Texto visível diretamente na tela	2	Propor aqui; desenvolvimento aplica no banco textual/código		hac.modules.onboarding.html.text.1.cced3f10	txt.0b2a44986a08	src/plugin/modules/onboarding.js	57	html
652	Onboarding	Texto da interface	Mapeamento Automático		A revisar	Texto visível diretamente na tela	5	Propor aqui; desenvolvimento aplica no banco textual/código		hac.modules.onboarding.strong.text.2.907ed5a9	txt.59ce6b82ca8a	src/plugin/modules/onboarding.js	57	strong
653	Onboarding	Texto da interface	para o hac sugerir a categoria de cada componente, ou		A revisar	Texto visível diretamente na tela	2	Propor aqui; desenvolvimento aplica no banco textual/código		hac.modules.onboarding.html.text.2.3d631204	txt.c1d84bc460a0	src/plugin/modules/onboarding.js	57	html
654	Onboarding	Texto da interface	Nova spec		A revisar	Texto visível diretamente na tela	3	Propor aqui; desenvolvimento aplica no banco textual/código		hac.modules.onboarding.strong.text.3.99def85a	txt.6883742d7a12	src/plugin/modules/onboarding.js	57	strong
655	Onboarding	Texto da interface	para documentar do zero. Em		A revisar	Texto visível diretamente na tela	2	Propor aqui; desenvolvimento aplica no banco textual/código		hac.modules.onboarding.html.text.3.db3fc246	txt.708226b76314	src/plugin/modules/onboarding.js	57	html
656	Onboarding	Texto da interface	Iniciar Revisão		A revisar	Texto visível diretamente na tela	3	Propor aqui; desenvolvimento aplica no banco textual/código		hac.modules.onboarding.strong.text.4.f3fe7438	txt.8a91797a2a4e	src/plugin/modules/onboarding.js	57	strong
657	Onboarding	Texto da interface	Tabulação		A revisar	Texto visível diretamente na tela	7	Propor aqui; desenvolvimento aplica no banco textual/código		hac.modules.onboarding.strong.text.1.fdd00c32	txt.afd410875455	src/plugin/modules/onboarding.js	58	strong
658	Onboarding	Texto da interface	Leitor de Tela		A revisar	Texto visível diretamente na tela	13	Propor aqui; desenvolvimento aplica no banco textual/código		hac.modules.onboarding.strong.text.2.55423198	txt.2cccdb3dac0d	src/plugin/modules/onboarding.js	58	strong
659	Onboarding	Texto da interface	Handoff de Acessibilidade		A revisar	Texto visível diretamente na tela	3	Propor aqui; desenvolvimento aplica no banco textual/código		hac.modules.onboarding.strong.text.3.24f45bdd	txt.2571b7914b0b	src/plugin/modules/onboarding.js	58	strong
660	Onboarding	Texto da interface	(status geral e		A revisar	Texto visível diretamente na tela	2	Propor aqui; desenvolvimento aplica no banco textual/código		hac.modules.onboarding.html.text.1.ccf635ec	txt.79b300d460ff	src/plugin/modules/onboarding.js	58	html
661	Onboarding	Texto da interface	Gerar handoff completo		A revisar	Texto visível diretamente na tela	2	Propor aqui; desenvolvimento aplica no banco textual/código		hac.modules.onboarding.strong.text.4.c7efe51a	txt.7e6ecd6005d4	src/plugin/modules/onboarding.js	58	strong
662	Onboarding	Texto da interface	4 categorias		A revisar	Texto visível diretamente na tela	1	Propor aqui; desenvolvimento aplica no banco textual/código		hac.modules.onboarding.strong.text.1.01f6d4fb	txt.22f7bc03e7c4	src/plugin/modules/onboarding.js	59	strong
663	Onboarding	Texto da interface	: Elementos e Imagens, Estrutura da Página, Nível de Título (H1-H6, com H1 único na página) ou Elemento Decorativo. O guia		A revisar	Texto visível diretamente na tela	1	Propor aqui; desenvolvimento aplica no banco textual/código		hac.modules.onboarding.html.text.1.7d61db5f	txt.e0987245abf5	src/plugin/modules/onboarding.js	59	html
664	Onboarding	Texto da interface	Não Documentados		A revisar	Texto visível diretamente na tela	2	Propor aqui; desenvolvimento aplica no banco textual/código		hac.modules.onboarding.strong.text.1.82aa69c2	txt.e96e7df9b789	src/plugin/modules/onboarding.js	60	strong
665	Onboarding	Texto da interface	(aba Leitor de Tela): use		A revisar	Texto visível diretamente na tela	2	Propor aqui; desenvolvimento aplica no banco textual/código		hac.modules.onboarding.html.text.1.58c42223	txt.2059aa937f54	src/plugin/modules/onboarding.js	60	html
666	Onboarding	Texto da interface	Criar spec		A revisar	Texto visível diretamente na tela	3	Propor aqui; desenvolvimento aplica no banco textual/código		hac.modules.onboarding.strong.text.2.36bdc4c8	txt.c0e0305535e3	src/plugin/modules/onboarding.js	60	strong
667	Onboarding	Texto da interface	Tabulação		A revisar	Texto visível diretamente na tela	7	Propor aqui; desenvolvimento aplica no banco textual/código		hac.modules.onboarding.strong.text.1.a40971a3	txt.afd410875455	src/plugin/modules/onboarding.js	61	strong
668	Onboarding	Texto da interface	, clique nos elementos em sequência ou use		A revisar	Texto visível diretamente na tela	2	Propor aqui; desenvolvimento aplica no banco textual/código		hac.modules.onboarding.html.text.1.3c1c8ac9	txt.e2b7dcc8c08d	src/plugin/modules/onboarding.js	61	html
669	Onboarding	Texto da interface	Gerar Automaticamente		A revisar	Texto visível diretamente na tela	2	Propor aqui; desenvolvimento aplica no banco textual/código		hac.modules.onboarding.strong.text.2.8e9f3364	txt.7c48bde68314	src/plugin/modules/onboarding.js	61	strong
670	Onboarding	Texto da interface	; o design original não é alterado.		A revisar	Texto visível diretamente na tela	2	Propor aqui; desenvolvimento aplica no banco textual/código		hac.modules.onboarding.html.text.2.fca3fea4	txt.41aad5ee311d	src/plugin/modules/onboarding.js	61	html
671	Onboarding	Texto da interface	Simular leitura		A revisar	Texto visível diretamente na tela	3	Propor aqui; desenvolvimento aplica no banco textual/código		hac.modules.onboarding.strong.text.3.a766a793	txt.96c2d4288e78	src/plugin/modules/onboarding.js	61	strong
672	Onboarding	Texto da interface	view-specifications		A revisar	Texto montado dinamicamente pela interface	2	Propor aqui; desenvolvimento aplica no banco textual/código		hac.modules.onboarding.onboarding.tools.l65c11.ecbb4831	txt.59b20428d324	src/plugin/modules/onboarding.js	65	ONBOARDING_TOOLS
673	Onboarding	Texto da interface	Documentação de Acessibilidade: Mobile		A revisar	Texto montado dinamicamente pela interface	1	Propor aqui; desenvolvimento aplica no banco textual/código		hac.modules.onboarding.title.l66c12.aece5dd6	txt.29f6e86f17e2	src/plugin/modules/onboarding.js	66	title
674	Onboarding	Texto da interface	smartphone		A revisar	Texto montado dinamicamente pela interface	2	Propor aqui; desenvolvimento aplica no banco textual/código		hac.modules.onboarding.onboarding.tools.l67c11.f29b57ab	txt.b520dff52041	src/plugin/modules/onboarding.js	67	ONBOARDING_TOOLS
675	Onboarding	Texto da interface	#005ca9		A revisar	Texto montado dinamicamente pela interface	2	Propor aqui; desenvolvimento aplica no banco textual/código		hac.modules.onboarding.onboarding.tools.l68c12.e8c2369f	txt.eb8656638dd7	src/plugin/modules/onboarding.js	68	ONBOARDING_TOOLS
676	Onboarding	Texto da interface	stepper		A revisar	Texto montado dinamicamente pela interface	6	Propor aqui; desenvolvimento aplica no banco textual/código		hac.modules.onboarding.onboarding.tools.l69c13.06980eb8	txt.52c8217c245d	src/plugin/modules/onboarding.js	69	ONBOARDING_TOOLS
677	Onboarding	Texto da interface	Super DSC Mobile		A revisar	Texto visível diretamente na tela	3	Propor aqui; desenvolvimento aplica no banco textual/código		hac.modules.onboarding.strong.text.1.5f5b734b	txt.5d64152f69d7	src/plugin/modules/onboarding.js	70	strong
678	Onboarding	Texto da interface	(React Native). Regras completas: lib		A revisar	Texto visível diretamente na tela	1	Propor aqui; desenvolvimento aplica no banco textual/código		hac.modules.onboarding.html.text.1.8151d257	txt.344519b7d694	src/plugin/modules/onboarding.js	70	html
679	Onboarding	Texto da interface	Design Acessível		A revisar	Texto visível diretamente na tela	4	Propor aqui; desenvolvimento aplica no banco textual/código		hac.modules.onboarding.a.text.1.a790b7a9	txt.41510f5fb2a2	src/plugin/modules/onboarding.js	70	a
680	Onboarding	Texto da interface	Selecionar Tela		A revisar	Texto visível diretamente na tela	9	Propor aqui; desenvolvimento aplica no banco textual/código		hac.modules.onboarding.strong.text.1.12a9d93f	txt.26edd591c064	src/plugin/modules/onboarding.js	72	strong
681	Onboarding	Texto da interface	Leitor de Tela		A revisar	Texto visível diretamente na tela	13	Propor aqui; desenvolvimento aplica no banco textual/código		hac.modules.onboarding.strong.text.1.0e761b72	txt.2cccdb3dac0d	src/plugin/modules/onboarding.js	73	strong
682	Onboarding	Texto da interface	, use		A revisar	Texto visível diretamente na tela	2	Propor aqui; desenvolvimento aplica no banco textual/código		hac.modules.onboarding.html.text.1.ab122648	txt.0b2a44986a08	src/plugin/modules/onboarding.js	73	html
683	Onboarding	Texto da interface	Mapeamento Automático		A revisar	Texto visível diretamente na tela	5	Propor aqui; desenvolvimento aplica no banco textual/código		hac.modules.onboarding.strong.text.2.e1960f4d	txt.59ce6b82ca8a	src/plugin/modules/onboarding.js	73	strong
684	Onboarding	Texto da interface	para o hac sugerir a categoria de cada componente, ou		A revisar	Texto visível diretamente na tela	2	Propor aqui; desenvolvimento aplica no banco textual/código		hac.modules.onboarding.html.text.2.e28e8e11	txt.c1d84bc460a0	src/plugin/modules/onboarding.js	73	html
685	Onboarding	Texto da interface	Nova spec		A revisar	Texto visível diretamente na tela	3	Propor aqui; desenvolvimento aplica no banco textual/código		hac.modules.onboarding.strong.text.3.350613bc	txt.6883742d7a12	src/plugin/modules/onboarding.js	73	strong
686	Onboarding	Texto da interface	para documentar do zero. Em		A revisar	Texto visível diretamente na tela	2	Propor aqui; desenvolvimento aplica no banco textual/código		hac.modules.onboarding.html.text.3.4c55b45b	txt.708226b76314	src/plugin/modules/onboarding.js	73	html
687	Onboarding	Texto da interface	Iniciar Revisão		A revisar	Texto visível diretamente na tela	3	Propor aqui; desenvolvimento aplica no banco textual/código		hac.modules.onboarding.strong.text.4.d1db76f2	txt.8a91797a2a4e	src/plugin/modules/onboarding.js	73	strong
688	Onboarding	Texto da interface	Tabulação		A revisar	Texto visível diretamente na tela	7	Propor aqui; desenvolvimento aplica no banco textual/código		hac.modules.onboarding.strong.text.1.df26bbe0	txt.afd410875455	src/plugin/modules/onboarding.js	74	strong
689	Onboarding	Texto da interface	Ordem de Leitura		A revisar	Texto visível diretamente na tela	2	Propor aqui; desenvolvimento aplica no banco textual/código		hac.modules.onboarding.strong.text.2.5010d03d	txt.8084a7df8d89	src/plugin/modules/onboarding.js	74	strong
690	Onboarding	Texto da interface	(gesto de swipe, exclusivo do mobile),		A revisar	Texto visível diretamente na tela	1	Propor aqui; desenvolvimento aplica no banco textual/código		hac.modules.onboarding.html.text.1.2765ca4a	txt.93f96dda170a	src/plugin/modules/onboarding.js	74	html
691	Onboarding	Texto da interface	Leitor de Tela		A revisar	Texto visível diretamente na tela	13	Propor aqui; desenvolvimento aplica no banco textual/código		hac.modules.onboarding.strong.text.3.5125c363	txt.2cccdb3dac0d	src/plugin/modules/onboarding.js	74	strong
692	Onboarding	Texto da interface	Handoff de Acessibilidade		A revisar	Texto visível diretamente na tela	3	Propor aqui; desenvolvimento aplica no banco textual/código		hac.modules.onboarding.strong.text.4.7cb69142	txt.2571b7914b0b	src/plugin/modules/onboarding.js	74	strong
693	Onboarding	Texto da interface	(status geral e		A revisar	Texto visível diretamente na tela	2	Propor aqui; desenvolvimento aplica no banco textual/código		hac.modules.onboarding.html.text.2.4441cc7a	txt.79b300d460ff	src/plugin/modules/onboarding.js	74	html
694	Onboarding	Texto da interface	Gerar handoff completo		A revisar	Texto visível diretamente na tela	2	Propor aqui; desenvolvimento aplica no banco textual/código		hac.modules.onboarding.strong.text.5.015a55e1	txt.7e6ecd6005d4	src/plugin/modules/onboarding.js	74	strong
695	Onboarding	Texto da interface	3 categorias		A revisar	Texto visível diretamente na tela	1	Propor aqui; desenvolvimento aplica no banco textual/código		hac.modules.onboarding.strong.text.1.4daf269e	txt.5aab4fec12f4	src/plugin/modules/onboarding.js	75	strong
696	Onboarding	Texto da interface	: Elementos e Imagens (Componente, Link ou Texto Alternativo), Títulos (marcador único "H", sem H1-H6) ou Elemento Decorativo. O guia		A revisar	Texto visível diretamente na tela	1	Propor aqui; desenvolvimento aplica no banco textual/código		hac.modules.onboarding.html.text.1.58c1ad6c	txt.ec72390df333	src/plugin/modules/onboarding.js	75	html
697	Onboarding	Texto da interface	Não Documentados		A revisar	Texto visível diretamente na tela	2	Propor aqui; desenvolvimento aplica no banco textual/código		hac.modules.onboarding.strong.text.1.8fc67653	txt.e96e7df9b789	src/plugin/modules/onboarding.js	76	strong
698	Onboarding	Texto da interface	(aba Leitor de Tela): use		A revisar	Texto visível diretamente na tela	2	Propor aqui; desenvolvimento aplica no banco textual/código		hac.modules.onboarding.html.text.1.348fc363	txt.2059aa937f54	src/plugin/modules/onboarding.js	76	html
699	Onboarding	Texto da interface	Criar spec		A revisar	Texto visível diretamente na tela	3	Propor aqui; desenvolvimento aplica no banco textual/código		hac.modules.onboarding.strong.text.2.758887c5	txt.c0e0305535e3	src/plugin/modules/onboarding.js	76	strong
700	Onboarding	Texto da interface	Tabulação		A revisar	Texto visível diretamente na tela	7	Propor aqui; desenvolvimento aplica no banco textual/código		hac.modules.onboarding.strong.text.1.ac5ded6a	txt.afd410875455	src/plugin/modules/onboarding.js	77	strong
701	Onboarding	Texto da interface	, clique nos elementos em sequência ou use		A revisar	Texto visível diretamente na tela	2	Propor aqui; desenvolvimento aplica no banco textual/código		hac.modules.onboarding.html.text.1.ffe2a09d	txt.e2b7dcc8c08d	src/plugin/modules/onboarding.js	77	html
702	Onboarding	Texto da interface	Gerar Automaticamente		A revisar	Texto visível diretamente na tela	2	Propor aqui; desenvolvimento aplica no banco textual/código		hac.modules.onboarding.strong.text.2.39441506	txt.7c48bde68314	src/plugin/modules/onboarding.js	77	strong
703	Onboarding	Texto da interface	; o design original não é alterado.		A revisar	Texto visível diretamente na tela	2	Propor aqui; desenvolvimento aplica no banco textual/código		hac.modules.onboarding.html.text.2.749c452f	txt.41aad5ee311d	src/plugin/modules/onboarding.js	77	html
704	Onboarding	Texto da interface	Simular leitura		A revisar	Texto visível diretamente na tela	3	Propor aqui; desenvolvimento aplica no banco textual/código		hac.modules.onboarding.strong.text.3.2aeb6cc1	txt.96c2d4288e78	src/plugin/modules/onboarding.js	77	strong
705	Onboarding	Texto da interface	Ordem de Leitura		A revisar	Texto visível diretamente na tela	2	Propor aqui; desenvolvimento aplica no banco textual/código		hac.modules.onboarding.strong.text.1.ad8c9463	txt.8084a7df8d89	src/plugin/modules/onboarding.js	78	strong
706	Onboarding	Texto da interface	, reaproveite a tabulação já mapeada ou marque os pontos com Shift+clique no canvas. Para corrigir uma trilha, use		A revisar	Texto visível diretamente na tela	1	Propor aqui; desenvolvimento aplica no banco textual/código		hac.modules.onboarding.html.text.1.90cb4ec4	txt.31a9e8c71720	src/plugin/modules/onboarding.js	78	html
707	Onboarding	Texto da interface	Editar pontos		A revisar	Texto visível diretamente na tela	1	Propor aqui; desenvolvimento aplica no banco textual/código		hac.modules.onboarding.strong.text.2.48860f0f	txt.ec935671c416	src/plugin/modules/onboarding.js	78	strong
708	Onboarding	Texto da interface	Ver passo a passo do template oficial${richContent.stepsHeading ? `: ${richContent.stepsHeading}` : ''}		A revisar	Texto visível diretamente na tela	1	Propor aqui; desenvolvimento valida as partes dinâmicas antes de aplicar		hac.modules.onboarding.html.text.1.52d10423	txt.5a38a89d35ce	src/plugin/modules/onboarding.js	172	html
709	Onboarding	Texto da interface	${i + 1}.		A revisar	Texto visível diretamente na tela	2	Propor aqui; desenvolvimento valida as partes dinâmicas antes de aplicar		hac.modules.onboarding.span.text.1.fb3c2aca	txt.cfd479c03f8b	src/plugin/modules/onboarding.js	178	span
710	Onboarding	Texto da interface	`).join('')}		A revisar	Texto visível diretamente na tela	5	Propor aqui; desenvolvimento aplica no banco textual/código		hac.modules.onboarding.html.text.2.222d96f6	txt.8c669807335d	src/plugin/modules/onboarding.js	180	html
711	Onboarding	Texto da interface	`).join('')}		A revisar	Texto visível diretamente na tela	5	Propor aqui; desenvolvimento aplica no banco textual/código		hac.modules.onboarding.html.text.1.886261fb	txt.8c669807335d	src/plugin/modules/onboarding.js	226	html
712	Onboarding	Texto da interface	Pular		A revisar	Texto visível diretamente na tela	2	Propor aqui; desenvolvimento aplica no banco textual/código		hac.modules.onboarding.button.text.1.9b277a52	txt.61c78f0b8725	src/plugin/modules/onboarding.js	263	button
713	Onboarding	Texto da interface	Próximo		A revisar	Texto visível diretamente na tela	1	Propor aqui; desenvolvimento aplica no banco textual/código		hac.modules.onboarding.button.text.2.f98a7898	txt.4059fcbdc2cf	src/plugin/modules/onboarding.js	264	button
714	Onboarding	Texto da interface	`).join('')}		A revisar	Texto visível diretamente na tela	5	Propor aqui; desenvolvimento aplica no banco textual/código		hac.modules.onboarding.html.text.1.f1c529ef	txt.8c669807335d	src/plugin/modules/onboarding.js	276	html
715	Onboarding	Texto da interface	Passo ${_onboardingCurrentStep + 1} de ${tool.steps.length}		A revisar	Texto visível diretamente na tela	1	Propor aqui; desenvolvimento valida as partes dinâmicas antes de aplicar		hac.modules.onboarding.p.text.1.53033591	txt.124ade04d467	src/plugin/modules/onboarding.js	279	p
716	Onboarding	Texto da interface	Pular		A revisar	Texto visível diretamente na tela	2	Propor aqui; desenvolvimento aplica no banco textual/código		hac.modules.onboarding.button.text.1.fe3681d6	txt.61c78f0b8725	src/plugin/modules/onboarding.js	285	button
717	Onboarding	Texto da interface	${showBack ? '		A revisar	Texto visível diretamente na tela	1	Propor aqui; desenvolvimento valida as partes dinâmicas antes de aplicar		hac.modules.onboarding.div.text.1.4ae8febc	txt.a6d71a21ea62	src/plugin/modules/onboarding.js	286	div
718	Onboarding	Texto da interface	Voltar		A revisar	Texto visível diretamente na tela	3	Propor aqui; desenvolvimento aplica no banco textual/código		hac.modules.onboarding.button.text.2.86161343	txt.1505adfd7cfd	src/plugin/modules/onboarding.js	287	button
719	Onboarding	Texto da interface	`).join('')}		A revisar	Texto visível diretamente na tela	5	Propor aqui; desenvolvimento aplica no banco textual/código		hac.modules.onboarding.html.text.1.5d1767d1	txt.8c669807335d	src/plugin/modules/onboarding.js	301	html
720	Onboarding	Texto da interface	Voltar		A revisar	Texto visível diretamente na tela	3	Propor aqui; desenvolvimento aplica no banco textual/código		hac.modules.onboarding.button.text.1.4c9750e0	txt.1505adfd7cfd	src/plugin/modules/onboarding.js	307	button
721	Onboarding	Texto da interface	Entendi		A revisar	Texto visível diretamente na tela	3	Propor aqui; desenvolvimento aplica no banco textual/código		hac.modules.onboarding.button.text.2.1bdfbcda	txt.4b820b6a16da	src/plugin/modules/onboarding.js	308	button
722	Ordem de leitura / Swipe	Texto da interface	[data-swipe-path-add-point-label]		A revisar	Texto montado dinamicamente pela interface	3	Propor aqui; desenvolvimento aplica no banco textual/código		hac.modules.swipe.path.swipepathstartaddpointwait.label.l350c41.5bd9a2b3	txt.35518a8f77ab	src/plugin/modules/swipe-path.js	350	_swipePathStartAddPointWait > label
723	Ordem de leitura / Swipe	Texto da interface	Concluir seleção		A revisar	Texto montado dinamicamente pela interface	5	Propor aqui; desenvolvimento aplica no banco textual/código		hac.modules.swipe.path.swipepathstartaddpointwait.textcontent.l354c34.9210871a	txt.391f2e4bd258	src/plugin/modules/swipe-path.js	354	_swipePathStartAddPointWait > textContent
724	Ordem de leitura / Swipe	Texto da interface	[data-swipe-path-add-point-label]		A revisar	Texto montado dinamicamente pela interface	3	Propor aqui; desenvolvimento aplica no banco textual/código		hac.modules.swipe.path.swipepathresetaddpointbutton.label.l378c41.3148dc03	txt.35518a8f77ab	src/plugin/modules/swipe-path.js	378	_swipePathResetAddPointButton > label
725	Ordem de leitura / Swipe	Texto da interface	Adicionar ponto		A revisar	Texto montado dinamicamente pela interface	3	Propor aqui; desenvolvimento aplica no banco textual/código		hac.modules.swipe.path.swipepathresetaddpointbutton.textcontent.l379c34.069a7ca1	txt.2629163bf164	src/plugin/modules/swipe-path.js	379	_swipePathResetAddPointButton > textContent
726	Ordem de leitura / Swipe	Texto da interface	a11y-swipe-path-review-instruction		A revisar	Texto montado dinamicamente pela interface	1	Propor aqui; desenvolvimento aplica no banco textual/código		hac.modules.swipe.path.openswipepathreviewmodal.instructionel.l396c49.7cd29822	txt.131d4d736888	src/plugin/modules/swipe-path.js	396	openSwipePathReviewModal > instructionEl
727	Ordem de leitura / Swipe	Texto da interface	a11y-swipe-path-review-confirm-text		A revisar	Texto montado dinamicamente pela interface	3	Propor aqui; desenvolvimento aplica no banco textual/código		hac.modules.swipe.path.openswipepathreviewmodal.confirmtextel.l397c49.4b3c202a	txt.ec9ecf95f7e6	src/plugin/modules/swipe-path.js	397	openSwipePathReviewModal > confirmTextEl
728	Ordem de leitura / Swipe	Texto da interface	Editar Trilha de Ordem de Leitura		A revisar	Texto montado dinamicamente pela interface	1	Propor aqui; desenvolvimento aplica no banco textual/código		hac.modules.swipe.path.openswipepathreviewmodal.textcontent.l399c40.3f6cf692	txt.6bee6cf8bc1f	src/plugin/modules/swipe-path.js	399	openSwipePathReviewModal > textContent
729	Ordem de leitura / Swipe	Texto da interface	Ajuste os pontos desta trilha: arraste para reordenar, remova ou adicione um novo ponto antes de salvar.		A revisar	Texto montado dinamicamente pela interface	1	Propor aqui; desenvolvimento aplica no banco textual/código		hac.modules.swipe.path.openswipepathreviewmodal.textcontent.l400c52.675e33e4	txt.97ceda91a357	src/plugin/modules/swipe-path.js	400	openSwipePathReviewModal > textContent
730	Ordem de leitura / Swipe	Texto da interface	Salvar alterações		A revisar	Texto montado dinamicamente pela interface	2	Propor aqui; desenvolvimento aplica no banco textual/código		hac.modules.swipe.path.openswipepathreviewmodal.textcontent.l401c52.faf0cbfc	txt.1166c09971a6	src/plugin/modules/swipe-path.js	401	openSwipePathReviewModal > textContent
731	Ordem de leitura / Swipe	Texto da interface	Trilha de Ordem de Leitura		A revisar	Texto montado dinamicamente pela interface	2	Propor aqui; desenvolvimento aplica no banco textual/código		hac.modules.swipe.path.openswipepathreviewmodal.textcontent.l403c40.fa9e591e	txt.2a4c8bb6df7a	src/plugin/modules/swipe-path.js	403	openSwipePathReviewModal > textContent
732	Ordem de leitura / Swipe	Texto da interface	Esta é a trilha marcada no canvas, já na ordem espacial resolvida automaticamente. Arraste para reordenar ou remova um ponto antes de confirmar.		A revisar	Texto montado dinamicamente pela interface	2	Propor aqui; desenvolvimento aplica no banco textual/código		hac.modules.swipe.path.openswipepathreviewmodal.textcontent.l404c52.8c479579	txt.ad8c5a498d49	src/plugin/modules/swipe-path.js	404	openSwipePathReviewModal > textContent
733	Ordem de leitura / Swipe	Texto da interface	Criar trilha de ordem de leitura		A revisar	Texto montado dinamicamente pela interface	2	Propor aqui; desenvolvimento aplica no banco textual/código		hac.modules.swipe.path.openswipepathreviewmodal.textcontent.l405c52.63062a1c	txt.f172156528f3	src/plugin/modules/swipe-path.js	405	openSwipePathReviewModal > textContent
734	Ordem de leitura / Swipe	Texto da interface	[data-swipe-path-add-point-label]		A revisar	Texto montado dinamicamente pela interface	3	Propor aqui; desenvolvimento aplica no banco textual/código		hac.modules.swipe.path.handleswipepathaccumulatedcountchanged.label.l446c43.9313f0a3	txt.35518a8f77ab	src/plugin/modules/swipe-path.js	446	handleSwipePathAccumulatedCountChanged > label
735	Ordem de leitura / Swipe	Texto da interface	a11y-swipe-path-pending-empty		A revisar	Texto montado dinamicamente pela interface	1	Propor aqui; desenvolvimento aplica no banco textual/código		hac.modules.swipe.path.renderswipepathpendinglist.emptyel.l504c43.565b0cf7	txt.e5eb6ee3c284	src/plugin/modules/swipe-path.js	504	_renderSwipePathPendingList > emptyEl
736	Ordem de leitura / Swipe	Texto da interface	Destacar este elemento no canvas		A revisar	Ajuda exibida ao passar o cursor	2	Propor aqui; desenvolvimento aplica no banco textual/código		hac.modules.swipe.path.li.1.title.e16bce57	txt.f02bbf0ed751	src/plugin/modules/swipe-path.js	514	li.1
737	Ordem de leitura / Swipe	Texto da interface	Arrastar para reordenar		A revisar	Ajuda exibida ao passar o cursor	4	Propor aqui; desenvolvimento aplica no banco textual/código		hac.modules.swipe.path.span.1.title.7b598e4b	txt.551fecef4579	src/plugin/modules/swipe-path.js	522	span.1
738	Ordem de leitura / Swipe	Texto da interface	Remover da lista		A revisar	Ajuda exibida ao passar o cursor	6	Propor aqui; desenvolvimento aplica no banco textual/código		hac.modules.swipe.path.button.1.title.30566e40	txt.4558a56ede30	src/plugin/modules/swipe-path.js	527	button.1
739	Ordem de leitura / Swipe	Texto da interface	Destacar este elemento no canvas		A revisar	Ajuda exibida ao passar o cursor	2	Propor aqui; desenvolvimento aplica no banco textual/código		hac.modules.swipe.path.li.1.title.16582ef2	txt.f02bbf0ed751	src/plugin/modules/swipe-path.js	566	li.1
740	Ordem de leitura / Swipe	Texto da interface	Arrastar para reordenar		A revisar	Ajuda exibida ao passar o cursor	4	Propor aqui; desenvolvimento aplica no banco textual/código		hac.modules.swipe.path.span.1.title.9ca03da1	txt.551fecef4579	src/plugin/modules/swipe-path.js	574	span.1
741	Ordem de leitura / Swipe	Texto da interface	Remover da lista		A revisar	Ajuda exibida ao passar o cursor	6	Propor aqui; desenvolvimento aplica no banco textual/código		hac.modules.swipe.path.button.1.title.557d4b8e	txt.4558a56ede30	src/plugin/modules/swipe-path.js	579	button.1
742	Ordem de leitura / Swipe	Texto da interface	a11y-swipe-path-review-confirm-text		A revisar	Texto montado dinamicamente pela interface	3	Propor aqui; desenvolvimento aplica no banco textual/código		hac.modules.swipe.path.applyswipepathtocanvas.confirmtextel.l696c49.4907d4a7	txt.ec9ecf95f7e6	src/plugin/modules/swipe-path.js	696	applySwipePathToCanvas > confirmTextEl
743	Ordem de leitura / Swipe	Texto da interface	Desenhando trilha…		A revisar	Texto montado dinamicamente pela interface	1	Propor aqui; desenvolvimento aplica no banco textual/código		hac.modules.swipe.path.applyswipepathtocanvas.textcontent.l698c50.43025b4e	txt.dcabc4e51bb0	src/plugin/modules/swipe-path.js	698	applySwipePathToCanvas > textContent
744	Ordem de leitura / Swipe	Texto da interface	a11y-swipe-path-review-confirm-text		A revisar	Texto montado dinamicamente pela interface	3	Propor aqui; desenvolvimento aplica no banco textual/código		hac.modules.swipe.path.handleswipepathcreatefailed.confirmtextel.l776c49.ad79631b	txt.ec9ecf95f7e6	src/plugin/modules/swipe-path.js	776	handleSwipePathCreateFailed > confirmTextEl
745	Ordem de tabulação	Texto da interface	Ordem de Tabulação		A revisar	Texto visível diretamente na tela	8	Propor aqui; desenvolvimento aplica no banco textual/código		hac.modules.tab.order.p.text.1.68f7f7ff	txt.37066ca9dc6a	src/plugin/modules/tab-order.js	46	p
746	Ordem de tabulação	Texto da interface	Ordem de Tabulação		A revisar	Texto visível diretamente na tela	8	Propor aqui; desenvolvimento aplica no banco textual/código		hac.modules.tab.order.p.text.1.f25c11cf	txt.37066ca9dc6a	src/plugin/modules/tab-order.js	63	p
747	Ordem de tabulação	Texto da interface	Iniciar Ordem de Tabulação		A revisar	Texto visível diretamente na tela	1	Propor aqui; desenvolvimento aplica no banco textual/código		hac.modules.tab.order.html.text.1.5172383f	txt.3c32a8fc7fcc	src/plugin/modules/tab-order.js	80	html
748	Ordem de tabulação	Texto da interface	ou usar Mapeamento Automático		A revisar	Texto visível diretamente na tela	1	Propor aqui; desenvolvimento aplica no banco textual/código		hac.modules.tab.order.html.text.2.c1f753b2	txt.7834626b9215	src/plugin/modules/tab-order.js	86	html
749	Ordem de tabulação	Texto da interface	Atualizar		A revisar	Texto visível diretamente na tela	3	Propor aqui; desenvolvimento aplica no banco textual/código		hac.modules.tab.order.html.text.3.a934912e	txt.f8906248d08b	src/plugin/modules/tab-order.js	96	html
750	Ordem de tabulação	Texto da interface	segure Shift e clique		A revisar	Texto visível diretamente na tela	2	Propor aqui; desenvolvimento aplica no banco textual/código		hac.modules.tab.order.strong.text.1.c4e65871	txt.a86b65253f5e	src/plugin/modules/tab-order.js	174	strong
751	Ordem de tabulação	Texto da interface	em cada elemento, na ordem em que o teclado deve navegar por eles. Ao concluir a seleção, você pode		A revisar	Texto visível diretamente na tela	1	Propor aqui; desenvolvimento aplica no banco textual/código		hac.modules.tab.order.html.text.1.aaf75a8a	txt.a0c929bccd32	src/plugin/modules/tab-order.js	174	html
752	Ordem de tabulação	Texto da interface	arrastar para reposicionar		A revisar	Texto visível diretamente na tela	2	Propor aqui; desenvolvimento aplica no banco textual/código		hac.modules.tab.order.strong.text.2.986fb46a	txt.c10a75f19421	src/plugin/modules/tab-order.js	174	strong
753	Ordem de tabulação	Texto da interface	segure Shift e clique		A revisar	Texto visível diretamente na tela	2	Propor aqui; desenvolvimento aplica no banco textual/código		hac.modules.tab.order.strong.text.1.55126520	txt.a86b65253f5e	src/plugin/modules/tab-order.js	175	strong
754	Ordem de tabulação	Texto da interface	em cada ponto, na ordem em que o gesto de swipe deve passar por eles. Ao concluir a seleção, você pode		A revisar	Texto visível diretamente na tela	1	Propor aqui; desenvolvimento aplica no banco textual/código		hac.modules.tab.order.html.text.1.ad46c9b7	txt.33284783b8ba	src/plugin/modules/tab-order.js	175	html
755	Ordem de tabulação	Texto da interface	arrastar para reposicionar		A revisar	Texto visível diretamente na tela	2	Propor aqui; desenvolvimento aplica no banco textual/código		hac.modules.tab.order.strong.text.2.36046601	txt.c10a75f19421	src/plugin/modules/tab-order.js	175	strong
756	Ordem de tabulação	Texto da interface	undefined		A revisar	Texto montado dinamicamente pela interface	1	Propor aqui; desenvolvimento aplica no banco textual/código		hac.modules.tab.order.rendera11yinstructioncontent.content.l214c58.7e02d738	txt.d5d4cd07616a	src/plugin/modules/tab-order.js	214	_renderA11yInstructionContent > content
757	Ordem de tabulação	Texto da interface	${escapeHtml(boldMatch[1])}:		A revisar	Texto visível diretamente na tela	1	Propor aqui; desenvolvimento valida as partes dinâmicas antes de aplicar		hac.modules.tab.order.strong.text.1.56fc6209	txt.5616068168ac	src/plugin/modules/tab-order.js	268	strong
758	Ordem de tabulação	Texto da interface	${boldMatch[2].includes('		A revisar	Texto visível diretamente na tela	1	Propor aqui; desenvolvimento valida as partes dinâmicas antes de aplicar		hac.modules.tab.order.html.text.1.3df6f1dd	txt.6f531db0f681	src/plugin/modules/tab-order.js	268	html
759	Ordem de tabulação	Texto da interface	${s.includes('		A revisar	Texto visível diretamente na tela	1	Propor aqui; desenvolvimento valida as partes dinâmicas antes de aplicar		hac.modules.tab.order.li.text.1.5ccce0d3	txt.b1d7b857b58a	src/plugin/modules/tab-order.js	269	li
760	Ordem de tabulação	Texto da interface	a11y-instruction-modal-title-text		A revisar	Texto montado dinamicamente pela interface	1	Propor aqui; desenvolvimento aplica no banco textual/código		hac.modules.tab.order.title.l285c10.1312e3b5	txt.62eedde4a36c	src/plugin/modules/tab-order.js	285	title
761	Ordem de tabulação	Texto da interface	a11y-instruction-modal-instructions-heading		A revisar	Texto montado dinamicamente pela interface	1	Propor aqui; desenvolvimento aplica no banco textual/código		hac.modules.tab.order.instructionsheading.l287c24.1bcbcafd	txt.cb829d6cfa30	src/plugin/modules/tab-order.js	287	instructionsHeading
762	Ordem de tabulação	Texto da interface	a11y-instruction-modal-instructions-body		A revisar	Texto montado dinamicamente pela interface	1	Propor aqui; desenvolvimento aplica no banco textual/código		hac.modules.tab.order.instructionsbody.l288c21.833d230c	txt.6f32566db39e	src/plugin/modules/tab-order.js	288	instructionsBody
763	Ordem de tabulação	Texto da interface	a11y-instruction-modal-steps-heading		A revisar	Texto montado dinamicamente pela interface	1	Propor aqui; desenvolvimento aplica no banco textual/código		hac.modules.tab.order.stepsheading.l289c17.98e61407	txt.0be1d473f4a8	src/plugin/modules/tab-order.js	289	stepsHeading
764	Ordem de tabulação	Texto da interface	Entendi, começar seleção		A revisar	Texto montado dinamicamente pela interface	4	Propor aqui; desenvolvimento aplica no banco textual/código		hac.modules.tab.order.opena11yinstructionmanually.textcontent.l317c46.ee045438	txt.438f5ae0e533	src/plugin/modules/tab-order.js	317	openA11yInstructionManually > textContent
765	Ordem de tabulação	Texto da interface	[data-tab-order-add-item-label]		A revisar	Texto montado dinamicamente pela interface	3	Propor aqui; desenvolvimento aplica no banco textual/código		hac.modules.tab.order.starttaborderadditemwait.label.l659c41.65bc1fd3	txt.bb18c408f37b	src/plugin/modules/tab-order.js	659	startTabOrderAddItemWait > label
766	Ordem de tabulação	Texto da interface	Concluir seleção		A revisar	Texto montado dinamicamente pela interface	5	Propor aqui; desenvolvimento aplica no banco textual/código		hac.modules.tab.order.starttaborderadditemwait.textcontent.l662c34.350b4bc6	txt.391f2e4bd258	src/plugin/modules/tab-order.js	662	startTabOrderAddItemWait > textContent
767	Ordem de tabulação	Texto da interface	[data-tab-order-add-item-label]		A revisar	Texto montado dinamicamente pela interface	3	Propor aqui; desenvolvimento aplica no banco textual/código		hac.modules.tab.order.taborderresetadditembutton.label.l681c41.da758456	txt.bb18c408f37b	src/plugin/modules/tab-order.js	681	_tabOrderResetAddItemButton > label
768	Ordem de tabulação	Texto da interface	Adicionar item		A revisar	Texto montado dinamicamente pela interface	2	Propor aqui; desenvolvimento aplica no banco textual/código		hac.modules.tab.order.taborderresetadditembutton.textcontent.l682c34.23231a2a	txt.7e1d0b3dc865	src/plugin/modules/tab-order.js	682	_tabOrderResetAddItemButton > textContent
769	Ordem de tabulação	Texto da interface	[data-tab-order-add-item-label]		A revisar	Texto montado dinamicamente pela interface	3	Propor aqui; desenvolvimento aplica no banco textual/código		hac.modules.tab.order.handletaborderaccumulatedcountchanged.label.l716c43.2ffc9e7b	txt.bb18c408f37b	src/plugin/modules/tab-order.js	716	handleTabOrderAccumulatedCountChanged > label
770	Ordem de tabulação	Texto da interface	a11y-tab-order-pending-empty		A revisar	Texto montado dinamicamente pela interface	1	Propor aqui; desenvolvimento aplica no banco textual/código		hac.modules.tab.order.rendertaborderpendinglist.emptyel.l813c43.20e2bbd8	txt.a295a6f33b81	src/plugin/modules/tab-order.js	813	_renderTabOrderPendingList > emptyEl
771	Ordem de tabulação	Texto da interface	Arrastar para reordenar		A revisar	Ajuda exibida ao passar o cursor	4	Propor aqui; desenvolvimento aplica no banco textual/código		hac.modules.tab.order.span.1.title.52874548	txt.551fecef4579	src/plugin/modules/tab-order.js	832	span.1
772	Ordem de tabulação	Texto da interface	${it.drawFailed ? '		A revisar	Texto visível diretamente na tela	1	Propor aqui; desenvolvimento valida as partes dinâmicas antes de aplicar		hac.modules.tab.order.html.text.1.f229009f	txt.06dce34c4858	src/plugin/modules/tab-order.js	836	html
773	Ordem de tabulação	Texto da interface	Selo não desenhado		A revisar	Ajuda exibida ao passar o cursor	1	Propor aqui; desenvolvimento aplica no banco textual/código		hac.modules.tab.order.i.2.title.cf72b9a7	txt.e5e3160e78e5	src/plugin/modules/tab-order.js	837	i.2
774	Ordem de tabulação	Texto da interface	Remover da lista		A revisar	Ajuda exibida ao passar o cursor	6	Propor aqui; desenvolvimento aplica no banco textual/código		hac.modules.tab.order.button.1.title.e10c433c	txt.4558a56ede30	src/plugin/modules/tab-order.js	838	button.1
775	Ordem de tabulação	Texto da interface	Desenhando ${i + 1} de ${list.length}...		A revisar	Texto montado dinamicamente pela interface	2	Propor aqui; desenvolvimento valida as partes dinâmicas antes de aplicar		hac.modules.tab.order.applytabordertocanvas.textcontent.l1114c42.2601f4c5	txt.97a8b7432bd3	src/plugin/modules/tab-order.js	1114	applyTabOrderToCanvas > textContent
776	Ordem de tabulação	Texto da interface	a11y-post-area-loading-text		A revisar	Texto montado dinamicamente pela interface	4	Propor aqui; desenvolvimento aplica no banco textual/código		hac.modules.tab.order.loadingtext.l1116c51.b3d5ad7e	txt.bb59cd7d4842	src/plugin/modules/tab-order.js	1116	loadingText
777	Ordem de tabulação	Texto da interface	Desenhando ${i + 1} de ${list.length}...		A revisar	Texto montado dinamicamente pela interface	2	Propor aqui; desenvolvimento valida as partes dinâmicas antes de aplicar		hac.modules.tab.order.applytabordertocanvas.textcontent.l1117c50.f322fe04	txt.97a8b7432bd3	src/plugin/modules/tab-order.js	1117	applyTabOrderToCanvas > textContent
778	Ordem de tabulação	Texto da interface	Criar ordem de tabulação		A revisar	Texto montado dinamicamente pela interface	3	Propor aqui; desenvolvimento aplica no banco textual/código		hac.modules.tab.order.applytabordertocanvas.textcontent.l1130c71.33fa92eb	txt.8ee77246e09e	src/plugin/modules/tab-order.js	1130	applyTabOrderToCanvas > textContent
779	Ordem de tabulação	Texto da interface	${readOnly ? '' : `		A revisar	Texto visível diretamente na tela	1	Propor aqui; desenvolvimento valida as partes dinâmicas antes de aplicar		hac.modules.tab.order.li.text.1.f2f4060b	txt.21c4e1c641f2	src/plugin/modules/tab-order.js	1382	li
780	Ordem de tabulação	Texto da interface	Arrastar para reordenar		A revisar	Ajuda exibida ao passar o cursor	4	Propor aqui; desenvolvimento aplica no banco textual/código		hac.modules.tab.order.span.1.title.4c479803	txt.551fecef4579	src/plugin/modules/tab-order.js	1383	span.1
781	Ordem de tabulação	Texto da interface	Focar no canvas		A revisar	Ajuda exibida ao passar o cursor	8	Propor aqui; desenvolvimento aplica no banco textual/código		hac.modules.tab.order.button.1.title.0fcbf5df	txt.08f002c56c5f	src/plugin/modules/tab-order.js	1388	button.1
782	Ordem de tabulação	Texto da interface	Remover da ordem de tabulação		A revisar	Ajuda exibida ao passar o cursor	2	Propor aqui; desenvolvimento aplica no banco textual/código		hac.modules.tab.order.button.2.title.e4699733	txt.1e5dc8148ae0	src/plugin/modules/tab-order.js	1393	button.2
783	Ordem de tabulação	Texto da interface	en		A revisar	Texto montado dinamicamente pela interface	2	Propor aqui; desenvolvimento aplica no banco textual/código		hac.modules.tab.order.tabordernarrationphrase.labels.l1528c27.5e5eeead	txt.094b0fe0e302	src/plugin/modules/tab-order.js	1528	_tabOrderNarrationPhrase > labels
784	Acessibilidade	Nome ou instrução de acessibilidade	Nome Acessível		A revisar	Texto montado dinamicamente pela interface	11	Propor aqui; desenvolvimento aplica no banco textual/código		hac.modules.accessibility.nomeacessivel.l502c18.b681a053	txt.73731b9780ed	src/plugin/modules/accessibility.js	502	nomeAcessivel
785	Acessibilidade	Nome ou instrução de acessibilidade	Verificar especificação, precisa de revisão		A revisar	Nome anunciado por tecnologia assistiva	1	Propor aqui; desenvolvimento aplica no banco textual/código		hac.modules.accessibility.button.1.aria.label.1d47e234	txt.b721675ebeb7	src/plugin/modules/accessibility.js	4042	button.1
786	Acessibilidade	Nome ou instrução de acessibilidade	Focar no elemento no canvas		A revisar	Nome anunciado por tecnologia assistiva	2	Propor aqui; desenvolvimento aplica no banco textual/código		hac.modules.accessibility.button.2.aria.label.dc256f7f	txt.d9ccd1b3adc7	src/plugin/modules/accessibility.js	4049	button.2
787	Acessibilidade	Nome ou instrução de acessibilidade	${isHidden ? 'Mostrar' : 'Ocultar'} no canvas		A revisar	Nome anunciado por tecnologia assistiva	2	Propor aqui; desenvolvimento valida as partes dinâmicas antes de aplicar		hac.modules.accessibility.button.3.aria.label.0ec7faf7	txt.a2642cd684be	src/plugin/modules/accessibility.js	4054	button.3
788	Acessibilidade	Nome ou instrução de acessibilidade	Editar especificação de acessibilidade		A revisar	Nome anunciado por tecnologia assistiva	1	Propor aqui; desenvolvimento aplica no banco textual/código		hac.modules.accessibility.button.5.aria.label.12a4fd8b	txt.922e633ddec4	src/plugin/modules/accessibility.js	4064	button.5
789	Acessibilidade	Nome ou instrução de acessibilidade	Remover especificação de acessibilidade		A revisar	Nome anunciado por tecnologia assistiva	1	Propor aqui; desenvolvimento aplica no banco textual/código		hac.modules.accessibility.button.6.aria.label.5346ba1a	txt.1a07342f611c	src/plugin/modules/accessibility.js	4069	button.6
790	Acessibilidade	Nome ou instrução de acessibilidade	Focar no canvas		A revisar	Nome anunciado por tecnologia assistiva	8	Propor aqui; desenvolvimento aplica no banco textual/código		hac.modules.accessibility.button.1.aria.label.906d2a3c	txt.08f002c56c5f	src/plugin/modules/accessibility.js	4265	button.1
791	Acessibilidade	Nome ou instrução de acessibilidade	Criar especificação de acessibilidade para ${escapeHtml(name)}		A revisar	Nome anunciado por tecnologia assistiva	1	Propor aqui; desenvolvimento valida as partes dinâmicas antes de aplicar		hac.modules.accessibility.button.2.aria.label.9b391d9b	txt.db357bcdc139	src/plugin/modules/accessibility.js	4270	button.2
792	Acessibilidade	Nome ou instrução de acessibilidade	Instruções sobre esta documentação		A revisar	Nome anunciado por tecnologia assistiva	6	Propor aqui; desenvolvimento aplica no banco textual/código		hac.modules.accessibility.button.1.aria.label.b768890b	txt.31e194f20825	src/plugin/modules/accessibility.js	4353	button.1
793	Acessibilidade	Nome ou instrução de acessibilidade	Apagar toda a ordem de tabulação desta tela		A revisar	Nome anunciado por tecnologia assistiva	1	Propor aqui; desenvolvimento aplica no banco textual/código		hac.modules.accessibility.button.3.aria.label.5eba0d97	txt.d403f07bac51	src/plugin/modules/accessibility.js	4392	button.3
794	Acessibilidade	Nome ou instrução de acessibilidade	Idioma da narração		A revisar	Nome anunciado por tecnologia assistiva	2	Propor aqui; desenvolvimento aplica no banco textual/código		hac.modules.accessibility.tab.order.narration.lang.uid.aria.label.e3356496	txt.bd23d9ab6e8e	src/plugin/modules/accessibility.js	4441	tab-order-narration-lang-${uid}
795	Acessibilidade	Nome ou instrução de acessibilidade	Velocidade da narração		A revisar	Nome anunciado por tecnologia assistiva	2	Propor aqui; desenvolvimento aplica no banco textual/código		hac.modules.accessibility.tab.order.narration.rate.uid.aria.label.e718b180	txt.87a372254e20	src/plugin/modules/accessibility.js	4451	tab-order-narration-rate-${uid}
796	Acessibilidade	Nome ou instrução de acessibilidade	Instruções sobre esta documentação		A revisar	Nome anunciado por tecnologia assistiva	6	Propor aqui; desenvolvimento aplica no banco textual/código		hac.modules.accessibility.button.1.aria.label.bc2e615f	txt.31e194f20825	src/plugin/modules/accessibility.js	4526	button.1
797	Acessibilidade	Nome ou instrução de acessibilidade	Remover trilha de swipe desta tela		A revisar	Nome anunciado por tecnologia assistiva	2	Propor aqui; desenvolvimento aplica no banco textual/código		hac.modules.accessibility.button.2.aria.label.3ddc730a	txt.d374aa9bdbf5	src/plugin/modules/accessibility.js	4547	button.2
798	Acessibilidade	Nome ou instrução de acessibilidade	Instruções sobre esta documentação		A revisar	Nome anunciado por tecnologia assistiva	6	Propor aqui; desenvolvimento aplica no banco textual/código		hac.modules.accessibility.button.2.aria.label.65d75149	txt.31e194f20825	src/plugin/modules/accessibility.js	4729	button.2
799	Acessibilidade	Nome ou instrução de acessibilidade	Excluir todas as especificações de Leitor de Tela desta tela		A revisar	Nome anunciado por tecnologia assistiva	2	Propor aqui; desenvolvimento aplica no banco textual/código		hac.modules.accessibility.button.4.aria.label.941f3fd0	txt.60482d72f132	src/plugin/modules/accessibility.js	4744	button.4
800	Acessibilidade	Nome ou instrução de acessibilidade	Ver handoff no canvas		A revisar	Nome anunciado por tecnologia assistiva	2	Propor aqui; desenvolvimento aplica no banco textual/código		hac.modules.accessibility.button.2.aria.label.02954f90	txt.7b2d52da2b8b	src/plugin/modules/accessibility.js	4837	button.2
801	Acessibilidade	Nome ou instrução de acessibilidade	Mais ações desta tela		A revisar	Nome anunciado por tecnologia assistiva	1	Propor aqui; desenvolvimento aplica no banco textual/código		hac.modules.accessibility.button.1.aria.label.5cf6d6f2	txt.61f690b26308	src/plugin/modules/accessibility.js	5059	button.1
802	Acessibilidade	Nome ou instrução de acessibilidade	Dispensar		A revisar	Nome anunciado por tecnologia assistiva	2	Propor aqui; desenvolvimento aplica no banco textual/código		hac.modules.accessibility.button.2.aria.label.649159e0	txt.c235c76b5ba9	src/plugin/modules/accessibility.js	6088	button.2
803	Acessibilidade	Nome ou instrução de acessibilidade	Focar no canvas		A revisar	Nome anunciado por tecnologia assistiva	8	Propor aqui; desenvolvimento aplica no banco textual/código		hac.modules.accessibility.button.1.aria.label.0f6b2cff	txt.08f002c56c5f	src/plugin/modules/accessibility.js	6798	button.1
804	Especificações	Nome ou instrução de acessibilidade	Voltar para a página inicial		A revisar	Nome anunciado por tecnologia assistiva	1	Propor aqui; desenvolvimento aplica no banco textual/código		hac.views.specifications.button.1.aria.label.9c3934e8	txt.99fe52168ad5	src/plugin/views/specifications.html	21	button.1
805	Especificações	Nome ou instrução de acessibilidade	Mais ações		A revisar	Nome anunciado por tecnologia assistiva	5	Propor aqui; desenvolvimento aplica no banco textual/código		hac.views.specifications.btn.a11y.more.actions.aria.label.c5cf5517	txt.36b6b95cf4a9	src/plugin/views/specifications.html	30	btn-a11y-more-actions
806	Especificações	Nome ou instrução de acessibilidade	Selecionar tela		A revisar	Nome anunciado por tecnologia assistiva	9	Propor aqui; desenvolvimento aplica no banco textual/código		hac.views.specifications.btn.a11y.select.screen.header.aria.label.08c246dd	txt.26edd591c064	src/plugin/views/specifications.html	46	btn-a11y-select-screen-header
807	Especificações	Nome ou instrução de acessibilidade	Voltar para a lista de telas		A revisar	Nome anunciado por tecnologia assistiva	1	Propor aqui; desenvolvimento aplica no banco textual/código		hac.views.specifications.button.6.aria.label.e100a653	txt.3cfe63338f14	src/plugin/views/specifications.html	150	button.6
808	Especificações	Nome ou instrução de acessibilidade	Mais ações		A revisar	Nome anunciado por tecnologia assistiva	5	Propor aqui; desenvolvimento aplica no banco textual/código		hac.views.specifications.btn.a11y.workspace.more.actions.aria.label.e16044a8	txt.36b6b95cf4a9	src/plugin/views/specifications.html	159	btn-a11y-workspace-more-actions
809	Estrutura global	Nome ou instrução de acessibilidade	Sobre o hac — versão, vertical responsável e desenvolvimento		A revisar	Nome anunciado por tecnologia assistiva	1	Propor aqui; desenvolvimento aplica no banco textual/código		hac.build.button.1.aria.label.8a422fef	txt.ad35136fe670	src/plugin/build.cjs	120	button.1
810	Estrutura global	Nome ou instrução de acessibilidade	Diminuir escala da interface		A revisar	Nome anunciado por tecnologia assistiva	1	Propor aqui; desenvolvimento aplica no banco textual/código		hac.build.btn.zoom.out.aria.label.4b5164b5	txt.6fb03c575258	src/plugin/build.cjs	143	btn-zoom-out
811	Estrutura global	Nome ou instrução de acessibilidade	Aumentar escala da interface		A revisar	Nome anunciado por tecnologia assistiva	1	Propor aqui; desenvolvimento aplica no banco textual/código		hac.build.btn.zoom.in.aria.label.a05c0d99	txt.52e2e6732ef1	src/plugin/build.cjs	147	btn-zoom-in
812	Estrutura global	Nome ou instrução de acessibilidade	Alternar tema claro/escuro		A revisar	Nome anunciado por tecnologia assistiva	1	Propor aqui; desenvolvimento aplica no banco textual/código		hac.build.button.4.aria.label.51c7e6c7	txt.c2e425566dfc	src/plugin/build.cjs	151	button.4
813	Estrutura global	Nome ou instrução de acessibilidade	Minimizar plugin		A revisar	Nome anunciado por tecnologia assistiva	1	Propor aqui; desenvolvimento aplica no banco textual/código		hac.build.btn.collapse.aria.label.438fabfe	txt.60311e5bf8b1	src/plugin/build.cjs	156	btn-collapse
814	Estrutura global	Nome ou instrução de acessibilidade	Salvar, exportar ou importar documentação		A revisar	Nome anunciado por tecnologia assistiva	1	Propor aqui; desenvolvimento aplica no banco textual/código		hac.build.btn.hac.backup.menu.aria.label.15c5ed33	txt.179ba70c27ad	src/plugin/build.cjs	167	btn-hac-backup-menu
815	Estrutura global	Nome ou instrução de acessibilidade	Recolher instruções		A revisar	Nome anunciado por tecnologia assistiva	2	Propor aqui; desenvolvimento aplica no banco textual/código		hac.build.a11y.capture.mini.bar.help.aria.label.358ff68f	txt.009c9ba7c1b4	src/plugin/build.cjs	251	a11y-capture-mini-bar-help
816	Estrutura global	Nome ou instrução de acessibilidade	Cancelar seleção e descartar o que foi marcado		A revisar	Nome anunciado por tecnologia assistiva	1	Propor aqui; desenvolvimento aplica no banco textual/código		hac.build.a11y.capture.mini.bar.cancel.aria.label.aff4c0d5	txt.760c51af8203	src/plugin/build.cjs	256	a11y-capture-mini-bar-cancel
817	Estrutura global	Nome ou instrução de acessibilidade	Concluir seleção e revisar a lista		A revisar	Nome anunciado por tecnologia assistiva	1	Propor aqui; desenvolvimento aplica no banco textual/código		hac.build.a11y.capture.mini.bar.finish.aria.label.126a4d5c	txt.b409511cac32	src/plugin/build.cjs	261	a11y-capture-mini-bar-finish
818	Estrutura global	Nome ou instrução de acessibilidade	Voltar ao topo		A revisar	Nome anunciado por tecnologia assistiva	2	Propor aqui; desenvolvimento aplica no banco textual/código		hac.build.btn.top.aria.label.3ea8c743	txt.38e998c3a17b	src/plugin/build.cjs	303	btn-top
819	Estrutura global	Nome ou instrução de acessibilidade	aria-label		A revisar	Texto montado dinamicamente pela interface	4	Propor aqui; desenvolvimento aplica no banco textual/código		hac.modules.core.a11ycapturebarsynctooltips.setattribute.l637c26.ee23de3f	txt.c399d0d9385c	src/plugin/modules/core.js	637	_a11yCaptureBarSyncTooltips > setAttribute
820	Estrutura global	Nome ou instrução de acessibilidade	aria-label		A revisar	Texto montado dinamicamente pela interface	4	Propor aqui; desenvolvimento aplica no banco textual/código		hac.modules.core.a11ycapturebarsynctooltips.setattribute.l641c41.70c70b73	txt.c399d0d9385c	src/plugin/modules/core.js	641	_a11yCaptureBarSyncTooltips > setAttribute
821	Estrutura global	Nome ou instrução de acessibilidade	Cancelar seleção e descartar os ${noun} marcados		A revisar	Texto montado dinamicamente pela interface	1	Propor aqui; desenvolvimento valida as partes dinâmicas antes de aplicar		hac.modules.core.a11ycapturebarsynctooltips.setattribute.l641c55.ab1d6b3a	txt.b56eaf12fe48	src/plugin/modules/core.js	641	_a11yCaptureBarSyncTooltips > setAttribute
822	Estrutura global	Nome ou instrução de acessibilidade	aria-label		A revisar	Texto montado dinamicamente pela interface	4	Propor aqui; desenvolvimento aplica no banco textual/código		hac.modules.core.a11ycapturebarsynctooltips.setattribute.l644c41.f33b26d1	txt.c399d0d9385c	src/plugin/modules/core.js	644	_a11yCaptureBarSyncTooltips > setAttribute
823	Estrutura global	Nome ou instrução de acessibilidade	Concluir seleção e revisar os ${noun}		A revisar	Texto montado dinamicamente pela interface	1	Propor aqui; desenvolvimento valida as partes dinâmicas antes de aplicar		hac.modules.core.a11ycapturebarsynctooltips.setattribute.l644c55.08bd540e	txt.49cba01f182f	src/plugin/modules/core.js	644	_a11yCaptureBarSyncTooltips > setAttribute
824	Estrutura global	Nome ou instrução de acessibilidade	aria-label		A revisar	Texto montado dinamicamente pela interface	4	Propor aqui; desenvolvimento aplica no banco textual/código		hac.modules.core.showsnackbar.setattribute.l815c25.a0f2d317	txt.c399d0d9385c	src/plugin/modules/core.js	815	showSnackbar > setAttribute
825	Estrutura global	Nome ou instrução de acessibilidade	Fechar aviso		A revisar	Texto montado dinamicamente pela interface	1	Propor aqui; desenvolvimento aplica no banco textual/código		hac.modules.core.showsnackbar.setattribute.l815c39.fa4e039a	txt.19d59e0cfdf4	src/plugin/modules/core.js	815	showSnackbar > setAttribute
826	Modais	Nome ou instrução de acessibilidade	Fechar		A revisar	Nome anunciado por tecnologia assistiva	26	Propor aqui; desenvolvimento aplica no banco textual/código		hac.views.modals.button.1.aria.label.7b0b4349	txt.5749fbf846d2	src/plugin/views/modals.html	16	button.1
827	Modais	Nome ou instrução de acessibilidade	Alterar categoria		A revisar	Nome anunciado por tecnologia assistiva	2	Propor aqui; desenvolvimento aplica no banco textual/código		hac.views.modals.a11y.modal.category.edit.btn.aria.label.a7c0fc11	txt.df5448e93321	src/plugin/views/modals.html	115	a11y-modal-category-edit-btn
828	Modais	Nome ou instrução de acessibilidade	Localizar no canvas		A revisar	Nome anunciado por tecnologia assistiva	2	Propor aqui; desenvolvimento aplica no banco textual/código		hac.views.modals.btn.a11y.wizard.focus.aria.label.93381f4d	txt.a4641c2370b3	src/plugin/views/modals.html	128	btn-a11y-wizard-focus
829	Modais	Nome ou instrução de acessibilidade	Fechar		A revisar	Nome anunciado por tecnologia assistiva	26	Propor aqui; desenvolvimento aplica no banco textual/código		hac.views.modals.button.8.aria.label.342980f3	txt.5749fbf846d2	src/plugin/views/modals.html	132	button.8
830	Modais	Nome ou instrução de acessibilidade	Item anterior		A revisar	Nome anunciado por tecnologia assistiva	2	Propor aqui; desenvolvimento aplica no banco textual/código		hac.views.modals.btn.a11y.wizard.prev.aria.label.09b9fb5f	txt.c1125e0b9ccd	src/plugin/views/modals.html	144	btn-a11y-wizard-prev
831	Modais	Nome ou instrução de acessibilidade	Ir para o item número		A revisar	Nome anunciado por tecnologia assistiva	1	Propor aqui; desenvolvimento aplica no banco textual/código		hac.views.modals.a11y.wizard.index.input.aria.label.af1967cb	txt.811b0fbab025	src/plugin/views/modals.html	151	a11y-wizard-index-input
832	Modais	Nome ou instrução de acessibilidade	Próximo item		A revisar	Nome anunciado por tecnologia assistiva	2	Propor aqui; desenvolvimento aplica no banco textual/código		hac.views.modals.btn.a11y.wizard.next.aria.label.12bb5de2	txt.438d4cbf1cfa	src/plugin/views/modals.html	155	btn-a11y-wizard-next
833	Modais	Nome ou instrução de acessibilidade	Fechar		A revisar	Nome anunciado por tecnologia assistiva	26	Propor aqui; desenvolvimento aplica no banco textual/código		hac.views.modals.button.15.aria.label.72327e85	txt.5749fbf846d2	src/plugin/views/modals.html	689	button.15
834	Modais	Nome ou instrução de acessibilidade	Puxar nome do elemento selecionado no canvas		A revisar	Nome anunciado por tecnologia assistiva	2	Propor aqui; desenvolvimento aplica no banco textual/código		hac.views.modals.button.16.aria.label.80342f13	txt.91a96bcd00db	src/plugin/views/modals.html	708	button.16
835	Modais	Nome ou instrução de acessibilidade	Fechar		A revisar	Nome anunciado por tecnologia assistiva	26	Propor aqui; desenvolvimento aplica no banco textual/código		hac.views.modals.button.21.aria.label.f6c15244	txt.5749fbf846d2	src/plugin/views/modals.html	815	button.21
836	Modais	Nome ou instrução de acessibilidade	Fechar		A revisar	Nome anunciado por tecnologia assistiva	26	Propor aqui; desenvolvimento aplica no banco textual/código		hac.views.modals.button.24.aria.label.ea59f7fd	txt.5749fbf846d2	src/plugin/views/modals.html	856	button.24
837	Modais	Nome ou instrução de acessibilidade	Fechar		A revisar	Nome anunciado por tecnologia assistiva	26	Propor aqui; desenvolvimento aplica no banco textual/código		hac.views.modals.button.26.aria.label.bc1dcef5	txt.5749fbf846d2	src/plugin/views/modals.html	891	button.26
838	Modais	Nome ou instrução de acessibilidade	Fechar		A revisar	Nome anunciado por tecnologia assistiva	26	Propor aqui; desenvolvimento aplica no banco textual/código		hac.views.modals.button.31.aria.label.0df0ab0b	txt.5749fbf846d2	src/plugin/views/modals.html	970	button.31
839	Modais	Nome ou instrução de acessibilidade	Fechar		A revisar	Nome anunciado por tecnologia assistiva	26	Propor aqui; desenvolvimento aplica no banco textual/código		hac.views.modals.button.34.aria.label.a9ad319a	txt.5749fbf846d2	src/plugin/views/modals.html	1052	button.34
840	Modais	Nome ou instrução de acessibilidade	Cancelar		A revisar	Nome anunciado por tecnologia assistiva	15	Propor aqui; desenvolvimento aplica no banco textual/código		hac.views.modals.button.36.aria.label.448b610b	txt.62b1466cf22e	src/plugin/views/modals.html	1092	button.36
841	Modais	Nome ou instrução de acessibilidade	Cancelar		A revisar	Nome anunciado por tecnologia assistiva	15	Propor aqui; desenvolvimento aplica no banco textual/código		hac.views.modals.button.40.aria.label.0c9cf4ff	txt.62b1466cf22e	src/plugin/views/modals.html	1152	button.40
842	Modais	Nome ou instrução de acessibilidade	Reescanear esta tela		A revisar	Nome anunciado por tecnologia assistiva	2	Propor aqui; desenvolvimento aplica no banco textual/código		hac.views.modals.btn.a11y.batch.rescan.aria.label.b5ed5e51	txt.1a979c88db7b	src/plugin/views/modals.html	1204	btn-a11y-batch-rescan
843	Modais	Nome ou instrução de acessibilidade	Fechar		A revisar	Nome anunciado por tecnologia assistiva	26	Propor aqui; desenvolvimento aplica no banco textual/código		hac.views.modals.button.45.aria.label.34e1b7e6	txt.5749fbf846d2	src/plugin/views/modals.html	1208	button.45
844	Modais	Nome ou instrução de acessibilidade	Fechar		A revisar	Nome anunciado por tecnologia assistiva	26	Propor aqui; desenvolvimento aplica no banco textual/código		hac.views.modals.button.49.aria.label.69a44020	txt.5749fbf846d2	src/plugin/views/modals.html	1304	button.49
845	Modais	Nome ou instrução de acessibilidade	Fechar		A revisar	Nome anunciado por tecnologia assistiva	26	Propor aqui; desenvolvimento aplica no banco textual/código		hac.views.modals.button.53.aria.label.ca922bb8	txt.5749fbf846d2	src/plugin/views/modals.html	1485	button.53
846	Modais	Nome ou instrução de acessibilidade	Fechar		A revisar	Nome anunciado por tecnologia assistiva	26	Propor aqui; desenvolvimento aplica no banco textual/código		hac.views.modals.button.54.aria.label.48f05019	txt.5749fbf846d2	src/plugin/views/modals.html	1507	button.54
847	Modais	Nome ou instrução de acessibilidade	Fechar		A revisar	Nome anunciado por tecnologia assistiva	26	Propor aqui; desenvolvimento aplica no banco textual/código		hac.views.modals.button.59.aria.label.cc65a7f9	txt.5749fbf846d2	src/plugin/views/modals.html	1582	button.59
848	Ordem de leitura / Swipe	Nome ou instrução de acessibilidade	Remover da lista		A revisar	Nome anunciado por tecnologia assistiva	6	Propor aqui; desenvolvimento aplica no banco textual/código		hac.modules.swipe.path.button.1.aria.label.bcba3cce	txt.4558a56ede30	src/plugin/modules/swipe-path.js	527	button.1
849	Ordem de leitura / Swipe	Nome ou instrução de acessibilidade	Remover da lista		A revisar	Nome anunciado por tecnologia assistiva	6	Propor aqui; desenvolvimento aplica no banco textual/código		hac.modules.swipe.path.button.1.aria.label.9fde5ff0	txt.4558a56ede30	src/plugin/modules/swipe-path.js	579	button.1
850	Ordem de tabulação	Nome ou instrução de acessibilidade	Remover da lista		A revisar	Nome anunciado por tecnologia assistiva	6	Propor aqui; desenvolvimento aplica no banco textual/código		hac.modules.tab.order.button.1.aria.label.fc137b05	txt.4558a56ede30	src/plugin/modules/tab-order.js	838	button.1
851	Ordem de tabulação	Nome ou instrução de acessibilidade	Focar no canvas		A revisar	Nome anunciado por tecnologia assistiva	8	Propor aqui; desenvolvimento aplica no banco textual/código		hac.modules.tab.order.button.1.aria.label.62b877af	txt.08f002c56c5f	src/plugin/modules/tab-order.js	1388	button.1
852	Ordem de tabulação	Nome ou instrução de acessibilidade	Remover da ordem de tabulação		A revisar	Nome anunciado por tecnologia assistiva	2	Propor aqui; desenvolvimento aplica no banco textual/código		hac.modules.tab.order.button.2.aria.label.b4a77666	txt.1e5dc8148ae0	src/plugin/modules/tab-order.js	1393	button.2
853	Acessibilidade	Mensagem de retorno do sistema	Tag inválida. Use o formato 1, 2, 1.1, 1.2...		A revisar	Retorno apresentado após uma ação	1	Propor aqui; desenvolvimento aplica no banco textual/código		hac.modules.accessibility.finisha11yspecconfirm.showtoast.l3593c17.001effed	txt.c3d07a1813c2	src/plugin/modules/accessibility.js	3593	_finishA11ySpecConfirm > showToast
854	Acessibilidade	Mensagem de retorno do sistema	Informe o Label (accessibilityLabel) do elemento.		A revisar	Retorno apresentado após uma ação	1	Propor aqui; desenvolvimento aplica no banco textual/código		hac.modules.accessibility.finisha11yspecconfirm.showtoast.l3628c17.c923ab4e	txt.20a37bd92383	src/plugin/modules/accessibility.js	3628	_finishA11ySpecConfirm > showToast
855	Acessibilidade	Mensagem de retorno do sistema	Tag inválida. Use o formato A, B, A1, A1.1...		A revisar	Retorno apresentado após uma ação	1	Propor aqui; desenvolvimento aplica no banco textual/código		hac.modules.accessibility.finisha11yspecconfirm.showtoast.l3666c17.341bcc3f	txt.7ba2aef9729b	src/plugin/modules/accessibility.js	3666	_finishA11ySpecConfirm > showToast
856	Acessibilidade	Mensagem de retorno do sistema	Criando especificação de acessibilidade…		A revisar	Retorno apresentado após uma ação	1	Propor aqui; desenvolvimento aplica no banco textual/código		hac.modules.accessibility.finisha11yspecconfirm.showtoast.l3765c34.73c2c169	txt.0a352d953821	src/plugin/modules/accessibility.js	3765	_finishA11ySpecConfirm > showToast
857	Acessibilidade	Mensagem de retorno do sistema	Item já documentado nesta tela, pulado automaticamente.		A revisar	Retorno apresentado após uma ação	1	Propor aqui; desenvolvimento aplica no banco textual/código		hac.modules.accessibility.finisha11yspecconfirm.showtoast.l3934c17.652cbda3	txt.a75dca77fc12	src/plugin/modules/accessibility.js	3934	_finishA11ySpecConfirm > showToast
858	Acessibilidade	Mensagem de retorno do sistema	Não foi possível criar esta especificação. Item pulado.		A revisar	Retorno apresentado após uma ação	1	Propor aqui; desenvolvimento aplica no banco textual/código		hac.modules.accessibility.then.l3949c22.9207a96a	txt.eec8bd257e04	src/plugin/modules/accessibility.js	3949	then
859	Acessibilidade	Mensagem de retorno do sistema	As especificações de acessibilidade nascem dentro de uma tela selecionada.		A revisar	Retorno apresentado após uma ação	1	Propor aqui; desenvolvimento aplica no banco textual/código		hac.modules.accessibility.rendera11ygroupedlist.showtoast.l5223c15.98b4730a	txt.af2620e466bc	src/plugin/modules/accessibility.js	5223	renderA11yGroupedList > showToast
860	Acessibilidade	Mensagem de retorno do sistema	Plataforma do projeto definida como ${origin === 'mobile' ? 'Mobile' : 'Web'}.		A revisar	Retorno apresentado após uma ação	1	Propor aqui; desenvolvimento valida as partes dinâmicas antes de aplicar		hac.modules.accessibility.seta11yprojectorigin.showtoast.l5406c15.9540a3b7	txt.2f54cceef493	src/plugin/modules/accessibility.js	5406	setA11yProjectOrigin > showToast
861	Acessibilidade	Mensagem de retorno do sistema	Não foi possível localizar a tela.		A revisar	Retorno apresentado após uma ação	1	Propor aqui; desenvolvimento aplica no banco textual/código		hac.modules.accessibility.starta11ymappingfromleitortab.showtoast.l6116c15.e787f0f1	txt.4fc25daaaec8	src/plugin/modules/accessibility.js	6116	_startA11yMappingFromLeitorTab > showToast
862	Acessibilidade	Mensagem de retorno do sistema	Tela reescaneada.		A revisar	Retorno apresentado após uma ação	1	Propor aqui; desenvolvimento aplica no banco textual/código		hac.modules.accessibility.handlea11ypostareadetectionresult.showtoast.l6471c15.eaa4a1d8	txt.a04cc253d578	src/plugin/modules/accessibility.js	6471	handleA11yPostAreaDetectionResult > showToast
863	Acessibilidade	Mensagem de retorno do sistema	Nenhum componente do DSC reconhecido nessa tela. Anote manualmente.		A revisar	Retorno apresentado após uma ação	1	Propor aqui; desenvolvimento aplica no banco textual/código		hac.modules.accessibility.handlea11ypostareadetectionresult.showtoast.l6525c15.120822a4	txt.19a7050a99b1	src/plugin/modules/accessibility.js	6525	handleA11yPostAreaDetectionResult > showToast
864	Acessibilidade	Mensagem de retorno do sistema	Não foi possível identificar a tela para reescanear. Selecione novamente.		A revisar	Retorno apresentado após uma ação	1	Propor aqui; desenvolvimento aplica no banco textual/código		hac.modules.accessibility.rescana11ybatcharea.showtoast.l6604c15.d4df7fa1	txt.71863bb39e12	src/plugin/modules/accessibility.js	6604	rescanA11yBatchArea > showToast
865	Acessibilidade	Mensagem de retorno do sistema	Selecione uma tela antes de gerar o handoff automatizado.		A revisar	Retorno apresentado após uma ação	1	Propor aqui; desenvolvimento aplica no banco textual/código		hac.modules.accessibility.opena11ybatchsummarymodal.showtoast.l6660c15.28d701c2	txt.10d672ccca84	src/plugin/modules/accessibility.js	6660	openA11yBatchSummaryModal > showToast
866	Acessibilidade	Mensagem de retorno do sistema	Selecione a tela de destino.		A revisar	Retorno apresentado após uma ação	1	Propor aqui; desenvolvimento aplica no banco textual/código		hac.modules.accessibility.starta11ybatchwizard.showtoast.l6956c15.d679637e	txt.2fbd106d9402	src/plugin/modules/accessibility.js	6956	startA11yBatchWizard > showToast
867	Acessibilidade	Mensagem de retorno do sistema	${confirmedCount} especifica${confirmedCount === 1 ? 'ção criada' : 'ções criadas'}.		A revisar	Retorno apresentado após uma ação	1	Propor aqui; desenvolvimento valida as partes dinâmicas antes de aplicar		hac.modules.accessibility.advancea11ybatchwizard.showtoast.l7055c17.8839a9dc	txt.6a7de5459497	src/plugin/modules/accessibility.js	7055	_advanceA11yBatchWizard > showToast
868	Acessibilidade	Mensagem de retorno do sistema	Revisão concluída: ${discardedCount} ${discardedCount === 1 ? 'item' : 'itens'} descartado${discardedCount === 1 ? '' : 's'}, nenhuma especificação criada.		A revisar	Retorno apresentado após uma ação	1	Propor aqui; desenvolvimento valida as partes dinâmicas antes de aplicar		hac.modules.accessibility.advancea11ybatchwizard.showtoast.l7057c17.aad27aef	txt.187f4eab64a2	src/plugin/modules/accessibility.js	7057	_advanceA11yBatchWizard > showToast
869	Acessibilidade	Mensagem de retorno do sistema	${confirmedCount} especifica${confirmedCount === 1 ? 'ção criada' : 'ções criadas'}, ${discardedCount} descartado${discardedCount === 1 ? '' : 's'}.		A revisar	Retorno apresentado após uma ação	1	Propor aqui; desenvolvimento valida as partes dinâmicas antes de aplicar		hac.modules.accessibility.advancea11ybatchwizard.showtoast.l7059c17.f1ed28bc	txt.0aac6bf95cc8	src/plugin/modules/accessibility.js	7059	_advanceA11yBatchWizard > showToast
870	Acessibilidade	Mensagem de retorno do sistema	Revisão interrompida: ${confirmedCount} especifica${confirmedCount === 1 ? 'ção criada' : 'ções criadas'}, ${remaining} ${remaining === 1 ? 'item' : 'itens'} de volta pra "Não Documentados".		A revisar	Retorno apresentado após uma ação	2	Propor aqui; desenvolvimento valida as partes dinâmicas antes de aplicar		hac.modules.accessibility.stopa11ybatchwizard.showtoast.l7297c15.c9de65fe	txt.7fd457b3db86	src/plugin/modules/accessibility.js	7297	stopA11yBatchWizard > showToast
871	Acessibilidade	Mensagem de retorno do sistema	Revisão interrompida: ${remaining} ${remaining === 1 ? 'item' : 'itens'} continua${remaining === 1 ? '' : 'm'} em "Não Documentados".		A revisar	Retorno apresentado após uma ação	2	Propor aqui; desenvolvimento valida as partes dinâmicas antes de aplicar		hac.modules.accessibility.stopa11ybatchwizard.showtoast.l7299c15.d6640626	txt.9e8758b1eff3	src/plugin/modules/accessibility.js	7299	stopA11yBatchWizard > showToast
872	Acessibilidade	Mensagem de retorno do sistema	Não foi possível localizar a tela para retomar. Reescaneie manualmente.		A revisar	Retorno apresentado após uma ação	1	Propor aqui; desenvolvimento aplica no banco textual/código		hac.modules.accessibility.resumea11ybatchwizardforarea.showtoast.l7314c15.faf61100	txt.1f005422ec3d	src/plugin/modules/accessibility.js	7314	_resumeA11yBatchWizardForArea > showToast
873	Acessibilidade	Mensagem de retorno do sistema	Especificações de Leitor de Tela removidas.		A revisar	Retorno apresentado após uma ação	1	Propor aqui; desenvolvimento aplica no banco textual/código		hac.modules.accessibility.deletealla11yspecsforarea.showtoast.l7374c13.f4b2bd06	txt.3cebd82dfed2	src/plugin/modules/accessibility.js	7374	deleteAllA11ySpecsForArea > showToast
874	Acessibilidade	Mensagem de retorno do sistema	Especificação travada novamente.		A revisar	Retorno apresentado após uma ação	1	Propor aqui; desenvolvimento aplica no banco textual/código		hac.modules.accessibility.togglea11yspeclock.showtoast.l7442c7.7a9617ad	txt.15ff7df00fa6	src/plugin/modules/accessibility.js	7442	toggleA11ySpecLock > showToast
875	Acessibilidade	Mensagem de retorno do sistema	Especificação destravada. Edite com cuidado e trave novamente ao concluir.		A revisar	Retorno apresentado após uma ação	1	Propor aqui; desenvolvimento aplica no banco textual/código		hac.modules.accessibility.togglea11yspeclock.showtoast.l7443c7.e14d96d8	txt.e4a2890befdd	src/plugin/modules/accessibility.js	7443	toggleA11ySpecLock > showToast
876	Acessibilidade	Mensagem de retorno do sistema	Esta categoria foi descontinuada. Remova a especificação e crie-a de novo em outra categoria.		A revisar	Retorno apresentado após uma ação	1	Propor aqui; desenvolvimento aplica no banco textual/código		hac.modules.accessibility.edita11yspec.showtoast.l7458c15.256ac9a2	txt.dd633aa50f70	src/plugin/modules/accessibility.js	7458	editA11ySpec > showToast
877	Acessibilidade	Mensagem de retorno do sistema	Selecione um elemento no canvas antes de atualizar o nome.		A revisar	Retorno apresentado após uma ação	1	Propor aqui; desenvolvimento aplica no banco textual/código		hac.modules.accessibility.then.l7678c17.23c16a3f	txt.7c6a740ba399	src/plugin/modules/accessibility.js	7678	then
878	Acessibilidade	Mensagem de retorno do sistema	Informe o rótulo da tela.		A revisar	Retorno apresentado após uma ação	1	Propor aqui; desenvolvimento aplica no banco textual/código		hac.modules.accessibility.confirma11yarea.showtoast.l7717c15.1cf240f4	txt.b53478fafb05	src/plugin/modules/accessibility.js	7717	confirmA11yArea > showToast
879	Acessibilidade	Mensagem de retorno do sistema	Selecione um elemento no canvas antes de selecionar a tela.		A revisar	Retorno apresentado após uma ação	1	Propor aqui; desenvolvimento aplica no banco textual/código		hac.modules.accessibility.then.l7728c17.3a3b7955	txt.b1b1e56d54d9	src/plugin/modules/accessibility.js	7728	then
880	Canvas / backend Figma	Mensagem de retorno do sistema	Erro ao limpar cache		A revisar	Retorno apresentado após uma ação	1	Propor aqui; desenvolvimento aplica no banco textual/código		hac.backend.onmessage.notify.l597c20.8309396b	txt.3a586309b53a	src/plugin/backend/onmessage.js	597	notify
881	Canvas / backend Figma	Mensagem de retorno do sistema	Erro ao limpar o handoff do canvas		A revisar	Retorno apresentado após uma ação	1	Propor aqui; desenvolvimento aplica no banco textual/código		hac.backend.onmessage.notify.l664c20.9cd19b82	txt.e301da989ee1	src/plugin/backend/onmessage.js	664	notify
882	Canvas / backend Figma	Mensagem de retorno do sistema	Item excluído com sucesso		A revisar	Retorno apresentado após uma ação	1	Propor aqui; desenvolvimento aplica no banco textual/código		hac.backend.onmessage.notify.l829c20.be8b78b6	txt.22a478191caf	src/plugin/backend/onmessage.js	829	notify
883	Canvas / backend Figma	Mensagem de retorno do sistema	Elemento não encontrado no canvas — selecione novamente.		A revisar	Retorno apresentado após uma ação	1	Propor aqui; desenvolvimento aplica no banco textual/código		hac.backend.onmessage.notify.l931c22.f4653f2c	txt.64ecc9abbdf8	src/plugin/backend/onmessage.js	931	notify
884	Canvas / backend Figma	Mensagem de retorno do sistema	Selecione um elemento do seu design, não uma estrutura criada pelo hac.		A revisar	Retorno apresentado após uma ação	1	Propor aqui; desenvolvimento aplica no banco textual/código		hac.backend.onmessage.notify.l938c22.415b0e62	txt.5bf67520a658	src/plugin/backend/onmessage.js	938	notify
885	Canvas / backend Figma	Mensagem de retorno do sistema	Área marcada.		A revisar	Retorno apresentado após uma ação	1	Propor aqui; desenvolvimento aplica no banco textual/código		hac.backend.onmessage.notify.l1069c11.194bb5b8	txt.e7b678eb1edb	src/plugin/backend/onmessage.js	1069	notify
886	Canvas / backend Figma	Mensagem de retorno do sistema	Área marcada — não foi possível usar o selo real da lib "Design Acessível" (modo simplificado).		A revisar	Retorno apresentado após uma ação	1	Propor aqui; desenvolvimento aplica no banco textual/código		hac.backend.onmessage.notify.l1070c11.2eb09ef2	txt.986ef4d5db09	src/plugin/backend/onmessage.js	1070	notify
887	Canvas / backend Figma	Mensagem de retorno do sistema	Conector atualizado.		A revisar	Retorno apresentado após uma ação	1	Propor aqui; desenvolvimento aplica no banco textual/código		hac.backend.onmessage.notify.l1230c11.bc95cf2d	txt.362c93d91536	src/plugin/backend/onmessage.js	1230	notify
888	Canvas / backend Figma	Mensagem de retorno do sistema	Conector atualizado — não foi possível usar o selo real da lib "Design Acessível" (modo simplificado).		A revisar	Retorno apresentado após uma ação	1	Propor aqui; desenvolvimento aplica no banco textual/código		hac.backend.onmessage.notify.l1231c11.f7b14942	txt.c81a3befb704	src/plugin/backend/onmessage.js	1231	notify
889	Canvas / backend Figma	Mensagem de retorno do sistema	Selecione um elemento no canvas.		A revisar	Retorno apresentado após uma ação	1	Propor aqui; desenvolvimento aplica no banco textual/código		hac.backend.onmessage.notify.l1304c24.fb8c1eb9	txt.49bfb53c31dd	src/plugin/backend/onmessage.js	1304	notify
890	Canvas / backend Figma	Mensagem de retorno do sistema	Não foi possível criar a especificação de acessibilidade. (		A revisar	Retorno apresentado após uma ação	1	Propor aqui; desenvolvimento aplica no banco textual/código		hac.backend.onmessage.notify.l1418c22.bf3e8a1d	txt.ce006fe5658c	src/plugin/backend/onmessage.js	1418	notify
891	Canvas / backend Figma	Mensagem de retorno do sistema	A spec não pôde ser encaixada na réplica desta tela e ficou solta na Section — reabra a tela no plugin e crie a spec de novo.		A revisar	Retorno apresentado após uma ação	1	Propor aqui; desenvolvimento aplica no banco textual/código		hac.backend.onmessage.notify.l2303c24.41dbc80d	txt.d18887b9ba08	src/plugin/backend/onmessage.js	2303	notify
892	Canvas / backend Figma	Mensagem de retorno do sistema	Especificação criada sem o marcador visual (contorno/conector) — não foi possível importá-lo (${_markerImportFailReason}). Revise o destaque manualmente.		A revisar	Retorno apresentado após uma ação	1	Propor aqui; desenvolvimento valida as partes dinâmicas antes de aplicar		hac.backend.onmessage.notify.l2380c22.86ba7745	txt.17dd115f7ec7	src/plugin/backend/onmessage.js	2380	notify
893	Canvas / backend Figma	Mensagem de retorno do sistema	Arraste para posicionar.		A revisar	Retorno apresentado após uma ação	1	Propor aqui; desenvolvimento aplica no banco textual/código		hac.backend.onmessage.notify.l2382c47.037a9438	txt.658ac050cc39	src/plugin/backend/onmessage.js	2382	notify
894	Canvas / backend Figma	Mensagem de retorno do sistema	Especificação de acessibilidade criada.		A revisar	Retorno apresentado após uma ação	1	Propor aqui; desenvolvimento aplica no banco textual/código		hac.backend.onmessage.notify.l2384c22.d132ee0e	txt.f31dd83c8b83	src/plugin/backend/onmessage.js	2384	notify
895	Canvas / backend Figma	Mensagem de retorno do sistema	Não foi possível criar a especificação: ${(e && e.message) || 'erro desconhecido'}		A revisar	Retorno apresentado após uma ação	1	Propor aqui; desenvolvimento valida as partes dinâmicas antes de aplicar		hac.backend.onmessage.notify.l2396c20.2a736cf0	txt.2f90338e91e4	src/plugin/backend/onmessage.js	2396	notify
896	Canvas / backend Figma	Mensagem de retorno do sistema	Tela não encontrada no canvas — selecione novamente.		A revisar	Retorno apresentado após uma ação	4	Propor aqui; desenvolvimento aplica no banco textual/código		hac.backend.onmessage.notify.l2449c22.63ee6600	txt.22469d6a9547	src/plugin/backend/onmessage.js	2449	notify
897	Canvas / backend Figma	Mensagem de retorno do sistema	Este elemento não pode ser copiado — selecione a tela sobre um frame/grupo.		A revisar	Retorno apresentado após uma ação	4	Propor aqui; desenvolvimento aplica no banco textual/código		hac.backend.onmessage.notify.l2454c22.7330ef0d	txt.d8cd6d6ab93c	src/plugin/backend/onmessage.js	2454	notify
898	Canvas / backend Figma	Mensagem de retorno do sistema	Não foi possível importar o selo real da lib "Design Acessível" — um marcador provisório foi desenhado no lugar dele.		A revisar	Retorno apresentado após uma ação	1	Propor aqui; desenvolvimento aplica no banco textual/código		hac.backend.onmessage.createtaborderbadge.notify.l2588c26.3bc9e8bb	txt.22338945423c	src/plugin/backend/onmessage.js	2588	_createTabOrderBadge > notify
899	Canvas / backend Figma	Mensagem de retorno do sistema	Não foi possível encaixar o selo na cópia da Ordem de Tabulação (		A revisar	Retorno apresentado após uma ação	1	Propor aqui; desenvolvimento aplica no banco textual/código		hac.backend.onmessage.notify.l2720c22.11d669bc	txt.401c51d8d96c	src/plugin/backend/onmessage.js	2720	notify
900	Canvas / backend Figma	Mensagem de retorno do sistema	) — ele foi colocado direto no grupo da tela.		A revisar	Retorno apresentado após uma ação	1	Propor aqui; desenvolvimento aplica no banco textual/código		hac.backend.onmessage.notify.l2720c102.112d96a0	txt.1c45320efc20	src/plugin/backend/onmessage.js	2720	notify
901	Canvas / backend Figma	Mensagem de retorno do sistema	Tela não encontrada no canvas — selecione novamente.		A revisar	Retorno apresentado após uma ação	4	Propor aqui; desenvolvimento aplica no banco textual/código		hac.backend.onmessage.notify.l2809c24.c5c83525	txt.22469d6a9547	src/plugin/backend/onmessage.js	2809	notify
902	Canvas / backend Figma	Mensagem de retorno do sistema	Este elemento não pode ser copiado — selecione a tela sobre um frame/grupo.		A revisar	Retorno apresentado após uma ação	4	Propor aqui; desenvolvimento aplica no banco textual/código		hac.backend.onmessage.notify.l2814c24.36095d6d	txt.d8cd6d6ab93c	src/plugin/backend/onmessage.js	2814	notify
903	Canvas / backend Figma	Mensagem de retorno do sistema	${items.length} elemento${items.length === 1 ? '' : 's'} encontrado${items.length === 1 ? '' : 's'} — revise no modal antes de aplicar.		A revisar	Retorno apresentado após uma ação	2	Propor aqui; desenvolvimento valida as partes dinâmicas antes de aplicar		hac.backend.onmessage.notify.l2884c22.643053c2	txt.458f92eeb4f0	src/plugin/backend/onmessage.js	2884	notify
904	Canvas / backend Figma	Mensagem de retorno do sistema	Não foi possível varrer a tela automaticamente — tente novamente.		A revisar	Retorno apresentado após uma ação	2	Propor aqui; desenvolvimento aplica no banco textual/código		hac.backend.onmessage.notify.l2887c22.324884a6	txt.b091d0be17ac	src/plugin/backend/onmessage.js	2887	notify
905	Canvas / backend Figma	Mensagem de retorno do sistema	Tela não encontrada no canvas — selecione novamente.		A revisar	Retorno apresentado após uma ação	4	Propor aqui; desenvolvimento aplica no banco textual/código		hac.backend.onmessage.notify.l2930c24.24bafb00	txt.22469d6a9547	src/plugin/backend/onmessage.js	2930	notify
906	Canvas / backend Figma	Mensagem de retorno do sistema	Este elemento não pode ser copiado — selecione a tela sobre um frame/grupo.		A revisar	Retorno apresentado após uma ação	4	Propor aqui; desenvolvimento aplica no banco textual/código		hac.backend.onmessage.notify.l2935c24.6a486279	txt.d8cd6d6ab93c	src/plugin/backend/onmessage.js	2935	notify
907	Canvas / backend Figma	Mensagem de retorno do sistema	${items.length} elemento${items.length === 1 ? '' : 's'} encontrado${items.length === 1 ? '' : 's'} — revise no modal antes de aplicar.		A revisar	Retorno apresentado após uma ação	2	Propor aqui; desenvolvimento valida as partes dinâmicas antes de aplicar		hac.backend.onmessage.notify.l3013c22.18d1909c	txt.458f92eeb4f0	src/plugin/backend/onmessage.js	3013	notify
908	Canvas / backend Figma	Mensagem de retorno do sistema	Não foi possível varrer a tela automaticamente — tente novamente.		A revisar	Retorno apresentado após uma ação	2	Propor aqui; desenvolvimento aplica no banco textual/código		hac.backend.onmessage.notify.l3016c22.9bdc735e	txt.b091d0be17ac	src/plugin/backend/onmessage.js	3016	notify
909	Canvas / backend Figma	Mensagem de retorno do sistema	Tela não encontrada no canvas — selecione novamente.		A revisar	Retorno apresentado após uma ação	4	Propor aqui; desenvolvimento aplica no banco textual/código		hac.backend.onmessage.notify.l3476c22.a90229cc	txt.22469d6a9547	src/plugin/backend/onmessage.js	3476	notify
910	Canvas / backend Figma	Mensagem de retorno do sistema	Este elemento não pode ser copiado — selecione a tela sobre um frame/grupo.		A revisar	Retorno apresentado após uma ação	4	Propor aqui; desenvolvimento aplica no banco textual/código		hac.backend.onmessage.notify.l3481c22.ea4e2e77	txt.d8cd6d6ab93c	src/plugin/backend/onmessage.js	3481	notify
911	Canvas / backend Figma	Mensagem de retorno do sistema	Não foi possível encaixar a trilha na cópia de Swipe — ela foi colocada direto no grupo da tela.		A revisar	Retorno apresentado após uma ação	1	Propor aqui; desenvolvimento aplica no banco textual/código		hac.backend.onmessage.notify.l4172c26.7a05d9f1	txt.857ae348ec93	src/plugin/backend/onmessage.js	4172	notify
912	Canvas / backend Figma	Mensagem de retorno do sistema	Grupo da área não organizado:		A revisar	Retorno apresentado após uma ação	1	Propor aqui; desenvolvimento aplica no banco textual/código		hac.backend.onmessage.notify.l4859c28.7f94bdca	txt.ba882ea162c5	src/plugin/backend/onmessage.js	4859	notify
913	Canvas / backend Figma	Mensagem de retorno do sistema	Falha ao organizar a réplica no bloco:		A revisar	Retorno apresentado após uma ação	1	Propor aqui; desenvolvimento aplica no banco textual/código		hac.backend.onmessage.notify.l4958c30.719368eb	txt.6b7c240815e3	src/plugin/backend/onmessage.js	4958	notify
914	Canvas / backend Figma	Mensagem de retorno do sistema	Instruções não inseridas:		A revisar	Retorno apresentado após uma ação	1	Propor aqui; desenvolvimento aplica no banco textual/código		hac.backend.onmessage.notify.l4984c26.7273c944	txt.70e01d332dee	src/plugin/backend/onmessage.js	4984	notify
915	Estrutura global	Mensagem de retorno do sistema	Não foi possível gerar o arquivo.		A revisar	Retorno apresentado após uma ação	1	Propor aqui; desenvolvimento aplica no banco textual/código		hac.modules.core.downloadfile.showtoast.l206c15.0feeed69	txt.d0bd6bce6c7e	src/plugin/modules/core.js	206	_downloadFile > showToast
916	Estrutura global	Mensagem de retorno do sistema	error		A revisar	Retorno apresentado após uma ação	17	Propor aqui; desenvolvimento aplica no banco textual/código		hac.modules.core.downloadfile.showtoast.l206c52.65aefa1d	txt.11f9578d05e6	src/plugin/modules/core.js	206	_downloadFile > showToast
917	Estrutura global	Mensagem de retorno do sistema	Backup baixado.		A revisar	Retorno apresentado após uma ação	1	Propor aqui; desenvolvimento aplica no banco textual/código		hac.modules.core.exporthacbackupjson.showtoast.l272c23.219cac53	txt.7714bde30157	src/plugin/modules/core.js	272	exportHacBackupJson > showToast
918	Estrutura global	Mensagem de retorno do sistema	success		A revisar	Retorno apresentado após uma ação	4	Propor aqui; desenvolvimento aplica no banco textual/código		hac.modules.core.exporthacbackupjson.showtoast.l272c42.91900de4	txt.53a5687cb26d	src/plugin/modules/core.js	272	exportHacBackupJson > showToast
919	Estrutura global	Mensagem de retorno do sistema	Não foi possível gerar o backup.		A revisar	Retorno apresentado após uma ação	1	Propor aqui; desenvolvimento aplica no banco textual/código		hac.modules.core.exporthacbackupjson.showtoast.l275c15.0154035d	txt.6bc06031c5de	src/plugin/modules/core.js	275	exportHacBackupJson > showToast
920	Estrutura global	Mensagem de retorno do sistema	error		A revisar	Retorno apresentado após uma ação	17	Propor aqui; desenvolvimento aplica no banco textual/código		hac.modules.core.exporthacbackupjson.showtoast.l275c51.fe6546b5	txt.11f9578d05e6	src/plugin/modules/core.js	275	exportHacBackupJson > showToast
921	Estrutura global	Mensagem de retorno do sistema	Documento exportado.		A revisar	Retorno apresentado após uma ação	1	Propor aqui; desenvolvimento aplica no banco textual/código		hac.modules.core.exporthachandoffdoc.showtoast.l341c23.a0a3a016	txt.2a5796b9006e	src/plugin/modules/core.js	341	exportHacHandoffDoc > showToast
922	Estrutura global	Mensagem de retorno do sistema	success		A revisar	Retorno apresentado após uma ação	4	Propor aqui; desenvolvimento aplica no banco textual/código		hac.modules.core.exporthachandoffdoc.showtoast.l341c47.3bdc8c55	txt.53a5687cb26d	src/plugin/modules/core.js	341	exportHacHandoffDoc > showToast
923	Estrutura global	Mensagem de retorno do sistema	Não foi possível gerar o documento.		A revisar	Retorno apresentado após uma ação	1	Propor aqui; desenvolvimento aplica no banco textual/código		hac.modules.core.exporthachandoffdoc.showtoast.l344c15.141a9ccd	txt.dca0f349f2d1	src/plugin/modules/core.js	344	exportHacHandoffDoc > showToast
924	Estrutura global	Mensagem de retorno do sistema	error		A revisar	Retorno apresentado após uma ação	17	Propor aqui; desenvolvimento aplica no banco textual/código		hac.modules.core.exporthachandoffdoc.showtoast.l344c54.57a03f14	txt.11f9578d05e6	src/plugin/modules/core.js	344	exportHacHandoffDoc > showToast
925	Estrutura global	Mensagem de retorno do sistema	Arquivo inválido — não é um JSON válido.		A revisar	Retorno apresentado após uma ação	1	Propor aqui; desenvolvimento aplica no banco textual/código		hac.modules.core.showtoast.l367c17.f9d02c54	txt.a078ccf0cbf2	src/plugin/modules/core.js	367	showToast
926	Estrutura global	Mensagem de retorno do sistema	error		A revisar	Retorno apresentado após uma ação	17	Propor aqui; desenvolvimento aplica no banco textual/código		hac.modules.core.showtoast.l367c61.1ee68515	txt.11f9578d05e6	src/plugin/modules/core.js	367	showToast
927	Estrutura global	Mensagem de retorno do sistema	Arquivo inválido — não parece um backup do hac.		A revisar	Retorno apresentado após uma ação	1	Propor aqui; desenvolvimento aplica no banco textual/código		hac.modules.core.showtoast.l374c17.3fa0b010	txt.4e0969b509ed	src/plugin/modules/core.js	374	showToast
928	Estrutura global	Mensagem de retorno do sistema	error		A revisar	Retorno apresentado após uma ação	17	Propor aqui; desenvolvimento aplica no banco textual/código		hac.modules.core.showtoast.l374c68.6398709a	txt.11f9578d05e6	src/plugin/modules/core.js	374	showToast
929	Estrutura global	Mensagem de retorno do sistema	Este backup foi gerado em outro arquivo Figma.		A revisar	Retorno apresentado após uma ação	1	Propor aqui; desenvolvimento aplica no banco textual/código		hac.modules.core.alert.l396c9.7726b5a4	txt.6c3fce2be6af	src/plugin/modules/core.js	396	alert
930	Estrutura global	Mensagem de retorno do sistema	Restaurar aqui não é possível: as telas e specs documentadas apontam para elementos que só existem no arquivo de origem, então a documentação restaurada não corresponderia a nada no canvas deste arquivo.		A revisar	Retorno apresentado após uma ação	1	Propor aqui; desenvolvimento aplica no banco textual/código		hac.modules.core.alert.l397c9.dd6346ba	txt.2b3b008c53ac	src/plugin/modules/core.js	397	alert
931	Estrutura global	Mensagem de retorno do sistema	Abra o arquivo original para restaurar este backup.		A revisar	Retorno apresentado após uma ação	1	Propor aqui; desenvolvimento aplica no banco textual/código		hac.modules.core.alert.l398c9.a22b4d0c	txt.2ca846cc2794	src/plugin/modules/core.js	398	alert
932	Estrutura global	Mensagem de retorno do sistema	Backup restaurado — ${nAreas} tela(s).		A revisar	Retorno apresentado após uma ação	1	Propor aqui; desenvolvimento valida as partes dinâmicas antes de aplicar		hac.modules.core.showtoast.l419c17.4b6b07c2	txt.391b21496f79	src/plugin/modules/core.js	419	showToast
933	Estrutura global	Mensagem de retorno do sistema	success		A revisar	Retorno apresentado após uma ação	4	Propor aqui; desenvolvimento aplica no banco textual/código		hac.modules.core.showtoast.l419c59.90315eb8	txt.53a5687cb26d	src/plugin/modules/core.js	419	showToast
934	Estrutura global	Mensagem de retorno do sistema	Não foi possível restaurar o backup.		A revisar	Retorno apresentado após uma ação	1	Propor aqui; desenvolvimento aplica no banco textual/código		hac.modules.core.showtoast.l422c17.640297ac	txt.d4baae140b13	src/plugin/modules/core.js	422	showToast
935	Estrutura global	Mensagem de retorno do sistema	error		A revisar	Retorno apresentado após uma ação	17	Propor aqui; desenvolvimento aplica no banco textual/código		hac.modules.core.showtoast.l422c57.1ecfea4c	txt.11f9578d05e6	src/plugin/modules/core.js	422	showToast
936	Estrutura global	Mensagem de retorno do sistema	Não foi possível ler o arquivo.		A revisar	Retorno apresentado após uma ação	1	Propor aqui; desenvolvimento aplica no banco textual/código		hac.modules.core.handlehacbackupfilechosen.showtoast.l425c36.b6fa0417	txt.a42e120580c3	src/plugin/modules/core.js	425	_handleHacBackupFileChosen > showToast
937	Estrutura global	Mensagem de retorno do sistema	error		A revisar	Retorno apresentado após uma ação	17	Propor aqui; desenvolvimento aplica no banco textual/código		hac.modules.core.handlehacbackupfilechosen.showtoast.l425c71.beba5178	txt.11f9578d05e6	src/plugin/modules/core.js	425	_handleHacBackupFileChosen > showToast
938	Estrutura global	Mensagem de retorno do sistema	Salvo automaticamente		A revisar	Retorno apresentado após uma ação	1	Propor aqui; desenvolvimento aplica no banco textual/código		hac.modules.core.toastsaved.showtoast.l432c13.b2a908c6	txt.2c47230ca8e8	src/plugin/modules/core.js	432	_toastSaved > showToast
939	Estrutura global	Mensagem de retorno do sistema	success		A revisar	Retorno apresentado após uma ação	4	Propor aqui; desenvolvimento aplica no banco textual/código		hac.modules.core.toastsaved.showtoast.l432c38.1108fd8c	txt.53a5687cb26d	src/plugin/modules/core.js	432	_toastSaved > showToast
940	Estrutura global	Mensagem de retorno do sistema	Escala da UI: ${Math.round(next * 100)}%		A revisar	Retorno apresentado após uma ação	1	Propor aqui; desenvolvimento valida as partes dinâmicas antes de aplicar		hac.modules.core.zoomin.showtoast.l1237c13.3ad83306	txt.f1523e7c326d	src/plugin/modules/core.js	1237	zoomIn > showToast
941	Estrutura global	Mensagem de retorno do sistema	Escala da UI: ${Math.round(prev * 100)}%		A revisar	Retorno apresentado após uma ação	1	Propor aqui; desenvolvimento valida as partes dinâmicas antes de aplicar		hac.modules.core.zoomout.showtoast.l1245c13.4a67aa9e	txt.a6cf88fe26a9	src/plugin/modules/core.js	1245	zoomOut > showToast
942	Ficha de handoff	Mensagem de retorno do sistema	Consolidando Handoff de Acessibilidade…		A revisar	Retorno apresentado após uma ação	1	Propor aqui; desenvolvimento aplica no banco textual/código		hac.modules.handoff.ficha.fichainsertsection.showtoast.l280c13.c0a7331b	txt.a024a5bce260	src/plugin/modules/handoff-ficha.js	280	_fichaInsertSection > showToast
943	Ficha de handoff	Mensagem de retorno do sistema	Réplica de trabalho pronta. Edite e clique em "Atualizar Handoff" quando terminar.		A revisar	Retorno apresentado após uma ação	1	Propor aqui; desenvolvimento aplica no banco textual/código		hac.modules.handoff.ficha.fichahandlesectioneditready.showtoast.l324c13.794f3a44	txt.6cc3fd604475	src/plugin/modules/handoff-ficha.js	324	_fichaHandleSectionEditReady > showToast
944	Ficha de handoff	Mensagem de retorno do sistema	Não foi possível preparar a edição desta seção.		A revisar	Retorno apresentado após uma ação	1	Propor aqui; desenvolvimento aplica no banco textual/código		hac.modules.handoff.ficha.fichahandlesectioneditfailed.showtoast.l332c46.52755a95	txt.d4a05307e9d1	src/plugin/modules/handoff-ficha.js	332	_fichaHandleSectionEditFailed > showToast
945	Ficha de handoff	Mensagem de retorno do sistema	error		A revisar	Retorno apresentado após uma ação	17	Propor aqui; desenvolvimento aplica no banco textual/código		hac.modules.handoff.ficha.fichahandlesectioneditfailed.showtoast.l332c97.f2d318b8	txt.11f9578d05e6	src/plugin/modules/handoff-ficha.js	332	_fichaHandleSectionEditFailed > showToast
946	Ficha de handoff	Mensagem de retorno do sistema	Handoff de Acessibilidade atualizado.		A revisar	Retorno apresentado após uma ação	1	Propor aqui; desenvolvimento aplica no banco textual/código		hac.modules.handoff.ficha.fichahandlesectioninserted.showtoast.l374c13.07dac24c	txt.90b42f3e8b94	src/plugin/modules/handoff-ficha.js	374	_fichaHandleSectionInserted > showToast
947	Ficha de handoff	Mensagem de retorno do sistema	Não foi possível atualizar o Handoff de Acessibilidade.		A revisar	Retorno apresentado após uma ação	1	Propor aqui; desenvolvimento aplica no banco textual/código		hac.modules.handoff.ficha.fichahandlesectioninsertfailed.showtoast.l404c46.772bf7a4	txt.6453e4426024	src/plugin/modules/handoff-ficha.js	404	_fichaHandleSectionInsertFailed > showToast
948	Ficha de handoff	Mensagem de retorno do sistema	error		A revisar	Retorno apresentado após uma ação	17	Propor aqui; desenvolvimento aplica no banco textual/código		hac.modules.handoff.ficha.fichahandlesectioninsertfailed.showtoast.l404c105.2299018e	txt.11f9578d05e6	src/plugin/modules/handoff-ficha.js	404	_fichaHandleSectionInsertFailed > showToast
949	Ficha de handoff	Mensagem de retorno do sistema	O Handoff de Acessibilidade desta tela não foi encontrado no canvas, talvez tenha sido apagado. Insira uma seção novamente para recriá-lo.		A revisar	Retorno apresentado após uma ação	1	Propor aqui; desenvolvimento aplica no banco textual/código		hac.modules.handoff.ficha.fichahandlenodenotfound.showtoast.l435c13.aa142d64	txt.dae188c647a8	src/plugin/modules/handoff-ficha.js	435	_fichaHandleNodeNotFound > showToast
950	Ficha de handoff	Mensagem de retorno do sistema	error		A revisar	Retorno apresentado após uma ação	17	Propor aqui; desenvolvimento aplica no banco textual/código		hac.modules.handoff.ficha.fichahandlenodenotfound.showtoast.l435c155.2fd65241	txt.11f9578d05e6	src/plugin/modules/handoff-ficha.js	435	_fichaHandleNodeNotFound > showToast
951	Ficha de handoff	Mensagem de retorno do sistema	O Handoff de Acessibilidade já está atualizado.		A revisar	Retorno apresentado após uma ação	1	Propor aqui; desenvolvimento aplica no banco textual/código		hac.modules.handoff.ficha.fichageneratecompletehandoff.showtoast.l801c15.a76ee3e2	txt.d863e718d64d	src/plugin/modules/handoff-ficha.js	801	_fichaGenerateCompleteHandoff > showToast
952	Mensagens da interface	Mensagem de retorno do sistema	Cache limpo. Plugin reiniciado.		A revisar	Retorno apresentado após uma ação	1	Propor aqui; desenvolvimento aplica no banco textual/código		hac.modules.messages.showtoast.l215c19.a6b8f3ba	txt.ff9f11ee0da5	src/plugin/modules/messages.js	215	showToast
953	Mensagens da interface	Mensagem de retorno do sistema	Cache limpo, mas não foi possível identificar seu usuário — os itens no canvas não foram removidos.		A revisar	Retorno apresentado após uma ação	1	Propor aqui; desenvolvimento aplica no banco textual/código		hac.modules.messages.showtoast.l248c21.e03ac7a8	txt.ee9def5f4e7e	src/plugin/modules/messages.js	248	showToast
954	Mensagens da interface	Mensagem de retorno do sistema	Handoff removido do canvas e cache limpo. Plugin reiniciado.		A revisar	Retorno apresentado após uma ação	1	Propor aqui; desenvolvimento aplica no banco textual/código		hac.modules.messages.showtoast.l250c21.6bc69575	txt.a3254bc61998	src/plugin/modules/messages.js	250	showToast
955	Mensagens da interface	Mensagem de retorno do sistema	Cache limpo. Nenhum item seu foi encontrado no canvas.		A revisar	Retorno apresentado após uma ação	1	Propor aqui; desenvolvimento aplica no banco textual/código		hac.modules.messages.showtoast.l252c21.c612ac94	txt.1b3358609221	src/plugin/modules/messages.js	252	showToast
956	Mensagens da interface	Mensagem de retorno do sistema	Especificação criada e posicionada, travada por padrão. Use o cadeado pra ajustar.		A revisar	Retorno apresentado após uma ação	1	Propor aqui; desenvolvimento aplica no banco textual/código		hac.modules.messages.showtoast.l337c19.0f01b875	txt.bfbb654abb01	src/plugin/modules/messages.js	337	showToast
957	Mensagens da interface	Mensagem de retorno do sistema	Não foi possível atualizar o conector.		A revisar	Retorno apresentado após uma ação	1	Propor aqui; desenvolvimento aplica no banco textual/código		hac.modules.messages.showtoast.l407c70.ac42ae7c	txt.4bd3d26624ed	src/plugin/modules/messages.js	407	showToast
958	Mensagens da interface	Mensagem de retorno do sistema	error		A revisar	Retorno apresentado após uma ação	17	Propor aqui; desenvolvimento aplica no banco textual/código		hac.modules.messages.showtoast.l407c112.313a2ff7	txt.11f9578d05e6	src/plugin/modules/messages.js	407	showToast
959	Mensagens da interface	Mensagem de retorno do sistema	Handoff finalizado: v${msg.version}.		A revisar	Retorno apresentado após uma ação	1	Propor aqui; desenvolvimento valida as partes dinâmicas antes de aplicar		hac.modules.messages.showtoast.l648c21.c5f00396	txt.c580df9d834b	src/plugin/modules/messages.js	648	showToast
960	Ordem de leitura / Swipe	Mensagem de retorno do sistema	Não foi possível criar a cópia de trabalho. Tente novamente.		A revisar	Retorno apresentado após uma ação	2	Propor aqui; desenvolvimento aplica no banco textual/código		hac.modules.swipe.path.handleswipepathcopystarted.showtoast.l26c17.193a562a	txt.f85f13e52a84	src/plugin/modules/swipe-path.js	26	handleSwipePathCopyStarted > showToast
961	Ordem de leitura / Swipe	Mensagem de retorno do sistema	error		A revisar	Retorno apresentado após uma ação	17	Propor aqui; desenvolvimento aplica no banco textual/código		hac.modules.swipe.path.handleswipepathcopystarted.showtoast.l26c81.55cbf1cd	txt.11f9578d05e6	src/plugin/modules/swipe-path.js	26	handleSwipePathCopyStarted > showToast
962	Ordem de leitura / Swipe	Mensagem de retorno do sistema	Cópia da tela criada. Siga as instruções acima e clique nos pontos dela (segure shift, ou use marquise, pra marcar vários de uma vez).		A revisar	Retorno apresentado após uma ação	1	Propor aqui; desenvolvimento aplica no banco textual/código		hac.modules.swipe.path.handleswipepathcopystarted.showtoast.l30c15.fc7c030e	txt.460cd16f54e1	src/plugin/modules/swipe-path.js	30	handleSwipePathCopyStarted > showToast
963	Ordem de leitura / Swipe	Mensagem de retorno do sistema	A captura de Ordem de Tabulação em andamento foi cancelada.		A revisar	Retorno apresentado após uma ação	3	Propor aqui; desenvolvimento aplica no banco textual/código		hac.modules.swipe.path.startswipepathmanualmode.showtoast.l132c15.5e925042	txt.684894d6b801	src/plugin/modules/swipe-path.js	132	startSwipePathManualMode > showToast
964	Ordem de leitura / Swipe	Mensagem de retorno do sistema	Esta tela ainda não tem Ordem de Tabulação com pelo menos 2 itens. Marque a trilha manualmente.		A revisar	Retorno apresentado após uma ação	1	Propor aqui; desenvolvimento aplica no banco textual/código		hac.modules.swipe.path.startswipepathfromtaborder.showtoast.l180c15.e16ebabd	txt.c7e21c19cb30	src/plugin/modules/swipe-path.js	180	startSwipePathFromTabOrder > showToast
965	Ordem de leitura / Swipe	Mensagem de retorno do sistema	A captura de Ordem de Tabulação em andamento foi cancelada.		A revisar	Retorno apresentado após uma ação	3	Propor aqui; desenvolvimento aplica no banco textual/código		hac.modules.swipe.path.startswipepathfromtaborder.showtoast.l191c15.3b7619a5	txt.684894d6b801	src/plugin/modules/swipe-path.js	191	startSwipePathFromTabOrder > showToast
966	Ordem de leitura / Swipe	Mensagem de retorno do sistema	Desenhando a trilha de swipe com os ${items.length} pontos já mapeados na Ordem de Tabulação…		A revisar	Retorno apresentado após uma ação	1	Propor aqui; desenvolvimento valida as partes dinâmicas antes de aplicar		hac.modules.swipe.path.startswipepathfromtaborder.ensurea11yprojectoriginthen.l.abf7b208	txt.bc0d6a89e963	src/plugin/modules/swipe-path.js	202	startSwipePathFromTabOrder > ensureA11yProjectOriginThen
967	Ordem de leitura / Swipe	Mensagem de retorno do sistema	Aguarde a varredura em andamento terminar antes de iniciar outra.		A revisar	Retorno apresentado após uma ação	2	Propor aqui; desenvolvimento aplica no banco textual/código		hac.modules.swipe.path.confirmgenerateswipepathfromlayers.showtoast.l224c15.07ce2390	txt.cc01dc1179d6	src/plugin/modules/swipe-path.js	224	_confirmGenerateSwipePathFromLayers > showToast
968	Ordem de leitura / Swipe	Mensagem de retorno do sistema	A captura de Ordem de Tabulação em andamento foi cancelada.		A revisar	Retorno apresentado após uma ação	3	Propor aqui; desenvolvimento aplica no banco textual/código		hac.modules.swipe.path.confirmgenerateswipepathfromlayers.showtoast.l229c15.860ce656	txt.684894d6b801	src/plugin/modules/swipe-path.js	229	_confirmGenerateSwipePathFromLayers > showToast
969	Ordem de leitura / Swipe	Mensagem de retorno do sistema	Nenhum componente encontrado automaticamente. A cópia da tela já está pronta para marcação manual.		A revisar	Retorno apresentado após uma ação	1	Propor aqui; desenvolvimento aplica no banco textual/código		hac.modules.swipe.path.addswipepathitemsfromlayers.showtoast.l266c15.117d122a	txt.69d0ae54ec82	src/plugin/modules/swipe-path.js	266	addSwipePathItemsFromLayers > showToast
970	Ordem de leitura / Swipe	Mensagem de retorno do sistema	Só 1 componente encontrado — marque a trilha manualmente (mínimo de 2 pontos).		A revisar	Retorno apresentado após uma ação	1	Propor aqui; desenvolvimento aplica no banco textual/código		hac.modules.swipe.path.addswipepathitemsfromlayers.showtoast.l270c15.59894fd1	txt.41606c3a47f5	src/plugin/modules/swipe-path.js	270	addSwipePathItemsFromLayers > showToast
971	Ordem de leitura / Swipe	Mensagem de retorno do sistema	${list.length} componente${list.length === 1 ? '' : 's'} encontrado${list.length === 1 ? '' : 's'}, desenhando a trilha…		A revisar	Retorno apresentado após uma ação	1	Propor aqui; desenvolvimento valida as partes dinâmicas antes de aplicar		hac.modules.swipe.path.addswipepathitemsfromlayers.showtoast.l279c13.3685ce5e	txt.8c09df4dae00	src/plugin/modules/swipe-path.js	279	addSwipePathItemsFromLayers > showToast
972	Ordem de leitura / Swipe	Mensagem de retorno do sistema	Não foi possível localizar a cópia da tela no canvas. Refaça a trilha.		A revisar	Retorno apresentado após uma ação	1	Propor aqui; desenvolvimento aplica no banco textual/código		hac.modules.swipe.path.handleswipepathcloneresolved.showtoast.l337c15.8a5c1855	txt.04ae6b3b19e5	src/plugin/modules/swipe-path.js	337	handleSwipePathCloneResolved > showToast
973	Ordem de leitura / Swipe	Mensagem de retorno do sistema	error		A revisar	Retorno apresentado após uma ação	17	Propor aqui; desenvolvimento aplica no banco textual/código		hac.modules.swipe.path.handleswipepathcloneresolved.showtoast.l337c89.dedbc16f	txt.11f9578d05e6	src/plugin/modules/swipe-path.js	337	handleSwipePathCloneResolved > showToast
974	Ordem de leitura / Swipe	Mensagem de retorno do sistema	Segure shift e clique (ou use marquise) pra marcar quantos pontos novos precisar. Clique em "Concluir seleção" quando terminar.		A revisar	Retorno apresentado após uma ação	1	Propor aqui; desenvolvimento aplica no banco textual/código		hac.modules.swipe.path.swipepathstartaddpointwait.showtoast.l356c13.bd59e8b8	txt.0d427d7e43fc	src/plugin/modules/swipe-path.js	356	_swipePathStartAddPointWait > showToast
975	Ordem de leitura / Swipe	Mensagem de retorno do sistema	Trilha de swipe atualizada.		A revisar	Retorno apresentado após uma ação	1	Propor aqui; desenvolvimento aplica no banco textual/código		hac.modules.swipe.path.handleswipepathcreated.showtoast.l747c48.52a77812	txt.c51e3fc619d6	src/plugin/modules/swipe-path.js	747	handleSwipePathCreated > showToast
976	Ordem de leitura / Swipe	Mensagem de retorno do sistema	Trilha de swipe criada.		A revisar	Retorno apresentado após uma ação	1	Propor aqui; desenvolvimento aplica no banco textual/código		hac.modules.swipe.path.handleswipepathcreated.showtoast.l747c80.cdea96a4	txt.d3b2fdfb30dc	src/plugin/modules/swipe-path.js	747	handleSwipePathCreated > showToast
977	Ordem de leitura / Swipe	Mensagem de retorno do sistema	Não foi possível criar a trilha de swipe.		A revisar	Retorno apresentado após uma ação	2	Propor aqui; desenvolvimento aplica no banco textual/código		hac.modules.swipe.path.handleswipepathcreatefailed.showtoast.l779c46.65576733	txt.5b0baa481f2b	src/plugin/modules/swipe-path.js	779	handleSwipePathCreateFailed > showToast
978	Ordem de leitura / Swipe	Mensagem de retorno do sistema	error		A revisar	Retorno apresentado após uma ação	17	Propor aqui; desenvolvimento aplica no banco textual/código		hac.modules.swipe.path.handleswipepathcreatefailed.showtoast.l779c91.0537fdbb	txt.11f9578d05e6	src/plugin/modules/swipe-path.js	779	handleSwipePathCreateFailed > showToast
979	Ordem de leitura / Swipe	Mensagem de retorno do sistema	Trilha de swipe removida.		A revisar	Retorno apresentado após uma ação	1	Propor aqui; desenvolvimento aplica no banco textual/código		hac.modules.swipe.path.deleteswipepathforarea.showtoast.l793c13.9ded84bd	txt.08ea50662656	src/plugin/modules/swipe-path.js	793	deleteSwipePathForArea > showToast
980	Ordem de tabulação	Mensagem de retorno do sistema	Selecione uma tela antes de iniciar a ordem de tabulação.		A revisar	Retorno apresentado após uma ação	1	Propor aqui; desenvolvimento aplica no banco textual/código		hac.modules.tab.order.starttabordermanualmode.showtoast.l185c15.990e70a7	txt.9c6ebf93bed1	src/plugin/modules/tab-order.js	185	startTabOrderManualMode > showToast
981	Ordem de tabulação	Mensagem de retorno do sistema	A captura de Trilha de Swipe em andamento foi cancelada.		A revisar	Retorno apresentado após uma ação	1	Propor aqui; desenvolvimento aplica no banco textual/código		hac.modules.tab.order.starttabordermanualmodeinner.showtoast.l456c15.cd541f2b	txt.ee83f475e335	src/plugin/modules/tab-order.js	456	_startTabOrderManualModeInner > showToast
982	Ordem de tabulação	Mensagem de retorno do sistema	Não foi possível criar a cópia de trabalho. Tente novamente.		A revisar	Retorno apresentado após uma ação	2	Propor aqui; desenvolvimento aplica no banco textual/código		hac.modules.tab.order.handletabordercopystarted.showtoast.l499c17.0d357c54	txt.f85f13e52a84	src/plugin/modules/tab-order.js	499	handleTabOrderCopyStarted > showToast
983	Ordem de tabulação	Mensagem de retorno do sistema	error		A revisar	Retorno apresentado após uma ação	17	Propor aqui; desenvolvimento aplica no banco textual/código		hac.modules.tab.order.handletabordercopystarted.showtoast.l499c81.f12ca062	txt.11f9578d05e6	src/plugin/modules/tab-order.js	499	handleTabOrderCopyStarted > showToast
984	Ordem de tabulação	Mensagem de retorno do sistema	Cópia da tela criada. Siga as instruções acima e clique nos elementos dela (segure shift, ou use marquise, pra marcar vários de uma vez).		A revisar	Retorno apresentado após uma ação	1	Propor aqui; desenvolvimento aplica no banco textual/código		hac.modules.tab.order.handletabordercopystarted.showtoast.l504c15.f1ec1eb0	txt.5c31d05d4719	src/plugin/modules/tab-order.js	504	handleTabOrderCopyStarted > showToast
985	Ordem de tabulação	Mensagem de retorno do sistema	Não foi possível localizar a tela no canvas. Selecione novamente.		A revisar	Retorno apresentado após uma ação	1	Propor aqui; desenvolvimento aplica no banco textual/código		hac.modules.tab.order.handletabordercloneresolved.showtoast.l627c15.4a0dcdc3	txt.06103afa8975	src/plugin/modules/tab-order.js	627	handleTabOrderCloneResolved > showToast
986	Ordem de tabulação	Mensagem de retorno do sistema	Segure shift e clique (ou use marquise) pra marcar quantos elementos novos precisar. Clique em "Concluir seleção" quando terminar.		A revisar	Retorno apresentado após uma ação	1	Propor aqui; desenvolvimento aplica no banco textual/código		hac.modules.tab.order.starttaborderadditemwait.showtoast.l664c13.8fd0c30b	txt.8952515fcc8f	src/plugin/modules/tab-order.js	664	startTabOrderAddItemWait > showToast
987	Ordem de tabulação	Mensagem de retorno do sistema	Não foi possível desenhar o selo deste item. Remova e adicione novamente.		A revisar	Retorno apresentado após uma ação	1	Propor aqui; desenvolvimento aplica no banco textual/código		hac.modules.tab.order.handletaborderbadgedrawfailed.showtoast.l960c15.29ff8fc1	txt.f4e6b07de653	src/plugin/modules/tab-order.js	960	handleTabOrderBadgeDrawFailed > showToast
988	Ordem de tabulação	Mensagem de retorno do sistema	Cancelando a varredura em andamento…		A revisar	Retorno apresentado após uma ação	1	Propor aqui; desenvolvimento aplica no banco textual/código		hac.modules.tab.order.canceltaborderreview.showtoast.l1025c15.19b8a5b4	txt.3fe1364245e4	src/plugin/modules/tab-order.js	1025	cancelTabOrderReview > showToast
989	Ordem de tabulação	Mensagem de retorno do sistema	Não foi possível desenhar nenhum selo. Tente novamente.		A revisar	Retorno apresentado após uma ação	1	Propor aqui; desenvolvimento aplica no banco textual/código		hac.modules.tab.order.applytabordertocanvas.showtoast.l1131c15.58bc4847	txt.da59cc444063	src/plugin/modules/tab-order.js	1131	applyTabOrderToCanvas > showToast
990	Ordem de tabulação	Mensagem de retorno do sistema	Ordem de tabulação concluída: ${failedCount} ${failedCount === 1 ? 'item falhou' : 'itens falharam'} ao desenhar e ${failedCount === 1 ? 'foi excluído' : 'foram excluídos'}.		A revisar	Retorno apresentado após uma ação	1	Propor aqui; desenvolvimento valida as partes dinâmicas antes de aplicar		hac.modules.tab.order.applytabordertocanvas.showtoast.l1153c7.397f0ff4	txt.c32a3718c4b2	src/plugin/modules/tab-order.js	1153	applyTabOrderToCanvas > showToast
991	Ordem de tabulação	Mensagem de retorno do sistema	Ordem de tabulação concluída.		A revisar	Retorno apresentado após uma ação	1	Propor aqui; desenvolvimento aplica no banco textual/código		hac.modules.tab.order.applytabordertocanvas.showtoast.l1154c7.6cf72684	txt.e213ad1b5d19	src/plugin/modules/tab-order.js	1154	applyTabOrderToCanvas > showToast
992	Ordem de tabulação	Mensagem de retorno do sistema	Aguarde a varredura em andamento terminar antes de iniciar outra.		A revisar	Retorno apresentado após uma ação	2	Propor aqui; desenvolvimento aplica no banco textual/código		hac.modules.tab.order.confirmgeneratetaborderfromlayers.showtoast.l1218c15.b2782c9f	txt.cc01dc1179d6	src/plugin/modules/tab-order.js	1218	_confirmGenerateTabOrderFromLayers > showToast
993	Ordem de tabulação	Mensagem de retorno do sistema	Nenhum elemento interativo encontrado automaticamente. A cópia da tela já está pronta para marcação manual ("+ Adicionar item").		A revisar	Retorno apresentado após uma ação	1	Propor aqui; desenvolvimento aplica no banco textual/código		hac.modules.tab.order.addtaborderitemsfromlayers.showtoast.l1310c15.3753fc94	txt.2c2b42994395	src/plugin/modules/tab-order.js	1310	addTabOrderItemsFromLayers > showToast
994	Ordem de tabulação	Mensagem de retorno do sistema	${window._tabOrderPendingList.length} elemento${window._tabOrderPendingList.length === 1 ? '' : 's'} encontrado${window._tabOrderPendingList.length === 1 ? '' : 's'}, desenhando no canvas…		A revisar	Retorno apresentado após uma ação	1	Propor aqui; desenvolvimento valida as partes dinâmicas antes de aplicar		hac.modules.tab.order.addtaborderitemsfromlayers.showtoast.l1314c13.c55546e1	txt.ad3c545a7c20	src/plugin/modules/tab-order.js	1314	addTabOrderItemsFromLayers > showToast
995	Ordem de tabulação	Mensagem de retorno do sistema	A ordem já está atualizada no canvas.		A revisar	Retorno apresentado após uma ação	1	Propor aqui; desenvolvimento aplica no banco textual/código		hac.modules.tab.order.updatetabordernumbering.showtoast.l1487c15.437b7aed	txt.ab983b5bb8a4	src/plugin/modules/tab-order.js	1487	updateTabOrderNumbering > showToast
996	Ordem de tabulação	Mensagem de retorno do sistema	Ordem atualizada no canvas.		A revisar	Retorno apresentado após uma ação	1	Propor aqui; desenvolvimento aplica no banco textual/código		hac.modules.tab.order.updatetabordernumbering.showtoast.l1495c13.dec8886d	txt.e8501468eb9b	src/plugin/modules/tab-order.js	1495	updateTabOrderNumbering > showToast
997	Ordem de tabulação	Mensagem de retorno do sistema	Nenhum elemento na Ordem de Tabulação para narrar.		A revisar	Retorno apresentado após uma ação	2	Propor aqui; desenvolvimento aplica no banco textual/código		hac.modules.tab.order.handletabordernarrationresolved.showtoast.l1622c15.8de2178a	txt.6c49fda70f95	src/plugin/modules/tab-order.js	1622	_handleTabOrderNarrationResolved > showToast
998	Ordem de tabulação	Mensagem de retorno do sistema	Simulação de leitura por voz não está disponível neste ambiente.		A revisar	Retorno apresentado após uma ação	1	Propor aqui; desenvolvimento aplica no banco textual/código		hac.modules.tab.order.toggletabordernarration.showtoast.l1640c15.6df47637	txt.46d15ae6a92e	src/plugin/modules/tab-order.js	1640	toggleTabOrderNarration > showToast
999	Ordem de tabulação	Mensagem de retorno do sistema	error		A revisar	Retorno apresentado após uma ação	17	Propor aqui; desenvolvimento aplica no banco textual/código		hac.modules.tab.order.toggletabordernarration.showtoast.l1640c83.e87d415e	txt.11f9578d05e6	src/plugin/modules/tab-order.js	1640	toggleTabOrderNarration > showToast
1000	Ordem de tabulação	Mensagem de retorno do sistema	Nenhum elemento na Ordem de Tabulação para narrar.		A revisar	Retorno apresentado após uma ação	2	Propor aqui; desenvolvimento aplica no banco textual/código		hac.modules.tab.order.toggletabordernarration.showtoast.l1645c15.d4cca076	txt.6c49fda70f95	src/plugin/modules/tab-order.js	1645	toggleTabOrderNarration > showToast
1001	Ordem de tabulação	Mensagem de retorno do sistema	Ordem de tabulação removida.		A revisar	Retorno apresentado após uma ação	1	Propor aqui; desenvolvimento aplica no banco textual/código		hac.modules.tab.order.deletealltaborderforarea.showtoast.l1731c13.bc7fba6f	txt.216a25099bab	src/plugin/modules/tab-order.js	1731	deleteAllTabOrderForArea > showToast
1002	Conteúdo das bibliotecas	Conteúdo instrucional	Ordem de Tabulação		A revisar	Conteúdo estruturado ou termo vindo da biblioteca	8	Propor aqui; desenvolvimento aplica no banco textual/código		hac.refs.ficha.instruction.content.tabulacao.title.02dcb28c	txt.37066ca9dc6a	src/plugin/refs/ficha-instruction-content.json	16	tabulacao.title
1003	Conteúdo das bibliotecas	Conteúdo instrucional	Instruções sobre o tipo de documentação		A revisar	Conteúdo estruturado ou termo vindo da biblioteca	3	Propor aqui; desenvolvimento aplica no banco textual/código		hac.refs.ficha.instruction.content.tabulacao.instructionsheading.1328a60b	txt.b0da0e72b688	src/plugin/refs/ficha-instruction-content.json	17	tabulacao.instructionsHeading
1004	Conteúdo das bibliotecas	Conteúdo instrucional	É a sequência lógica que o Leitor de tela (VoiceOver/TalkBack) percorre nos elementos INTERATIVOS quando o usuário navega com outros devices em interfaces de toque como teclados, mouses com botões programáveis ou acionadores .		A revisar	Conteúdo estruturado ou termo vindo da biblioteca	1	Propor aqui; desenvolvimento aplica no banco textual/código		hac.refs.ficha.instruction.content.tabulacao.instructionsbody.5d718569	txt.a52a00658a26	src/plugin/refs/ficha-instruction-content.json	18	tabulacao.instructionsBody
1005	Conteúdo das bibliotecas	Conteúdo instrucional	Como fazer a ordem de tabulação		A revisar	Conteúdo estruturado ou termo vindo da biblioteca	1	Propor aqui; desenvolvimento aplica no banco textual/código		hac.refs.ficha.instruction.content.tabulacao.stepsheading.34dc4802	txt.46bb2119dd49	src/plugin/refs/ficha-instruction-content.json	19	tabulacao.stepsHeading
1006	Conteúdo das bibliotecas	Conteúdo instrucional	Selecione os componentes interativos e imagens essenciais: Selecione apenas os elementos acionáveis da tela (como botões ativos, links, campos de formulário e seletores) e imagens cujo conteúdo seja indispensável para a navegação.		A revisar	Conteúdo estruturado ou termo vindo da biblioteca	1	Propor aqui; desenvolvimento aplica no banco textual/código		hac.refs.ficha.instruction.content.tabulacao.steps.0.d0ac233f	txt.2447267ce93c	src/plugin/refs/ficha-instruction-content.json	21	tabulacao.steps.0
1007	Conteúdo das bibliotecas	Conteúdo instrucional	Siga a ordem de leitura ocidental: Selecione esses elementos sequencialmente respeitando o fluxo do layout, da esquerda para a direita, de cima para baixo.		A revisar	Conteúdo estruturado ou termo vindo da biblioteca	3	Propor aqui; desenvolvimento aplica no banco textual/código		hac.refs.ficha.instruction.content.tabulacao.steps.1.21d776e4	txt.3ccbc35e8f42	src/plugin/refs/ficha-instruction-content.json	22	tabulacao.steps.1
1008	Conteúdo das bibliotecas	Conteúdo instrucional	Ignore elementos não interativos: Não inclua na seleção textos puramente estáticos, rótulos de campos, imagens decorativas ou botões desativados (disabled).		A revisar	Conteúdo estruturado ou termo vindo da biblioteca	1	Propor aqui; desenvolvimento aplica no banco textual/código		hac.refs.ficha.instruction.content.tabulacao.steps.2.fea9ad71	txt.98c84b5582fd	src/plugin/refs/ficha-instruction-content.json	23	tabulacao.steps.2
1009	Conteúdo das bibliotecas	Conteúdo instrucional	É a sequência lógica que o Leitor de tela (NVDA/VoiceOver/Jaws) percorre nos elementos INTERATIVOS quando o usuário navega com devices como teclados, mouses com botões programáveis ou acionadores.		A revisar	Conteúdo estruturado ou termo vindo da biblioteca	1	Propor aqui; desenvolvimento aplica no banco textual/código		hac.refs.ficha.instruction.content.tabulacao.web.instructionsbody.c079549b	txt.12ca089ea838	src/plugin/refs/ficha-instruction-content.json	28	tabulacao.web.instructionsBody
1010	Conteúdo das bibliotecas	Conteúdo instrucional	Selecione os componentes interativos e imagens essenciais: Selecione apenas os elementos acionáveis da tela (como botões ativos, links, campos de formulário e seletores) cujo conteúdo seja indispensável para a navegação.		A revisar	Conteúdo estruturado ou termo vindo da biblioteca	1	Propor aqui; desenvolvimento aplica no banco textual/código		hac.refs.ficha.instruction.content.tabulacao.web.steps.0.3b0569b2	txt.f357f9a5d61d	src/plugin/refs/ficha-instruction-content.json	30	tabulacao.web.steps.0
1011	Conteúdo das bibliotecas	Conteúdo instrucional	Siga a ordem de leitura ocidental: Selecione esses elementos sequencialmente respeitando o fluxo do layout, da esquerda para a direita, de cima para baixo.		A revisar	Conteúdo estruturado ou termo vindo da biblioteca	3	Propor aqui; desenvolvimento aplica no banco textual/código		hac.refs.ficha.instruction.content.tabulacao.web.steps.1.cbee9880	txt.3ccbc35e8f42	src/plugin/refs/ficha-instruction-content.json	31	tabulacao.web.steps.1
1012	Conteúdo das bibliotecas	Conteúdo instrucional	Ignore elementos não interativos: Não inclua na seleção textos puramente estáticos, rótulos de campos, imagens ou elementos desativados (Disabled).		A revisar	Conteúdo estruturado ou termo vindo da biblioteca	1	Propor aqui; desenvolvimento aplica no banco textual/código		hac.refs.ficha.instruction.content.tabulacao.web.steps.2.44797d06	txt.54a287d96b81	src/plugin/refs/ficha-instruction-content.json	32	tabulacao.web.steps.2
1013	Conteúdo das bibliotecas	Conteúdo instrucional	Ordem de Leitura Mobile (Swipe)		A revisar	Conteúdo estruturado ou termo vindo da biblioteca	1	Propor aqui; desenvolvimento aplica no banco textual/código		hac.refs.ficha.instruction.content.swipe.title.7c2b6e70	txt.abf9c03c35ba	src/plugin/refs/ficha-instruction-content.json	38	swipe.title
1014	Conteúdo das bibliotecas	Conteúdo instrucional	Instruções sobre a documentação		A revisar	Conteúdo estruturado ou termo vindo da biblioteca	3	Propor aqui; desenvolvimento aplica no banco textual/código		hac.refs.ficha.instruction.content.swipe.instructionsheading.c2ad2015	txt.1f2a81b20d38	src/plugin/refs/ficha-instruction-content.json	39	swipe.instructionsHeading
1015	Conteúdo das bibliotecas	Conteúdo instrucional	Essa documentação trata-se de como o leitor de tela (VoiceOver/Talkback) deve seguir sequencialmente de forma nativa com a navegação via Swipe, ou seja, sem os atalhos do rotor.		A revisar	Conteúdo estruturado ou termo vindo da biblioteca	1	Propor aqui; desenvolvimento aplica no banco textual/código		hac.refs.ficha.instruction.content.swipe.instructionsbody.a66401be	txt.001d0766e9bd	src/plugin/refs/ficha-instruction-content.json	40	swipe.instructionsBody
1016	Conteúdo das bibliotecas	Conteúdo instrucional	Como fazer a ordem de Leitura Mobile (Swipe)		A revisar	Conteúdo estruturado ou termo vindo da biblioteca	1	Propor aqui; desenvolvimento aplica no banco textual/código		hac.refs.ficha.instruction.content.swipe.stepsheading.08766b4e	txt.a696fa57c796	src/plugin/refs/ficha-instruction-content.json	41	swipe.stepsHeading
1017	Conteúdo das bibliotecas	Conteúdo instrucional	Selecione todos os elementos na tela: Classifique elemento a elemento na tela de forma que demonstre um caminho ao qual o leitor de telas deve percorrer quando navegável nativamente com Basic Swipe.		A revisar	Conteúdo estruturado ou termo vindo da biblioteca	1	Propor aqui; desenvolvimento aplica no banco textual/código		hac.refs.ficha.instruction.content.swipe.steps.0.53573bc9	txt.f2faa5694496	src/plugin/refs/ficha-instruction-content.json	43	swipe.steps.0
1018	Conteúdo das bibliotecas	Conteúdo instrucional	Siga a ordem de leitura ocidental: Selecione esses elementos sequencialmente respeitando o fluxo do layout, da esquerda para a direita, de cima para baixo.		A revisar	Conteúdo estruturado ou termo vindo da biblioteca	3	Propor aqui; desenvolvimento aplica no banco textual/código		hac.refs.ficha.instruction.content.swipe.steps.1.c55f5d96	txt.3ccbc35e8f42	src/plugin/refs/ficha-instruction-content.json	44	swipe.steps.1
1019	Conteúdo das bibliotecas	Conteúdo instrucional	Especificações para Leitor de Tela		A revisar	Conteúdo estruturado ou termo vindo da biblioteca	2	Propor aqui; desenvolvimento aplica no banco textual/código		hac.refs.ficha.instruction.content.leitortela.title.63a96ef4	txt.a6e1b0f8df14	src/plugin/refs/ficha-instruction-content.json	50	leitorTela.title
1020	Conteúdo das bibliotecas	Conteúdo instrucional	Instruções sobre a documentação		A revisar	Conteúdo estruturado ou termo vindo da biblioteca	3	Propor aqui; desenvolvimento aplica no banco textual/código		hac.refs.ficha.instruction.content.leitortela.instructionsheading.e9669544	txt.1f2a81b20d38	src/plugin/refs/ficha-instruction-content.json	51	leitorTela.instructionsHeading
1021	Conteúdo das bibliotecas	Conteúdo instrucional	Especificar para leitores de tela consiste em definir como as tecnologias assistivas (VoiceOver/Talkback) interpretam e anunciam os elementos da interface. Essa documentação assegura que o conteúdo seja plenamente compreendido e inclusivo, fornecendo as orientações fundamentais para que o time de desenvolvimento implemente a experiência exatamente como projetada.		A revisar	Conteúdo estruturado ou termo vindo da biblioteca	2	Propor aqui; desenvolvimento aplica no banco textual/código		hac.refs.ficha.instruction.content.leitortela.instructionsbody.c0033e01	txt.e3e88f097aa9	src/plugin/refs/ficha-instruction-content.json	52	leitorTela.instructionsBody
1022	Conteúdo das bibliotecas	Conteúdo instrucional	Como fazer as especificações para Leitor de Tela		A revisar	Conteúdo estruturado ou termo vindo da biblioteca	1	Propor aqui; desenvolvimento aplica no banco textual/código		hac.refs.ficha.instruction.content.leitortela.stepsheading.d1fb0225	txt.c6e6a362d042	src/plugin/refs/ficha-instruction-content.json	53	leitorTela.stepsHeading
1023	Conteúdo das bibliotecas	Conteúdo instrucional	Classifique os componentes: Utilize o conector de Elementos Interativos e Imagens para classificar os componentes interativos e imagens essenciais para o contexto da sua interface. Siga a ordem numérica dentro do círculo.		A revisar	Conteúdo estruturado ou termo vindo da biblioteca	1	Propor aqui; desenvolvimento aplica no banco textual/código		hac.refs.ficha.instruction.content.leitortela.steps.0.e9892bad	txt.cc9fe5c65f04	src/plugin/refs/ficha-instruction-content.json	55	leitorTela.steps.0
1024	Conteúdo das bibliotecas	Conteúdo instrucional	Especifique os títulos: Se o elemento que você está documentando for um título, utilize o conector Títulos para marcá-lo. No mobile (React Native) não é necessário mapear a hierarquia de níveis como no desktop, todo título usa o mesmo marcador "H", sem distinção H1-H6.		A revisar	Conteúdo estruturado ou termo vindo da biblioteca	1	Propor aqui; desenvolvimento aplica no banco textual/código		hac.refs.ficha.instruction.content.leitortela.steps.1.b5fbe87e	txt.5409d4481f27	src/plugin/refs/ficha-instruction-content.json	56	leitorTela.steps.1
1025	Conteúdo das bibliotecas	Conteúdo instrucional	Ignore itens decorativos: Imagens e ícones puramente ilustrativos não são lidos pelo leitor de tela, classifique-os com o conector Elementos Decorativos.		A revisar	Conteúdo estruturado ou termo vindo da biblioteca	2	Propor aqui; desenvolvimento aplica no banco textual/código		hac.refs.ficha.instruction.content.leitortela.steps.2.37182b47	txt.9f66fc65c780	src/plugin/refs/ficha-instruction-content.json	57	leitorTela.steps.2
1026	Conteúdo das bibliotecas	Conteúdo instrucional	Especificar para leitores de tela consiste em definir como as tecnologias assistivas (NVDA/VoiceOver/Jaws) interpretam e anunciam os elementos da interface. Essa documentação assegura que o conteúdo seja plenamente compreendido e inclusivo, fornecendo as orientações fundamentais para que o time de desenvolvimento implemente a experiência exatamente como projetada.		A revisar	Conteúdo estruturado ou termo vindo da biblioteca	2	Propor aqui; desenvolvimento aplica no banco textual/código		hac.refs.ficha.instruction.content.leitortela.web.instructionsbody.dccebaf3	txt.cf3c941c19de	src/plugin/refs/ficha-instruction-content.json	62	leitorTela.web.instructionsBody
1027	Conteúdo das bibliotecas	Conteúdo instrucional	Classifique os componentes: Utilize o conector de Elementos Interativos e Imagens para classificar os componentes interativos e imagens essenciais para o contexto da sua interface. Siga a ordem numérica ou alfabética dentro do círculo.		A revisar	Conteúdo estruturado ou termo vindo da biblioteca	1	Propor aqui; desenvolvimento aplica no banco textual/código		hac.refs.ficha.instruction.content.leitortela.web.steps.0.50032db7	txt.b9881d83de49	src/plugin/refs/ficha-instruction-content.json	64	leitorTela.web.steps.0
1028	Conteúdo das bibliotecas	Conteúdo instrucional	Especifique os títulos: Se o elemento que você está documentando for um título, utilize o conector Nível de Título para marcá-lo, a estrutura da interface segue a lógica de H1 até H6. O H1 é o título principal (único por página), seguido por H2, H3 e assim por diante. Essa ordem permite que usuários de leitores de tela entendam o sumário do conteúdo.		A revisar	Conteúdo estruturado ou termo vindo da biblioteca	1	Propor aqui; desenvolvimento aplica no banco textual/código		hac.refs.ficha.instruction.content.leitortela.web.steps.1.10176e17	txt.8f52bb10226d	src/plugin/refs/ficha-instruction-content.json	65	leitorTela.web.steps.1
1029	Conteúdo das bibliotecas	Conteúdo instrucional	Especifique a estrutura da página: Utilize o conector Estrutura da Página para marcar a estrutura da página, esses elementos semânticos que estruturam o “esqueleto” de uma interface e indicam as seções de conteúdo e para que servem, exemplos: <header>, <main>, <footer>, etc.		A revisar	Conteúdo estruturado ou termo vindo da biblioteca	1	Propor aqui; desenvolvimento aplica no banco textual/código		hac.refs.ficha.instruction.content.leitortela.web.steps.2.ea58a43e	txt.157f177f3418	src/plugin/refs/ficha-instruction-content.json	66	leitorTela.web.steps.2
1030	Conteúdo das bibliotecas	Conteúdo instrucional	Ignore itens decorativos: Imagens e ícones puramente ilustrativos não são lidos pelo leitor de tela, classifique-os com o conector Elementos Decorativos.		A revisar	Conteúdo estruturado ou termo vindo da biblioteca	2	Propor aqui; desenvolvimento aplica no banco textual/código		hac.refs.ficha.instruction.content.leitortela.web.steps.3.2009ed5e	txt.9f66fc65c780	src/plugin/refs/ficha-instruction-content.json	67	leitorTela.web.steps.3
1031	Acessibilidade	Termo do domínio de acessibilidade	image		A revisar	Texto montado dinamicamente pela interface	1	Propor aqui; desenvolvimento aplica no banco textual/código		hac.modules.accessibility.a11y.categories.l119c58.0bc4cb81	txt.0e7629279488	src/plugin/modules/accessibility.js	119	A11Y_CATEGORIES
1032	Acessibilidade	Termo do domínio de acessibilidade	#FCBE05		A revisar	Texto montado dinamicamente pela interface	1	Propor aqui; desenvolvimento aplica no banco textual/código		hac.modules.accessibility.a11y.categories.l119c76.99097c3e	txt.08e7046e28d4	src/plugin/modules/accessibility.js	119	A11Y_CATEGORIES
1033	Acessibilidade	Termo do domínio de acessibilidade	#8D6A03		A revisar	Texto montado dinamicamente pela interface	1	Propor aqui; desenvolvimento aplica no banco textual/código		hac.modules.accessibility.a11y.categories.l119c98.9226662a	txt.a11a78848cc0	src/plugin/modules/accessibility.js	119	A11Y_CATEGORIES
1034	Acessibilidade	Termo do domínio de acessibilidade	#FFF6DC		A revisar	Texto montado dinamicamente pela interface	1	Propor aqui; desenvolvimento aplica no banco textual/código		hac.modules.accessibility.a11y.categories.l119c115.7ae4487d	txt.66b680f80945	src/plugin/modules/accessibility.js	119	A11Y_CATEGORIES
1035	Acessibilidade	Termo do domínio de acessibilidade	circle		A revisar	Texto montado dinamicamente pela interface	3	Propor aqui; desenvolvimento aplica no banco textual/código		hac.modules.accessibility.a11y.categories.l119c146.dbe614b2	txt.00b7b8118efd	src/plugin/modules/accessibility.js	119	A11Y_CATEGORIES
1036	Acessibilidade	Termo do domínio de acessibilidade	star		A revisar	Texto montado dinamicamente pela interface	2	Propor aqui; desenvolvimento aplica no banco textual/código		hac.modules.accessibility.a11y.categories.l120c58.72178609	txt.4e3e01b9af84	src/plugin/modules/accessibility.js	120	A11Y_CATEGORIES
1037	Acessibilidade	Termo do domínio de acessibilidade	#EF765E		A revisar	Texto montado dinamicamente pela interface	1	Propor aqui; desenvolvimento aplica no banco textual/código		hac.modules.accessibility.a11y.categories.l120c76.31f99c2e	txt.c2b94bf2aa76	src/plugin/modules/accessibility.js	120	A11Y_CATEGORIES
1038	Acessibilidade	Termo do domínio de acessibilidade	#A75342		A revisar	Texto montado dinamicamente pela interface	1	Propor aqui; desenvolvimento aplica no banco textual/código		hac.modules.accessibility.a11y.categories.l120c98.b442c5c3	txt.afbe1bef20de	src/plugin/modules/accessibility.js	120	A11Y_CATEGORIES
1039	Acessibilidade	Termo do domínio de acessibilidade	#FDEAE6		A revisar	Texto montado dinamicamente pela interface	1	Propor aqui; desenvolvimento aplica no banco textual/código		hac.modules.accessibility.a11y.categories.l120c115.d82a4915	txt.8e56e6ced28b	src/plugin/modules/accessibility.js	120	A11Y_CATEGORIES
1040	Acessibilidade	Termo do domínio de acessibilidade	star		A revisar	Texto montado dinamicamente pela interface	2	Propor aqui; desenvolvimento aplica no banco textual/código		hac.modules.accessibility.a11y.categories.l120c146.1d30645c	txt.4e3e01b9af84	src/plugin/modules/accessibility.js	120	A11Y_CATEGORIES
1041	Acessibilidade	Termo do domínio de acessibilidade	heading		A revisar	Texto montado dinamicamente pela interface	1	Propor aqui; desenvolvimento aplica no banco textual/código		hac.modules.accessibility.a11y.categories.l127c58.0d55f123	txt.8809edb77f31	src/plugin/modules/accessibility.js	127	A11Y_CATEGORIES
1042	Acessibilidade	Termo do domínio de acessibilidade	#AFCA0B		A revisar	Texto montado dinamicamente pela interface	1	Propor aqui; desenvolvimento aplica no banco textual/código		hac.modules.accessibility.a11y.categories.l127c76.7987bd21	txt.ffc45303c7a9	src/plugin/modules/accessibility.js	127	A11Y_CATEGORIES
1043	Acessibilidade	Termo do domínio de acessibilidade	#F5F9DA		A revisar	Texto montado dinamicamente pela interface	1	Propor aqui; desenvolvimento aplica no banco textual/código		hac.modules.accessibility.a11y.categories.l127c115.39891de4	txt.69f3c7fff787	src/plugin/modules/accessibility.js	127	A11Y_CATEGORIES
1044	Acessibilidade	Termo do domínio de acessibilidade	circle		A revisar	Texto montado dinamicamente pela interface	3	Propor aqui; desenvolvimento aplica no banco textual/código		hac.modules.accessibility.a11y.categories.l127c145.cf281b17	txt.00b7b8118efd	src/plugin/modules/accessibility.js	127	A11Y_CATEGORIES
1045	Acessibilidade	Termo do domínio de acessibilidade	ban		A revisar	Texto montado dinamicamente pela interface	1	Propor aqui; desenvolvimento aplica no banco textual/código		hac.modules.accessibility.a11y.categories.l128c58.2966bc5c	txt.2580d49ff406	src/plugin/modules/accessibility.js	128	A11Y_CATEGORIES
1046	Acessibilidade	Termo do domínio de acessibilidade	#D93636		A revisar	Texto montado dinamicamente pela interface	1	Propor aqui; desenvolvimento aplica no banco textual/código		hac.modules.accessibility.a11y.categories.l128c76.9046efea	txt.209efe9dcca8	src/plugin/modules/accessibility.js	128	A11Y_CATEGORIES
1047	Acessibilidade	Termo do domínio de acessibilidade	#C33131		A revisar	Texto montado dinamicamente pela interface	1	Propor aqui; desenvolvimento aplica no banco textual/código		hac.modules.accessibility.a11y.categories.l128c98.5183944c	txt.b3ffbe970cc6	src/plugin/modules/accessibility.js	128	A11Y_CATEGORIES
1048	Acessibilidade	Termo do domínio de acessibilidade	#FBE4E4		A revisar	Texto montado dinamicamente pela interface	1	Propor aqui; desenvolvimento aplica no banco textual/código		hac.modules.accessibility.a11y.categories.l128c115.4e79b37d	txt.d7a635061a71	src/plugin/modules/accessibility.js	128	A11Y_CATEGORIES
1049	Acessibilidade	Termo do domínio de acessibilidade	circle		A revisar	Texto montado dinamicamente pela interface	3	Propor aqui; desenvolvimento aplica no banco textual/código		hac.modules.accessibility.a11y.categories.l128c145.29452c1f	txt.00b7b8118efd	src/plugin/modules/accessibility.js	128	A11Y_CATEGORIES
1050	Acessibilidade	Termo do domínio de acessibilidade	info		A revisar	Texto montado dinamicamente pela interface	1	Propor aqui; desenvolvimento aplica no banco textual/código		hac.modules.accessibility.a11y.legacy.categories.l138c73.88c18da3	txt.59bd0a3ff43b	src/plugin/modules/accessibility.js	138	A11Y_LEGACY_CATEGORIES
1051	Acessibilidade	Termo do domínio de acessibilidade	#F39200		A revisar	Texto montado dinamicamente pela interface	1	Propor aqui; desenvolvimento aplica no banco textual/código		hac.modules.accessibility.a11y.legacy.categories.l138c88.1298db16	txt.0d49b2fc5ba0	src/plugin/modules/accessibility.js	138	A11Y_LEGACY_CATEGORIES
1052	Acessibilidade	Termo do domínio de acessibilidade	#A06000		A revisar	Texto montado dinamicamente pela interface	1	Propor aqui; desenvolvimento aplica no banco textual/código		hac.modules.accessibility.a11y.legacy.categories.l138c110.ce057ae3	txt.a934c6fd0830	src/plugin/modules/accessibility.js	138	A11Y_LEGACY_CATEGORIES
1053	Acessibilidade	Termo do domínio de acessibilidade	#FEF1DE		A revisar	Texto montado dinamicamente pela interface	1	Propor aqui; desenvolvimento aplica no banco textual/código		hac.modules.accessibility.a11y.legacy.categories.l138c127.2b52bc34	txt.32fc9bb72852	src/plugin/modules/accessibility.js	138	A11Y_LEGACY_CATEGORIES
1054	Acessibilidade	Termo do domínio de acessibilidade	square		A revisar	Texto montado dinamicamente pela interface	1	Propor aqui; desenvolvimento aplica no banco textual/código		hac.modules.accessibility.a11y.legacy.categories.l138c158.4e7ace6e	txt.bfed89e80ea0	src/plugin/modules/accessibility.js	138	A11Y_LEGACY_CATEGORIES
1055	Acessibilidade	Termo do domínio de acessibilidade	#22292E		A revisar	Texto montado dinamicamente pela interface	1	Propor aqui; desenvolvimento aplica no banco textual/código		hac.modules.accessibility.a11y.badge.text.color.dark.l159c36.84825e47	txt.4d6d95a572c6	src/plugin/modules/accessibility.js	159	A11Y_BADGE_TEXT_COLOR_DARK
1056	Acessibilidade	Termo do domínio de acessibilidade	#FFFFFF		A revisar	Texto montado dinamicamente pela interface	1	Propor aqui; desenvolvimento aplica no banco textual/código		hac.modules.accessibility.a11y.badge.text.color.light.l160c37.65f30b4b	txt.c659d630ce0a	src/plugin/modules/accessibility.js	160	A11Y_BADGE_TEXT_COLOR_LIGHT
1057	Acessibilidade	Termo do domínio de acessibilidade	Títulos		A revisar	Texto montado dinamicamente pela interface	2	Propor aqui; desenvolvimento aplica no banco textual/código		hac.modules.accessibility.a11y.category.label.mobile.overrides.l169c11.e8593a5b	txt.d3e75bbc154a	src/plugin/modules/accessibility.js	169	A11Y_CATEGORY_LABEL_MOBILE_OVERRIDES
1058	Acessibilidade	Termo do domínio de acessibilidade	radio button		A revisar	Texto montado dinamicamente pela interface	7	Propor aqui; desenvolvimento aplica no banco textual/código		hac.modules.accessibility.a11y.content.l331c7.e44b68ab	txt.ce6bdd437106	src/plugin/modules/accessibility.js	331	A11Y_CONTENT
1059	Acessibilidade	Termo do domínio de acessibilidade	tab group		A revisar	Texto montado dinamicamente pela interface	7	Propor aqui; desenvolvimento aplica no banco textual/código		hac.modules.accessibility.a11y.content.l336c7.85f6f236	txt.3df042c01470	src/plugin/modules/accessibility.js	336	A11Y_CONTENT
1060	Acessibilidade	Termo do domínio de acessibilidade	da pagina		A revisar	Texto montado dinamicamente pela interface	7	Propor aqui; desenvolvimento aplica no banco textual/código		hac.modules.accessibility.a11y.content.l352c7.42c30b47	txt.8dd5ae3334cc	src/plugin/modules/accessibility.js	352	A11Y_CONTENT
1061	Acessibilidade	Termo do domínio de acessibilidade	das partes		A revisar	Texto montado dinamicamente pela interface	4	Propor aqui; desenvolvimento aplica no banco textual/código		hac.modules.accessibility.a11y.content.l353c7.c90c2159	txt.a84778a25727	src/plugin/modules/accessibility.js	353	A11Y_CONTENT
1062	Acessibilidade	Termo do domínio de acessibilidade	Accordion		A revisar	Texto montado dinamicamente pela interface	4	Propor aqui; desenvolvimento aplica no banco textual/código		hac.modules.accessibility.a11y.componente.labels.l407c14.bf81a3c7	txt.d1391a0e8e22	src/plugin/modules/accessibility.js	407	A11Y_COMPONENTE_LABELS
1063	Acessibilidade	Termo do domínio de acessibilidade	Breadcrumb		A revisar	Texto montado dinamicamente pela interface	4	Propor aqui; desenvolvimento aplica no banco textual/código		hac.modules.accessibility.a11y.componente.labels.l407c39.c3a4ee2f	txt.6e5ce570b4af	src/plugin/modules/accessibility.js	407	A11Y_COMPONENTE_LABELS
1064	Acessibilidade	Termo do domínio de acessibilidade	Button		A revisar	Texto montado dinamicamente pela interface	6	Propor aqui; desenvolvimento aplica no banco textual/código		hac.modules.accessibility.a11y.componente.labels.l407c61.36b65dd6	txt.7b7fcc78d6cd	src/plugin/modules/accessibility.js	407	A11Y_COMPONENTE_LABELS
1065	Acessibilidade	Termo do domínio de acessibilidade	Checkbox		A revisar	Texto montado dinamicamente pela interface	5	Propor aqui; desenvolvimento aplica no banco textual/código		hac.modules.accessibility.a11y.componente.labels.l407c81.0b08f392	txt.57018890029a	src/plugin/modules/accessibility.js	407	A11Y_COMPONENTE_LABELS
1066	Acessibilidade	Termo do domínio de acessibilidade	Dialog		A revisar	Texto montado dinamicamente pela interface	1	Propor aqui; desenvolvimento aplica no banco textual/código		hac.modules.accessibility.a11y.componente.labels.l408c11.1232a640	txt.863be329d064	src/plugin/modules/accessibility.js	408	A11Y_COMPONENTE_LABELS
1067	Acessibilidade	Termo do domínio de acessibilidade	Inputs		A revisar	Texto montado dinamicamente pela interface	2	Propor aqui; desenvolvimento aplica no banco textual/código		hac.modules.accessibility.a11y.componente.labels.l408c29.10db9379	txt.66b0c73b3ba6	src/plugin/modules/accessibility.js	408	A11Y_COMPONENTE_LABELS
1068	Acessibilidade	Termo do domínio de acessibilidade	Link		A revisar	Texto montado dinamicamente pela interface	7	Propor aqui; desenvolvimento aplica no banco textual/código		hac.modules.accessibility.a11y.componente.labels.l408c45.73134ffd	txt.4f0aa52d656a	src/plugin/modules/accessibility.js	408	A11Y_COMPONENTE_LABELS
1069	Acessibilidade	Termo do domínio de acessibilidade	Listas		A revisar	Texto montado dinamicamente pela interface	2	Propor aqui; desenvolvimento aplica no banco textual/código		hac.modules.accessibility.a11y.componente.labels.l408c61.5a47307c	txt.9aef9ecad0c5	src/plugin/modules/accessibility.js	408	A11Y_COMPONENTE_LABELS
1070	Acessibilidade	Termo do domínio de acessibilidade	Paginator		A revisar	Texto montado dinamicamente pela interface	3	Propor aqui; desenvolvimento aplica no banco textual/código		hac.modules.accessibility.a11y.componente.labels.l408c82.c3a05636	txt.31b8d545b193	src/plugin/modules/accessibility.js	408	A11Y_COMPONENTE_LABELS
1071	Acessibilidade	Termo do domínio de acessibilidade	radio button		A revisar	Texto montado dinamicamente pela interface	7	Propor aqui; desenvolvimento aplica no banco textual/código		hac.modules.accessibility.a11y.componente.labels.l409c3.72904bb4	txt.ce6bdd437106	src/plugin/modules/accessibility.js	409	A11Y_COMPONENTE_LABELS
1072	Acessibilidade	Termo do domínio de acessibilidade	Radio Button		A revisar	Texto montado dinamicamente pela interface	7	Propor aqui; desenvolvimento aplica no banco textual/código		hac.modules.accessibility.a11y.componente.labels.l409c19.1a492dfa	txt.ce6bdd437106	src/plugin/modules/accessibility.js	409	A11Y_COMPONENTE_LABELS
1073	Acessibilidade	Termo do domínio de acessibilidade	Snackbar		A revisar	Texto montado dinamicamente pela interface	2	Propor aqui; desenvolvimento aplica no banco textual/código		hac.modules.accessibility.a11y.componente.labels.l409c45.789e30ca	txt.2e642905cfc3	src/plugin/modules/accessibility.js	409	A11Y_COMPONENTE_LABELS
1074	Acessibilidade	Termo do domínio de acessibilidade	Stepper		A revisar	Texto montado dinamicamente pela interface	6	Propor aqui; desenvolvimento aplica no banco textual/código		hac.modules.accessibility.a11y.componente.labels.l409c66.2d1f808c	txt.52c8217c245d	src/plugin/modules/accessibility.js	409	A11Y_COMPONENTE_LABELS
1075	Acessibilidade	Termo do domínio de acessibilidade	Switch		A revisar	Texto montado dinamicamente pela interface	5	Propor aqui; desenvolvimento aplica no banco textual/código		hac.modules.accessibility.a11y.componente.labels.l409c85.23e9e219	txt.01ba7992f85d	src/plugin/modules/accessibility.js	409	A11Y_COMPONENTE_LABELS
1076	Acessibilidade	Termo do domínio de acessibilidade	Table		A revisar	Texto montado dinamicamente pela interface	1	Propor aqui; desenvolvimento aplica no banco textual/código		hac.modules.accessibility.a11y.componente.labels.l410c10.6db1c286	txt.c3ee137d4f22	src/plugin/modules/accessibility.js	410	A11Y_COMPONENTE_LABELS
1077	Acessibilidade	Termo do domínio de acessibilidade	tab group		A revisar	Texto montado dinamicamente pela interface	7	Propor aqui; desenvolvimento aplica no banco textual/código		hac.modules.accessibility.a11y.componente.labels.l410c19.9b736b09	txt.3df042c01470	src/plugin/modules/accessibility.js	410	A11Y_COMPONENTE_LABELS
1078	Acessibilidade	Termo do domínio de acessibilidade	Tab Group		A revisar	Texto montado dinamicamente pela interface	7	Propor aqui; desenvolvimento aplica no banco textual/código		hac.modules.accessibility.a11y.componente.labels.l410c32.c0eb53e7	txt.3df042c01470	src/plugin/modules/accessibility.js	410	A11Y_COMPONENTE_LABELS
1079	Acessibilidade	Termo do domínio de acessibilidade	Imagem		A revisar	Texto montado dinamicamente pela interface	4	Propor aqui; desenvolvimento aplica no banco textual/código		hac.modules.accessibility.a11y.componente.labels.l410c53.07d07094	txt.f854270eaca9	src/plugin/modules/accessibility.js	410	A11Y_COMPONENTE_LABELS
1080	Acessibilidade	Termo do domínio de acessibilidade	Botão		A revisar	Texto montado dinamicamente pela interface	1	Propor aqui; desenvolvimento aplica no banco textual/código		hac.modules.accessibility.a11y.narration.type.labels.l426c11.28a5135a	txt.1e0c49248dbd	src/plugin/modules/accessibility.js	426	A11Y_NARRATION_TYPE_LABELS
1081	Acessibilidade	Termo do domínio de acessibilidade	Caixa de seleção		A revisar	Texto montado dinamicamente pela interface	1	Propor aqui; desenvolvimento aplica no banco textual/código		hac.modules.accessibility.a11y.narration.type.labels.l427c13.314f1933	txt.efb9a6673b57	src/plugin/modules/accessibility.js	427	A11Y_NARRATION_TYPE_LABELS
1082	Acessibilidade	Termo do domínio de acessibilidade	radio button		A revisar	Texto montado dinamicamente pela interface	7	Propor aqui; desenvolvimento aplica no banco textual/código		hac.modules.accessibility.a11y.narration.type.labels.l428c3.a981efed	txt.ce6bdd437106	src/plugin/modules/accessibility.js	428	A11Y_NARRATION_TYPE_LABELS
1083	Acessibilidade	Termo do domínio de acessibilidade	Botão de opção		A revisar	Texto montado dinamicamente pela interface	1	Propor aqui; desenvolvimento aplica no banco textual/código		hac.modules.accessibility.a11y.narration.type.labels.l428c19.2d17de00	txt.4ac31442a15d	src/plugin/modules/accessibility.js	428	A11Y_NARRATION_TYPE_LABELS
1084	Acessibilidade	Termo do domínio de acessibilidade	Alternador		A revisar	Texto montado dinamicamente pela interface	1	Propor aqui; desenvolvimento aplica no banco textual/código		hac.modules.accessibility.a11y.narration.type.labels.l429c11.1a169068	txt.f91a661a4629	src/plugin/modules/accessibility.js	429	A11Y_NARRATION_TYPE_LABELS
1085	Acessibilidade	Termo do domínio de acessibilidade	Campo de texto		A revisar	Texto montado dinamicamente pela interface	1	Propor aqui; desenvolvimento aplica no banco textual/código		hac.modules.accessibility.a11y.narration.type.labels.l430c11.1fe8e9f5	txt.3431ac9a25f5	src/plugin/modules/accessibility.js	430	A11Y_NARRATION_TYPE_LABELS
1086	Acessibilidade	Termo do domínio de acessibilidade	Paginação		A revisar	Texto montado dinamicamente pela interface	1	Propor aqui; desenvolvimento aplica no banco textual/código		hac.modules.accessibility.a11y.narration.type.labels.l431c14.6d827ecf	txt.008d1d283372	src/plugin/modules/accessibility.js	431	A11Y_NARRATION_TYPE_LABELS
1087	Acessibilidade	Termo do domínio de acessibilidade	Seletor numérico		A revisar	Texto montado dinamicamente pela interface	1	Propor aqui; desenvolvimento aplica no banco textual/código		hac.modules.accessibility.a11y.narration.type.labels.l432c12.ef0436ef	txt.1de812384e75	src/plugin/modules/accessibility.js	432	A11Y_NARRATION_TYPE_LABELS
1088	Acessibilidade	Termo do domínio de acessibilidade	tab group		A revisar	Texto montado dinamicamente pela interface	7	Propor aqui; desenvolvimento aplica no banco textual/código		hac.modules.accessibility.a11y.narration.type.labels.l433c3.4cab9b61	txt.3df042c01470	src/plugin/modules/accessibility.js	433	A11Y_NARRATION_TYPE_LABELS
1089	Acessibilidade	Termo do domínio de acessibilidade	Grupo de abas		A revisar	Texto montado dinamicamente pela interface	1	Propor aqui; desenvolvimento aplica no banco textual/código		hac.modules.accessibility.a11y.narration.type.labels.l433c16.0f88c099	txt.b03cd2605b1d	src/plugin/modules/accessibility.js	433	A11Y_NARRATION_TYPE_LABELS
1090	Acessibilidade	Termo do domínio de acessibilidade	Acordeão		A revisar	Texto montado dinamicamente pela interface	1	Propor aqui; desenvolvimento aplica no banco textual/código		hac.modules.accessibility.a11y.narration.type.labels.l434c14.c4a4e1d4	txt.e51e41ebce76	src/plugin/modules/accessibility.js	434	A11Y_NARRATION_TYPE_LABELS
1091	Acessibilidade	Termo do domínio de acessibilidade	Trilha de navegação		A revisar	Texto montado dinamicamente pela interface	1	Propor aqui; desenvolvimento aplica no banco textual/código		hac.modules.accessibility.a11y.narration.type.labels.l435c15.339f787d	txt.e56ceaf13da6	src/plugin/modules/accessibility.js	435	A11Y_NARRATION_TYPE_LABELS
1092	Acessibilidade	Termo do domínio de acessibilidade	Lista		A revisar	Texto montado dinamicamente pela interface	1	Propor aqui; desenvolvimento aplica no banco textual/código		hac.modules.accessibility.a11y.narration.type.labels.l436c11.2940526c	txt.22d01cec21b0	src/plugin/modules/accessibility.js	436	A11Y_NARRATION_TYPE_LABELS
1093	Acessibilidade	Termo do domínio de acessibilidade	Link		A revisar	Texto montado dinamicamente pela interface	7	Propor aqui; desenvolvimento aplica no banco textual/código		hac.modules.accessibility.a11y.narration.type.labels.l437c9.9c8a4c67	txt.4f0aa52d656a	src/plugin/modules/accessibility.js	437	A11Y_NARRATION_TYPE_LABELS
1094	Acessibilidade	Termo do domínio de acessibilidade	Texto		A revisar	Texto montado dinamicamente pela interface	8	Propor aqui; desenvolvimento aplica no banco textual/código		hac.modules.accessibility.a11y.narration.type.labels.l438c10.c25588cd	txt.ea631551f556	src/plugin/modules/accessibility.js	438	A11Y_NARRATION_TYPE_LABELS
1095	Acessibilidade	Termo do domínio de acessibilidade	Button		A revisar	Texto montado dinamicamente pela interface	6	Propor aqui; desenvolvimento aplica no banco textual/código		hac.modules.accessibility.a11y.narration.type.labels.en.l448c11.05602825	txt.7b7fcc78d6cd	src/plugin/modules/accessibility.js	448	A11Y_NARRATION_TYPE_LABELS_EN
1096	Acessibilidade	Termo do domínio de acessibilidade	Checkbox		A revisar	Texto montado dinamicamente pela interface	5	Propor aqui; desenvolvimento aplica no banco textual/código		hac.modules.accessibility.a11y.narration.type.labels.en.l449c13.b37809b6	txt.57018890029a	src/plugin/modules/accessibility.js	449	A11Y_NARRATION_TYPE_LABELS_EN
1097	Acessibilidade	Termo do domínio de acessibilidade	radio button		A revisar	Texto montado dinamicamente pela interface	7	Propor aqui; desenvolvimento aplica no banco textual/código		hac.modules.accessibility.a11y.narration.type.labels.en.l450c3.2e7ae41e	txt.ce6bdd437106	src/plugin/modules/accessibility.js	450	A11Y_NARRATION_TYPE_LABELS_EN
1098	Acessibilidade	Termo do domínio de acessibilidade	Radio button		A revisar	Texto montado dinamicamente pela interface	7	Propor aqui; desenvolvimento aplica no banco textual/código		hac.modules.accessibility.a11y.narration.type.labels.en.l450c19.3a956c1d	txt.ce6bdd437106	src/plugin/modules/accessibility.js	450	A11Y_NARRATION_TYPE_LABELS_EN
1099	Acessibilidade	Termo do domínio de acessibilidade	Switch		A revisar	Texto montado dinamicamente pela interface	5	Propor aqui; desenvolvimento aplica no banco textual/código		hac.modules.accessibility.a11y.narration.type.labels.en.l451c11.8a7d9b97	txt.01ba7992f85d	src/plugin/modules/accessibility.js	451	A11Y_NARRATION_TYPE_LABELS_EN
1100	Acessibilidade	Termo do domínio de acessibilidade	Text field		A revisar	Texto montado dinamicamente pela interface	1	Propor aqui; desenvolvimento aplica no banco textual/código		hac.modules.accessibility.a11y.narration.type.labels.en.l452c11.35621290	txt.099460c6fd63	src/plugin/modules/accessibility.js	452	A11Y_NARRATION_TYPE_LABELS_EN
1101	Acessibilidade	Termo do domínio de acessibilidade	Pagination		A revisar	Texto montado dinamicamente pela interface	1	Propor aqui; desenvolvimento aplica no banco textual/código		hac.modules.accessibility.a11y.narration.type.labels.en.l453c14.efa9a4a5	txt.31fbb9d2e0d1	src/plugin/modules/accessibility.js	453	A11Y_NARRATION_TYPE_LABELS_EN
1102	Acessibilidade	Termo do domínio de acessibilidade	Stepper		A revisar	Texto montado dinamicamente pela interface	6	Propor aqui; desenvolvimento aplica no banco textual/código		hac.modules.accessibility.a11y.narration.type.labels.en.l454c12.601c26d6	txt.52c8217c245d	src/plugin/modules/accessibility.js	454	A11Y_NARRATION_TYPE_LABELS_EN
1103	Acessibilidade	Termo do domínio de acessibilidade	tab group		A revisar	Texto montado dinamicamente pela interface	7	Propor aqui; desenvolvimento aplica no banco textual/código		hac.modules.accessibility.a11y.narration.type.labels.en.l455c3.4656e1a4	txt.3df042c01470	src/plugin/modules/accessibility.js	455	A11Y_NARRATION_TYPE_LABELS_EN
1104	Acessibilidade	Termo do domínio de acessibilidade	Tab group		A revisar	Texto montado dinamicamente pela interface	7	Propor aqui; desenvolvimento aplica no banco textual/código		hac.modules.accessibility.a11y.narration.type.labels.en.l455c16.520bd8ed	txt.3df042c01470	src/plugin/modules/accessibility.js	455	A11Y_NARRATION_TYPE_LABELS_EN
1105	Acessibilidade	Termo do domínio de acessibilidade	Accordion		A revisar	Texto montado dinamicamente pela interface	4	Propor aqui; desenvolvimento aplica no banco textual/código		hac.modules.accessibility.a11y.narration.type.labels.en.l456c14.99beecc2	txt.d1391a0e8e22	src/plugin/modules/accessibility.js	456	A11Y_NARRATION_TYPE_LABELS_EN
1106	Acessibilidade	Termo do domínio de acessibilidade	Breadcrumb		A revisar	Texto montado dinamicamente pela interface	4	Propor aqui; desenvolvimento aplica no banco textual/código		hac.modules.accessibility.a11y.narration.type.labels.en.l457c15.d93be4e5	txt.6e5ce570b4af	src/plugin/modules/accessibility.js	457	A11Y_NARRATION_TYPE_LABELS_EN
1107	Acessibilidade	Termo do domínio de acessibilidade	List		A revisar	Texto montado dinamicamente pela interface	1	Propor aqui; desenvolvimento aplica no banco textual/código		hac.modules.accessibility.a11y.narration.type.labels.en.l458c11.2f015da9	txt.38b62be4bdda	src/plugin/modules/accessibility.js	458	A11Y_NARRATION_TYPE_LABELS_EN
1108	Acessibilidade	Termo do domínio de acessibilidade	Link		A revisar	Texto montado dinamicamente pela interface	7	Propor aqui; desenvolvimento aplica no banco textual/código		hac.modules.accessibility.a11y.narration.type.labels.en.l459c9.ad9eda51	txt.4f0aa52d656a	src/plugin/modules/accessibility.js	459	A11Y_NARRATION_TYPE_LABELS_EN
1109	Acessibilidade	Termo do domínio de acessibilidade	Text		A revisar	Texto montado dinamicamente pela interface	1	Propor aqui; desenvolvimento aplica no banco textual/código		hac.modules.accessibility.a11y.narration.type.labels.en.l460c10.b970a0b6	txt.372ea08cab33	src/plugin/modules/accessibility.js	460	A11Y_NARRATION_TYPE_LABELS_EN
1110	Acessibilidade	Termo do domínio de acessibilidade	texto alternativo para imagens		A revisar	Texto montado dinamicamente pela interface	1	Propor aqui; desenvolvimento aplica no banco textual/código		hac.modules.accessibility.a11y.select.to.shortname.l479c11.80d840d0	txt.785ade523ff5	src/plugin/modules/accessibility.js	479	_A11Y_SELECT_TO_SHORTNAME
1111	Acessibilidade	Termo do domínio de acessibilidade	Notas de Código		A revisar	Texto montado dinamicamente pela interface	5	Propor aqui; desenvolvimento aplica no banco textual/código		hac.modules.accessibility.a11y.toggle.labels.l504c10.c51472d6	txt.8904c1be0349	src/plugin/modules/accessibility.js	504	A11Y_TOGGLE_LABELS
1112	Acessibilidade	Termo do domínio de acessibilidade	Dica para Leitor de Tela		A revisar	Texto montado dinamicamente pela interface	3	Propor aqui; desenvolvimento aplica no banco textual/código		hac.modules.accessibility.a11y.toggle.labels.l510c22.f344aed2	txt.e1b02384952e	src/plugin/modules/accessibility.js	510	A11Y_TOGGLE_LABELS
1113	Acessibilidade	Termo do domínio de acessibilidade	Link do Componente		A revisar	Texto montado dinamicamente pela interface	1	Propor aqui; desenvolvimento aplica no banco textual/código		hac.modules.accessibility.a11y.toggle.labels.l511c19.d271bce6	txt.edf86ff1c8ed	src/plugin/modules/accessibility.js	511	A11Y_TOGGLE_LABELS
1114	Acessibilidade	Termo do domínio de acessibilidade	accessibilityHint		A revisar	Texto montado dinamicamente pela interface	2	Propor aqui; desenvolvimento aplica no banco textual/código		hac.modules.accessibility.a11y.mobile.only.toggles.l549c10.9fdde1ac	txt.504252eac75e	src/plugin/modules/accessibility.js	549	A11Y_MOBILE_ONLY_TOGGLES
1115	Acessibilidade	Termo do domínio de acessibilidade	componente		A revisar	Texto montado dinamicamente pela interface	11	Propor aqui; desenvolvimento aplica no banco textual/código		hac.modules.accessibility.a11y.elemento.mobile.variants.l565c15.91eb9338	txt.b997b3fca96a	src/plugin/modules/accessibility.js	565	A11Y_ELEMENTO_MOBILE_VARIANTS
1116	Acessibilidade	Termo do domínio de acessibilidade	link		A revisar	Texto montado dinamicamente pela interface	7	Propor aqui; desenvolvimento aplica no banco textual/código		hac.modules.accessibility.a11y.elemento.mobile.variants.l566c9.6271e747	txt.4f0aa52d656a	src/plugin/modules/accessibility.js	566	A11Y_ELEMENTO_MOBILE_VARIANTS
1117	Acessibilidade	Termo do domínio de acessibilidade	texto alternativo		A revisar	Texto montado dinamicamente pela interface	2	Propor aqui; desenvolvimento aplica no banco textual/código		hac.modules.accessibility.a11y.elemento.mobile.variants.l567c21.d3e88c64	txt.e3e04b6d486a	src/plugin/modules/accessibility.js	567	A11Y_ELEMENTO_MOBILE_VARIANTS
1118	Acessibilidade	Termo do domínio de acessibilidade	[insira aqui o link do componente]. Se o componente não estiver na lista acima, escreva o nome real dele aqui: é assim que a vertical de a11y sabe que falta mapear esse componente na lib.		A revisar	Texto montado dinamicamente pela interface	1	Propor aqui; desenvolvimento aplica no banco textual/código		hac.modules.accessibility.a11y.mobile.link.url.placeholder.l590c42.02b7e644	txt.357e2510f97b	src/plugin/modules/accessibility.js	590	A11Y_MOBILE_LINK_URL_PLACEHOLDER
1119	Acessibilidade	Termo do domínio de acessibilidade	mobile		A revisar	Texto montado dinamicamente pela interface	5	Propor aqui; desenvolvimento aplica no banco textual/código		hac.modules.accessibility.a11y.ui.profiles.l679c13.3c27a93f	txt.83d6311e87d4	src/plugin/modules/accessibility.js	679	A11Y_UI_PROFILES
1120	Acessibilidade	Termo do domínio de acessibilidade	web		A revisar	Texto montado dinamicamente pela interface	8	Propor aqui; desenvolvimento aplica no banco textual/código		hac.modules.accessibility.a11y.ui.profiles.l709c13.d4d68c97	txt.ca84d1343b96	src/plugin/modules/accessibility.js	709	A11Y_UI_PROFILES
1121	Acessibilidade	Termo do domínio de acessibilidade	componente		A revisar	Texto montado dinamicamente pela interface	11	Propor aqui; desenvolvimento aplica no banco textual/código		hac.modules.accessibility.a11y.variant.blocklist.l898c42.b75923c5	txt.b997b3fca96a	src/plugin/modules/accessibility.js	898	_A11Y_VARIANT_BLOCKLIST
1122	Acessibilidade	Termo do domínio de acessibilidade	variante		A revisar	Texto montado dinamicamente pela interface	2	Propor aqui; desenvolvimento aplica no banco textual/código		hac.modules.accessibility.a11y.variant.blocklist.l898c56.46f38d43	txt.c85743c8ea4a	src/plugin/modules/accessibility.js	898	_A11Y_VARIANT_BLOCKLIST
1123	Acessibilidade	Termo do domínio de acessibilidade	a11y-el-tag-input		A revisar	Texto montado dinamicamente pela interface	1	Propor aqui; desenvolvimento aplica no banco textual/código		hac.modules.accessibility.a11y.tag.input.id.l1350c13.9281c53a	txt.5e6932f2a8b6	src/plugin/modules/accessibility.js	1350	A11Y_TAG_INPUT_ID
1124	Acessibilidade	Termo do domínio de acessibilidade	a11y-estrutura-tag-input		A revisar	Texto montado dinamicamente pela interface	1	Propor aqui; desenvolvimento aplica no banco textual/código		hac.modules.accessibility.a11y.tag.input.id.l1351c14.e7ae9fa8	txt.25613ad2333c	src/plugin/modules/accessibility.js	1351	A11Y_TAG_INPUT_ID
1125	Acessibilidade	Termo do domínio de acessibilidade	a11y-el-tag-error		A revisar	Texto montado dinamicamente pela interface	1	Propor aqui; desenvolvimento aplica no banco textual/código		hac.modules.accessibility.a11y.tag.error.id.l1354c13.9d89570a	txt.78d3e3c53f9b	src/plugin/modules/accessibility.js	1354	A11Y_TAG_ERROR_ID
1126	Acessibilidade	Termo do domínio de acessibilidade	a11y-estrutura-tag-error		A revisar	Texto montado dinamicamente pela interface	1	Propor aqui; desenvolvimento aplica no banco textual/código		hac.modules.accessibility.a11y.tag.error.id.l1355c14.1ef4129f	txt.00e82bd44cd8	src/plugin/modules/accessibility.js	1355	A11Y_TAG_ERROR_ID
1127	Acessibilidade	Termo do domínio de acessibilidade	web		A revisar	Texto montado dinamicamente pela interface	8	Propor aqui; desenvolvimento aplica no banco textual/código		hac.modules.accessibility.opena11ymodal.a11yorigin.l1375c57.09523e92	txt.ca84d1343b96	src/plugin/modules/accessibility.js	1375	openA11yModal > a11yOrigin
1128	Acessibilidade	Termo do domínio de acessibilidade	idiomas		A revisar	Texto montado dinamicamente pela interface	2	Propor aqui; desenvolvimento aplica no banco textual/código		hac.modules.accessibility.a11y.web.estrutura.form.variacao.l3135c44.851ad5ad	txt.c369fb5dee00	src/plugin/modules/accessibility.js	3135	A11Y_WEB_ESTRUTURA_FORM_VARIACAO
1129	Acessibilidade	Termo do domínio de acessibilidade	Idioma		A revisar	Texto montado dinamicamente pela interface	5	Propor aqui; desenvolvimento aplica no banco textual/código		hac.modules.accessibility.a11y.web.estrutura.form.variacao.l3135c55.0630d27b	txt.113cff8ac7ee	src/plugin/modules/accessibility.js	3135	A11Y_WEB_ESTRUTURA_FORM_VARIACAO
1130	Acessibilidade	Termo do domínio de acessibilidade	marco de navegacao		A revisar	Texto montado dinamicamente pela interface	9	Propor aqui; desenvolvimento aplica no banco textual/código		hac.modules.accessibility.a11y.web.estrutura.form.variacao.l3135c65.c1d41213	txt.60329fb0364b	src/plugin/modules/accessibility.js	3135	A11Y_WEB_ESTRUTURA_FORM_VARIACAO
1131	Acessibilidade	Termo do domínio de acessibilidade	Marco de navegação		A revisar	Texto montado dinamicamente pela interface	6	Propor aqui; desenvolvimento aplica no banco textual/código		hac.modules.accessibility.a11y.web.estrutura.form.variacao.l3135c87.fefc12fb	txt.f745de63440f	src/plugin/modules/accessibility.js	3135	A11Y_WEB_ESTRUTURA_FORM_VARIACAO
1132	Acessibilidade	Termo do domínio de acessibilidade	titulo da pagina		A revisar	Texto montado dinamicamente pela interface	3	Propor aqui; desenvolvimento aplica no banco textual/código		hac.modules.accessibility.a11y.web.estrutura.form.variacao.l3135c109.9e41e170	txt.661a49c01068	src/plugin/modules/accessibility.js	3135	A11Y_WEB_ESTRUTURA_FORM_VARIACAO
1133	Acessibilidade	Termo do domínio de acessibilidade	Título da Página		A revisar	Texto montado dinamicamente pela interface	4	Propor aqui; desenvolvimento aplica no banco textual/código		hac.modules.accessibility.a11y.web.estrutura.form.variacao.l3135c129.8ff821ed	txt.dead91f968b4	src/plugin/modules/accessibility.js	3135	A11Y_WEB_ESTRUTURA_FORM_VARIACAO
1134	Acessibilidade	Termo do domínio de acessibilidade	da pagina		A revisar	Texto montado dinamicamente pela interface	7	Propor aqui; desenvolvimento aplica no banco textual/código		hac.modules.accessibility.a11y.web.estrutura.form.idioma.tipo.l3136c47.7043dbb1	txt.8dd5ae3334cc	src/plugin/modules/accessibility.js	3136	A11Y_WEB_ESTRUTURA_FORM_IDIOMA_TIPO
1135	Acessibilidade	Termo do domínio de acessibilidade	Página		A revisar	Texto montado dinamicamente pela interface	3	Propor aqui; desenvolvimento aplica no banco textual/código		hac.modules.accessibility.a11y.web.estrutura.form.idioma.tipo.l3136c60.3cf378a9	txt.fe34fd93c8e7	src/plugin/modules/accessibility.js	3136	A11Y_WEB_ESTRUTURA_FORM_IDIOMA_TIPO
1136	Acessibilidade	Termo do domínio de acessibilidade	das partes		A revisar	Texto montado dinamicamente pela interface	4	Propor aqui; desenvolvimento aplica no banco textual/código		hac.modules.accessibility.a11y.web.estrutura.form.idioma.tipo.l3136c70.e4458ba5	txt.a84778a25727	src/plugin/modules/accessibility.js	3136	A11Y_WEB_ESTRUTURA_FORM_IDIOMA_TIPO
1137	Acessibilidade	Termo do domínio de acessibilidade	Parte		A revisar	Texto montado dinamicamente pela interface	3	Propor aqui; desenvolvimento aplica no banco textual/código		hac.modules.accessibility.a11y.web.estrutura.form.idioma.tipo.l3136c84.cf7181e4	txt.3653c5dfa95b	src/plugin/modules/accessibility.js	3136	A11Y_WEB_ESTRUTURA_FORM_IDIOMA_TIPO
1138	Acessibilidade	Termo do domínio de acessibilidade	web-angular-react		A revisar	Texto montado dinamicamente pela interface	3	Propor aqui; desenvolvimento aplica no banco textual/código		hac.modules.accessibility.a11y.lib.to.origin.l5426c30.ebbc7e41	txt.78f934df514a	src/plugin/modules/accessibility.js	5426	A11Y_LIB_TO_ORIGIN
1139	Acessibilidade	Termo do domínio de acessibilidade	web		A revisar	Texto montado dinamicamente pela interface	8	Propor aqui; desenvolvimento aplica no banco textual/código		hac.modules.accessibility.a11y.lib.to.origin.l5426c51.d28cd865	txt.ca84d1343b96	src/plugin/modules/accessibility.js	5426	A11Y_LIB_TO_ORIGIN
1140	Acessibilidade	Termo do domínio de acessibilidade	super-dsc-web		A revisar	Texto montado dinamicamente pela interface	3	Propor aqui; desenvolvimento aplica no banco textual/código		hac.modules.accessibility.a11y.lib.to.origin.l5426c58.8decbf8f	txt.a2bb494ed444	src/plugin/modules/accessibility.js	5426	A11Y_LIB_TO_ORIGIN
1141	Acessibilidade	Termo do domínio de acessibilidade	web		A revisar	Texto montado dinamicamente pela interface	8	Propor aqui; desenvolvimento aplica no banco textual/código		hac.modules.accessibility.a11y.lib.to.origin.l5426c75.73547aea	txt.ca84d1343b96	src/plugin/modules/accessibility.js	5426	A11Y_LIB_TO_ORIGIN
1142	Acessibilidade	Termo do domínio de acessibilidade	super-app		A revisar	Texto montado dinamicamente pela interface	3	Propor aqui; desenvolvimento aplica no banco textual/código		hac.modules.accessibility.a11y.lib.to.origin.l5426c82.0ab92d48	txt.7d1858205100	src/plugin/modules/accessibility.js	5426	A11Y_LIB_TO_ORIGIN
1143	Acessibilidade	Termo do domínio de acessibilidade	mobile		A revisar	Texto montado dinamicamente pela interface	5	Propor aqui; desenvolvimento aplica no banco textual/código		hac.modules.accessibility.a11y.lib.to.origin.l5426c95.a253ffcd	txt.83d6311e87d4	src/plugin/modules/accessibility.js	5426	A11Y_LIB_TO_ORIGIN
1144	Acessibilidade	Termo do domínio de acessibilidade	web-angular-react		A revisar	Texto montado dinamicamente pela interface	3	Propor aqui; desenvolvimento aplica no banco textual/código		hac.modules.accessibility.a11y.lib.labels.l5427c27.5f0c1b52	txt.78f934df514a	src/plugin/modules/accessibility.js	5427	A11Y_LIB_LABELS
1145	Acessibilidade	Termo do domínio de acessibilidade	DSC Web Angular & React		A revisar	Texto montado dinamicamente pela interface	3	Propor aqui; desenvolvimento aplica no banco textual/código		hac.modules.accessibility.a11y.lib.labels.l5427c48.4f27b2b1	txt.f6b8c99928b8	src/plugin/modules/accessibility.js	5427	A11Y_LIB_LABELS
1146	Acessibilidade	Termo do domínio de acessibilidade	super-dsc-web		A revisar	Texto montado dinamicamente pela interface	3	Propor aqui; desenvolvimento aplica no banco textual/código		hac.modules.accessibility.a11y.lib.labels.l5427c75.4a1bfd69	txt.a2bb494ed444	src/plugin/modules/accessibility.js	5427	A11Y_LIB_LABELS
1147	Acessibilidade	Termo do domínio de acessibilidade	Super DSC Web		A revisar	Texto montado dinamicamente pela interface	4	Propor aqui; desenvolvimento aplica no banco textual/código		hac.modules.accessibility.a11y.lib.labels.l5427c92.45876fea	txt.88e1fa356c78	src/plugin/modules/accessibility.js	5427	A11Y_LIB_LABELS
1148	Acessibilidade	Termo do domínio de acessibilidade	super-app		A revisar	Texto montado dinamicamente pela interface	3	Propor aqui; desenvolvimento aplica no banco textual/código		hac.modules.accessibility.a11y.lib.labels.l5427c109.64a21fe9	txt.7d1858205100	src/plugin/modules/accessibility.js	5427	A11Y_LIB_LABELS
1149	Acessibilidade	Termo do domínio de acessibilidade	Super DSC Mobile		A revisar	Texto montado dinamicamente pela interface	3	Propor aqui; desenvolvimento aplica no banco textual/código		hac.modules.accessibility.a11y.lib.labels.l5427c122.a54e8b5a	txt.5d64152f69d7	src/plugin/modules/accessibility.js	5427	A11Y_LIB_LABELS
1150	Acessibilidade	Termo do domínio de acessibilidade	web-angular-react		A revisar	Texto montado dinamicamente pela interface	3	Propor aqui; desenvolvimento aplica no banco textual/código		hac.modules.accessibility.a11y.lib.icons.l5428c26.aafac832	txt.78f934df514a	src/plugin/modules/accessibility.js	5428	A11Y_LIB_ICONS
1151	Acessibilidade	Termo do domínio de acessibilidade	monitor		A revisar	Texto montado dinamicamente pela interface	3	Propor aqui; desenvolvimento aplica no banco textual/código		hac.modules.accessibility.a11y.lib.icons.l5428c47.b936a4e3	txt.9796809f7dae	src/plugin/modules/accessibility.js	5428	A11Y_LIB_ICONS
1152	Acessibilidade	Termo do domínio de acessibilidade	super-dsc-web		A revisar	Texto montado dinamicamente pela interface	3	Propor aqui; desenvolvimento aplica no banco textual/código		hac.modules.accessibility.a11y.lib.icons.l5428c58.26e195ec	txt.a2bb494ed444	src/plugin/modules/accessibility.js	5428	A11Y_LIB_ICONS
1153	Acessibilidade	Termo do domínio de acessibilidade	monitor		A revisar	Texto montado dinamicamente pela interface	3	Propor aqui; desenvolvimento aplica no banco textual/código		hac.modules.accessibility.a11y.lib.icons.l5428c75.147ff8a2	txt.9796809f7dae	src/plugin/modules/accessibility.js	5428	A11Y_LIB_ICONS
1154	Acessibilidade	Termo do domínio de acessibilidade	super-app		A revisar	Texto montado dinamicamente pela interface	3	Propor aqui; desenvolvimento aplica no banco textual/código		hac.modules.accessibility.a11y.lib.icons.l5428c86.ef319d25	txt.7d1858205100	src/plugin/modules/accessibility.js	5428	A11Y_LIB_ICONS
1155	Acessibilidade	Termo do domínio de acessibilidade	smartphone		A revisar	Texto montado dinamicamente pela interface	2	Propor aqui; desenvolvimento aplica no banco textual/código		hac.modules.accessibility.a11y.lib.icons.l5428c99.d824d01d	txt.b520dff52041	src/plugin/modules/accessibility.js	5428	A11Y_LIB_ICONS
1156	Acessibilidade	Termo do domínio de acessibilidade	web		A revisar	Texto montado dinamicamente pela interface	8	Propor aqui; desenvolvimento aplica no banco textual/código		hac.modules.accessibility.resolvea11yformpresetfromitem.a11yorigin.l6370c38.29fb8491	txt.ca84d1343b96	src/plugin/modules/accessibility.js	6370	_resolveA11yFormPresetFromItem > a11yOrigin
1157	Canvas / backend Figma	Termo do domínio de acessibilidade	button		A revisar	Texto usado no canvas ou em retorno do Figma	6	Propor aqui; desenvolvimento aplica no banco textual/código		hac.backend.dsc.matching.a11y.interactive.shortnames.l252c3.1167073e	txt.7b7fcc78d6cd	src/plugin/backend/dsc-matching.js	252	A11Y_INTERACTIVE_SHORTNAMES
1158	Canvas / backend Figma	Termo do domínio de acessibilidade	checkbox		A revisar	Texto usado no canvas ou em retorno do Figma	5	Propor aqui; desenvolvimento aplica no banco textual/código		hac.backend.dsc.matching.a11y.interactive.shortnames.l252c13.bbe2bb16	txt.57018890029a	src/plugin/backend/dsc-matching.js	252	A11Y_INTERACTIVE_SHORTNAMES
1159	Canvas / backend Figma	Termo do domínio de acessibilidade	radio button		A revisar	Texto usado no canvas ou em retorno do Figma	7	Propor aqui; desenvolvimento aplica no banco textual/código		hac.backend.dsc.matching.a11y.interactive.shortnames.l252c25.1599c297	txt.ce6bdd437106	src/plugin/backend/dsc-matching.js	252	A11Y_INTERACTIVE_SHORTNAMES
1160	Canvas / backend Figma	Termo do domínio de acessibilidade	switch		A revisar	Texto usado no canvas ou em retorno do Figma	5	Propor aqui; desenvolvimento aplica no banco textual/código		hac.backend.dsc.matching.a11y.interactive.shortnames.l252c41.1cfcede1	txt.01ba7992f85d	src/plugin/backend/dsc-matching.js	252	A11Y_INTERACTIVE_SHORTNAMES
1161	Canvas / backend Figma	Termo do domínio de acessibilidade	inputs		A revisar	Texto usado no canvas ou em retorno do Figma	2	Propor aqui; desenvolvimento aplica no banco textual/código		hac.backend.dsc.matching.a11y.interactive.shortnames.l252c51.c0db7485	txt.66b0c73b3ba6	src/plugin/backend/dsc-matching.js	252	A11Y_INTERACTIVE_SHORTNAMES
1162	Canvas / backend Figma	Termo do domínio de acessibilidade	paginator		A revisar	Texto usado no canvas ou em retorno do Figma	3	Propor aqui; desenvolvimento aplica no banco textual/código		hac.backend.dsc.matching.a11y.interactive.shortnames.l253c3.60bcb961	txt.31b8d545b193	src/plugin/backend/dsc-matching.js	253	A11Y_INTERACTIVE_SHORTNAMES
1163	Canvas / backend Figma	Termo do domínio de acessibilidade	stepper		A revisar	Texto usado no canvas ou em retorno do Figma	6	Propor aqui; desenvolvimento aplica no banco textual/código		hac.backend.dsc.matching.a11y.interactive.shortnames.l253c16.13ad9710	txt.52c8217c245d	src/plugin/backend/dsc-matching.js	253	A11Y_INTERACTIVE_SHORTNAMES
1164	Canvas / backend Figma	Termo do domínio de acessibilidade	tab group		A revisar	Texto usado no canvas ou em retorno do Figma	7	Propor aqui; desenvolvimento aplica no banco textual/código		hac.backend.dsc.matching.a11y.interactive.shortnames.l253c27.b81792b6	txt.3df042c01470	src/plugin/backend/dsc-matching.js	253	A11Y_INTERACTIVE_SHORTNAMES
1165	Canvas / backend Figma	Termo do domínio de acessibilidade	accordion		A revisar	Texto usado no canvas ou em retorno do Figma	4	Propor aqui; desenvolvimento aplica no banco textual/código		hac.backend.dsc.matching.a11y.interactive.shortnames.l253c40.79dd15e6	txt.d1391a0e8e22	src/plugin/backend/dsc-matching.js	253	A11Y_INTERACTIVE_SHORTNAMES
1166	Canvas / backend Figma	Termo do domínio de acessibilidade	breadcrumb		A revisar	Texto usado no canvas ou em retorno do Figma	4	Propor aqui; desenvolvimento aplica no banco textual/código		hac.backend.dsc.matching.a11y.interactive.shortnames.l253c53.912db9fb	txt.6e5ce570b4af	src/plugin/backend/dsc-matching.js	253	A11Y_INTERACTIVE_SHORTNAMES
1167	Canvas / backend Figma	Termo do domínio de acessibilidade	listas		A revisar	Texto usado no canvas ou em retorno do Figma	2	Propor aqui; desenvolvimento aplica no banco textual/código		hac.backend.dsc.matching.a11y.interactive.shortnames.l254c3.e3885f0d	txt.9aef9ecad0c5	src/plugin/backend/dsc-matching.js	254	A11Y_INTERACTIVE_SHORTNAMES
1168	Canvas / backend Figma	Termo do domínio de acessibilidade	link		A revisar	Texto usado no canvas ou em retorno do Figma	7	Propor aqui; desenvolvimento aplica no banco textual/código		hac.backend.dsc.matching.a11y.interactive.shortnames.l254c13.170b98fc	txt.4f0aa52d656a	src/plugin/backend/dsc-matching.js	254	A11Y_INTERACTIVE_SHORTNAMES
1169	Canvas / backend Figma	Termo do domínio de acessibilidade	a11y-elemento-componente-fora-da-base		A revisar	Texto usado no canvas ou em retorno do Figma	1	Propor aqui; desenvolvimento aplica no banco textual/código		hac.backend.onmessage.a11y.warned.fallbacks.l1402c19.c7458c9f	txt.1907b654f7c1	src/plugin/backend/onmessage.js	1402	_A11Y_WARNED_FALLBACKS
1170	Canvas / backend Figma	Termo do domínio de acessibilidade	O componente "		A revisar	Texto usado no canvas ou em retorno do Figma	1	Propor aqui; desenvolvimento aplica no banco textual/código		hac.backend.onmessage.a11y.warned.fallbacks.l1403c32.18b5d2e3	txt.2154781f23da	src/plugin/backend/onmessage.js	1403	_A11Y_WARNED_FALLBACKS
1171	Canvas / backend Figma	Termo do domínio de acessibilidade	" não consta na base de acessibilidade. A especificação foi criada como card genérico.		A revisar	Texto usado no canvas ou em retorno do Figma	1	Propor aqui; desenvolvimento aplica no banco textual/código		hac.backend.onmessage.a11y.warned.fallbacks.l1403c60.1b6e3797	txt.1436e7890a5c	src/plugin/backend/onmessage.js	1403	_A11Y_WARNED_FALLBACKS
1172	Canvas / backend Figma	Termo do domínio de acessibilidade	a11y-estrutura-sem-variante-na-base		A revisar	Texto usado no canvas ou em retorno do Figma	1	Propor aqui; desenvolvimento aplica no banco textual/código		hac.backend.onmessage.a11y.warned.fallbacks.l1406c19.34dc370f	txt.05f1edbd7889	src/plugin/backend/onmessage.js	1406	_A11Y_WARNED_FALLBACKS
1173	Canvas / backend Figma	Termo do domínio de acessibilidade	Essa variação de Estrutura da Página não existe na base de acessibilidade. A especificação foi criada como card genérico.		A revisar	Texto usado no canvas ou em retorno do Figma	1	Propor aqui; desenvolvimento aplica no banco textual/código		hac.backend.onmessage.a11y.warned.fallbacks.l1407c26.95ab5847	txt.875f85385fd1	src/plugin/backend/onmessage.js	1407	_A11Y_WARNED_FALLBACKS
1174	Canvas / backend Figma	Termo do domínio de acessibilidade	a11y-web-set-falhou		A revisar	Texto usado no canvas ou em retorno do Figma	1	Propor aqui; desenvolvimento aplica no banco textual/código		hac.backend.onmessage.a11y.warned.fallbacks.l1410c19.d04c5759	txt.f81609fd9fd9	src/plugin/backend/onmessage.js	1410	_A11Y_WARNED_FALLBACKS
1175	Canvas / backend Figma	Termo do domínio de acessibilidade	A base de acessibilidade mudou e o card não pôde ser preenchido com segurança. A especificação foi criada como card genérico.		A revisar	Texto usado no canvas ou em retorno do Figma	1	Propor aqui; desenvolvimento aplica no banco textual/código		hac.backend.onmessage.a11y.warned.fallbacks.l1411c26.8daa97c8	txt.edb1ad029e68	src/plugin/backend/onmessage.js	1411	_A11Y_WARNED_FALLBACKS
1176	Canvas / backend Figma	Termo do domínio de acessibilidade	ea54a0cca62bc6d8abee539efe989a18b1e322a7		A revisar	Texto usado no canvas ou em retorno do Figma	1	Propor aqui; desenvolvimento aplica no banco textual/código		hac.backend.platform.profiles.a11y.agrupamento.keys.l63c15.b015835f	txt.f4d04a003334	src/plugin/backend/platform-profiles.js	63	A11Y_AGRUPAMENTO_KEYS
1177	Canvas / backend Figma	Termo do domínio de acessibilidade	2165d66fcd65d977bc2cdcd86c26d68a07e65eaf		A revisar	Texto usado no canvas ou em retorno do Figma	1	Propor aqui; desenvolvimento aplica no banco textual/código		hac.backend.platform.profiles.a11y.agrupamento.keys.l64c15.e71927ab	txt.6ad094855287	src/plugin/backend/platform-profiles.js	64	A11Y_AGRUPAMENTO_KEYS
1178	Canvas / backend Figma	Termo do domínio de acessibilidade	83a72d71793cde67cb11c38df56e8f9bd1cb2acf		A revisar	Texto usado no canvas ou em retorno do Figma	1	Propor aqui; desenvolvimento aplica no banco textual/código		hac.backend.platform.profiles.a11y.agrupamento.keys.l65c15.82049190	txt.608a141b0855	src/plugin/backend/platform-profiles.js	65	A11Y_AGRUPAMENTO_KEYS
1179	Canvas / backend Figma	Termo do domínio de acessibilidade	97c0d6479a58b03397515b664e3d3de64b594706		A revisar	Texto usado no canvas ou em retorno do Figma	1	Propor aqui; desenvolvimento aplica no banco textual/código		hac.backend.platform.profiles.a11y.agrupamento.keys.l66c15.2e87db67	txt.60e65f799763	src/plugin/backend/platform-profiles.js	66	A11Y_AGRUPAMENTO_KEYS
1180	Canvas / backend Figma	Termo do domínio de acessibilidade	1f552b66bc48721b9be3160b02ac6a4762af0086		A revisar	Texto usado no canvas ou em retorno do Figma	1	Propor aqui; desenvolvimento aplica no banco textual/código		hac.backend.platform.profiles.a11y.agrupamento.keys.l69c15.85a719d6	txt.9a814c5c008c	src/plugin/backend/platform-profiles.js	69	A11Y_AGRUPAMENTO_KEYS
1181	Canvas / backend Figma	Termo do domínio de acessibilidade	143e04b04c302c1be1b0fe081bb3bf43d0a5a004		A revisar	Texto usado no canvas ou em retorno do Figma	1	Propor aqui; desenvolvimento aplica no banco textual/código		hac.backend.platform.profiles.a11y.agrupamento.keys.l70c15.30b6164f	txt.19b48fe7b41e	src/plugin/backend/platform-profiles.js	70	A11Y_AGRUPAMENTO_KEYS
1182	Canvas / backend Figma	Termo do domínio de acessibilidade	73f5b3d53cd673a4846b60e251e0108805644951		A revisar	Texto usado no canvas ou em retorno do Figma	1	Propor aqui; desenvolvimento aplica no banco textual/código		hac.backend.platform.profiles.a11y.agrupamento.keys.l71c15.e259c44e	txt.0d0df0062eff	src/plugin/backend/platform-profiles.js	71	A11Y_AGRUPAMENTO_KEYS
1183	Canvas / backend Figma	Termo do domínio de acessibilidade	edb2b2b5aaabb8649461ceee62307c0d27134982		A revisar	Texto usado no canvas ou em retorno do Figma	1	Propor aqui; desenvolvimento aplica no banco textual/código		hac.backend.platform.profiles.a11y.agrupamento.keys.l72c15.8e0cd4e2	txt.43747c58df6a	src/plugin/backend/platform-profiles.js	72	A11Y_AGRUPAMENTO_KEYS
1184	Canvas / backend Figma	Termo do domínio de acessibilidade	7b57c21d29e28b96a4b9d040cd77602a583783ac		A revisar	Texto usado no canvas ou em retorno do Figma	1	Propor aqui; desenvolvimento aplica no banco textual/código		hac.backend.platform.profiles.a11y.agrupamento.keys.l78c15.28aace90	txt.dfcc2fefc07b	src/plugin/backend/platform-profiles.js	78	A11Y_AGRUPAMENTO_KEYS
1185	Canvas / backend Figma	Termo do domínio de acessibilidade	b16123a85a77b6f39b134d689e9ba18f966cc949		A revisar	Texto usado no canvas ou em retorno do Figma	1	Propor aqui; desenvolvimento aplica no banco textual/código		hac.backend.platform.profiles.a11y.agrupamento.keys.l79c15.4573a594	txt.481f2dd4d70e	src/plugin/backend/platform-profiles.js	79	A11Y_AGRUPAMENTO_KEYS
1186	Canvas / backend Figma	Termo do domínio de acessibilidade	2bf9e00f39fb195a017a6697177a325121576073		A revisar	Texto usado no canvas ou em retorno do Figma	1	Propor aqui; desenvolvimento aplica no banco textual/código		hac.backend.platform.profiles.a11y.agrupamento.keys.l80c15.076b4239	txt.b21fd27495d7	src/plugin/backend/platform-profiles.js	80	A11Y_AGRUPAMENTO_KEYS
1187	Canvas / backend Figma	Termo do domínio de acessibilidade	7c9dca5e5312553824b84dfbb602097468be0bc4		A revisar	Texto usado no canvas ou em retorno do Figma	1	Propor aqui; desenvolvimento aplica no banco textual/código		hac.backend.platform.profiles.a11y.agrupamento.keys.l81c15.0c21cacd	txt.775be91addcc	src/plugin/backend/platform-profiles.js	81	A11Y_AGRUPAMENTO_KEYS
1188	Canvas / backend Figma	Termo do domínio de acessibilidade	ed17abfec856f9ca286f6bb4b828319af73f9851		A revisar	Texto usado no canvas ou em retorno do Figma	1	Propor aqui; desenvolvimento aplica no banco textual/código		hac.backend.platform.profiles.a11y.agrupamento.keys.l84c15.d5a18c3a	txt.07ebbd4d18be	src/plugin/backend/platform-profiles.js	84	A11Y_AGRUPAMENTO_KEYS
1189	Canvas / backend Figma	Termo do domínio de acessibilidade	e30f1468b18340bcce7e6937c9f655c2ebffc372		A revisar	Texto usado no canvas ou em retorno do Figma	1	Propor aqui; desenvolvimento aplica no banco textual/código		hac.backend.platform.profiles.a11y.agrupamento.keys.l85c15.ffbed8ea	txt.129a3482b42a	src/plugin/backend/platform-profiles.js	85	A11Y_AGRUPAMENTO_KEYS
1190	Canvas / backend Figma	Termo do domínio de acessibilidade	517ba6be813cc42c1d296a5e3c7161137aad4488		A revisar	Texto usado no canvas ou em retorno do Figma	1	Propor aqui; desenvolvimento aplica no banco textual/código		hac.backend.platform.profiles.a11y.agrupamento.keys.l86c15.5fbd7870	txt.4a3df703c787	src/plugin/backend/platform-profiles.js	86	A11Y_AGRUPAMENTO_KEYS
1191	Canvas / backend Figma	Termo do domínio de acessibilidade	2a317e3e61483a5fc0de41424ce82273f4c53a25		A revisar	Texto usado no canvas ou em retorno do Figma	1	Propor aqui; desenvolvimento aplica no banco textual/código		hac.backend.platform.profiles.a11y.agrupamento.keys.l87c15.b517a5ae	txt.cf6e2ae0676c	src/plugin/backend/platform-profiles.js	87	A11Y_AGRUPAMENTO_KEYS
1192	Canvas / backend Figma	Termo do domínio de acessibilidade	711ff70084002beb5484985790d313785826b041		A revisar	Texto usado no canvas ou em retorno do Figma	1	Propor aqui; desenvolvimento aplica no banco textual/código		hac.backend.platform.profiles.a11y.conector.linha.keys.l96c15.03c65ff2	txt.00069ad77e38	src/plugin/backend/platform-profiles.js	96	A11Y_CONECTOR_LINHA_KEYS
1193	Canvas / backend Figma	Termo do domínio de acessibilidade	48c0a893abb2859bf28fe660db2ef5a8ed998389		A revisar	Texto usado no canvas ou em retorno do Figma	1	Propor aqui; desenvolvimento aplica no banco textual/código		hac.backend.platform.profiles.a11y.conector.linha.keys.l97c15.5bc2fc3d	txt.fd4abe175c94	src/plugin/backend/platform-profiles.js	97	A11Y_CONECTOR_LINHA_KEYS
1194	Canvas / backend Figma	Termo do domínio de acessibilidade	d103d6403ab8f289c44499cf931de5d08e1c80a2		A revisar	Texto usado no canvas ou em retorno do Figma	1	Propor aqui; desenvolvimento aplica no banco textual/código		hac.backend.platform.profiles.a11y.conector.linha.keys.l98c15.13bfafc6	txt.a48c979197c4	src/plugin/backend/platform-profiles.js	98	A11Y_CONECTOR_LINHA_KEYS
1195	Canvas / backend Figma	Termo do domínio de acessibilidade	406b93c17f12ce592b2854a126b67e23c87a97e4		A revisar	Texto usado no canvas ou em retorno do Figma	1	Propor aqui; desenvolvimento aplica no banco textual/código		hac.backend.platform.profiles.a11y.conector.linha.keys.l99c15.823a3c2a	txt.1e654681ade7	src/plugin/backend/platform-profiles.js	99	A11Y_CONECTOR_LINHA_KEYS
1196	Canvas / backend Figma	Termo do domínio de acessibilidade	5506fa7159f82aa6984493ed9e8ef60372c3dd72		A revisar	Texto usado no canvas ou em retorno do Figma	1	Propor aqui; desenvolvimento aplica no banco textual/código		hac.backend.platform.profiles.a11y.conector.linha.keys.l100c17.1546fd9c	txt.bc2979715730	src/plugin/backend/platform-profiles.js	100	A11Y_CONECTOR_LINHA_KEYS
1197	Canvas / backend Figma	Termo do domínio de acessibilidade	26fa2e6f7f6a16f35054f29cd12de90bbf190ba0		A revisar	Texto usado no canvas ou em retorno do Figma	1	Propor aqui; desenvolvimento aplica no banco textual/código		hac.backend.platform.profiles.a11y.conector.linha.keys.l103c15.2fca091f	txt.cbbf6d1d18c9	src/plugin/backend/platform-profiles.js	103	A11Y_CONECTOR_LINHA_KEYS
1198	Canvas / backend Figma	Termo do domínio de acessibilidade	9b9aa1cfd2bb4327be1d72bfb125b326b90bc62e		A revisar	Texto usado no canvas ou em retorno do Figma	1	Propor aqui; desenvolvimento aplica no banco textual/código		hac.backend.platform.profiles.a11y.conector.linha.keys.l104c15.4b2859b2	txt.0135c00d3b3e	src/plugin/backend/platform-profiles.js	104	A11Y_CONECTOR_LINHA_KEYS
1199	Canvas / backend Figma	Termo do domínio de acessibilidade	9ab20cfc07ba0de6fe15754d53804d491ab728bf		A revisar	Texto usado no canvas ou em retorno do Figma	1	Propor aqui; desenvolvimento aplica no banco textual/código		hac.backend.platform.profiles.a11y.conector.linha.keys.l105c15.6f4e34e1	txt.b2b3c4e2cbcd	src/plugin/backend/platform-profiles.js	105	A11Y_CONECTOR_LINHA_KEYS
1200	Canvas / backend Figma	Termo do domínio de acessibilidade	575e5b4fe3d2be90721a46cad9e30473503684fa		A revisar	Texto usado no canvas ou em retorno do Figma	1	Propor aqui; desenvolvimento aplica no banco textual/código		hac.backend.platform.profiles.a11y.conector.linha.keys.l106c15.0d00c818	txt.c82813395686	src/plugin/backend/platform-profiles.js	106	A11Y_CONECTOR_LINHA_KEYS
1201	Canvas / backend Figma	Termo do domínio de acessibilidade	afedf7e06bde8d754bae4309a121b5760723bb96		A revisar	Texto usado no canvas ou em retorno do Figma	1	Propor aqui; desenvolvimento aplica no banco textual/código		hac.backend.platform.profiles.a11y.conector.linha.keys.l107c17.c4541aee	txt.43e75b9fa991	src/plugin/backend/platform-profiles.js	107	A11Y_CONECTOR_LINHA_KEYS
1202	Canvas / backend Figma	Termo do domínio de acessibilidade	3bda769bd18a3bcb0dedb3691deaa9548644a3dd		A revisar	Texto usado no canvas ou em retorno do Figma	1	Propor aqui; desenvolvimento aplica no banco textual/código		hac.backend.platform.profiles.a11y.conector.linha.keys.l110c15.6de88ea5	txt.c70f6278ddb2	src/plugin/backend/platform-profiles.js	110	A11Y_CONECTOR_LINHA_KEYS
1203	Canvas / backend Figma	Termo do domínio de acessibilidade	19fa60fe8f30a98e26eff0d2d1c75e973a87dfca		A revisar	Texto usado no canvas ou em retorno do Figma	1	Propor aqui; desenvolvimento aplica no banco textual/código		hac.backend.platform.profiles.a11y.conector.linha.keys.l111c15.a4600a9f	txt.67b9fa747064	src/plugin/backend/platform-profiles.js	111	A11Y_CONECTOR_LINHA_KEYS
1204	Canvas / backend Figma	Termo do domínio de acessibilidade	bbea0b89885808fb9af379a23573b2f9360f6b88		A revisar	Texto usado no canvas ou em retorno do Figma	1	Propor aqui; desenvolvimento aplica no banco textual/código		hac.backend.platform.profiles.a11y.conector.linha.keys.l112c15.fa9999e7	txt.0990b134ff00	src/plugin/backend/platform-profiles.js	112	A11Y_CONECTOR_LINHA_KEYS
1205	Canvas / backend Figma	Termo do domínio de acessibilidade	ef9578ce7fd51d26cdccc22fbc862bdd716050ce		A revisar	Texto usado no canvas ou em retorno do Figma	1	Propor aqui; desenvolvimento aplica no banco textual/código		hac.backend.platform.profiles.a11y.conector.linha.keys.l113c15.aebea22d	txt.4d0e9e8f7d54	src/plugin/backend/platform-profiles.js	113	A11Y_CONECTOR_LINHA_KEYS
1206	Canvas / backend Figma	Termo do domínio de acessibilidade	938d4f64c6272528b49c22da2cb03cf54c1ddeff		A revisar	Texto usado no canvas ou em retorno do Figma	1	Propor aqui; desenvolvimento aplica no banco textual/código		hac.backend.platform.profiles.a11y.conector.linha.keys.l114c17.b3b67d88	txt.5e91ec20ed97	src/plugin/backend/platform-profiles.js	114	A11Y_CONECTOR_LINHA_KEYS
1207	Canvas / backend Figma	Termo do domínio de acessibilidade	3bae568e0f46c702d1a34c9d1d7545352f0af488		A revisar	Texto usado no canvas ou em retorno do Figma	1	Propor aqui; desenvolvimento aplica no banco textual/código		hac.backend.platform.profiles.a11y.conector.linha.keys.l117c15.a7deca0c	txt.9d63706b3e87	src/plugin/backend/platform-profiles.js	117	A11Y_CONECTOR_LINHA_KEYS
1208	Canvas / backend Figma	Termo do domínio de acessibilidade	7f737bd2821b3360c3a77a256c68a1aa2b43baa0		A revisar	Texto usado no canvas ou em retorno do Figma	1	Propor aqui; desenvolvimento aplica no banco textual/código		hac.backend.platform.profiles.a11y.conector.linha.keys.l118c15.32e2c48c	txt.e0343ba2e047	src/plugin/backend/platform-profiles.js	118	A11Y_CONECTOR_LINHA_KEYS
1209	Canvas / backend Figma	Termo do domínio de acessibilidade	79fae2a5d1438938ff3072d3e677196f78c471f8		A revisar	Texto usado no canvas ou em retorno do Figma	1	Propor aqui; desenvolvimento aplica no banco textual/código		hac.backend.platform.profiles.a11y.conector.linha.keys.l119c15.ce663340	txt.ba990411afa8	src/plugin/backend/platform-profiles.js	119	A11Y_CONECTOR_LINHA_KEYS
1210	Canvas / backend Figma	Termo do domínio de acessibilidade	b054d91b10030c6aded2df65a801a425e1c1843f		A revisar	Texto usado no canvas ou em retorno do Figma	1	Propor aqui; desenvolvimento aplica no banco textual/código		hac.backend.platform.profiles.a11y.conector.linha.keys.l120c15.46a416b3	txt.045f46d8cbcf	src/plugin/backend/platform-profiles.js	120	A11Y_CONECTOR_LINHA_KEYS
1211	Canvas / backend Figma	Termo do domínio de acessibilidade	7e1c5465b4c1ff00dfb05baaa6bd7aaa2a508829		A revisar	Texto usado no canvas ou em retorno do Figma	1	Propor aqui; desenvolvimento aplica no banco textual/código		hac.backend.platform.profiles.a11y.conector.linha.keys.l121c17.71c0760f	txt.eedcea120a06	src/plugin/backend/platform-profiles.js	121	A11Y_CONECTOR_LINHA_KEYS
1212	Canvas / backend Figma	Termo do domínio de acessibilidade	30bc07a9462265a9c69b28f2389c25578fec3a75		A revisar	Texto usado no canvas ou em retorno do Figma	1	Propor aqui; desenvolvimento aplica no banco textual/código		hac.backend.platform.profiles.a11y.identificacao.tela.keys.l131c15.6cda20b1	txt.c3c800291032	src/plugin/backend/platform-profiles.js	131	A11Y_IDENTIFICACAO_TELA_KEYS
1213	Canvas / backend Figma	Termo do domínio de acessibilidade	bcaca4f76c4fc4f045706fee17d00432f0e1ed5b		A revisar	Texto usado no canvas ou em retorno do Figma	1	Propor aqui; desenvolvimento aplica no banco textual/código		hac.backend.platform.profiles.a11y.identificacao.tela.keys.l132c15.ee3c45da	txt.50672290c91f	src/plugin/backend/platform-profiles.js	132	A11Y_IDENTIFICACAO_TELA_KEYS
1214	Canvas / backend Figma	Termo do domínio de acessibilidade	ad35c5a35f919c325fac63197f72d80988a99599		A revisar	Texto usado no canvas ou em retorno do Figma	1	Propor aqui; desenvolvimento aplica no banco textual/código		hac.backend.platform.profiles.a11y.identificacao.tela.keys.l133c15.f6ea68ea	txt.6fa11ae68c5b	src/plugin/backend/platform-profiles.js	133	A11Y_IDENTIFICACAO_TELA_KEYS
1215	Canvas / backend Figma	Termo do domínio de acessibilidade	c1827f24908f990a0983b0519c2800c302d9f113		A revisar	Texto usado no canvas ou em retorno do Figma	1	Propor aqui; desenvolvimento aplica no banco textual/código		hac.backend.platform.profiles.a11y.identificacao.tela.keys.l134c15.0582b921	txt.be73acf384cf	src/plugin/backend/platform-profiles.js	134	A11Y_IDENTIFICACAO_TELA_KEYS
1216	Canvas / backend Figma	Termo do domínio de acessibilidade	64dd33125f08835d3561647ebf1a21bd0221b3f1		A revisar	Texto usado no canvas ou em retorno do Figma	1	Propor aqui; desenvolvimento aplica no banco textual/código		hac.backend.platform.profiles.a11y.identificacao.tela.keys.l135c15.c18c3b46	txt.caa59f57f342	src/plugin/backend/platform-profiles.js	135	A11Y_IDENTIFICACAO_TELA_KEYS
1217	Canvas / backend Figma	Termo do domínio de acessibilidade	número#1478:0		A revisar	Texto usado no canvas ou em retorno do Figma	1	Propor aqui; desenvolvimento aplica no banco textual/código		hac.backend.platform.profiles.a11y.identificacao.tela.props.l141c11.53426119	txt.4b32ccd9e51f	src/plugin/backend/platform-profiles.js	141	A11Y_IDENTIFICACAO_TELA_PROPS
1218	Canvas / backend Figma	Termo do domínio de acessibilidade	mostrar label#733:0		A revisar	Texto usado no canvas ou em retorno do Figma	1	Propor aqui; desenvolvimento aplica no banco textual/código		hac.backend.platform.profiles.a11y.identificacao.tela.props.l142c14.26355c49	txt.ade73e8dbeff	src/plugin/backend/platform-profiles.js	142	A11Y_IDENTIFICACAO_TELA_PROPS
1219	Canvas / backend Figma	Termo do domínio de acessibilidade	860c9f70d42c05f23e00c8414df16911d3292cab		A revisar	Texto usado no canvas ou em retorno do Figma	1	Propor aqui; desenvolvimento aplica no banco textual/código		hac.backend.platform.profiles.a11y.ordenacao.item.key.l149c40.a7949243	txt.917a666d698f	src/plugin/backend/platform-profiles.js	149	A11Y_ORDENACAO_ITEM_KEY
1220	Canvas / backend Figma	Termo do domínio de acessibilidade	esquerda		A revisar	Texto usado no canvas ou em retorno do Figma	1	Propor aqui; desenvolvimento aplica no banco textual/código		hac.code.a11y.side.to.orientacao.l1228c42.87ffefe3	txt.3d2a0394f7bd	src/plugin/code.js	1228	_A11Y_SIDE_TO_ORIENTACAO
1221	Canvas / backend Figma	Termo do domínio de acessibilidade	direita		A revisar	Texto usado no canvas ou em retorno do Figma	1	Propor aqui; desenvolvimento aplica no banco textual/código		hac.code.a11y.side.to.orientacao.l1228c61.3c73b2c7	txt.ba6a1047aedd	src/plugin/code.js	1228	_A11Y_SIDE_TO_ORIENTACAO
1222	Canvas / backend Figma	Termo do domínio de acessibilidade	superior		A revisar	Texto usado no canvas ou em retorno do Figma	1	Propor aqui; desenvolvimento aplica no banco textual/código		hac.code.a11y.side.to.orientacao.l1228c77.652e3033	txt.063dcf21f72d	src/plugin/code.js	1228	_A11Y_SIDE_TO_ORIENTACAO
1223	Canvas / backend Figma	Termo do domínio de acessibilidade	inferior		A revisar	Texto usado no canvas ou em retorno do Figma	1	Propor aqui; desenvolvimento aplica no banco textual/código		hac.code.a11y.side.to.orientacao.l1228c97.8b7bb2e5	txt.9278fe9049f0	src/plugin/code.js	1228	_A11Y_SIDE_TO_ORIENTACAO
1224	Canvas / backend Figma	Termo do domínio de acessibilidade	Número#10766:0		A revisar	Texto usado no canvas ou em retorno do Figma	1	Propor aqui; desenvolvimento aplica no banco textual/código		hac.code.a11y.agrupamento.letter.prop.key.l1268c13.691491a2	txt.efce07b5001f	src/plugin/code.js	1268	A11Y_AGRUPAMENTO_LETTER_PROP_KEY
1225	Canvas / backend Figma	Termo do domínio de acessibilidade	Letra#10766:2		A revisar	Texto usado no canvas ou em retorno do Figma	1	Propor aqui; desenvolvimento aplica no banco textual/código		hac.code.a11y.agrupamento.letter.prop.key.l1269c14.a1cf4046	txt.ca85f1be2f5c	src/plugin/code.js	1269	A11Y_AGRUPAMENTO_LETTER_PROP_KEY
1226	Canvas / backend Figma	Termo do domínio de acessibilidade	Nível#10766:1		A revisar	Texto usado no canvas ou em retorno do Figma	1	Propor aqui; desenvolvimento aplica no banco textual/código		hac.code.a11y.agrupamento.letter.prop.key.l1270c11.092683f9	txt.a3dc3f67c440	src/plugin/code.js	1270	A11Y_AGRUPAMENTO_LETTER_PROP_KEY
1227	Canvas / backend Figma	Termo do domínio de acessibilidade	hac — Especificações de Acessibilidade		A revisar	Texto usado no canvas ou em retorno do Figma	1	Propor aqui; desenvolvimento aplica no banco textual/código		hac.code.a11y.section.name.l1385c34.4e6d8fa2	txt.e38b04d20b58	src/plugin/code.js	1385	A11Y_SECTION_NAME
1228	Canvas / backend Figma	Termo do domínio de acessibilidade	hac — Ordem de Tabulação		A revisar	Texto usado no canvas ou em retorno do Figma	1	Propor aqui; desenvolvimento aplica no banco textual/código		hac.code.a11y.tab.order.section.name.l1386c37.2dec0be5	txt.adbd76a1232d	src/plugin/code.js	1386	A11Y_TAB_ORDER_SECTION_NAME
1229	Canvas / backend Figma	Termo do domínio de acessibilidade	hac — Trilhas de Swipe		A revisar	Texto usado no canvas ou em retorno do Figma	1	Propor aqui; desenvolvimento aplica no banco textual/código		hac.code.a11y.swipe.flow.section.name.l1395c45.e8d1b996	txt.eb47e4f572a8	src/plugin/code.js	1395	A11Y_SWIPE_FLOW_SECTION_NAME
1230	Canvas / backend Figma	Termo do domínio de acessibilidade	hac — Handoff de Acessibilidade		A revisar	Texto usado no canvas ou em retorno do Figma	1	Propor aqui; desenvolvimento aplica no banco textual/código		hac.code.a11y.ficha.section.name.l3027c33.446a7986	txt.5e8d656885fd	src/plugin/code.js	3027	A11Y_FICHA_SECTION_NAME
1231	Canvas / backend Figma	Termo do domínio de acessibilidade	hac — Ficha de Handoff		A revisar	Texto usado no canvas ou em retorno do Figma	1	Propor aqui; desenvolvimento aplica no banco textual/código		hac.code.a11y.ficha.section.name.legacy.l3035c40.30f4dbf3	txt.073a6390812e	src/plugin/code.js	3035	A11Y_FICHA_SECTION_NAME_LEGACY
1232	Canvas / backend Figma	Termo do domínio de acessibilidade	hac — Handoff Completo		A revisar	Texto usado no canvas ou em retorno do Figma	1	Propor aqui; desenvolvimento aplica no banco textual/código		hac.code.a11y.ficha.section.name.legacy.2.l3036c42.6a43de0d	txt.5424a4a57b30	src/plugin/code.js	3036	A11Y_FICHA_SECTION_NAME_LEGACY_2
1233	Canvas / backend Figma	Termo do domínio de acessibilidade	display/standard		A revisar	Texto usado no canvas ou em retorno do Figma	1	Propor aqui; desenvolvimento aplica no banco textual/código		hac.code.a11y.ficha.type.scale.l3687c3.615630a0	txt.338bed38af20	src/plugin/code.js	3687	A11Y_FICHA_TYPE_SCALE
1234	Canvas / backend Figma	Termo do domínio de acessibilidade	display/standard-semibold		A revisar	Texto usado no canvas ou em retorno do Figma	1	Propor aqui; desenvolvimento aplica no banco textual/código		hac.code.a11y.ficha.type.scale.l3688c3.eaf59a43	txt.29482f534934	src/plugin/code.js	3688	A11Y_FICHA_TYPE_SCALE
1235	Canvas / backend Figma	Termo do domínio de acessibilidade	title/large		A revisar	Texto usado no canvas ou em retorno do Figma	2	Propor aqui; desenvolvimento aplica no banco textual/código		hac.code.a11y.ficha.type.scale.l3689c3.64f6a0a0	txt.c60c915d7e74	src/plugin/code.js	3689	A11Y_FICHA_TYPE_SCALE
1236	Canvas / backend Figma	Termo do domínio de acessibilidade	title/large-semibold		A revisar	Texto usado no canvas ou em retorno do Figma	1	Propor aqui; desenvolvimento aplica no banco textual/código		hac.code.a11y.ficha.type.scale.l3690c3.3ea522b4	txt.0e343ae9b593	src/plugin/code.js	3690	A11Y_FICHA_TYPE_SCALE
1237	Canvas / backend Figma	Termo do domínio de acessibilidade	title/standard		A revisar	Texto usado no canvas ou em retorno do Figma	1	Propor aqui; desenvolvimento aplica no banco textual/código		hac.code.a11y.ficha.type.scale.l3691c3.36a81d65	txt.cf26c4cb18fb	src/plugin/code.js	3691	A11Y_FICHA_TYPE_SCALE
1238	Canvas / backend Figma	Termo do domínio de acessibilidade	title/small		A revisar	Texto usado no canvas ou em retorno do Figma	2	Propor aqui; desenvolvimento aplica no banco textual/código		hac.code.a11y.ficha.type.scale.l3692c3.2fe42245	txt.315763090d78	src/plugin/code.js	3692	A11Y_FICHA_TYPE_SCALE
1239	Canvas / backend Figma	Termo do domínio de acessibilidade	body/large		A revisar	Texto usado no canvas ou em retorno do Figma	1	Propor aqui; desenvolvimento aplica no banco textual/código		hac.code.a11y.ficha.type.scale.l3693c3.c82bc4ea	txt.8b0fb63e9665	src/plugin/code.js	3693	A11Y_FICHA_TYPE_SCALE
1240	Canvas / backend Figma	Termo do domínio de acessibilidade	label/standard		A revisar	Texto usado no canvas ou em retorno do Figma	2	Propor aqui; desenvolvimento aplica no banco textual/código		hac.code.a11y.ficha.type.scale.l3694c3.820ddcae	txt.41552333cf2c	src/plugin/code.js	3694	A11Y_FICHA_TYPE_SCALE
1241	Canvas / backend Figma	Termo do domínio de acessibilidade	body/standard		A revisar	Texto usado no canvas ou em retorno do Figma	2	Propor aqui; desenvolvimento aplica no banco textual/código		hac.code.a11y.ficha.type.scale.l3695c3.c7818bca	txt.309eb159d51a	src/plugin/code.js	3695	A11Y_FICHA_TYPE_SCALE
1242	Canvas / backend Figma	Termo do domínio de acessibilidade	label/small		A revisar	Texto usado no canvas ou em retorno do Figma	4	Propor aqui; desenvolvimento aplica no banco textual/código		hac.code.a11y.ficha.type.scale.l3696c3.8fc0e1f2	txt.1b3a181b688f	src/plugin/code.js	3696	A11Y_FICHA_TYPE_SCALE
1243	Canvas / backend Figma	Termo do domínio de acessibilidade	body/small		A revisar	Texto usado no canvas ou em retorno do Figma	1	Propor aqui; desenvolvimento aplica no banco textual/código		hac.code.a11y.ficha.type.scale.l3697c3.3935b288	txt.da1c0625ca8f	src/plugin/code.js	3697	A11Y_FICHA_TYPE_SCALE
1244	Canvas / backend Figma	Termo do domínio de acessibilidade	label/tiny		A revisar	Texto usado no canvas ou em retorno do Figma	18	Propor aqui; desenvolvimento aplica no banco textual/código		hac.code.a11y.ficha.type.scale.l3698c3.e5aa5c92	txt.f4175b9050f0	src/plugin/code.js	3698	A11Y_FICHA_TYPE_SCALE
1245	Estrutura global	Termo do domínio de acessibilidade	a11y-capture-bar-instructions-block		A revisar	Texto montado dinamicamente pela interface	1	Propor aqui; desenvolvimento aplica no banco textual/código		hac.modules.core.a11y.capture.bar.instruction.ids.l583c22.f8a1f525	txt.eb8af916de8e	src/plugin/modules/core.js	583	A11Y_CAPTURE_BAR_INSTRUCTION_IDS
1246	Estrutura global	Termo do domínio de acessibilidade	a11y-capture-bar-steps		A revisar	Texto montado dinamicamente pela interface	1	Propor aqui; desenvolvimento aplica no banco textual/código		hac.modules.core.a11y.capture.bar.instruction.ids.l587c10.8bf178e9	txt.cce0feaefebe	src/plugin/modules/core.js	587	A11Y_CAPTURE_BAR_INSTRUCTION_IDS
1247	Estrutura global	Termo do domínio de acessibilidade	a11y-capture-bar-steps-block		A revisar	Texto montado dinamicamente pela interface	1	Propor aqui; desenvolvimento aplica no banco textual/código		hac.modules.core.a11y.capture.bar.instruction.ids.l588c15.270878e7	txt.98891c2705cf	src/plugin/modules/core.js	588	A11Y_CAPTURE_BAR_INSTRUCTION_IDS
1248	Mensagens da interface	Termo do domínio de acessibilidade	a11y-detection		A revisar	Texto montado dinamicamente pela interface	1	Propor aqui; desenvolvimento aplica no banco textual/código		hac.modules.messages.isa11ydetectionscan.l264c53.da50af80	txt.fde2887d5fe4	src/plugin/modules/messages.js	264	_isA11yDetectionScan
1249	Ordem de tabulação	Termo do domínio de acessibilidade	a11y-instruction-modal-instructions-block		A revisar	Texto montado dinamicamente pela interface	1	Propor aqui; desenvolvimento aplica no banco textual/código		hac.modules.tab.order.a11y.instruction.modal.ids.l286c22.1e6697a8	txt.918747d151c4	src/plugin/modules/tab-order.js	286	A11Y_INSTRUCTION_MODAL_IDS
1250	Ordem de tabulação	Termo do domínio de acessibilidade	a11y-instruction-modal-steps		A revisar	Texto montado dinamicamente pela interface	1	Propor aqui; desenvolvimento aplica no banco textual/código		hac.modules.tab.order.a11y.instruction.modal.ids.l290c10.409c3565	txt.dc3a4dd357a3	src/plugin/modules/tab-order.js	290	A11Y_INSTRUCTION_MODAL_IDS
1251	Ordem de tabulação	Termo do domínio de acessibilidade	a11y-instruction-modal-steps-block		A revisar	Texto montado dinamicamente pela interface	1	Propor aqui; desenvolvimento aplica no banco textual/código		hac.modules.tab.order.a11y.instruction.modal.ids.l291c15.cda5961e	txt.f41921b9dbfd	src/plugin/modules/tab-order.js	291	A11Y_INSTRUCTION_MODAL_IDS
1252	Conteúdo das bibliotecas	Vocabulário da biblioteca Mobile	Accordion		A revisar	Conteúdo estruturado ou termo vindo da biblioteca	4	Propor aqui; desenvolvimento atualiza a biblioteca/fonte e regenera o plugin		hac.refs.design.acessivel.mobile.wrapper.generated.componentoptions.0.0ea5d172	txt.d1391a0e8e22	src/plugin/refs/design-acessivel-mobile-wrapper.generated.json	15	componentOptions.0
1253	Conteúdo das bibliotecas	Vocabulário da biblioteca Mobile	Account Select		A revisar	Conteúdo estruturado ou termo vindo da biblioteca	2	Propor aqui; desenvolvimento atualiza a biblioteca/fonte e regenera o plugin		hac.refs.design.acessivel.mobile.wrapper.generated.componentoptions.1.eac3207f	txt.0a6354a274dd	src/plugin/refs/design-acessivel-mobile-wrapper.generated.json	16	componentOptions.1
1254	Conteúdo das bibliotecas	Vocabulário da biblioteca Mobile	Alert Dialog		A revisar	Conteúdo estruturado ou termo vindo da biblioteca	1	Propor aqui; desenvolvimento atualiza a biblioteca/fonte e regenera o plugin		hac.refs.design.acessivel.mobile.wrapper.generated.componentoptions.2.3b96bd58	txt.3c80f73231c9	src/plugin/refs/design-acessivel-mobile-wrapper.generated.json	17	componentOptions.2
1255	Conteúdo das bibliotecas	Vocabulário da biblioteca Mobile	Avatar		A revisar	Conteúdo estruturado ou termo vindo da biblioteca	2	Propor aqui; desenvolvimento atualiza a biblioteca/fonte e regenera o plugin		hac.refs.design.acessivel.mobile.wrapper.generated.componentoptions.3.28638979	txt.9c3bb49ffea1	src/plugin/refs/design-acessivel-mobile-wrapper.generated.json	18	componentOptions.3
1256	Conteúdo das bibliotecas	Vocabulário da biblioteca Mobile	Avatar Hero		A revisar	Conteúdo estruturado ou termo vindo da biblioteca	1	Propor aqui; desenvolvimento atualiza a biblioteca/fonte e regenera o plugin		hac.refs.design.acessivel.mobile.wrapper.generated.componentoptions.4.ecae2c96	txt.e94bcb2abe28	src/plugin/refs/design-acessivel-mobile-wrapper.generated.json	19	componentOptions.4
1257	Conteúdo das bibliotecas	Vocabulário da biblioteca Mobile	Badge		A revisar	Conteúdo estruturado ou termo vindo da biblioteca	2	Propor aqui; desenvolvimento atualiza a biblioteca/fonte e regenera o plugin		hac.refs.design.acessivel.mobile.wrapper.generated.componentoptions.5.0cfbfd30	txt.adac3846b477	src/plugin/refs/design-acessivel-mobile-wrapper.generated.json	20	componentOptions.5
1258	Conteúdo das bibliotecas	Vocabulário da biblioteca Mobile	Badge Notification		A revisar	Conteúdo estruturado ou termo vindo da biblioteca	2	Propor aqui; desenvolvimento atualiza a biblioteca/fonte e regenera o plugin		hac.refs.design.acessivel.mobile.wrapper.generated.componentoptions.6.a2cb3a1b	txt.12491d38d974	src/plugin/refs/design-acessivel-mobile-wrapper.generated.json	21	componentOptions.6
1259	Conteúdo das bibliotecas	Vocabulário da biblioteca Mobile	Badge Text		A revisar	Conteúdo estruturado ou termo vindo da biblioteca	2	Propor aqui; desenvolvimento atualiza a biblioteca/fonte e regenera o plugin		hac.refs.design.acessivel.mobile.wrapper.generated.componentoptions.7.0bf97710	txt.43605fc720b8	src/plugin/refs/design-acessivel-mobile-wrapper.generated.json	22	componentOptions.7
1260	Conteúdo das bibliotecas	Vocabulário da biblioteca Mobile	Button		A revisar	Conteúdo estruturado ou termo vindo da biblioteca	6	Propor aqui; desenvolvimento atualiza a biblioteca/fonte e regenera o plugin		hac.refs.design.acessivel.mobile.wrapper.generated.componentoptions.8.4e58eaee	txt.7b7fcc78d6cd	src/plugin/refs/design-acessivel-mobile-wrapper.generated.json	23	componentOptions.8
1261	Conteúdo das bibliotecas	Vocabulário da biblioteca Mobile	Card		A revisar	Conteúdo estruturado ou termo vindo da biblioteca	2	Propor aqui; desenvolvimento atualiza a biblioteca/fonte e regenera o plugin		hac.refs.design.acessivel.mobile.wrapper.generated.componentoptions.9.bc6e8a36	txt.2ab0591dbcf5	src/plugin/refs/design-acessivel-mobile-wrapper.generated.json	24	componentOptions.9
1262	Conteúdo das bibliotecas	Vocabulário da biblioteca Mobile	Card Account		A revisar	Conteúdo estruturado ou termo vindo da biblioteca	1	Propor aqui; desenvolvimento atualiza a biblioteca/fonte e regenera o plugin		hac.refs.design.acessivel.mobile.wrapper.generated.componentoptions.10.3168ca2a	txt.5971887dae24	src/plugin/refs/design-acessivel-mobile-wrapper.generated.json	25	componentOptions.10
1263	Conteúdo das bibliotecas	Vocabulário da biblioteca Mobile	Card Alert		A revisar	Conteúdo estruturado ou termo vindo da biblioteca	2	Propor aqui; desenvolvimento atualiza a biblioteca/fonte e regenera o plugin		hac.refs.design.acessivel.mobile.wrapper.generated.componentoptions.11.e0374597	txt.38b18be47097	src/plugin/refs/design-acessivel-mobile-wrapper.generated.json	26	componentOptions.11
1264	Conteúdo das bibliotecas	Vocabulário da biblioteca Mobile	Card Carousel Vertical		A revisar	Conteúdo estruturado ou termo vindo da biblioteca	1	Propor aqui; desenvolvimento atualiza a biblioteca/fonte e regenera o plugin		hac.refs.design.acessivel.mobile.wrapper.generated.componentoptions.12.ab021ad9	txt.1bb7db201aad	src/plugin/refs/design-acessivel-mobile-wrapper.generated.json	27	componentOptions.12
1265	Conteúdo das bibliotecas	Vocabulário da biblioteca Mobile	Card Feed		A revisar	Conteúdo estruturado ou termo vindo da biblioteca	1	Propor aqui; desenvolvimento atualiza a biblioteca/fonte e regenera o plugin		hac.refs.design.acessivel.mobile.wrapper.generated.componentoptions.13.92316830	txt.6328592de25f	src/plugin/refs/design-acessivel-mobile-wrapper.generated.json	28	componentOptions.13
1266	Conteúdo das bibliotecas	Vocabulário da biblioteca Mobile	Card Notification		A revisar	Conteúdo estruturado ou termo vindo da biblioteca	2	Propor aqui; desenvolvimento atualiza a biblioteca/fonte e regenera o plugin		hac.refs.design.acessivel.mobile.wrapper.generated.componentoptions.14.7cc2dbb2	txt.6fb1662eec05	src/plugin/refs/design-acessivel-mobile-wrapper.generated.json	29	componentOptions.14
1267	Conteúdo das bibliotecas	Vocabulário da biblioteca Mobile	Card Product Offer		A revisar	Conteúdo estruturado ou termo vindo da biblioteca	1	Propor aqui; desenvolvimento atualiza a biblioteca/fonte e regenera o plugin		hac.refs.design.acessivel.mobile.wrapper.generated.componentoptions.15.284ee214	txt.5b034ceebe90	src/plugin/refs/design-acessivel-mobile-wrapper.generated.json	30	componentOptions.15
1268	Conteúdo das bibliotecas	Vocabulário da biblioteca Mobile	Card Wallet		A revisar	Conteúdo estruturado ou termo vindo da biblioteca	1	Propor aqui; desenvolvimento atualiza a biblioteca/fonte e regenera o plugin		hac.refs.design.acessivel.mobile.wrapper.generated.componentoptions.16.1df5380f	txt.9fce776beaf4	src/plugin/refs/design-acessivel-mobile-wrapper.generated.json	31	componentOptions.16
1269	Conteúdo das bibliotecas	Vocabulário da biblioteca Mobile	Card Widget		A revisar	Conteúdo estruturado ou termo vindo da biblioteca	2	Propor aqui; desenvolvimento atualiza a biblioteca/fonte e regenera o plugin		hac.refs.design.acessivel.mobile.wrapper.generated.componentoptions.17.165c7b05	txt.3a1c9d85fb98	src/plugin/refs/design-acessivel-mobile-wrapper.generated.json	32	componentOptions.17
1270	Conteúdo das bibliotecas	Vocabulário da biblioteca Mobile	Checkbox		A revisar	Conteúdo estruturado ou termo vindo da biblioteca	5	Propor aqui; desenvolvimento atualiza a biblioteca/fonte e regenera o plugin		hac.refs.design.acessivel.mobile.wrapper.generated.componentoptions.18.24f93bf4	txt.57018890029a	src/plugin/refs/design-acessivel-mobile-wrapper.generated.json	33	componentOptions.18
1271	Conteúdo das bibliotecas	Vocabulário da biblioteca Mobile	Chips		A revisar	Conteúdo estruturado ou termo vindo da biblioteca	1	Propor aqui; desenvolvimento atualiza a biblioteca/fonte e regenera o plugin		hac.refs.design.acessivel.mobile.wrapper.generated.componentoptions.19.e8a4396e	txt.1247eb8f560d	src/plugin/refs/design-acessivel-mobile-wrapper.generated.json	34	componentOptions.19
1272	Conteúdo das bibliotecas	Vocabulário da biblioteca Mobile	Comparison Table		A revisar	Conteúdo estruturado ou termo vindo da biblioteca	1	Propor aqui; desenvolvimento atualiza a biblioteca/fonte e regenera o plugin		hac.refs.design.acessivel.mobile.wrapper.generated.componentoptions.20.5dd907de	txt.51df1fa8d2f7	src/plugin/refs/design-acessivel-mobile-wrapper.generated.json	35	componentOptions.20
1273	Conteúdo das bibliotecas	Vocabulário da biblioteca Mobile	Credit Card Button		A revisar	Conteúdo estruturado ou termo vindo da biblioteca	1	Propor aqui; desenvolvimento atualiza a biblioteca/fonte e regenera o plugin		hac.refs.design.acessivel.mobile.wrapper.generated.componentoptions.21.a4078b50	txt.cf63cddc25f0	src/plugin/refs/design-acessivel-mobile-wrapper.generated.json	36	componentOptions.21
1274	Conteúdo das bibliotecas	Vocabulário da biblioteca Mobile	Date Picker		A revisar	Conteúdo estruturado ou termo vindo da biblioteca	2	Propor aqui; desenvolvimento atualiza a biblioteca/fonte e regenera o plugin		hac.refs.design.acessivel.mobile.wrapper.generated.componentoptions.22.0c5cca10	txt.68f541574e36	src/plugin/refs/design-acessivel-mobile-wrapper.generated.json	37	componentOptions.22
1275	Conteúdo das bibliotecas	Vocabulário da biblioteca Mobile	Digital Wallet Button		A revisar	Conteúdo estruturado ou termo vindo da biblioteca	1	Propor aqui; desenvolvimento atualiza a biblioteca/fonte e regenera o plugin		hac.refs.design.acessivel.mobile.wrapper.generated.componentoptions.23.bb890afd	txt.5879522ecdd7	src/plugin/refs/design-acessivel-mobile-wrapper.generated.json	38	componentOptions.23
1276	Conteúdo das bibliotecas	Vocabulário da biblioteca Mobile	Icon Button		A revisar	Conteúdo estruturado ou termo vindo da biblioteca	2	Propor aqui; desenvolvimento atualiza a biblioteca/fonte e regenera o plugin		hac.refs.design.acessivel.mobile.wrapper.generated.componentoptions.24.7edb5410	txt.43ef8789347e	src/plugin/refs/design-acessivel-mobile-wrapper.generated.json	39	componentOptions.24
1277	Conteúdo das bibliotecas	Vocabulário da biblioteca Mobile	Icon Button Text		A revisar	Conteúdo estruturado ou termo vindo da biblioteca	2	Propor aqui; desenvolvimento atualiza a biblioteca/fonte e regenera o plugin		hac.refs.design.acessivel.mobile.wrapper.generated.componentoptions.25.f75abda5	txt.1cc2e5c75753	src/plugin/refs/design-acessivel-mobile-wrapper.generated.json	40	componentOptions.25
1278	Conteúdo das bibliotecas	Vocabulário da biblioteca Mobile	Input Chat		A revisar	Conteúdo estruturado ou termo vindo da biblioteca	1	Propor aqui; desenvolvimento atualiza a biblioteca/fonte e regenera o plugin		hac.refs.design.acessivel.mobile.wrapper.generated.componentoptions.26.63ffffb3	txt.286b31e223ba	src/plugin/refs/design-acessivel-mobile-wrapper.generated.json	41	componentOptions.26
1279	Conteúdo das bibliotecas	Vocabulário da biblioteca Mobile	Input Money		A revisar	Conteúdo estruturado ou termo vindo da biblioteca	2	Propor aqui; desenvolvimento atualiza a biblioteca/fonte e regenera o plugin		hac.refs.design.acessivel.mobile.wrapper.generated.componentoptions.27.82223738	txt.f99d81df6cf3	src/plugin/refs/design-acessivel-mobile-wrapper.generated.json	42	componentOptions.27
1280	Conteúdo das bibliotecas	Vocabulário da biblioteca Mobile	Input Pin		A revisar	Conteúdo estruturado ou termo vindo da biblioteca	2	Propor aqui; desenvolvimento atualiza a biblioteca/fonte e regenera o plugin		hac.refs.design.acessivel.mobile.wrapper.generated.componentoptions.28.0896c782	txt.e9272977bd59	src/plugin/refs/design-acessivel-mobile-wrapper.generated.json	43	componentOptions.28
1281	Conteúdo das bibliotecas	Vocabulário da biblioteca Mobile	Input Slider		A revisar	Conteúdo estruturado ou termo vindo da biblioteca	2	Propor aqui; desenvolvimento atualiza a biblioteca/fonte e regenera o plugin		hac.refs.design.acessivel.mobile.wrapper.generated.componentoptions.29.75487a94	txt.e2315e8d0bf9	src/plugin/refs/design-acessivel-mobile-wrapper.generated.json	44	componentOptions.29
1282	Conteúdo das bibliotecas	Vocabulário da biblioteca Mobile	Input Stepper		A revisar	Conteúdo estruturado ou termo vindo da biblioteca	2	Propor aqui; desenvolvimento atualiza a biblioteca/fonte e regenera o plugin		hac.refs.design.acessivel.mobile.wrapper.generated.componentoptions.30.6bf800fa	txt.115c9e17b7c5	src/plugin/refs/design-acessivel-mobile-wrapper.generated.json	45	componentOptions.30
1283	Conteúdo das bibliotecas	Vocabulário da biblioteca Mobile	Input / Text Field Form		A revisar	Conteúdo estruturado ou termo vindo da biblioteca	1	Propor aqui; desenvolvimento atualiza a biblioteca/fonte e regenera o plugin		hac.refs.design.acessivel.mobile.wrapper.generated.componentoptions.31.6201bf8a	txt.00e5941d725f	src/plugin/refs/design-acessivel-mobile-wrapper.generated.json	46	componentOptions.31
1284	Conteúdo das bibliotecas	Vocabulário da biblioteca Mobile	Input / Text Field Single		A revisar	Conteúdo estruturado ou termo vindo da biblioteca	1	Propor aqui; desenvolvimento atualiza a biblioteca/fonte e regenera o plugin		hac.refs.design.acessivel.mobile.wrapper.generated.componentoptions.32.af5bace5	txt.0dc7eb33e2d1	src/plugin/refs/design-acessivel-mobile-wrapper.generated.json	47	componentOptions.32
1285	Conteúdo das bibliotecas	Vocabulário da biblioteca Mobile	List Accordion		A revisar	Conteúdo estruturado ou termo vindo da biblioteca	1	Propor aqui; desenvolvimento atualiza a biblioteca/fonte e regenera o plugin		hac.refs.design.acessivel.mobile.wrapper.generated.componentoptions.33.facc280b	txt.2948e750fa52	src/plugin/refs/design-acessivel-mobile-wrapper.generated.json	48	componentOptions.33
1286	Conteúdo das bibliotecas	Vocabulário da biblioteca Mobile	List Footer		A revisar	Conteúdo estruturado ou termo vindo da biblioteca	1	Propor aqui; desenvolvimento atualiza a biblioteca/fonte e regenera o plugin		hac.refs.design.acessivel.mobile.wrapper.generated.componentoptions.34.d2fbb4a7	txt.84c68ca22f80	src/plugin/refs/design-acessivel-mobile-wrapper.generated.json	49	componentOptions.34
1287	Conteúdo das bibliotecas	Vocabulário da biblioteca Mobile	List Item		A revisar	Conteúdo estruturado ou termo vindo da biblioteca	2	Propor aqui; desenvolvimento atualiza a biblioteca/fonte e regenera o plugin		hac.refs.design.acessivel.mobile.wrapper.generated.componentoptions.35.da6eea73	txt.61c40ac108b7	src/plugin/refs/design-acessivel-mobile-wrapper.generated.json	50	componentOptions.35
1288	Conteúdo das bibliotecas	Vocabulário da biblioteca Mobile	List Item Funds		A revisar	Conteúdo estruturado ou termo vindo da biblioteca	1	Propor aqui; desenvolvimento atualiza a biblioteca/fonte e regenera o plugin		hac.refs.design.acessivel.mobile.wrapper.generated.componentoptions.36.bd2e3b11	txt.a3ba8a4fa88a	src/plugin/refs/design-acessivel-mobile-wrapper.generated.json	51	componentOptions.36
1289	Conteúdo das bibliotecas	Vocabulário da biblioteca Mobile	List Item Transaction		A revisar	Conteúdo estruturado ou termo vindo da biblioteca	1	Propor aqui; desenvolvimento atualiza a biblioteca/fonte e regenera o plugin		hac.refs.design.acessivel.mobile.wrapper.generated.componentoptions.37.c3deae85	txt.63eff0f6c2da	src/plugin/refs/design-acessivel-mobile-wrapper.generated.json	52	componentOptions.37
1290	Conteúdo das bibliotecas	Vocabulário da biblioteca Mobile	Loading Animation		A revisar	Conteúdo estruturado ou termo vindo da biblioteca	2	Propor aqui; desenvolvimento atualiza a biblioteca/fonte e regenera o plugin		hac.refs.design.acessivel.mobile.wrapper.generated.componentoptions.38.f4d1e6de	txt.e95db2aa2861	src/plugin/refs/design-acessivel-mobile-wrapper.generated.json	53	componentOptions.38
1291	Conteúdo das bibliotecas	Vocabulário da biblioteca Mobile	Menu		A revisar	Conteúdo estruturado ou termo vindo da biblioteca	1	Propor aqui; desenvolvimento atualiza a biblioteca/fonte e regenera o plugin		hac.refs.design.acessivel.mobile.wrapper.generated.componentoptions.39.4c1af6e1	txt.252a25667dc7	src/plugin/refs/design-acessivel-mobile-wrapper.generated.json	54	componentOptions.39
1292	Conteúdo das bibliotecas	Vocabulário da biblioteca Mobile	Popover		A revisar	Conteúdo estruturado ou termo vindo da biblioteca	2	Propor aqui; desenvolvimento atualiza a biblioteca/fonte e regenera o plugin		hac.refs.design.acessivel.mobile.wrapper.generated.componentoptions.40.57bb757a	txt.8acf19171cc3	src/plugin/refs/design-acessivel-mobile-wrapper.generated.json	55	componentOptions.40
1293	Conteúdo das bibliotecas	Vocabulário da biblioteca Mobile	Product Card		A revisar	Conteúdo estruturado ou termo vindo da biblioteca	1	Propor aqui; desenvolvimento atualiza a biblioteca/fonte e regenera o plugin		hac.refs.design.acessivel.mobile.wrapper.generated.componentoptions.41.3cab1c3e	txt.d645a455d4b4	src/plugin/refs/design-acessivel-mobile-wrapper.generated.json	56	componentOptions.41
1294	Conteúdo das bibliotecas	Vocabulário da biblioteca Mobile	Progress		A revisar	Conteúdo estruturado ou termo vindo da biblioteca	2	Propor aqui; desenvolvimento atualiza a biblioteca/fonte e regenera o plugin		hac.refs.design.acessivel.mobile.wrapper.generated.componentoptions.42.78be32a0	txt.5aaf8905f32a	src/plugin/refs/design-acessivel-mobile-wrapper.generated.json	57	componentOptions.42
1295	Conteúdo das bibliotecas	Vocabulário da biblioteca Mobile	Radio		A revisar	Conteúdo estruturado ou termo vindo da biblioteca	2	Propor aqui; desenvolvimento atualiza a biblioteca/fonte e regenera o plugin		hac.refs.design.acessivel.mobile.wrapper.generated.componentoptions.43.aabdd791	txt.d432c3525b9d	src/plugin/refs/design-acessivel-mobile-wrapper.generated.json	58	componentOptions.43
1296	Conteúdo das bibliotecas	Vocabulário da biblioteca Mobile	Search Bar		A revisar	Conteúdo estruturado ou termo vindo da biblioteca	1	Propor aqui; desenvolvimento atualiza a biblioteca/fonte e regenera o plugin		hac.refs.design.acessivel.mobile.wrapper.generated.componentoptions.44.77b16acc	txt.eaad36bafff7	src/plugin/refs/design-acessivel-mobile-wrapper.generated.json	59	componentOptions.44
1297	Conteúdo das bibliotecas	Vocabulário da biblioteca Mobile	Segmented Button		A revisar	Conteúdo estruturado ou termo vindo da biblioteca	2	Propor aqui; desenvolvimento atualiza a biblioteca/fonte e regenera o plugin		hac.refs.design.acessivel.mobile.wrapper.generated.componentoptions.45.1935900a	txt.0639d18f6e79	src/plugin/refs/design-acessivel-mobile-wrapper.generated.json	60	componentOptions.45
1298	Conteúdo das bibliotecas	Vocabulário da biblioteca Mobile	Selectable Media		A revisar	Conteúdo estruturado ou termo vindo da biblioteca	1	Propor aqui; desenvolvimento atualiza a biblioteca/fonte e regenera o plugin		hac.refs.design.acessivel.mobile.wrapper.generated.componentoptions.46.14f28e93	txt.e10b3d0be11f	src/plugin/refs/design-acessivel-mobile-wrapper.generated.json	61	componentOptions.46
1299	Conteúdo das bibliotecas	Vocabulário da biblioteca Mobile	Sheet		A revisar	Conteúdo estruturado ou termo vindo da biblioteca	1	Propor aqui; desenvolvimento atualiza a biblioteca/fonte e regenera o plugin		hac.refs.design.acessivel.mobile.wrapper.generated.componentoptions.47.6088886a	txt.542ebc9c55cd	src/plugin/refs/design-acessivel-mobile-wrapper.generated.json	62	componentOptions.47
1300	Conteúdo das bibliotecas	Vocabulário da biblioteca Mobile	Shimmer		A revisar	Conteúdo estruturado ou termo vindo da biblioteca	1	Propor aqui; desenvolvimento atualiza a biblioteca/fonte e regenera o plugin		hac.refs.design.acessivel.mobile.wrapper.generated.componentoptions.48.92492415	txt.ffb86c308dcf	src/plugin/refs/design-acessivel-mobile-wrapper.generated.json	63	componentOptions.48
1301	Conteúdo das bibliotecas	Vocabulário da biblioteca Mobile	Slider		A revisar	Conteúdo estruturado ou termo vindo da biblioteca	1	Propor aqui; desenvolvimento atualiza a biblioteca/fonte e regenera o plugin		hac.refs.design.acessivel.mobile.wrapper.generated.componentoptions.49.84f19bbc	txt.703c518a2397	src/plugin/refs/design-acessivel-mobile-wrapper.generated.json	64	componentOptions.49
1302	Conteúdo das bibliotecas	Vocabulário da biblioteca Mobile	Snackbar		A revisar	Conteúdo estruturado ou termo vindo da biblioteca	2	Propor aqui; desenvolvimento atualiza a biblioteca/fonte e regenera o plugin		hac.refs.design.acessivel.mobile.wrapper.generated.componentoptions.50.85d3ad61	txt.2e642905cfc3	src/plugin/refs/design-acessivel-mobile-wrapper.generated.json	65	componentOptions.50
1303	Conteúdo das bibliotecas	Vocabulário da biblioteca Mobile	Spinner		A revisar	Conteúdo estruturado ou termo vindo da biblioteca	2	Propor aqui; desenvolvimento atualiza a biblioteca/fonte e regenera o plugin		hac.refs.design.acessivel.mobile.wrapper.generated.componentoptions.51.f9b6c09d	txt.6be3172300a3	src/plugin/refs/design-acessivel-mobile-wrapper.generated.json	66	componentOptions.51
1304	Conteúdo das bibliotecas	Vocabulário da biblioteca Mobile	Swap Preview		A revisar	Conteúdo estruturado ou termo vindo da biblioteca	1	Propor aqui; desenvolvimento atualiza a biblioteca/fonte e regenera o plugin		hac.refs.design.acessivel.mobile.wrapper.generated.componentoptions.52.91b478b0	txt.7da2b15f3fd4	src/plugin/refs/design-acessivel-mobile-wrapper.generated.json	67	componentOptions.52
1305	Conteúdo das bibliotecas	Vocabulário da biblioteca Mobile	Switch		A revisar	Conteúdo estruturado ou termo vindo da biblioteca	5	Propor aqui; desenvolvimento atualiza a biblioteca/fonte e regenera o plugin		hac.refs.design.acessivel.mobile.wrapper.generated.componentoptions.53.c9817b50	txt.01ba7992f85d	src/plugin/refs/design-acessivel-mobile-wrapper.generated.json	68	componentOptions.53
1306	Conteúdo das bibliotecas	Vocabulário da biblioteca Mobile	Tabs		A revisar	Conteúdo estruturado ou termo vindo da biblioteca	1	Propor aqui; desenvolvimento atualiza a biblioteca/fonte e regenera o plugin		hac.refs.design.acessivel.mobile.wrapper.generated.componentoptions.54.4f35def0	txt.72a26a3e0e42	src/plugin/refs/design-acessivel-mobile-wrapper.generated.json	69	componentOptions.54
1307	Conteúdo das bibliotecas	Vocabulário da biblioteca Mobile	Tile Button		A revisar	Conteúdo estruturado ou termo vindo da biblioteca	2	Propor aqui; desenvolvimento atualiza a biblioteca/fonte e regenera o plugin		hac.refs.design.acessivel.mobile.wrapper.generated.componentoptions.55.fe9d7cfc	txt.1937ed24ceb1	src/plugin/refs/design-acessivel-mobile-wrapper.generated.json	70	componentOptions.55
1308	Conteúdo das bibliotecas	Vocabulário da biblioteca Mobile	Timeline		A revisar	Conteúdo estruturado ou termo vindo da biblioteca	1	Propor aqui; desenvolvimento atualiza a biblioteca/fonte e regenera o plugin		hac.refs.design.acessivel.mobile.wrapper.generated.componentoptions.56.daf6ccfa	txt.16c00449a9a3	src/plugin/refs/design-acessivel-mobile-wrapper.generated.json	71	componentOptions.56
1309	Conteúdo das bibliotecas	Vocabulário da biblioteca Mobile	Tipkit Inline		A revisar	Conteúdo estruturado ou termo vindo da biblioteca	1	Propor aqui; desenvolvimento atualiza a biblioteca/fonte e regenera o plugin		hac.refs.design.acessivel.mobile.wrapper.generated.componentoptions.57.0e4268a2	txt.b9614516e418	src/plugin/refs/design-acessivel-mobile-wrapper.generated.json	72	componentOptions.57
1310	Conteúdo das bibliotecas	Vocabulário da biblioteca Mobile	Tipkit Popover		A revisar	Conteúdo estruturado ou termo vindo da biblioteca	1	Propor aqui; desenvolvimento atualiza a biblioteca/fonte e regenera o plugin		hac.refs.design.acessivel.mobile.wrapper.generated.componentoptions.58.ad55e1fb	txt.59dee5ac46d8	src/plugin/refs/design-acessivel-mobile-wrapper.generated.json	73	componentOptions.58
1311	Conteúdo das bibliotecas	Vocabulário da biblioteca Mobile	Toolbar		A revisar	Conteúdo estruturado ou termo vindo da biblioteca	1	Propor aqui; desenvolvimento atualiza a biblioteca/fonte e regenera o plugin		hac.refs.design.acessivel.mobile.wrapper.generated.componentoptions.59.f26f80a4	txt.e5bd72ae4b9a	src/plugin/refs/design-acessivel-mobile-wrapper.generated.json	74	componentOptions.59
1312	Conteúdo das bibliotecas	Vocabulário da biblioteca Mobile	Tooltip		A revisar	Conteúdo estruturado ou termo vindo da biblioteca	2	Propor aqui; desenvolvimento atualiza a biblioteca/fonte e regenera o plugin		hac.refs.design.acessivel.mobile.wrapper.generated.componentoptions.60.c303608d	txt.83916160e91f	src/plugin/refs/design-acessivel-mobile-wrapper.generated.json	75	componentOptions.60
1313	Conteúdo das bibliotecas	Vocabulário da biblioteca Mobile	Top App Bar		A revisar	Conteúdo estruturado ou termo vindo da biblioteca	1	Propor aqui; desenvolvimento atualiza a biblioteca/fonte e regenera o plugin		hac.refs.design.acessivel.mobile.wrapper.generated.componentoptions.61.6e039add	txt.866a6e1892a6	src/plugin/refs/design-acessivel-mobile-wrapper.generated.json	76	componentOptions.61
1314	Conteúdo das bibliotecas	Vocabulário da biblioteca Mobile	Value Section		A revisar	Conteúdo estruturado ou termo vindo da biblioteca	1	Propor aqui; desenvolvimento atualiza a biblioteca/fonte e regenera o plugin		hac.refs.design.acessivel.mobile.wrapper.generated.componentoptions.62.e459ea61	txt.f729581c6d59	src/plugin/refs/design-acessivel-mobile-wrapper.generated.json	77	componentOptions.62
1315	Conteúdo das bibliotecas	Vocabulário da biblioteca Mobile	Wheel Picker		A revisar	Conteúdo estruturado ou termo vindo da biblioteca	1	Propor aqui; desenvolvimento atualiza a biblioteca/fonte e regenera o plugin		hac.refs.design.acessivel.mobile.wrapper.generated.componentoptions.63.5d0da999	txt.06f4312db592	src/plugin/refs/design-acessivel-mobile-wrapper.generated.json	78	componentOptions.63
1316	Conteúdo das bibliotecas	Vocabulário da biblioteca Mobile	Imagem		A revisar	Conteúdo estruturado ou termo vindo da biblioteca	4	Propor aqui; desenvolvimento atualiza a biblioteca/fonte e regenera o plugin		hac.refs.design.acessivel.mobile.wrapper.generated.componentoptions.64.d82e5d4b	txt.f854270eaca9	src/plugin/refs/design-acessivel-mobile-wrapper.generated.json	79	componentOptions.64
1317	Conteúdo das bibliotecas	Vocabulário da biblioteca Mobile	Page Controler		A revisar	Conteúdo estruturado ou termo vindo da biblioteca	1	Propor aqui; desenvolvimento atualiza a biblioteca/fonte e regenera o plugin		hac.refs.design.acessivel.mobile.wrapper.generated.componentoptions.65.a7fc6b6e	txt.0f9e398b0a47	src/plugin/refs/design-acessivel-mobile-wrapper.generated.json	80	componentOptions.65
1318	Conteúdo das bibliotecas	Vocabulário da biblioteca Web	[hac web] Box specs leitor de tela		A revisar	Conteúdo estruturado ou termo vindo da biblioteca	2	Propor aqui; desenvolvimento atualiza a biblioteca/fonte e regenera o plugin		hac.refs.design.acessivel.web.wrapper.generated.wrapper.setname.f127797e	txt.f5753c7a14f5	src/plugin/refs/design-acessivel-web-wrapper.generated.json	9	wrapper.setName
1319	Conteúdo das bibliotecas	Vocabulário da biblioteca Web	Elementos e imagens		A revisar	Conteúdo estruturado ou termo vindo da biblioteca	3	Propor aqui; desenvolvimento atualiza a biblioteca/fonte e regenera o plugin		hac.refs.design.acessivel.web.wrapper.generated.wrapper.contentinstancebya11ytype.elemento.name.80edc731	txt.ae389a2dd9e8	src/plugin/refs/design-acessivel-web-wrapper.generated.json	18	wrapper.contentInstanceByA11yType.elemento.name
1320	Conteúdo das bibliotecas	Vocabulário da biblioteca Web	Variante		A revisar	Conteúdo estruturado ou termo vindo da biblioteca	2	Propor aqui; desenvolvimento atualiza a biblioteca/fonte e regenera o plugin		hac.refs.design.acessivel.web.wrapper.generated.wrapper.contentinstancebya11ytype.elemento.properties.0..704ee046	txt.c85743c8ea4a	src/plugin/refs/design-acessivel-web-wrapper.generated.json	21	wrapper.contentInstanceByA11yType.elemento.properties.0.name
1321	Conteúdo das bibliotecas	Vocabulário da biblioteca Web	VARIANT		A revisar	Conteúdo estruturado ou termo vindo da biblioteca	4	Propor aqui; desenvolvimento atualiza a biblioteca/fonte e regenera o plugin		hac.refs.design.acessivel.web.wrapper.generated.wrapper.contentinstancebya11ytype.elemento.properties.0..fed49a57	txt.0e1d14a2180a	src/plugin/refs/design-acessivel-web-wrapper.generated.json	22	wrapper.contentInstanceByA11yType.elemento.properties.0.type
1322	Conteúdo das bibliotecas	Vocabulário da biblioteca Web	Componente		A revisar	Conteúdo estruturado ou termo vindo da biblioteca	11	Propor aqui; desenvolvimento atualiza a biblioteca/fonte e regenera o plugin		hac.refs.design.acessivel.web.wrapper.generated.wrapper.contentinstancebya11ytype.elemento.properties.0..bac25bfb	txt.b997b3fca96a	src/plugin/refs/design-acessivel-web-wrapper.generated.json	23	wrapper.contentInstanceByA11yType.elemento.properties.0.value
1323	Conteúdo das bibliotecas	Vocabulário da biblioteca Web	Componente		A revisar	Conteúdo estruturado ou termo vindo da biblioteca	11	Propor aqui; desenvolvimento atualiza a biblioteca/fonte e regenera o plugin		hac.refs.design.acessivel.web.wrapper.generated.wrapper.contentinstancebya11ytype.elemento.properties.1..488b7541	txt.b997b3fca96a	src/plugin/refs/design-acessivel-web-wrapper.generated.json	26	wrapper.contentInstanceByA11yType.elemento.properties.1.name
1324	Conteúdo das bibliotecas	Vocabulário da biblioteca Web	VARIANT		A revisar	Conteúdo estruturado ou termo vindo da biblioteca	4	Propor aqui; desenvolvimento atualiza a biblioteca/fonte e regenera o plugin		hac.refs.design.acessivel.web.wrapper.generated.wrapper.contentinstancebya11ytype.elemento.properties.1..fef3ec41	txt.0e1d14a2180a	src/plugin/refs/design-acessivel-web-wrapper.generated.json	27	wrapper.contentInstanceByA11yType.elemento.properties.1.type
1325	Conteúdo das bibliotecas	Vocabulário da biblioteca Web	Button		A revisar	Conteúdo estruturado ou termo vindo da biblioteca	6	Propor aqui; desenvolvimento atualiza a biblioteca/fonte e regenera o plugin		hac.refs.design.acessivel.web.wrapper.generated.wrapper.contentinstancebya11ytype.elemento.properties.1..0bf91034	txt.7b7fcc78d6cd	src/plugin/refs/design-acessivel-web-wrapper.generated.json	28	wrapper.contentInstanceByA11yType.elemento.properties.1.value
1326	Conteúdo das bibliotecas	Vocabulário da biblioteca Web	Títulos		A revisar	Conteúdo estruturado ou termo vindo da biblioteca	2	Propor aqui; desenvolvimento atualiza a biblioteca/fonte e regenera o plugin		hac.refs.design.acessivel.web.wrapper.generated.wrapper.contentinstancebya11ytype.titulo.name.b4c61119	txt.d3e75bbc154a	src/plugin/refs/design-acessivel-web-wrapper.generated.json	33	wrapper.contentInstanceByA11yType.titulo.name
1327	Conteúdo das bibliotecas	Vocabulário da biblioteca Web	Nível		A revisar	Conteúdo estruturado ou termo vindo da biblioteca	4	Propor aqui; desenvolvimento atualiza a biblioteca/fonte e regenera o plugin		hac.refs.design.acessivel.web.wrapper.generated.wrapper.contentinstancebya11ytype.titulo.properties.0.na.69a46374	txt.e716f916ba0f	src/plugin/refs/design-acessivel-web-wrapper.generated.json	36	wrapper.contentInstanceByA11yType.titulo.properties.0.name
1328	Conteúdo das bibliotecas	Vocabulário da biblioteca Web	VARIANT		A revisar	Conteúdo estruturado ou termo vindo da biblioteca	4	Propor aqui; desenvolvimento atualiza a biblioteca/fonte e regenera o plugin		hac.refs.design.acessivel.web.wrapper.generated.wrapper.contentinstancebya11ytype.titulo.properties.0.ty.a94adc3e	txt.0e1d14a2180a	src/plugin/refs/design-acessivel-web-wrapper.generated.json	37	wrapper.contentInstanceByA11yType.titulo.properties.0.type
1329	Conteúdo das bibliotecas	Vocabulário da biblioteca Web	H1		A revisar	Conteúdo estruturado ou termo vindo da biblioteca	3	Propor aqui; desenvolvimento atualiza a biblioteca/fonte e regenera o plugin		hac.refs.design.acessivel.web.wrapper.generated.wrapper.contentinstancebya11ytype.titulo.properties.0.va.69efd3b5	txt.ac4ae97285c1	src/plugin/refs/design-acessivel-web-wrapper.generated.json	38	wrapper.contentInstanceByA11yType.titulo.properties.0.value
1330	Conteúdo das bibliotecas	Vocabulário da biblioteca Web	Elementos decorativos		A revisar	Conteúdo estruturado ou termo vindo da biblioteca	2	Propor aqui; desenvolvimento atualiza a biblioteca/fonte e regenera o plugin		hac.refs.design.acessivel.web.wrapper.generated.wrapper.contentinstancebya11ytype.decorativo.name.cce76061	txt.dec701da64f7	src/plugin/refs/design-acessivel-web-wrapper.generated.json	43	wrapper.contentInstanceByA11yType.decorativo.name
1331	Conteúdo das bibliotecas	Vocabulário da biblioteca Web	Observações		A revisar	Conteúdo estruturado ou termo vindo da biblioteca	13	Propor aqui; desenvolvimento atualiza a biblioteca/fonte e regenera o plugin		hac.refs.design.acessivel.web.wrapper.generated.wrapper.contentinstancebya11ytype.decorativo.properties..8bed21a0	txt.c358a1fc1734	src/plugin/refs/design-acessivel-web-wrapper.generated.json	46	wrapper.contentInstanceByA11yType.decorativo.properties.0.name
1332	Conteúdo das bibliotecas	Vocabulário da biblioteca Web	BOOLEAN		A revisar	Conteúdo estruturado ou termo vindo da biblioteca	1	Propor aqui; desenvolvimento atualiza a biblioteca/fonte e regenera o plugin		hac.refs.design.acessivel.web.wrapper.generated.wrapper.contentinstancebya11ytype.decorativo.properties..88341f57	txt.48647474b89f	src/plugin/refs/design-acessivel-web-wrapper.generated.json	47	wrapper.contentInstanceByA11yType.decorativo.properties.0.type
1333	Conteúdo das bibliotecas	Vocabulário da biblioteca Web	Estrutura da Página		A revisar	Conteúdo estruturado ou termo vindo da biblioteca	4	Propor aqui; desenvolvimento atualiza a biblioteca/fonte e regenera o plugin		hac.refs.design.acessivel.web.wrapper.generated.wrapper.contentinstancebya11ytype.estrutura.name.69494c37	txt.2fb75ee3e5ab	src/plugin/refs/design-acessivel-web-wrapper.generated.json	53	wrapper.contentInstanceByA11yType.estrutura.name
1334	Conteúdo das bibliotecas	Vocabulário da biblioteca Web	Variação		A revisar	Conteúdo estruturado ou termo vindo da biblioteca	2	Propor aqui; desenvolvimento atualiza a biblioteca/fonte e regenera o plugin		hac.refs.design.acessivel.web.wrapper.generated.wrapper.contentinstancebya11ytype.estrutura.properties.0.160616f3	txt.7d20d5a7e6bd	src/plugin/refs/design-acessivel-web-wrapper.generated.json	56	wrapper.contentInstanceByA11yType.estrutura.properties.0.name
1335	Conteúdo das bibliotecas	Vocabulário da biblioteca Web	VARIANT		A revisar	Conteúdo estruturado ou termo vindo da biblioteca	4	Propor aqui; desenvolvimento atualiza a biblioteca/fonte e regenera o plugin		hac.refs.design.acessivel.web.wrapper.generated.wrapper.contentinstancebya11ytype.estrutura.properties.0.df0e16f6	txt.0e1d14a2180a	src/plugin/refs/design-acessivel-web-wrapper.generated.json	57	wrapper.contentInstanceByA11yType.estrutura.properties.0.type
1336	Conteúdo das bibliotecas	Vocabulário da biblioteca Web	Marco de navegação		A revisar	Conteúdo estruturado ou termo vindo da biblioteca	6	Propor aqui; desenvolvimento atualiza a biblioteca/fonte e regenera o plugin		hac.refs.design.acessivel.web.wrapper.generated.wrapper.contentinstancebya11ytype.estrutura.properties.0.d2fec856	txt.f745de63440f	src/plugin/refs/design-acessivel-web-wrapper.generated.json	58	wrapper.contentInstanceByA11yType.estrutura.properties.0.value
1337	Conteúdo das bibliotecas	Vocabulário da biblioteca Web	Account Select		A revisar	Conteúdo estruturado ou termo vindo da biblioteca	2	Propor aqui; desenvolvimento atualiza a biblioteca/fonte e regenera o plugin		hac.refs.design.acessivel.web.wrapper.generated.componentoptions.0.074cf6ec	txt.0a6354a274dd	src/plugin/refs/design-acessivel-web-wrapper.generated.json	65	componentOptions.0
1338	Conteúdo das bibliotecas	Vocabulário da biblioteca Web	Avatar		A revisar	Conteúdo estruturado ou termo vindo da biblioteca	2	Propor aqui; desenvolvimento atualiza a biblioteca/fonte e regenera o plugin		hac.refs.design.acessivel.web.wrapper.generated.componentoptions.1.6f98b422	txt.9c3bb49ffea1	src/plugin/refs/design-acessivel-web-wrapper.generated.json	66	componentOptions.1
1339	Conteúdo das bibliotecas	Vocabulário da biblioteca Web	Badge Notification		A revisar	Conteúdo estruturado ou termo vindo da biblioteca	2	Propor aqui; desenvolvimento atualiza a biblioteca/fonte e regenera o plugin		hac.refs.design.acessivel.web.wrapper.generated.componentoptions.2.47957353	txt.12491d38d974	src/plugin/refs/design-acessivel-web-wrapper.generated.json	67	componentOptions.2
1340	Conteúdo das bibliotecas	Vocabulário da biblioteca Web	Badge Text		A revisar	Conteúdo estruturado ou termo vindo da biblioteca	2	Propor aqui; desenvolvimento atualiza a biblioteca/fonte e regenera o plugin		hac.refs.design.acessivel.web.wrapper.generated.componentoptions.3.b15f39a3	txt.43605fc720b8	src/plugin/refs/design-acessivel-web-wrapper.generated.json	68	componentOptions.3
1341	Conteúdo das bibliotecas	Vocabulário da biblioteca Web	Batch Button		A revisar	Conteúdo estruturado ou termo vindo da biblioteca	1	Propor aqui; desenvolvimento atualiza a biblioteca/fonte e regenera o plugin		hac.refs.design.acessivel.web.wrapper.generated.componentoptions.4.48bfa76c	txt.5bb5a48337f5	src/plugin/refs/design-acessivel-web-wrapper.generated.json	69	componentOptions.4
1342	Conteúdo das bibliotecas	Vocabulário da biblioteca Web	Breadcrumb		A revisar	Conteúdo estruturado ou termo vindo da biblioteca	4	Propor aqui; desenvolvimento atualiza a biblioteca/fonte e regenera o plugin		hac.refs.design.acessivel.web.wrapper.generated.componentoptions.5.b2586e06	txt.6e5ce570b4af	src/plugin/refs/design-acessivel-web-wrapper.generated.json	70	componentOptions.5
1343	Conteúdo das bibliotecas	Vocabulário da biblioteca Web	Button		A revisar	Conteúdo estruturado ou termo vindo da biblioteca	6	Propor aqui; desenvolvimento atualiza a biblioteca/fonte e regenera o plugin		hac.refs.design.acessivel.web.wrapper.generated.componentoptions.6.47ca2bf0	txt.7b7fcc78d6cd	src/plugin/refs/design-acessivel-web-wrapper.generated.json	71	componentOptions.6
1344	Conteúdo das bibliotecas	Vocabulário da biblioteca Web	Card		A revisar	Conteúdo estruturado ou termo vindo da biblioteca	2	Propor aqui; desenvolvimento atualiza a biblioteca/fonte e regenera o plugin		hac.refs.design.acessivel.web.wrapper.generated.componentoptions.7.ee5eed3a	txt.2ab0591dbcf5	src/plugin/refs/design-acessivel-web-wrapper.generated.json	72	componentOptions.7
1345	Conteúdo das bibliotecas	Vocabulário da biblioteca Web	Card Alert		A revisar	Conteúdo estruturado ou termo vindo da biblioteca	2	Propor aqui; desenvolvimento atualiza a biblioteca/fonte e regenera o plugin		hac.refs.design.acessivel.web.wrapper.generated.componentoptions.8.7240d877	txt.38b18be47097	src/plugin/refs/design-acessivel-web-wrapper.generated.json	73	componentOptions.8
1346	Conteúdo das bibliotecas	Vocabulário da biblioteca Web	Card Notification		A revisar	Conteúdo estruturado ou termo vindo da biblioteca	2	Propor aqui; desenvolvimento atualiza a biblioteca/fonte e regenera o plugin		hac.refs.design.acessivel.web.wrapper.generated.componentoptions.9.f968e199	txt.6fb1662eec05	src/plugin/refs/design-acessivel-web-wrapper.generated.json	74	componentOptions.9
1347	Conteúdo das bibliotecas	Vocabulário da biblioteca Web	Card Horizontal		A revisar	Conteúdo estruturado ou termo vindo da biblioteca	1	Propor aqui; desenvolvimento atualiza a biblioteca/fonte e regenera o plugin		hac.refs.design.acessivel.web.wrapper.generated.componentoptions.10.14723e95	txt.98dd6348aac3	src/plugin/refs/design-acessivel-web-wrapper.generated.json	75	componentOptions.10
1348	Conteúdo das bibliotecas	Vocabulário da biblioteca Web	Card Vertical		A revisar	Conteúdo estruturado ou termo vindo da biblioteca	1	Propor aqui; desenvolvimento atualiza a biblioteca/fonte e regenera o plugin		hac.refs.design.acessivel.web.wrapper.generated.componentoptions.11.5cb26e02	txt.09ca5f086f43	src/plugin/refs/design-acessivel-web-wrapper.generated.json	76	componentOptions.11
1349	Conteúdo das bibliotecas	Vocabulário da biblioteca Web	Card Widget		A revisar	Conteúdo estruturado ou termo vindo da biblioteca	2	Propor aqui; desenvolvimento atualiza a biblioteca/fonte e regenera o plugin		hac.refs.design.acessivel.web.wrapper.generated.componentoptions.12.8dc48725	txt.3a1c9d85fb98	src/plugin/refs/design-acessivel-web-wrapper.generated.json	77	componentOptions.12
1350	Conteúdo das bibliotecas	Vocabulário da biblioteca Web	Checkbox		A revisar	Conteúdo estruturado ou termo vindo da biblioteca	5	Propor aqui; desenvolvimento atualiza a biblioteca/fonte e regenera o plugin		hac.refs.design.acessivel.web.wrapper.generated.componentoptions.13.0467e747	txt.57018890029a	src/plugin/refs/design-acessivel-web-wrapper.generated.json	78	componentOptions.13
1351	Conteúdo das bibliotecas	Vocabulário da biblioteca Web	Chip		A revisar	Conteúdo estruturado ou termo vindo da biblioteca	1	Propor aqui; desenvolvimento atualiza a biblioteca/fonte e regenera o plugin		hac.refs.design.acessivel.web.wrapper.generated.componentoptions.14.f0ceb0f1	txt.c6b6df0a9e1b	src/plugin/refs/design-acessivel-web-wrapper.generated.json	79	componentOptions.14
1352	Conteúdo das bibliotecas	Vocabulário da biblioteca Web	Date Picker		A revisar	Conteúdo estruturado ou termo vindo da biblioteca	2	Propor aqui; desenvolvimento atualiza a biblioteca/fonte e regenera o plugin		hac.refs.design.acessivel.web.wrapper.generated.componentoptions.15.adaaa9f7	txt.68f541574e36	src/plugin/refs/design-acessivel-web-wrapper.generated.json	80	componentOptions.15
1353	Conteúdo das bibliotecas	Vocabulário da biblioteca Web	Drawer Panel		A revisar	Conteúdo estruturado ou termo vindo da biblioteca	1	Propor aqui; desenvolvimento atualiza a biblioteca/fonte e regenera o plugin		hac.refs.design.acessivel.web.wrapper.generated.componentoptions.16.58915dab	txt.de9a230357dc	src/plugin/refs/design-acessivel-web-wrapper.generated.json	81	componentOptions.16
1354	Conteúdo das bibliotecas	Vocabulário da biblioteca Web	Dropdown Combobox		A revisar	Conteúdo estruturado ou termo vindo da biblioteca	1	Propor aqui; desenvolvimento atualiza a biblioteca/fonte e regenera o plugin		hac.refs.design.acessivel.web.wrapper.generated.componentoptions.17.e625527d	txt.c248441213ee	src/plugin/refs/design-acessivel-web-wrapper.generated.json	82	componentOptions.17
1355	Conteúdo das bibliotecas	Vocabulário da biblioteca Web	Dropdown Menu List		A revisar	Conteúdo estruturado ou termo vindo da biblioteca	1	Propor aqui; desenvolvimento atualiza a biblioteca/fonte e regenera o plugin		hac.refs.design.acessivel.web.wrapper.generated.componentoptions.18.295835ab	txt.388a1d8a70a2	src/plugin/refs/design-acessivel-web-wrapper.generated.json	83	componentOptions.18
1356	Conteúdo das bibliotecas	Vocabulário da biblioteca Web	File Upload		A revisar	Conteúdo estruturado ou termo vindo da biblioteca	1	Propor aqui; desenvolvimento atualiza a biblioteca/fonte e regenera o plugin		hac.refs.design.acessivel.web.wrapper.generated.componentoptions.19.0db86ce0	txt.d6dea0502460	src/plugin/refs/design-acessivel-web-wrapper.generated.json	84	componentOptions.19
1357	Conteúdo das bibliotecas	Vocabulário da biblioteca Web	Footer		A revisar	Conteúdo estruturado ou termo vindo da biblioteca	2	Propor aqui; desenvolvimento atualiza a biblioteca/fonte e regenera o plugin		hac.refs.design.acessivel.web.wrapper.generated.componentoptions.20.40aa7624	txt.d7eb6b340a11	src/plugin/refs/design-acessivel-web-wrapper.generated.json	85	componentOptions.20
1358	Conteúdo das bibliotecas	Vocabulário da biblioteca Web	Header		A revisar	Conteúdo estruturado ou termo vindo da biblioteca	2	Propor aqui; desenvolvimento atualiza a biblioteca/fonte e regenera o plugin		hac.refs.design.acessivel.web.wrapper.generated.componentoptions.21.00d53445	txt.594fd1615a34	src/plugin/refs/design-acessivel-web-wrapper.generated.json	86	componentOptions.21
1359	Conteúdo das bibliotecas	Vocabulário da biblioteca Web	Icon Button		A revisar	Conteúdo estruturado ou termo vindo da biblioteca	2	Propor aqui; desenvolvimento atualiza a biblioteca/fonte e regenera o plugin		hac.refs.design.acessivel.web.wrapper.generated.componentoptions.22.24949f3f	txt.43ef8789347e	src/plugin/refs/design-acessivel-web-wrapper.generated.json	87	componentOptions.22
1360	Conteúdo das bibliotecas	Vocabulário da biblioteca Web	Icon Button Text		A revisar	Conteúdo estruturado ou termo vindo da biblioteca	2	Propor aqui; desenvolvimento atualiza a biblioteca/fonte e regenera o plugin		hac.refs.design.acessivel.web.wrapper.generated.componentoptions.23.a1450262	txt.1cc2e5c75753	src/plugin/refs/design-acessivel-web-wrapper.generated.json	88	componentOptions.23
1361	Conteúdo das bibliotecas	Vocabulário da biblioteca Web	Input / Chat		A revisar	Conteúdo estruturado ou termo vindo da biblioteca	1	Propor aqui; desenvolvimento atualiza a biblioteca/fonte e regenera o plugin		hac.refs.design.acessivel.web.wrapper.generated.componentoptions.24.9ed5e9c3	txt.2cb551232230	src/plugin/refs/design-acessivel-web-wrapper.generated.json	89	componentOptions.24
1362	Conteúdo das bibliotecas	Vocabulário da biblioteca Web	Input / Date Field - Form		A revisar	Conteúdo estruturado ou termo vindo da biblioteca	1	Propor aqui; desenvolvimento atualiza a biblioteca/fonte e regenera o plugin		hac.refs.design.acessivel.web.wrapper.generated.componentoptions.25.170fdfc5	txt.e5c878ac6900	src/plugin/refs/design-acessivel-web-wrapper.generated.json	90	componentOptions.25
1363	Conteúdo das bibliotecas	Vocabulário da biblioteca Web	Input / Password Field - Form		A revisar	Conteúdo estruturado ou termo vindo da biblioteca	1	Propor aqui; desenvolvimento atualiza a biblioteca/fonte e regenera o plugin		hac.refs.design.acessivel.web.wrapper.generated.componentoptions.26.0735ff75	txt.5a5ede6c9f4d	src/plugin/refs/design-acessivel-web-wrapper.generated.json	91	componentOptions.26
1364	Conteúdo das bibliotecas	Vocabulário da biblioteca Web	Input / Select Field - Form		A revisar	Conteúdo estruturado ou termo vindo da biblioteca	1	Propor aqui; desenvolvimento atualiza a biblioteca/fonte e regenera o plugin		hac.refs.design.acessivel.web.wrapper.generated.componentoptions.27.8f890fed	txt.1c0dcad1a466	src/plugin/refs/design-acessivel-web-wrapper.generated.json	92	componentOptions.27
1365	Conteúdo das bibliotecas	Vocabulário da biblioteca Web	Input / Text Area - Form		A revisar	Conteúdo estruturado ou termo vindo da biblioteca	1	Propor aqui; desenvolvimento atualiza a biblioteca/fonte e regenera o plugin		hac.refs.design.acessivel.web.wrapper.generated.componentoptions.28.8d604eb1	txt.eadfd83e8849	src/plugin/refs/design-acessivel-web-wrapper.generated.json	93	componentOptions.28
1366	Conteúdo das bibliotecas	Vocabulário da biblioteca Web	Input / Text Field - Form		A revisar	Conteúdo estruturado ou termo vindo da biblioteca	1	Propor aqui; desenvolvimento atualiza a biblioteca/fonte e regenera o plugin		hac.refs.design.acessivel.web.wrapper.generated.componentoptions.29.a5e3e124	txt.e33f5868c25f	src/plugin/refs/design-acessivel-web-wrapper.generated.json	94	componentOptions.29
1367	Conteúdo das bibliotecas	Vocabulário da biblioteca Web	Input Money		A revisar	Conteúdo estruturado ou termo vindo da biblioteca	2	Propor aqui; desenvolvimento atualiza a biblioteca/fonte e regenera o plugin		hac.refs.design.acessivel.web.wrapper.generated.componentoptions.30.3a2bd65e	txt.f99d81df6cf3	src/plugin/refs/design-acessivel-web-wrapper.generated.json	95	componentOptions.30
1368	Conteúdo das bibliotecas	Vocabulário da biblioteca Web	Input Pin		A revisar	Conteúdo estruturado ou termo vindo da biblioteca	2	Propor aqui; desenvolvimento atualiza a biblioteca/fonte e regenera o plugin		hac.refs.design.acessivel.web.wrapper.generated.componentoptions.31.4a180b3f	txt.e9272977bd59	src/plugin/refs/design-acessivel-web-wrapper.generated.json	96	componentOptions.31
1369	Conteúdo das bibliotecas	Vocabulário da biblioteca Web	Input Slider		A revisar	Conteúdo estruturado ou termo vindo da biblioteca	2	Propor aqui; desenvolvimento atualiza a biblioteca/fonte e regenera o plugin		hac.refs.design.acessivel.web.wrapper.generated.componentoptions.32.bade0b07	txt.e2315e8d0bf9	src/plugin/refs/design-acessivel-web-wrapper.generated.json	97	componentOptions.32
1370	Conteúdo das bibliotecas	Vocabulário da biblioteca Web	Input Stepper		A revisar	Conteúdo estruturado ou termo vindo da biblioteca	2	Propor aqui; desenvolvimento atualiza a biblioteca/fonte e regenera o plugin		hac.refs.design.acessivel.web.wrapper.generated.componentoptions.33.6ac0eacd	txt.115c9e17b7c5	src/plugin/refs/design-acessivel-web-wrapper.generated.json	98	componentOptions.33
1371	Conteúdo das bibliotecas	Vocabulário da biblioteca Web	Input With Chips - Form		A revisar	Conteúdo estruturado ou termo vindo da biblioteca	1	Propor aqui; desenvolvimento atualiza a biblioteca/fonte e regenera o plugin		hac.refs.design.acessivel.web.wrapper.generated.componentoptions.34.7d98e6e0	txt.b4c639a4fe78	src/plugin/refs/design-acessivel-web-wrapper.generated.json	99	componentOptions.34
1372	Conteúdo das bibliotecas	Vocabulário da biblioteca Web	Link		A revisar	Conteúdo estruturado ou termo vindo da biblioteca	7	Propor aqui; desenvolvimento atualiza a biblioteca/fonte e regenera o plugin		hac.refs.design.acessivel.web.wrapper.generated.componentoptions.35.9ce531f3	txt.4f0aa52d656a	src/plugin/refs/design-acessivel-web-wrapper.generated.json	100	componentOptions.35
1373	Conteúdo das bibliotecas	Vocabulário da biblioteca Web	List Item		A revisar	Conteúdo estruturado ou termo vindo da biblioteca	2	Propor aqui; desenvolvimento atualiza a biblioteca/fonte e regenera o plugin		hac.refs.design.acessivel.web.wrapper.generated.componentoptions.36.31562f28	txt.61c40ac108b7	src/plugin/refs/design-acessivel-web-wrapper.generated.json	101	componentOptions.36
1374	Conteúdo das bibliotecas	Vocabulário da biblioteca Web	Loading Animation		A revisar	Conteúdo estruturado ou termo vindo da biblioteca	2	Propor aqui; desenvolvimento atualiza a biblioteca/fonte e regenera o plugin		hac.refs.design.acessivel.web.wrapper.generated.componentoptions.37.05c72453	txt.e95db2aa2861	src/plugin/refs/design-acessivel-web-wrapper.generated.json	102	componentOptions.37
1375	Conteúdo das bibliotecas	Vocabulário da biblioteca Web	Modal		A revisar	Conteúdo estruturado ou termo vindo da biblioteca	1	Propor aqui; desenvolvimento atualiza a biblioteca/fonte e regenera o plugin		hac.refs.design.acessivel.web.wrapper.generated.componentoptions.38.82622b43	txt.964a3b119be8	src/plugin/refs/design-acessivel-web-wrapper.generated.json	103	componentOptions.38
1376	Conteúdo das bibliotecas	Vocabulário da biblioteca Web	Overflow Controller		A revisar	Conteúdo estruturado ou termo vindo da biblioteca	1	Propor aqui; desenvolvimento atualiza a biblioteca/fonte e regenera o plugin		hac.refs.design.acessivel.web.wrapper.generated.componentoptions.39.d260b9a4	txt.8c34060da16c	src/plugin/refs/design-acessivel-web-wrapper.generated.json	104	componentOptions.39
1377	Conteúdo das bibliotecas	Vocabulário da biblioteca Web	Paginator		A revisar	Conteúdo estruturado ou termo vindo da biblioteca	3	Propor aqui; desenvolvimento atualiza a biblioteca/fonte e regenera o plugin		hac.refs.design.acessivel.web.wrapper.generated.componentoptions.40.fbaaeb91	txt.31b8d545b193	src/plugin/refs/design-acessivel-web-wrapper.generated.json	105	componentOptions.40
1378	Conteúdo das bibliotecas	Vocabulário da biblioteca Web	Popover		A revisar	Conteúdo estruturado ou termo vindo da biblioteca	2	Propor aqui; desenvolvimento atualiza a biblioteca/fonte e regenera o plugin		hac.refs.design.acessivel.web.wrapper.generated.componentoptions.41.472ad892	txt.8acf19171cc3	src/plugin/refs/design-acessivel-web-wrapper.generated.json	106	componentOptions.41
1379	Conteúdo das bibliotecas	Vocabulário da biblioteca Web	Progress		A revisar	Conteúdo estruturado ou termo vindo da biblioteca	2	Propor aqui; desenvolvimento atualiza a biblioteca/fonte e regenera o plugin		hac.refs.design.acessivel.web.wrapper.generated.componentoptions.42.c0467f4a	txt.5aaf8905f32a	src/plugin/refs/design-acessivel-web-wrapper.generated.json	107	componentOptions.42
1380	Conteúdo das bibliotecas	Vocabulário da biblioteca Web	Progress List		A revisar	Conteúdo estruturado ou termo vindo da biblioteca	1	Propor aqui; desenvolvimento atualiza a biblioteca/fonte e regenera o plugin		hac.refs.design.acessivel.web.wrapper.generated.componentoptions.43.ac39ea03	txt.2bc2aef2187b	src/plugin/refs/design-acessivel-web-wrapper.generated.json	108	componentOptions.43
1381	Conteúdo das bibliotecas	Vocabulário da biblioteca Web	Radio		A revisar	Conteúdo estruturado ou termo vindo da biblioteca	2	Propor aqui; desenvolvimento atualiza a biblioteca/fonte e regenera o plugin		hac.refs.design.acessivel.web.wrapper.generated.componentoptions.44.60d2355e	txt.d432c3525b9d	src/plugin/refs/design-acessivel-web-wrapper.generated.json	109	componentOptions.44
1382	Conteúdo das bibliotecas	Vocabulário da biblioteca Web	Searchbar		A revisar	Conteúdo estruturado ou termo vindo da biblioteca	1	Propor aqui; desenvolvimento atualiza a biblioteca/fonte e regenera o plugin		hac.refs.design.acessivel.web.wrapper.generated.componentoptions.45.5971eae9	txt.6477b73b0fab	src/plugin/refs/design-acessivel-web-wrapper.generated.json	110	componentOptions.45
1383	Conteúdo das bibliotecas	Vocabulário da biblioteca Web	Search Results		A revisar	Conteúdo estruturado ou termo vindo da biblioteca	1	Propor aqui; desenvolvimento atualiza a biblioteca/fonte e regenera o plugin		hac.refs.design.acessivel.web.wrapper.generated.componentoptions.46.55816493	txt.a85392aabab1	src/plugin/refs/design-acessivel-web-wrapper.generated.json	111	componentOptions.46
1384	Conteúdo das bibliotecas	Vocabulário da biblioteca Web	Segmented Button		A revisar	Conteúdo estruturado ou termo vindo da biblioteca	2	Propor aqui; desenvolvimento atualiza a biblioteca/fonte e regenera o plugin		hac.refs.design.acessivel.web.wrapper.generated.componentoptions.47.613fc41c	txt.0639d18f6e79	src/plugin/refs/design-acessivel-web-wrapper.generated.json	112	componentOptions.47
1385	Conteúdo das bibliotecas	Vocabulário da biblioteca Web	Sidebar Menu		A revisar	Conteúdo estruturado ou termo vindo da biblioteca	1	Propor aqui; desenvolvimento atualiza a biblioteca/fonte e regenera o plugin		hac.refs.design.acessivel.web.wrapper.generated.componentoptions.48.61e95c7e	txt.9fec3077009b	src/plugin/refs/design-acessivel-web-wrapper.generated.json	113	componentOptions.48
1386	Conteúdo das bibliotecas	Vocabulário da biblioteca Web	Skeleton Load		A revisar	Conteúdo estruturado ou termo vindo da biblioteca	1	Propor aqui; desenvolvimento atualiza a biblioteca/fonte e regenera o plugin		hac.refs.design.acessivel.web.wrapper.generated.componentoptions.49.a0cd3132	txt.0d1e96f34f82	src/plugin/refs/design-acessivel-web-wrapper.generated.json	114	componentOptions.49
1387	Conteúdo das bibliotecas	Vocabulário da biblioteca Web	Spinner		A revisar	Conteúdo estruturado ou termo vindo da biblioteca	2	Propor aqui; desenvolvimento atualiza a biblioteca/fonte e regenera o plugin		hac.refs.design.acessivel.web.wrapper.generated.componentoptions.50.6264f4aa	txt.6be3172300a3	src/plugin/refs/design-acessivel-web-wrapper.generated.json	115	componentOptions.50
1388	Conteúdo das bibliotecas	Vocabulário da biblioteca Web	Stepper		A revisar	Conteúdo estruturado ou termo vindo da biblioteca	6	Propor aqui; desenvolvimento atualiza a biblioteca/fonte e regenera o plugin		hac.refs.design.acessivel.web.wrapper.generated.componentoptions.51.97f38bbc	txt.52c8217c245d	src/plugin/refs/design-acessivel-web-wrapper.generated.json	116	componentOptions.51
1389	Conteúdo das bibliotecas	Vocabulário da biblioteca Web	Switch		A revisar	Conteúdo estruturado ou termo vindo da biblioteca	5	Propor aqui; desenvolvimento atualiza a biblioteca/fonte e regenera o plugin		hac.refs.design.acessivel.web.wrapper.generated.componentoptions.52.3a0df3db	txt.01ba7992f85d	src/plugin/refs/design-acessivel-web-wrapper.generated.json	117	componentOptions.52
1390	Conteúdo das bibliotecas	Vocabulário da biblioteca Web	Tab		A revisar	Conteúdo estruturado ou termo vindo da biblioteca	1	Propor aqui; desenvolvimento atualiza a biblioteca/fonte e regenera o plugin		hac.refs.design.acessivel.web.wrapper.generated.componentoptions.53.814e185d	txt.e974602114f1	src/plugin/refs/design-acessivel-web-wrapper.generated.json	118	componentOptions.53
1391	Conteúdo das bibliotecas	Vocabulário da biblioteca Web	Table / Cell		A revisar	Conteúdo estruturado ou termo vindo da biblioteca	1	Propor aqui; desenvolvimento atualiza a biblioteca/fonte e regenera o plugin		hac.refs.design.acessivel.web.wrapper.generated.componentoptions.54.01f89d40	txt.4dfd1db82c15	src/plugin/refs/design-acessivel-web-wrapper.generated.json	119	componentOptions.54
1392	Conteúdo das bibliotecas	Vocabulário da biblioteca Web	Table / Header Cell		A revisar	Conteúdo estruturado ou termo vindo da biblioteca	1	Propor aqui; desenvolvimento atualiza a biblioteca/fonte e regenera o plugin		hac.refs.design.acessivel.web.wrapper.generated.componentoptions.55.c9e8aed5	txt.9424fa2a062c	src/plugin/refs/design-acessivel-web-wrapper.generated.json	120	componentOptions.55
1393	Conteúdo das bibliotecas	Vocabulário da biblioteca Web	Tile Button		A revisar	Conteúdo estruturado ou termo vindo da biblioteca	2	Propor aqui; desenvolvimento atualiza a biblioteca/fonte e regenera o plugin		hac.refs.design.acessivel.web.wrapper.generated.componentoptions.56.c8a37e0d	txt.1937ed24ceb1	src/plugin/refs/design-acessivel-web-wrapper.generated.json	121	componentOptions.56
1394	Conteúdo das bibliotecas	Vocabulário da biblioteca Web	Title Bar		A revisar	Conteúdo estruturado ou termo vindo da biblioteca	1	Propor aqui; desenvolvimento atualiza a biblioteca/fonte e regenera o plugin		hac.refs.design.acessivel.web.wrapper.generated.componentoptions.57.f307883f	txt.03f920e30be5	src/plugin/refs/design-acessivel-web-wrapper.generated.json	122	componentOptions.57
1395	Conteúdo das bibliotecas	Vocabulário da biblioteca Web	Toast		A revisar	Conteúdo estruturado ou termo vindo da biblioteca	1	Propor aqui; desenvolvimento atualiza a biblioteca/fonte e regenera o plugin		hac.refs.design.acessivel.web.wrapper.generated.componentoptions.58.2ca55260	txt.2d885aa81d3c	src/plugin/refs/design-acessivel-web-wrapper.generated.json	123	componentOptions.58
1396	Conteúdo das bibliotecas	Vocabulário da biblioteca Web	Tooltip		A revisar	Conteúdo estruturado ou termo vindo da biblioteca	2	Propor aqui; desenvolvimento atualiza a biblioteca/fonte e regenera o plugin		hac.refs.design.acessivel.web.wrapper.generated.componentoptions.59.01ef24e0	txt.83916160e91f	src/plugin/refs/design-acessivel-web-wrapper.generated.json	124	componentOptions.59
1397	Conteúdo das bibliotecas	Vocabulário da biblioteca Web	Imagem		A revisar	Conteúdo estruturado ou termo vindo da biblioteca	4	Propor aqui; desenvolvimento atualiza a biblioteca/fonte e regenera o plugin		hac.refs.design.acessivel.web.wrapper.generated.componentoptions.60.e505115b	txt.f854270eaca9	src/plugin/refs/design-acessivel-web-wrapper.generated.json	125	componentOptions.60
1398	Conteúdo das bibliotecas	Vocabulário da biblioteca Web	Texto Alternativo		A revisar	Conteúdo estruturado ou termo vindo da biblioteca	2	Propor aqui; desenvolvimento atualiza a biblioteca/fonte e regenera o plugin		hac.refs.design.acessivel.web.wrapper.generated.componentextravariantprops.imagem.variante.2dc87738	txt.e3e04b6d486a	src/plugin/refs/design-acessivel-web-wrapper.generated.json	129	componentExtraVariantProps.Imagem.Variante
1399	Conteúdo das bibliotecas	Vocabulário da biblioteca Web	Marco de navegação		A revisar	Conteúdo estruturado ou termo vindo da biblioteca	6	Propor aqui; desenvolvimento atualiza a biblioteca/fonte e regenera o plugin		hac.refs.design.acessivel.web.wrapper.generated.estrutura.variacoes.0.a0a7a844	txt.f745de63440f	src/plugin/refs/design-acessivel-web-wrapper.generated.json	135	estrutura.variacoes.0
1400	Conteúdo das bibliotecas	Vocabulário da biblioteca Web	Título da Página		A revisar	Conteúdo estruturado ou termo vindo da biblioteca	4	Propor aqui; desenvolvimento atualiza a biblioteca/fonte e regenera o plugin		hac.refs.design.acessivel.web.wrapper.generated.estrutura.variacoes.1.590400b1	txt.dead91f968b4	src/plugin/refs/design-acessivel-web-wrapper.generated.json	136	estrutura.variacoes.1
1401	Conteúdo das bibliotecas	Vocabulário da biblioteca Web	Idioma		A revisar	Conteúdo estruturado ou termo vindo da biblioteca	5	Propor aqui; desenvolvimento atualiza a biblioteca/fonte e regenera o plugin		hac.refs.design.acessivel.web.wrapper.generated.estrutura.variacoes.2.3d8c2f99	txt.113cff8ac7ee	src/plugin/refs/design-acessivel-web-wrapper.generated.json	137	estrutura.variacoes.2
1402	Conteúdo das bibliotecas	Vocabulário da biblioteca Web	Nav		A revisar	Conteúdo estruturado ou termo vindo da biblioteca	2	Propor aqui; desenvolvimento atualiza a biblioteca/fonte e regenera o plugin		hac.refs.design.acessivel.web.wrapper.generated.estrutura.marcotipos.0.7c0abdc8	txt.fea877d4f0f1	src/plugin/refs/design-acessivel-web-wrapper.generated.json	140	estrutura.marcoTipos.0
1403	Conteúdo das bibliotecas	Vocabulário da biblioteca Web	Main		A revisar	Conteúdo estruturado ou termo vindo da biblioteca	2	Propor aqui; desenvolvimento atualiza a biblioteca/fonte e regenera o plugin		hac.refs.design.acessivel.web.wrapper.generated.estrutura.marcotipos.1.46d5cf4a	txt.b28b7af69320	src/plugin/refs/design-acessivel-web-wrapper.generated.json	141	estrutura.marcoTipos.1
1404	Conteúdo das bibliotecas	Vocabulário da biblioteca Web	Aside		A revisar	Conteúdo estruturado ou termo vindo da biblioteca	2	Propor aqui; desenvolvimento atualiza a biblioteca/fonte e regenera o plugin		hac.refs.design.acessivel.web.wrapper.generated.estrutura.marcotipos.2.8653205d	txt.b77cad146760	src/plugin/refs/design-acessivel-web-wrapper.generated.json	142	estrutura.marcoTipos.2
1405	Conteúdo das bibliotecas	Vocabulário da biblioteca Web	Página		A revisar	Conteúdo estruturado ou termo vindo da biblioteca	3	Propor aqui; desenvolvimento atualiza a biblioteca/fonte e regenera o plugin		hac.refs.design.acessivel.web.wrapper.generated.estrutura.idiomatipos.0.74d79092	txt.fe34fd93c8e7	src/plugin/refs/design-acessivel-web-wrapper.generated.json	145	estrutura.idiomaTipos.0
1406	Conteúdo das bibliotecas	Vocabulário da biblioteca Web	Parte		A revisar	Conteúdo estruturado ou termo vindo da biblioteca	3	Propor aqui; desenvolvimento atualiza a biblioteca/fonte e regenera o plugin		hac.refs.design.acessivel.web.wrapper.generated.estrutura.idiomatipos.1.3d1aeffb	txt.3653c5dfa95b	src/plugin/refs/design-acessivel-web-wrapper.generated.json	146	estrutura.idiomaTipos.1
1407	Conteúdo das bibliotecas	Vocabulário da biblioteca Web	Observações		A revisar	Conteúdo estruturado ou termo vindo da biblioteca	13	Propor aqui; desenvolvimento atualiza a biblioteca/fonte e regenera o plugin		hac.refs.design.acessivel.web.wrapper.generated.estrutura.togglesbyvariacao.idioma.0.63967d5b	txt.c358a1fc1734	src/plugin/refs/design-acessivel-web-wrapper.generated.json	152	estrutura.togglesByVariacao.Idioma.0
1408	Conteúdo das bibliotecas	Vocabulário da biblioteca Web	H1		A revisar	Conteúdo estruturado ou termo vindo da biblioteca	3	Propor aqui; desenvolvimento atualiza a biblioteca/fonte e regenera o plugin		hac.refs.design.acessivel.web.wrapper.generated.tituloniveis.0.af250cb8	txt.ac4ae97285c1	src/plugin/refs/design-acessivel-web-wrapper.generated.json	157	tituloNiveis.0
1409	Conteúdo das bibliotecas	Vocabulário da biblioteca Web	H2		A revisar	Conteúdo estruturado ou termo vindo da biblioteca	2	Propor aqui; desenvolvimento atualiza a biblioteca/fonte e regenera o plugin		hac.refs.design.acessivel.web.wrapper.generated.tituloniveis.1.06788e45	txt.bf1c365741a4	src/plugin/refs/design-acessivel-web-wrapper.generated.json	158	tituloNiveis.1
1410	Conteúdo das bibliotecas	Vocabulário da biblioteca Web	H3		A revisar	Conteúdo estruturado ou termo vindo da biblioteca	2	Propor aqui; desenvolvimento atualiza a biblioteca/fonte e regenera o plugin		hac.refs.design.acessivel.web.wrapper.generated.tituloniveis.2.35e05ec3	txt.8dbc6058e033	src/plugin/refs/design-acessivel-web-wrapper.generated.json	159	tituloNiveis.2
1411	Conteúdo das bibliotecas	Vocabulário da biblioteca Web	H4		A revisar	Conteúdo estruturado ou termo vindo da biblioteca	2	Propor aqui; desenvolvimento atualiza a biblioteca/fonte e regenera o plugin		hac.refs.design.acessivel.web.wrapper.generated.tituloniveis.3.5d6446cf	txt.4f92c044d819	src/plugin/refs/design-acessivel-web-wrapper.generated.json	160	tituloNiveis.3
1412	Conteúdo das bibliotecas	Vocabulário da biblioteca Web	H5		A revisar	Conteúdo estruturado ou termo vindo da biblioteca	2	Propor aqui; desenvolvimento atualiza a biblioteca/fonte e regenera o plugin		hac.refs.design.acessivel.web.wrapper.generated.tituloniveis.4.b11e1105	txt.36e20656918e	src/plugin/refs/design-acessivel-web-wrapper.generated.json	161	tituloNiveis.4
1413	Conteúdo das bibliotecas	Vocabulário da biblioteca Web	H6		A revisar	Conteúdo estruturado ou termo vindo da biblioteca	2	Propor aqui; desenvolvimento atualiza a biblioteca/fonte e regenera o plugin		hac.refs.design.acessivel.web.wrapper.generated.tituloniveis.5.b066b462	txt.6b7658601d20	src/plugin/refs/design-acessivel-web-wrapper.generated.json	162	tituloNiveis.5
1414	Metadados do plugin	Nome do plugin	HAC - Handoff de Acessibilidade CAIXA		A revisar	Conteúdo estruturado ou termo vindo da biblioteca	1	Propor aqui; desenvolvimento aplica no banco textual/código		hac.manifest.name.92429a63	txt.bb81d8b3b4a5	src/plugin/manifest.json	2	name
