ID do texto repetido	Texto atual	Quantidade de usos	Tipos de conteúdo	IDs dos campos	Locais no código
txt.5749fbf846d2	Fechar	26	texto-interface | acessibilidade	hac.views.modals.button.1.title.c1480f66 | hac.views.modals.button.1.aria.label.7b0b4349 | hac.views.modals.button.8.title.133938c3 | hac.views.modals.button.8.aria.label.342980f3 | hac.views.modals.button.15.title.3da44ebb | hac.views.modals.button.15.aria.label.72327e85 | hac.views.modals.button.21.title.cd1e9701 | hac.views.modals.button.21.aria.label.f6c15244 | hac.views.modals.button.text.4.fe8a1fde | hac.views.modals.button.24.title.82946ad2 | hac.views.modals.button.24.aria.label.ea59f7fd | hac.views.modals.button.26.title.65e2ef8c | hac.views.modals.button.26.aria.label.bc1dcef5 | hac.views.modals.button.31.title.78c2c6a2 | hac.views.modals.button.31.aria.label.0df0ab0b | hac.views.modals.button.34.title.a9cc7e48 | hac.views.modals.button.34.aria.label.a9ad319a | hac.views.modals.button.45.title.80579b8e | hac.views.modals.button.45.aria.label.34e1b7e6 | hac.views.modals.button.49.title.45d00a00 | hac.views.modals.button.49.aria.label.69a44020 | hac.views.modals.button.53.aria.label.ca922bb8 | hac.views.modals.button.54.title.7e22b45c | hac.views.modals.button.54.aria.label.48f05019 | hac.views.modals.button.text.13.05c8925c | hac.views.modals.button.59.aria.label.cc65a7f9	src/plugin/views/modals.html:16 | src/plugin/views/modals.html:16 | src/plugin/views/modals.html:132 | src/plugin/views/modals.html:132 | src/plugin/views/modals.html:689 | src/plugin/views/modals.html:689 | src/plugin/views/modals.html:815 | src/plugin/views/modals.html:815 | src/plugin/views/modals.html:833 | src/plugin/views/modals.html:856 | src/plugin/views/modals.html:856 | src/plugin/views/modals.html:891 | src/plugin/views/modals.html:891 | src/plugin/views/modals.html:970 | src/plugin/views/modals.html:970 | src/plugin/views/modals.html:1052 | src/plugin/views/modals.html:1052 | src/plugin/views/modals.html:1208 | src/plugin/views/modals.html:1208 | src/plugin/views/modals.html:1304 | src/plugin/views/modals.html:1304 | src/plugin/views/modals.html:1485 | src/plugin/views/modals.html:1507 | src/plugin/views/modals.html:1507 | src/plugin/views/modals.html:1561 | src/plugin/views/modals.html:1582
txt.f4175b9050f0	label/tiny	18	revisar | vocabulario-dominio	hac.backend.onmessage.applyfichatypography.l1482c44.18dc6eff | hac.backend.onmessage.applyfichatypography.l1503c49.cf5c8d19 | hac.backend.onmessage.applyfichatypography.l1517c45.44e6cead | hac.backend.onmessage.applyfichatypography.l1551c49.e4bb4330 | hac.backend.onmessage.applyfichatypography.l1560c47.e7a3b147 | hac.backend.onmessage.applyfichatypography.l1590c48.aec36bc9 | hac.backend.onmessage.buildfichaswipesection.applyfichatypography.l5200c41.1935c29f | hac.backend.onmessage.buildfichaswipesection.applyfichatypography.l5233c46.2e3f29a6 | hac.code.snapshotcloneintofichasection.applyfichatypography.l2700.3aff4470 | hac.code.a11y.ficha.type.scale.l3698c3.e5aa5c92 | hac.code.buildfichalegendcolumn.applyfichatypography.l4686c43.38921100 | hac.code.appendheading.applyfichatypography.l4707c36.752d9083 | hac.code.appendparagraph.applyfichatypography.l4725c36.1af9d93b | hac.code.buildfichalegendcolumn.applyfichatypography.l4801c43.997b4b06 | hac.code.buildfichalegendcolumn.applyfichatypography.l4890c41.afbb0df3 | hac.code.buildfichalegendcolumn.applyfichatypography.l5014c42.30c80bf0 | hac.code.applyfichatypography.l5030c43.f568ba46 | hac.code.buildfichainstructiononlylegendcolumn.applyfichatypograp.8206447d	src/plugin/backend/onmessage.js:1482 | src/plugin/backend/onmessage.js:1503 | src/plugin/backend/onmessage.js:1517 | src/plugin/backend/onmessage.js:1551 | src/plugin/backend/onmessage.js:1560 | src/plugin/backend/onmessage.js:1590 | src/plugin/backend/onmessage.js:5200 | src/plugin/backend/onmessage.js:5233 | src/plugin/code.js:2700 | src/plugin/code.js:3698 | src/plugin/code.js:4686 | src/plugin/code.js:4707 | src/plugin/code.js:4725 | src/plugin/code.js:4801 | src/plugin/code.js:4890 | src/plugin/code.js:5014 | src/plugin/code.js:5030 | src/plugin/code.js:5099
txt.758908d4c222	a11y	17	revisar	hac.backend.onmessage.setplugindata.l1034c42.d87b1fe4 | hac.backend.onmessage.setplugindata.l2249c46.cd829509 | hac.backend.onmessage.createtaborderbadge.setplugindata.l2643c40.ebf42cee | hac.backend.onmessage.createtabordercloneforarea.setplugindata.l3177c40.cfcf8fb2 | hac.backend.onmessage.createswipepathcloneforarea.setplugindata.l3242c40.fc15cdc7 | hac.backend.onmessage.createspeccloneforarea.setplugindata.l3321c40.00ded940 | hac.backend.onmessage.buildswipepathconnection.setplugindata.l4051c40.1f7a0934 | hac.backend.onmessage.getorcreatefichainstrucoesframe.setplugindata.l4495c45.13782131 | hac.backend.onmessage.getorcreatefichainstrucoesframe.setplugindata.l4535c43.27e6923f | hac.backend.onmessage.getorcreatefichahandoffframe.setplugindata.l4609c40.88193467 | hac.code.countareagroups.l1741c50.3eccadb7 | hac.code.ensurecloneworkframe.desativada.setplugindata.l2173c46.19c23a15 | hac.code.ensurecloneworkframe.desativada.setplugindata.l2198c46.31a40b88 | hac.code.getorcreatecloneoverlaygroup.setplugindata.l2522c45.67bc7aaa | hac.code.createorgetfichaframe.setplugindata.l3661c43.8039f6cb | hac.code.getorcreatefichaareagroup.setplugindata.l3858c42.7f5a489c | hac.code.ensuretelatitulocard.setplugindata.l3950c39.93188426	src/plugin/backend/onmessage.js:1034 | src/plugin/backend/onmessage.js:2249 | src/plugin/backend/onmessage.js:2643 | src/plugin/backend/onmessage.js:3177 | src/plugin/backend/onmessage.js:3242 | src/plugin/backend/onmessage.js:3321 | src/plugin/backend/onmessage.js:4051 | src/plugin/backend/onmessage.js:4495 | src/plugin/backend/onmessage.js:4535 | src/plugin/backend/onmessage.js:4609 | src/plugin/code.js:1741 | src/plugin/code.js:2173 | src/plugin/code.js:2198 | src/plugin/code.js:2522 | src/plugin/code.js:3661 | src/plugin/code.js:3858 | src/plugin/code.js:3950
txt.11f9578d05e6	error	17	mensagem-sistema | texto-interface	hac.modules.core.downloadfile.showtoast.l206c52.65aefa1d | hac.modules.core.exporthacbackupjson.showtoast.l275c51.fe6546b5 | hac.modules.core.exporthachandoffdoc.showtoast.l344c54.57a03f14 | hac.modules.core.showtoast.l367c61.1ee68515 | hac.modules.core.showtoast.l374c68.6398709a | hac.modules.core.showtoast.l422c57.1ecfea4c | hac.modules.core.handlehacbackupfilechosen.showtoast.l425c71.beba5178 | hac.modules.core.showtoast.iserror.l747c31.6a77ffc0 | hac.modules.handoff.ficha.fichahandlesectioneditfailed.showtoast.l332c97.f2d318b8 | hac.modules.handoff.ficha.fichahandlesectioninsertfailed.showtoast.l404c105.2299018e | hac.modules.handoff.ficha.fichahandlenodenotfound.showtoast.l435c155.2fd65241 | hac.modules.messages.showtoast.l407c112.313a2ff7 | hac.modules.swipe.path.handleswipepathcopystarted.showtoast.l26c81.55cbf1cd | hac.modules.swipe.path.handleswipepathcloneresolved.showtoast.l337c89.dedbc16f | hac.modules.swipe.path.handleswipepathcreatefailed.showtoast.l779c91.0537fdbb | hac.modules.tab.order.handletabordercopystarted.showtoast.l499c81.f12ca062 | hac.modules.tab.order.toggletabordernarration.showtoast.l1640c83.e87d415e	src/plugin/modules/core.js:206 | src/plugin/modules/core.js:275 | src/plugin/modules/core.js:344 | src/plugin/modules/core.js:367 | src/plugin/modules/core.js:374 | src/plugin/modules/core.js:422 | src/plugin/modules/core.js:425 | src/plugin/modules/core.js:747 | src/plugin/modules/handoff-ficha.js:332 | src/plugin/modules/handoff-ficha.js:404 | src/plugin/modules/handoff-ficha.js:435 | src/plugin/modules/messages.js:407 | src/plugin/modules/swipe-path.js:26 | src/plugin/modules/swipe-path.js:337 | src/plugin/modules/swipe-path.js:779 | src/plugin/modules/tab-order.js:499 | src/plugin/modules/tab-order.js:1640
txt.e9df693ec666	Descrição	16	revisar | texto-interface	hac.code.filla11ymobileelementoseimagensfields.findnestedinstance.df40bdcb | hac.code.filla11ymobileelementoseimagensfields.findrawkey.l688c35.d16a5cf5 | hac.code.filla11ymobileelementoseimagensfields.syncnestedinstance.f8e436c0 | hac.code.buildfichalegendcolumn.name.l4678c21.d7f70f16 | hac.code.name.l5022c21.65b2bde2 | hac.code.buildfichainstructiononlylegendcolumn.name.l5097c21.6a7b48e9 | hac.modules.accessibility.collecta11yelementomobiletoggleproperties.push.l2541c44.68846f9b | hac.modules.accessibility.filter.l3637c59.a1b70cb2 | hac.modules.accessibility.label.l3674c34.5384efe3 | hac.modules.accessibility.label.l3698c34.d59d05e3 | hac.modules.accessibility.label.l3729c34.1adf2807 | hac.modules.handoff.ficha.fichabuildspecfields.push.l143c39.22679e2f | hac.views.modals.label.text.7.c30cb833 | hac.views.modals.p.text.7.2c6a122f | hac.views.modals.p.text.10.32be5b56 | hac.views.modals.strong.text.8.6546233e	src/plugin/code.js:671 | src/plugin/code.js:688 | src/plugin/code.js:737 | src/plugin/code.js:4678 | src/plugin/code.js:5022 | src/plugin/code.js:5097 | src/plugin/modules/accessibility.js:2541 | src/plugin/modules/accessibility.js:3637 | src/plugin/modules/accessibility.js:3674 | src/plugin/modules/accessibility.js:3698 | src/plugin/modules/accessibility.js:3729 | src/plugin/modules/handoff-ficha.js:143 | src/plugin/views/modals.html:468 | src/plugin/views/modals.html:535 | src/plugin/views/modals.html:595 | src/plugin/views/modals.html:1393
txt.c9b76ae79584	Bold	15	configuracao-tecnica | revisar	hac.backend.onmessage.loadfontasync.l941c65.1a04229c | hac.backend.onmessage.style.l997c56.c1ac5184 | hac.backend.onmessage.loadfontasync.l1108c65.22f0cfe4 | hac.backend.onmessage.style.l1202c58.2c12e76c | hac.backend.onmessage.style.l2627c56.c3bd3322 | hac.backend.onmessage.loadfontasync.l2630c61.806a761f | hac.backend.onmessage.style.l2631c56.7427dd77 | hac.backend.onmessage.loadfontasync.l3861c67.51060ff1 | hac.backend.onmessage.ensurelegendbesideclone.style.l4774c115.227107a1 | hac.backend.onmessage.ensurelegendbesideclone.style.l4775c112.4c4401fd | hac.backend.onmessage.loadfontasync.l5089c65.317970bb | hac.code.loadfontasync.l2124c63.05c14fd2 | hac.code.style.l2209c58.6c181050 | hac.code.a11yrobotostyleforweight.l3705c29.1303a741 | hac.code.applyfichatypography.interstyle.l3734c40.faaaafd8	src/plugin/backend/onmessage.js:941 | src/plugin/backend/onmessage.js:997 | src/plugin/backend/onmessage.js:1108 | src/plugin/backend/onmessage.js:1202 | src/plugin/backend/onmessage.js:2627 | src/plugin/backend/onmessage.js:2630 | src/plugin/backend/onmessage.js:2631 | src/plugin/backend/onmessage.js:3861 | src/plugin/backend/onmessage.js:4774 | src/plugin/backend/onmessage.js:4775 | src/plugin/backend/onmessage.js:5089 | src/plugin/code.js:2124 | src/plugin/code.js:2209 | src/plugin/code.js:3705 | src/plugin/code.js:3734
txt.62b1466cf22e	Cancelar	15	texto-interface | revisar | acessibilidade	hac.build.a11y.capture.mini.bar.cancel.text.e29c4525 | hac.modules.accessibility.confirmbacktohome.opena11yconfirmmodal.l5936c18.88c631fc | hac.modules.accessibility.opena11yconfirmmodal.cancellabel.l5960c59.32f77b8e | hac.views.modals.button.text.1.f655c208 | hac.views.modals.button.text.2.f5ebecc2 | hac.views.modals.button.text.8.83fd3bc3 | hac.views.modals.button.36.title.94049ff4 | hac.views.modals.button.36.aria.label.448b610b | hac.views.modals.button.text.10.b8c86839 | hac.views.modals.button.40.title.dd84cf1c | hac.views.modals.button.40.aria.label.0c9cf4ff | hac.views.modals.button.text.11.ce440b6a | hac.views.modals.button.59.title.c5c969b0 | hac.views.modals.a11y.confirm.modal.cancel.btn.title.9d1e47e6 | hac.views.modals.a11y.confirm.modal.cancel.btn.text.20d7bb13	src/plugin/build.cjs:256 | src/plugin/modules/accessibility.js:5936 | src/plugin/modules/accessibility.js:5960 | src/plugin/views/modals.html:669 | src/plugin/views/modals.html:733 | src/plugin/views/modals.html:980 | src/plugin/views/modals.html:1092 | src/plugin/views/modals.html:1092 | src/plugin/views/modals.html:1116 | src/plugin/views/modals.html:1152 | src/plugin/views/modals.html:1152 | src/plugin/views/modals.html:1176 | src/plugin/views/modals.html:1582 | src/plugin/views/modals.html:1590 | src/plugin/views/modals.html:1590
txt.b6708d593ee2	Inter	15	configuracao-tecnica | revisar	hac.backend.onmessage.loadfontasync.l941c49.86cac0ec | hac.backend.onmessage.family.l997c40.312a5627 | hac.backend.onmessage.loadfontasync.l1108c49.02a0ca9b | hac.backend.onmessage.family.l1202c42.62e17acb | hac.backend.onmessage.family.l2627c40.7d276509 | hac.backend.onmessage.loadfontasync.l2630c45.23549984 | hac.backend.onmessage.family.l2631c40.f57a3538 | hac.backend.onmessage.loadfontasync.l3861c51.fda2ff8d | hac.backend.onmessage.ensurelegendbesideclone.family.l4775c19.5ab34496 | hac.backend.onmessage.ensurelegendbesideclone.family.l4775c58.ca89ecad | hac.backend.onmessage.ensurelegendbesideclone.family.l4775c96.fe7940f3 | hac.backend.onmessage.loadfontasync.l5089c49.15d45b7c | hac.code.loadfontasync.l2124c47.2c3ff4d9 | hac.code.family.l2209c42.3175fc14 | hac.code.applyfichatypography.family.l3735c26.4a66d611	src/plugin/backend/onmessage.js:941 | src/plugin/backend/onmessage.js:997 | src/plugin/backend/onmessage.js:1108 | src/plugin/backend/onmessage.js:1202 | src/plugin/backend/onmessage.js:2627 | src/plugin/backend/onmessage.js:2630 | src/plugin/backend/onmessage.js:2631 | src/plugin/backend/onmessage.js:3861 | src/plugin/backend/onmessage.js:4775 | src/plugin/backend/onmessage.js:4775 | src/plugin/backend/onmessage.js:4775 | src/plugin/backend/onmessage.js:5089 | src/plugin/code.js:2124 | src/plugin/code.js:2209 | src/plugin/code.js:3735
txt.2cccdb3dac0d	Leitor de Tela	13	revisar | texto-interface	hac.code.filla11ywebelementofields.findinstancebypropnames.l1074c.7e451ac7 | hac.code.filla11ywebelementofields.instancepropkey.l1078c49.cba7d519 | hac.code.filla11ywebelementofields.setandverifyvariants.l1079c44.02a40f4b | hac.code.title.l3551c12.1bb42265 | hac.modules.accessibility.label.text.2.e4c4e02b | hac.modules.accessibility.collecta11yelementomobiletoggleproperties.push.l2560c47.7002bb7a | hac.modules.handoff.ficha.fichasectiondisplayname.l58c88.97666afa | hac.modules.handoff.ficha.fichadashboardhtml.push.l742c51.3dd0b608 | hac.modules.onboarding.strong.text.1.8ba0e5f1 | hac.modules.onboarding.strong.text.2.55423198 | hac.modules.onboarding.strong.text.1.0e761b72 | hac.modules.onboarding.strong.text.3.5125c363 | hac.views.specifications.span.text.4.a95da597	src/plugin/code.js:1074 | src/plugin/code.js:1078 | src/plugin/code.js:1079 | src/plugin/code.js:3551 | src/plugin/modules/accessibility.js:2004 | src/plugin/modules/accessibility.js:2560 | src/plugin/modules/handoff-ficha.js:58 | src/plugin/modules/handoff-ficha.js:742 | src/plugin/modules/onboarding.js:57 | src/plugin/modules/onboarding.js:58 | src/plugin/modules/onboarding.js:73 | src/plugin/modules/onboarding.js:74 | src/plugin/views/specifications.html:212
txt.c358a1fc1734	Observações	13	revisar | texto-interface | vocabulario-lib-web	hac.code.filla11ymobileelementoseimagensfields.syncnestedinstance.daad7633 | hac.code.filla11ymobiletitulofields.findnestedinstancewithanyprop.47ff5cc9 | hac.code.filla11ymobiledecorativofields.findnestedinstancewithany.28db648e | hac.code.filla11ywebelementofields.findinstancebypropnames.l1074c.256e9253 | hac.code.filla11ywebelementofields.applywebbooleantextfield.l1083.2ab8624b | hac.code.filla11ywebdecorativofields.applywebbooleantextfield.l11.f92626e2 | hac.code.filla11ywebestruturafields.applywebbooleantextfield.l115.afbef5b8 | hac.modules.accessibility.observacoes.l503c16.9cfccab9 | hac.modules.accessibility.updatea11ymobileobservacoesvisibility.a11ymobilecomponen.69248941 | hac.modules.handoff.ficha.fichabuildspecfields.push.l165c41.68ba9205 | hac.refs.design.acessivel.web.wrapper.generated.wrapper.contentinstancebya11ytype.decorativo.properties..8bed21a0 | hac.refs.design.acessivel.web.wrapper.generated.estrutura.togglesbyvariacao.idioma.0.63967d5b | hac.views.modals.span.text.5.788c9716	src/plugin/code.js:739 | src/plugin/code.js:842 | src/plugin/code.js:890 | src/plugin/code.js:1074 | src/plugin/code.js:1083 | src/plugin/code.js:1108 | src/plugin/code.js:1150 | src/plugin/modules/accessibility.js:503 | src/plugin/modules/accessibility.js:2327 | src/plugin/modules/handoff-ficha.js:165 | src/plugin/refs/design-acessivel-web-wrapper.generated.json:46 | src/plugin/refs/design-acessivel-web-wrapper.generated.json:152 | src/plugin/views/modals.html:324
txt.595c37b5a24b	rotate(0deg)	12	revisar	hac.modules.accessibility.togglea11yareaaccordion.l4105c72.16488673 | hac.modules.accessibility.foreach.l4141c72.6eefbdae | hac.modules.accessibility.togglea11ycategoryaccordion.l4169c72.eb1a6f17 | hac.modules.accessibility.togglea11yundocumentedaccordion.l4213c72.a25c6e2d | hac.modules.accessibility.a11yundocumentedaccordionel.chevronstyle.l4284c52.32b2fad1 | hac.modules.accessibility.opena11ybatchsummarymodal.transform.l6708c56.2d4c0f67 | hac.modules.accessibility.opena11ybatchsummarymodal.transform.l6793c68.a475fc16 | hac.modules.core.foreach.l1040c54.3e8b7cac | hac.modules.core.toggleaccordion.l1048c66.0a7088f4 | hac.modules.core.literal.l1073c52.bdd7285c | hac.modules.tab.order.togglea11ytaborderaccordion.l17c72.ca339057 | hac.modules.tab.order.tabordersectionhtml.chevronstyle.l35c52.a9fdebdc	src/plugin/modules/accessibility.js:4105 | src/plugin/modules/accessibility.js:4141 | src/plugin/modules/accessibility.js:4169 | src/plugin/modules/accessibility.js:4213 | src/plugin/modules/accessibility.js:4284 | src/plugin/modules/accessibility.js:6708 | src/plugin/modules/accessibility.js:6793 | src/plugin/modules/core.js:1040 | src/plugin/modules/core.js:1048 | src/plugin/modules/core.js:1073 | src/plugin/modules/tab-order.js:17 | src/plugin/modules/tab-order.js:35
txt.b997b3fca96a	Componente	11	texto-interface | vocabulario-dominio | revisar | vocabulario-lib-web	hac.code.filla11ymobileelementoseimagensfields.componentekey.l803.3af657bb | hac.code.componentefound.l806c58.4bcd438d | hac.code.filla11ywebelementofields.content.l1066c55.150710b6 | hac.modules.accessibility.a11y.elemento.mobile.variants.l565c15.91eb9338 | hac.modules.accessibility.a11y.variant.blocklist.l898c42.b75923c5 | hac.modules.accessibility.cleandsccontainingframename.l3492c36.6fe3251f | hac.modules.accessibility.unshift.l3660c56.3b3ea46c | hac.modules.handoff.ficha.fichabuildspecfields.componenteraw.l172c15.ce81fb20 | hac.modules.handoff.ficha.fichabuildspecfields.push.l173c43.f844081c | hac.refs.design.acessivel.web.wrapper.generated.wrapper.contentinstancebya11ytype.elemento.properties.0..bac25bfb | hac.refs.design.acessivel.web.wrapper.generated.wrapper.contentinstancebya11ytype.elemento.properties.1..488b7541	src/plugin/code.js:803 | src/plugin/code.js:806 | src/plugin/code.js:1066 | src/plugin/modules/accessibility.js:565 | src/plugin/modules/accessibility.js:898 | src/plugin/modules/accessibility.js:3492 | src/plugin/modules/accessibility.js:3660 | src/plugin/modules/handoff-ficha.js:172 | src/plugin/modules/handoff-ficha.js:173 | src/plugin/refs/design-acessivel-web-wrapper.generated.json:23 | src/plugin/refs/design-acessivel-web-wrapper.generated.json:26
txt.73731b9780ed	Nome acessível	11	revisar | acessibilidade | texto-interface	hac.code.filla11ymobileelementoseimagensfields.findnestedinstance.aabf36ca | hac.code.filla11ymobileelementoseimagensfields.findrawkey.l711c39.759fc7b8 | hac.code.filla11ymobileelementoseimagensfields.syncnestedinstance.ed7313d4 | hac.code.filla11ywebelementofields.findinstancebypropnames.l1074c.4d517f69 | hac.code.filla11ywebelementofields.applywebbooleantextfield.l1082.9259996e | hac.modules.accessibility.nomeacessivel.l502c18.b681a053 | hac.modules.accessibility.a11ymobilecomponenthasnomeacessivel.a11ymobilecomponenth.04125127 | hac.modules.accessibility.a11ymobilecomponenthastoggle.l2175c30.bb63ca38 | hac.modules.accessibility.a11ymobilecomponenthastoggle.l2183c25.a74573de | hac.modules.handoff.ficha.fichabuildspecfields.push.l146c43.167a1439 | hac.views.modals.p.text.3.0a885d38	src/plugin/code.js:671 | src/plugin/code.js:711 | src/plugin/code.js:740 | src/plugin/code.js:1074 | src/plugin/code.js:1082 | src/plugin/modules/accessibility.js:502 | src/plugin/modules/accessibility.js:2129 | src/plugin/modules/accessibility.js:2175 | src/plugin/modules/accessibility.js:2183 | src/plugin/modules/handoff-ficha.js:146 | src/plugin/views/modals.html:288
txt.60329fb0364b	marco de navegacao	9	revisar | vocabulario-dominio	hac.code.web.estrutura.variacao.by.form.l1117c64.73a82135 | hac.modules.accessibility.opena11ymodal.l1541c73.fa499784 | hac.modules.accessibility.a11y.web.estrutura.form.variacao.l3135c65.c1d41213 | hac.modules.accessibility.updatea11yestruturafields.toggle.l3188c63.1a7d98ee | hac.modules.accessibility.updatea11yestruturafields.l3195c22.ea589126 | hac.modules.accessibility.updatea11yestruturafields.l3243c24.de24953a | hac.modules.accessibility.literal.l3685c26.54e9545c | hac.modules.accessibility.prefilla11yspecforedit.variacao.l7598c26.8a289811 | hac.modules.accessibility.variacao.l7606c75.af0c6451	src/plugin/code.js:1117 | src/plugin/modules/accessibility.js:1541 | src/plugin/modules/accessibility.js:3135 | src/plugin/modules/accessibility.js:3188 | src/plugin/modules/accessibility.js:3195 | src/plugin/modules/accessibility.js:3243 | src/plugin/modules/accessibility.js:3685 | src/plugin/modules/accessibility.js:7598 | src/plugin/modules/accessibility.js:7606
txt.14214c0e9311	rotate(180deg)	9	revisar	hac.modules.accessibility.togglea11yareaaccordion.l4105c53.75449b45 | hac.modules.accessibility.foreach.l4141c53.49576378 | hac.modules.accessibility.togglea11ycategoryaccordion.l4169c53.38d4146f | hac.modules.accessibility.togglea11yundocumentedaccordion.l4213c53.b434e91f | hac.modules.accessibility.a11yundocumentedaccordionel.chevronstyle.l4284c33.50f46dcc | hac.modules.core.toggleaccordion.l1048c47.e8466b83 | hac.modules.core.literal.l1073c69.32ef4976 | hac.modules.tab.order.togglea11ytaborderaccordion.l17c53.a676bc52 | hac.modules.tab.order.tabordersectionhtml.chevronstyle.l35c33.719f2870	src/plugin/modules/accessibility.js:4105 | src/plugin/modules/accessibility.js:4141 | src/plugin/modules/accessibility.js:4169 | src/plugin/modules/accessibility.js:4213 | src/plugin/modules/accessibility.js:4284 | src/plugin/modules/core.js:1048 | src/plugin/modules/core.js:1073 | src/plugin/modules/tab-order.js:17 | src/plugin/modules/tab-order.js:35
txt.26edd591c064	Selecionar Tela	9	texto-interface | acessibilidade	hac.modules.accessibility.html.text.1.6a533c3f | hac.modules.onboarding.strong.text.1.adf8df73 | hac.modules.onboarding.strong.text.1.12a9d93f | hac.views.modals.html.text.4.469eb94c | hac.views.modals.strong.text.7.cc9d80aa | hac.views.modals.strong.text.10.d4ef9d16 | hac.views.specifications.btn.a11y.select.screen.header.title.17a7b7cc | hac.views.specifications.btn.a11y.select.screen.header.aria.label.08c246dd | hac.views.specifications.span.text.1.80b5f565	src/plugin/modules/accessibility.js:5278 | src/plugin/modules/onboarding.js:56 | src/plugin/modules/onboarding.js:72 | src/plugin/views/modals.html:687 | src/plugin/views/modals.html:910 | src/plugin/views/modals.html:1404 | src/plugin/views/specifications.html:46 | src/plugin/views/specifications.html:46 | src/plugin/views/specifications.html:48
txt.08f002c56c5f	Focar no canvas	8	texto-interface | acessibilidade	hac.modules.accessibility.button.1.title.d9cbf68b | hac.modules.accessibility.button.1.aria.label.906d2a3c | hac.modules.accessibility.html.text.1.3434496d | hac.modules.accessibility.button.1.title.52918204 | hac.modules.accessibility.button.1.aria.label.0f6b2cff | hac.modules.tab.order.button.1.title.0fcbf5df | hac.modules.tab.order.button.1.aria.label.62b877af | hac.views.specifications.html.text.3.d02acd32	src/plugin/modules/accessibility.js:4265 | src/plugin/modules/accessibility.js:4265 | src/plugin/modules/accessibility.js:5067 | src/plugin/modules/accessibility.js:6798 | src/plugin/modules/accessibility.js:6798 | src/plugin/modules/tab-order.js:1388 | src/plugin/modules/tab-order.js:1388 | src/plugin/views/specifications.html:165
txt.37066ca9dc6a	Ordem de Tabulação	8	texto-interface | revisar | conteudo-instrucional	hac.build.a11y.capture.bar.instructions.title.text.text.0f6cda18 | hac.code.title.l3537c12.6a74bed6 | hac.code.legendtitle.l3540c18.a46fc81a | hac.modules.tab.order.p.text.1.68f7f7ff | hac.modules.tab.order.p.text.1.f25c11cf | hac.refs.ficha.instruction.content.tabulacao.title.02dcb28c | hac.views.modals.a11y.instruction.modal.title.text.text.f501d1a4 | hac.views.modals.html.text.18.e6405b62	src/plugin/build.cjs:274 | src/plugin/code.js:3537 | src/plugin/code.js:3540 | src/plugin/modules/tab-order.js:46 | src/plugin/modules/tab-order.js:63 | src/plugin/refs/ficha-instruction-content.json:16 | src/plugin/views/modals.html:1050 | src/plugin/views/modals.html:1084
txt.ea631551f556	Texto	8	revisar | texto-interface | vocabulario-dominio	hac.backend.onmessage.buildfichaswipesection.name.l5192c19.3a086274 | hac.code.syncnestedinstancetext.textokey.l733c92.40e046be | hac.code.textokey.l756c36.02a15bd2 | hac.code.applywebbooleantextfield.textokey.l1038c102.de0dba08 | hac.code.snapshotcloneintofichasection.name.l2694c17.a459ee59 | hac.code.buildfichalegendcolumn.name.l4882c19.6391f6f3 | hac.code.buildfichalegendcolumn.name.l4982c22.de8d3dd0 | hac.modules.accessibility.a11y.narration.type.labels.l438c10.c25588cd	src/plugin/backend/onmessage.js:5192 | src/plugin/code.js:733 | src/plugin/code.js:756 | src/plugin/code.js:1038 | src/plugin/code.js:2694 | src/plugin/code.js:4882 | src/plugin/code.js:4982 | src/plugin/modules/accessibility.js:438
txt.ca84d1343b96	Web	8	texto-interface | vocabulario-dominio | revisar	hac.backend.platform.profiles.label.l191c12.d1d2a1c8 | hac.modules.accessibility.a11y.ui.profiles.l709c13.d4d68c97 | hac.modules.accessibility.opena11ymodal.a11yorigin.l1375c57.09523e92 | hac.modules.accessibility.a11y.lib.to.origin.l5426c51.d28cd865 | hac.modules.accessibility.a11y.lib.to.origin.l5426c75.73547aea | hac.modules.accessibility.openabouthacmodal.l5997c85.933cd5c0 | hac.modules.accessibility.resolvea11yformpresetfromitem.a11yorigin.l6370c38.29fb8491 | hac.views.modals.span.text.12.616c7a97	src/plugin/backend/platform-profiles.js:191 | src/plugin/modules/accessibility.js:709 | src/plugin/modules/accessibility.js:1375 | src/plugin/modules/accessibility.js:5426 | src/plugin/modules/accessibility.js:5426 | src/plugin/modules/accessibility.js:5997 | src/plugin/modules/accessibility.js:6370 | src/plugin/views/modals.html:786
txt.01a2d1b3df12	__sem_area__	7	revisar	hac.modules.accessibility.a11ysemareaaccordionel.setattribute.l5112c37.8823cecb | hac.modules.accessibility.rendera11ygroupedlist.currenttaborderitems.l5316c49.cf43ce3d | hac.modules.accessibility.rendera11ygroupedlist.rendertaborderlistforarea.l5321c34.d911f0aa | hac.modules.tab.order.tabordersectionhtml.areaidattr.l33c39.5f59ff97 | hac.modules.tab.order.currenttaborderitems.l1171c18.67623740 | hac.modules.tab.order.rendertaborderlistforarea.readonly.l1373c31.cd890329 | hac.modules.tab.order.deletetaborderitem.sort.l1687c53.89591cb2	src/plugin/modules/accessibility.js:5112 | src/plugin/modules/accessibility.js:5316 | src/plugin/modules/accessibility.js:5321 | src/plugin/modules/tab-order.js:33 | src/plugin/modules/tab-order.js:1171 | src/plugin/modules/tab-order.js:1373 | src/plugin/modules/tab-order.js:1687
txt.8dd5ae3334cc	da pagina	7	revisar | vocabulario-dominio	hac.code.web.estrutura.idioma.tipo.by.form.l1118c46.1285d62e | hac.modules.accessibility.a11y.content.l352c7.42c30b47 | hac.modules.accessibility.opena11ymodal.value.l1543c46.7d395e1c | hac.modules.accessibility.a11y.web.estrutura.form.idioma.tipo.l3136c47.7043dbb1 | hac.modules.accessibility.updatea11yestruturafields.l3194c62.81d9de62 | hac.modules.accessibility.literal.l3686c79.7397a57b | hac.modules.accessibility.idioma.l7603c62.ae55a1dd	src/plugin/code.js:1118 | src/plugin/modules/accessibility.js:352 | src/plugin/modules/accessibility.js:1543 | src/plugin/modules/accessibility.js:3136 | src/plugin/modules/accessibility.js:3194 | src/plugin/modules/accessibility.js:3686 | src/plugin/modules/accessibility.js:7603
txt.4f0aa52d656a	link	7	vocabulario-dominio | revisar | vocabulario-lib-web	hac.backend.dsc.matching.a11y.interactive.shortnames.l254c13.170b98fc | hac.code.filla11ymobileelementoseimagensfields.findnestedinstance.cd715278 | hac.modules.accessibility.a11y.componente.labels.l408c45.73134ffd | hac.modules.accessibility.a11y.narration.type.labels.l437c9.9c8a4c67 | hac.modules.accessibility.a11y.narration.type.labels.en.l459c9.ad9eda51 | hac.modules.accessibility.a11y.elemento.mobile.variants.l566c9.6271e747 | hac.refs.design.acessivel.web.wrapper.generated.componentoptions.35.9ce531f3	src/plugin/backend/dsc-matching.js:254 | src/plugin/code.js:749 | src/plugin/modules/accessibility.js:408 | src/plugin/modules/accessibility.js:437 | src/plugin/modules/accessibility.js:459 | src/plugin/modules/accessibility.js:566 | src/plugin/refs/design-acessivel-web-wrapper.generated.json:100
txt.134cd863bd84	Personalizado	7	texto-interface | revisar	hac.code.componentereal.l796c34.1c2347b6 | hac.modules.accessibility.synca11ymobilelinkurllockstate.value.l827c37.006f7b6e | hac.modules.accessibility.join.l1986c54.77cc90a4 | hac.modules.accessibility.map.l1988c86.9b8e89f2 | hac.modules.accessibility.foreach.l2637c53.19ec91e8 | hac.modules.accessibility.componenteopcao.l3657c66.69ed59cc | hac.modules.accessibility.restorea11ywebcomponenteselection.value.l7510c20.a37bc6e0	src/plugin/code.js:796 | src/plugin/modules/accessibility.js:827 | src/plugin/modules/accessibility.js:1986 | src/plugin/modules/accessibility.js:1988 | src/plugin/modules/accessibility.js:2637 | src/plugin/modules/accessibility.js:3657 | src/plugin/modules/accessibility.js:7510
txt.ce6bdd437106	radio button	7	vocabulario-dominio	hac.backend.dsc.matching.a11y.interactive.shortnames.l252c25.1599c297 | hac.modules.accessibility.a11y.content.l331c7.e44b68ab | hac.modules.accessibility.a11y.componente.labels.l409c3.72904bb4 | hac.modules.accessibility.a11y.componente.labels.l409c19.1a492dfa | hac.modules.accessibility.a11y.narration.type.labels.l428c3.a981efed | hac.modules.accessibility.a11y.narration.type.labels.en.l450c3.2e7ae41e | hac.modules.accessibility.a11y.narration.type.labels.en.l450c19.3a956c1d	src/plugin/backend/dsc-matching.js:252 | src/plugin/modules/accessibility.js:331 | src/plugin/modules/accessibility.js:409 | src/plugin/modules/accessibility.js:409 | src/plugin/modules/accessibility.js:428 | src/plugin/modules/accessibility.js:450 | src/plugin/modules/accessibility.js:450
txt.3df042c01470	tab group	7	vocabulario-dominio	hac.backend.dsc.matching.a11y.interactive.shortnames.l253c27.b81792b6 | hac.modules.accessibility.a11y.content.l336c7.85f6f236 | hac.modules.accessibility.a11y.componente.labels.l410c19.9b736b09 | hac.modules.accessibility.a11y.componente.labels.l410c32.c0eb53e7 | hac.modules.accessibility.a11y.narration.type.labels.l433c3.4cab9b61 | hac.modules.accessibility.a11y.narration.type.labels.en.l455c3.4656e1a4 | hac.modules.accessibility.a11y.narration.type.labels.en.l455c16.520bd8ed	src/plugin/backend/dsc-matching.js:253 | src/plugin/modules/accessibility.js:336 | src/plugin/modules/accessibility.js:410 | src/plugin/modules/accessibility.js:410 | src/plugin/modules/accessibility.js:433 | src/plugin/modules/accessibility.js:455 | src/plugin/modules/accessibility.js:455
txt.afd410875455	Tabulação	7	revisar | texto-interface	hac.modules.handoff.ficha.fichasectiondisplayname.l58c39.644afcbc | hac.modules.handoff.ficha.fichadashboardhtml.fichastatuscardhtml.l732c45.0366ff2d | hac.modules.onboarding.strong.text.1.fdd00c32 | hac.modules.onboarding.strong.text.1.a40971a3 | hac.modules.onboarding.strong.text.1.df26bbe0 | hac.modules.onboarding.strong.text.1.ac5ded6a | hac.views.specifications.span.text.2.f9e13245	src/plugin/modules/handoff-ficha.js:58 | src/plugin/modules/handoff-ficha.js:732 | src/plugin/modules/onboarding.js:58 | src/plugin/modules/onboarding.js:61 | src/plugin/modules/onboarding.js:74 | src/plugin/modules/onboarding.js:77 | src/plugin/views/specifications.html:202
txt.7b7fcc78d6cd	button	6	vocabulario-dominio | vocabulario-lib-mobile | vocabulario-lib-web	hac.backend.dsc.matching.a11y.interactive.shortnames.l252c3.1167073e | hac.modules.accessibility.a11y.componente.labels.l407c61.36b65dd6 | hac.modules.accessibility.a11y.narration.type.labels.en.l448c11.05602825 | hac.refs.design.acessivel.mobile.wrapper.generated.componentoptions.8.4e58eaee | hac.refs.design.acessivel.web.wrapper.generated.wrapper.contentinstancebya11ytype.elemento.properties.1..0bf91034 | hac.refs.design.acessivel.web.wrapper.generated.componentoptions.6.47ca2bf0	src/plugin/backend/dsc-matching.js:252 | src/plugin/modules/accessibility.js:407 | src/plugin/modules/accessibility.js:448 | src/plugin/refs/design-acessivel-mobile-wrapper.generated.json:23 | src/plugin/refs/design-acessivel-web-wrapper.generated.json:28 | src/plugin/refs/design-acessivel-web-wrapper.generated.json:71
txt.31e194f20825	Instruções sobre esta documentação	6	texto-interface | acessibilidade	hac.modules.accessibility.button.1.data.tooltip.7d2b1443 | hac.modules.accessibility.button.1.aria.label.b768890b | hac.modules.accessibility.button.1.data.tooltip.ddeca5b1 | hac.modules.accessibility.button.1.aria.label.bc2e615f | hac.modules.accessibility.button.2.data.tooltip.86b00325 | hac.modules.accessibility.button.2.aria.label.65d75149	src/plugin/modules/accessibility.js:4353 | src/plugin/modules/accessibility.js:4353 | src/plugin/modules/accessibility.js:4526 | src/plugin/modules/accessibility.js:4526 | src/plugin/modules/accessibility.js:4729 | src/plugin/modules/accessibility.js:4729
txt.f745de63440f	Marco de navegação	6	revisar | vocabulario-dominio | vocabulario-lib-web | texto-interface	hac.code.marco.de.navegacao.l1117c86.7a301dce | hac.code.filla11ywebestruturafields.l1130c20.41a7714c | hac.modules.accessibility.a11y.web.estrutura.form.variacao.l3135c87.fefc12fb | hac.refs.design.acessivel.web.wrapper.generated.wrapper.contentinstancebya11ytype.estrutura.properties.0.d2fec856 | hac.refs.design.acessivel.web.wrapper.generated.estrutura.variacoes.0.a0a7a844 | hac.views.modals.option.text.2.e1661923	src/plugin/code.js:1117 | src/plugin/code.js:1130 | src/plugin/modules/accessibility.js:3135 | src/plugin/refs/design-acessivel-web-wrapper.generated.json:58 | src/plugin/refs/design-acessivel-web-wrapper.generated.json:135 | src/plugin/views/modals.html:436
txt.e626b601a40b	Nota de Código	6	texto-interface	hac.modules.accessibility.push.l3677c51.e9bd032c | hac.modules.accessibility.push.l3702c85.eada55cb | hac.modules.accessibility.push.l3731c83.3765d8f3 | hac.views.modals.p.text.5.7f0a1907 | hac.views.modals.p.text.8.49e6add3 | hac.views.modals.p.text.11.e21af3d4	src/plugin/modules/accessibility.js:3677 | src/plugin/modules/accessibility.js:3702 | src/plugin/modules/accessibility.js:3731 | src/plugin/views/modals.html:476 | src/plugin/views/modals.html:539 | src/plugin/views/modals.html:602
txt.4558a56ede30	Remover da lista	6	texto-interface | acessibilidade	hac.modules.swipe.path.button.1.title.30566e40 | hac.modules.swipe.path.button.1.aria.label.bcba3cce | hac.modules.swipe.path.button.1.title.557d4b8e | hac.modules.swipe.path.button.1.aria.label.9fde5ff0 | hac.modules.tab.order.button.1.title.e10c433c | hac.modules.tab.order.button.1.aria.label.fc137b05	src/plugin/modules/swipe-path.js:527 | src/plugin/modules/swipe-path.js:527 | src/plugin/modules/swipe-path.js:579 | src/plugin/modules/swipe-path.js:579 | src/plugin/modules/tab-order.js:838 | src/plugin/modules/tab-order.js:838
txt.f0740f301bde	Spec Notes	6	revisar	hac.backend.onmessage.name.l1379c25.88b3d5fd | hac.backend.onmessage.name.l1431c25.c503de49 | hac.backend.onmessage.find.l1786c110.163b95e7 | hac.backend.onmessage.find.l1809c151.98774885 | hac.backend.onmessage.find.l1859c151.24ac4d0c | hac.backend.onmessage.find.l2112c123.1650a587	src/plugin/backend/onmessage.js:1379 | src/plugin/backend/onmessage.js:1431 | src/plugin/backend/onmessage.js:1786 | src/plugin/backend/onmessage.js:1809 | src/plugin/backend/onmessage.js:1859 | src/plugin/backend/onmessage.js:2112
txt.52c8217c245d	stepper	6	vocabulario-dominio | texto-interface | vocabulario-lib-web	hac.backend.dsc.matching.a11y.interactive.shortnames.l253c16.13ad9710 | hac.modules.accessibility.a11y.componente.labels.l409c66.2d1f808c | hac.modules.accessibility.a11y.narration.type.labels.en.l454c12.601c26d6 | hac.modules.onboarding.onboarding.tools.l53c13.3506549a | hac.modules.onboarding.onboarding.tools.l69c13.06980eb8 | hac.refs.design.acessivel.web.wrapper.generated.componentoptions.51.97f38bbc	src/plugin/backend/dsc-matching.js:253 | src/plugin/modules/accessibility.js:409 | src/plugin/modules/accessibility.js:454 | src/plugin/modules/onboarding.js:53 | src/plugin/modules/onboarding.js:69 | src/plugin/refs/design-acessivel-web-wrapper.generated.json:116
txt.8c669807335d	`).join('')}	5	texto-interface	hac.modules.accessibility.html.text.1.5deb7166 | hac.modules.onboarding.html.text.2.222d96f6 | hac.modules.onboarding.html.text.1.886261fb | hac.modules.onboarding.html.text.1.f1c529ef | hac.modules.onboarding.html.text.1.5d1767d1	src/plugin/modules/accessibility.js:5642 | src/plugin/modules/onboarding.js:180 | src/plugin/modules/onboarding.js:226 | src/plugin/modules/onboarding.js:276 | src/plugin/modules/onboarding.js:301
txt.6b097de23b94	${HAC_DOC_KEY_PREFIX}:count	5	revisar	hac.code.parseint.l5225c68.37b8ae77 | hac.code.writehacdatatodocument.setsharedplugindata.l5229c42.99b790a1 | hac.code.parseint.l5245c65.cf15400f | hac.code.parseint.l5270c65.e7736fd8 | hac.code.clearhacdatafromdocument.setsharedplugindata.l5274c42.de823e09	src/plugin/code.js:5225 | src/plugin/code.js:5229 | src/plugin/code.js:5245 | src/plugin/code.js:5270 | src/plugin/code.js:5274
txt.2319af1437e6	Acessibilidade	5	texto-interface | revisar	hac.modules.accessibility.a11yspecitemhtml.label.l3991c63.283303d7 | hac.modules.accessibility.applya11yheaderorigintitle.l5795c7.7e1c0927 | hac.modules.handoff.ficha.fichabuildspecpayload.label.l184c63.b4051d1a | hac.views.modals.dd.text.1.7c967f77 | hac.views.specifications.a11y.header.title.text.d21b57ee	src/plugin/modules/accessibility.js:3991 | src/plugin/modules/accessibility.js:5795 | src/plugin/modules/handoff-ficha.js:184 | src/plugin/views/modals.html:1527 | src/plugin/views/specifications.html:24
txt.57018890029a	checkbox	5	vocabulario-dominio | vocabulario-lib-mobile | vocabulario-lib-web	hac.backend.dsc.matching.a11y.interactive.shortnames.l252c13.bbe2bb16 | hac.modules.accessibility.a11y.componente.labels.l407c81.0b08f392 | hac.modules.accessibility.a11y.narration.type.labels.en.l449c13.b37809b6 | hac.refs.design.acessivel.mobile.wrapper.generated.componentoptions.18.24f93bf4 | hac.refs.design.acessivel.web.wrapper.generated.componentoptions.13.0467e747	src/plugin/backend/dsc-matching.js:252 | src/plugin/modules/accessibility.js:407 | src/plugin/modules/accessibility.js:449 | src/plugin/refs/design-acessivel-mobile-wrapper.generated.json:33 | src/plugin/refs/design-acessivel-web-wrapper.generated.json:78
txt.391f2e4bd258	Concluir seleção	5	texto-interface | revisar	hac.build.a11y.capture.mini.bar.finish.text.035cf2a9 | hac.modules.swipe.path.swipepathstartaddpointwait.textcontent.l354c34.9210871a | hac.modules.swipe.path.handleswipepathaccumulatedcountchanged.l447c80.3d58ef4d | hac.modules.tab.order.starttaborderadditemwait.textcontent.l662c34.350b4bc6 | hac.modules.tab.order.handletaborderaccumulatedcountchanged.l717c80.51173f2f	src/plugin/build.cjs:261 | src/plugin/modules/swipe-path.js:354 | src/plugin/modules/swipe-path.js:447 | src/plugin/modules/tab-order.js:662 | src/plugin/modules/tab-order.js:717
txt.113cff8ac7ee	Idioma	5	revisar | vocabulario-dominio | vocabulario-lib-web	hac.code.idiomas.l1117c54.c82fcf4c | hac.code.filla11ywebestruturafields.l1133c27.ab0439aa | hac.code.filla11ywebestruturafields.l1149c22.92360d60 | hac.modules.accessibility.a11y.web.estrutura.form.variacao.l3135c55.0630d27b | hac.refs.design.acessivel.web.wrapper.generated.estrutura.variacoes.2.3d8c2f99	src/plugin/code.js:1117 | src/plugin/code.js:1133 | src/plugin/code.js:1149 | src/plugin/modules/accessibility.js:3135 | src/plugin/refs/design-acessivel-web-wrapper.generated.json:137
txt.64c65374dbab	Label	5	revisar | texto-interface	hac.backend.onmessage.name.l996c26.c509bd3f | hac.backend.onmessage.name.l1201c28.4d8c95bb | hac.code.filla11ymobileelementoseimagensfields.nomeacessiveltexto.14dd1a97 | hac.code.buildfichalegendcolumn.name.l5007c20.e2a07951 | hac.modules.accessibility.filter.l3636c54.e3c04883	src/plugin/backend/onmessage.js:996 | src/plugin/backend/onmessage.js:1201 | src/plugin/code.js:710 | src/plugin/code.js:5007 | src/plugin/modules/accessibility.js:3636
txt.36b6b95cf4a9	Mais ações	5	texto-interface | acessibilidade	hac.modules.accessibility.button.1.title.4b87de53 | hac.views.specifications.btn.a11y.more.actions.title.b4159eb3 | hac.views.specifications.btn.a11y.more.actions.aria.label.c5cf5517 | hac.views.specifications.btn.a11y.workspace.more.actions.title.88ae2734 | hac.views.specifications.btn.a11y.workspace.more.actions.aria.label.e16044a8	src/plugin/modules/accessibility.js:5059 | src/plugin/views/specifications.html:30 | src/plugin/views/specifications.html:30 | src/plugin/views/specifications.html:159 | src/plugin/views/specifications.html:159
txt.59ce6b82ca8a	Mapeamento Automático	5	texto-interface	hac.modules.accessibility.html.text.4.35636272 | hac.modules.accessibility.html.text.4.771df94f | hac.modules.accessibility.html.text.5.0a543e68 | hac.modules.onboarding.strong.text.2.907ed5a9 | hac.modules.onboarding.strong.text.2.e1960f4d	src/plugin/modules/accessibility.js:4416 | src/plugin/modules/accessibility.js:4610 | src/plugin/modules/accessibility.js:4771 | src/plugin/modules/onboarding.js:57 | src/plugin/modules/onboarding.js:73
txt.20af41865769	Medium	5	revisar	hac.backend.onmessage.ensurelegendbesideclone.style.l4774c76.7db90435 | hac.backend.onmessage.ensurelegendbesideclone.style.l4775c74.a0300822 | hac.code.a11yrobotostyleforweight.l3706c29.c153d577 | hac.code.a11yrobotostyleforweight.l3707c29.b267d56a | hac.code.interstyle.l3734c66.a0b9d07e	src/plugin/backend/onmessage.js:4774 | src/plugin/backend/onmessage.js:4775 | src/plugin/code.js:3706 | src/plugin/code.js:3707 | src/plugin/code.js:3734
txt.83d6311e87d4	Mobile	5	texto-interface | vocabulario-dominio | revisar	hac.backend.platform.profiles.label.l220c12.51df451e | hac.modules.accessibility.a11y.ui.profiles.l679c13.3c27a93f | hac.modules.accessibility.a11y.lib.to.origin.l5426c95.a253ffcd | hac.modules.accessibility.openabouthacmodal.l5997c55.639dcaec | hac.views.modals.span.text.13.2f55bff1	src/plugin/backend/platform-profiles.js:220 | src/plugin/modules/accessibility.js:679 | src/plugin/modules/accessibility.js:5426 | src/plugin/modules/accessibility.js:5997 | src/plugin/views/modals.html:791
txt.8904c1be0349	Notas de Código	5	vocabulario-dominio | texto-interface	hac.modules.accessibility.a11y.toggle.labels.l504c10.c51472d6 | hac.modules.handoff.ficha.fichabuildspecfields.push.l156c26.6b1bf3e4 | hac.modules.handoff.ficha.fichabuildspecfields.push.l159c26.3f2f7942 | hac.modules.handoff.ficha.push.l161c26.04ba1f44 | hac.views.modals.strong.text.9.52891221	src/plugin/modules/accessibility.js:504 | src/plugin/modules/handoff-ficha.js:156 | src/plugin/modules/handoff-ficha.js:159 | src/plugin/modules/handoff-ficha.js:161 | src/plugin/views/modals.html:1393
txt.01ba7992f85d	switch	5	vocabulario-dominio | vocabulario-lib-mobile | vocabulario-lib-web	hac.backend.dsc.matching.a11y.interactive.shortnames.l252c41.1cfcede1 | hac.modules.accessibility.a11y.componente.labels.l409c85.23e9e219 | hac.modules.accessibility.a11y.narration.type.labels.en.l451c11.8a7d9b97 | hac.refs.design.acessivel.mobile.wrapper.generated.componentoptions.53.c9817b50 | hac.refs.design.acessivel.web.wrapper.generated.componentoptions.52.3a0df3db	src/plugin/backend/dsc-matching.js:252 | src/plugin/modules/accessibility.js:409 | src/plugin/modules/accessibility.js:451 | src/plugin/refs/design-acessivel-mobile-wrapper.generated.json:68 | src/plugin/refs/design-acessivel-web-wrapper.generated.json:117
txt.a3dd1d5702fc	${areaId}::${sectionKey}	4	revisar	hac.backend.onmessage.getorcreatefichainstrucoesframe.setplugindata.l4536c60.092b4daf | hac.backend.onmessage.getorcreatefichahandoffframe.markervalue.l4575c25.c073378c | hac.backend.onmessage.findlegendforarea.markervalue.l4685c25.03ea4cfa | hac.backend.onmessage.ensurelegendbesideclone.markervalue.l4763c27.905e59b0	src/plugin/backend/onmessage.js:4536 | src/plugin/backend/onmessage.js:4575 | src/plugin/backend/onmessage.js:4685 | src/plugin/backend/onmessage.js:4763
txt.e436b6833a82	${HAC_DOC_KEY_PREFIX}:${i}	4	revisar	hac.code.writehacdatatodocument.setsharedplugindata.l5220c44.daa58696 | hac.code.writehacdatatodocument.setsharedplugindata.l5227c44.7d7019f6 | hac.code.getsharedplugindata.l5249c58.87fda2cf | hac.code.clearhacdatafromdocument.setsharedplugindata.l5272c44.d2d66aef	src/plugin/code.js:5220 | src/plugin/code.js:5227 | src/plugin/code.js:5249 | src/plugin/code.js:5272
txt.9d62150a8bd9	a11y-el-label	4	texto-interface	hac.modules.accessibility.updatea11ymobilelabelvisibility.labelinput.l2463c46.0311ed83 | hac.modules.accessibility.labelinput.l2600c50.1c31f39c | hac.modules.accessibility.filla11ylabelifempty.labelinput.l3024c46.604e4312 | hac.modules.accessibility.finisha11yspecconfirm.label.l3597c21.ed12c5b9	src/plugin/modules/accessibility.js:2463 | src/plugin/modules/accessibility.js:2600 | src/plugin/modules/accessibility.js:3024 | src/plugin/modules/accessibility.js:3597
txt.d79fcb33a5ad	a11y-el-label-wrap	4	texto-interface	hac.modules.accessibility.reseta11ymobilenomeacessivelslot.labelwrap.l2244c45.fc1a972d | hac.modules.accessibility.updatea11ymobilenomeacessivelvisibility.labelwrap.l2256c.1b79f8f1 | hac.modules.accessibility.synca11ymobileobservacoesplacement.labelwrap.l2361c45.2788a1b3 | hac.modules.accessibility.updatea11ymobilelabelvisibility.labelwrap.l2461c45.6dcef6e5	src/plugin/modules/accessibility.js:2244 | src/plugin/modules/accessibility.js:2256 | src/plugin/modules/accessibility.js:2361 | src/plugin/modules/accessibility.js:2461
txt.bb59cd7d4842	a11y-post-area-loading-text	4	texto-interface	hac.modules.accessibility.loadingtext.l6135c49.a1d6aac7 | hac.modules.accessibility.showa11ycanvasloading.loadingtext.l6201c47.2615a4b0 | hac.modules.accessibility.loadingtext.l6621c49.d3154f1b | hac.modules.tab.order.loadingtext.l1116c51.b3d5ad7e	src/plugin/modules/accessibility.js:6135 | src/plugin/modules/accessibility.js:6201 | src/plugin/modules/accessibility.js:6621 | src/plugin/modules/tab-order.js:1116
txt.d1391a0e8e22	accordion	4	vocabulario-dominio | vocabulario-lib-mobile	hac.backend.dsc.matching.a11y.interactive.shortnames.l253c40.79dd15e6 | hac.modules.accessibility.a11y.componente.labels.l407c14.bf81a3c7 | hac.modules.accessibility.a11y.narration.type.labels.en.l456c14.99beecc2 | hac.refs.design.acessivel.mobile.wrapper.generated.componentoptions.0.0ea5d172	src/plugin/backend/dsc-matching.js:253 | src/plugin/modules/accessibility.js:407 | src/plugin/modules/accessibility.js:456 | src/plugin/refs/design-acessivel-mobile-wrapper.generated.json:15
txt.c399d0d9385c	aria-label	4	acessibilidade	hac.modules.core.a11ycapturebarsynctooltips.setattribute.l637c26.ee23de3f | hac.modules.core.a11ycapturebarsynctooltips.setattribute.l641c41.70c70b73 | hac.modules.core.a11ycapturebarsynctooltips.setattribute.l644c41.f33b26d1 | hac.modules.core.showsnackbar.setattribute.l815c25.a0f2d317	src/plugin/modules/core.js:637 | src/plugin/modules/core.js:641 | src/plugin/modules/core.js:644 | src/plugin/modules/core.js:815
txt.551fecef4579	Arrastar para reordenar	4	texto-interface	hac.modules.swipe.path.span.1.title.7b598e4b | hac.modules.swipe.path.span.1.title.9ca03da1 | hac.modules.tab.order.span.1.title.52874548 | hac.modules.tab.order.span.1.title.4c479803	src/plugin/modules/swipe-path.js:522 | src/plugin/modules/swipe-path.js:574 | src/plugin/modules/tab-order.js:832 | src/plugin/modules/tab-order.js:1383
txt.6e5ce570b4af	breadcrumb	4	vocabulario-dominio | vocabulario-lib-web	hac.backend.dsc.matching.a11y.interactive.shortnames.l253c53.912db9fb | hac.modules.accessibility.a11y.componente.labels.l407c39.c3a4ee2f | hac.modules.accessibility.a11y.narration.type.labels.en.l457c15.d93be4e5 | hac.refs.design.acessivel.web.wrapper.generated.componentoptions.5.b2586e06	src/plugin/backend/dsc-matching.js:253 | src/plugin/modules/accessibility.js:407 | src/plugin/modules/accessibility.js:457 | src/plugin/refs/design-acessivel-web-wrapper.generated.json:70
txt.b9f77d39a810	Como fazer	4	texto-interface | revisar	hac.build.a11y.capture.bar.steps.heading.text.6086c4c2 | hac.modules.tab.order.rendera11yinstructioncontent.stepsheading.l251c58.849cd65b | hac.views.modals.span.text.14.76dacf72 | hac.views.modals.a11y.instruction.modal.steps.heading.text.e31a3505	src/plugin/build.cjs:281 | src/plugin/modules/tab-order.js:251 | src/plugin/views/modals.html:901 | src/plugin/views/modals.html:1062
txt.a84778a25727	das partes	4	revisar | vocabulario-dominio | texto-interface	hac.code.web.estrutura.idioma.tipo.by.form.l1118c69.e364a84b | hac.modules.accessibility.a11y.content.l353c7.c90c2159 | hac.modules.accessibility.a11y.web.estrutura.form.idioma.tipo.l3136c70.e4458ba5 | hac.views.modals.option.text.6.acffcd23	src/plugin/code.js:1118 | src/plugin/modules/accessibility.js:353 | src/plugin/modules/accessibility.js:3136 | src/plugin/views/modals.html:449
txt.41510f5fb2a2	Design Acessível	4	texto-interface	hac.modules.onboarding.a.text.1.12a93180 | hac.modules.onboarding.a.text.1.a790b7a9 | hac.views.modals.strong.text.1.d18672c6 | hac.views.modals.strong.text.4.a41ecd8a	src/plugin/modules/onboarding.js:54 | src/plugin/modules/onboarding.js:70 | src/plugin/views/modals.html:821 | src/plugin/views/modals.html:825
txt.438f5ae0e533	Entendi, começar seleção	4	texto-interface | revisar	hac.modules.accessibility.opena11ycategorypickermodal.textcontent.l1072c48.a0ab2dc5 | hac.modules.tab.order.opena11yinstructionmanually.textcontent.l317c46.ee045438 | hac.modules.tab.order.opena11yinstructionthenstart.l395c89.3929cbc2 | hac.views.modals.btn.a11y.instruction.modal.continue.text.0c29b7ab	src/plugin/modules/accessibility.js:1072 | src/plugin/modules/tab-order.js:317 | src/plugin/modules/tab-order.js:395 | src/plugin/views/modals.html:1067
txt.cdecabe1520a	Escape	4	revisar	hac.modules.accessibility.onesc.key.l2684c42.5e8fc187 | hac.modules.accessibility.onesc.key.l2823c42.28b92ea1 | hac.modules.accessibility.onesc.key.l4925c42.6ccbed4a | hac.modules.core.addeventlistener.l878c17.d3358c40	src/plugin/modules/accessibility.js:2684 | src/plugin/modules/accessibility.js:2823 | src/plugin/modules/accessibility.js:4925 | src/plugin/modules/core.js:878
txt.d8cd6d6ab93c	Este elemento não pode ser copiado — selecione a tela sobre um frame/grupo.	4	mensagem-sistema	hac.backend.onmessage.notify.l2454c22.7330ef0d | hac.backend.onmessage.notify.l2814c24.36095d6d | hac.backend.onmessage.notify.l2935c24.6a486279 | hac.backend.onmessage.notify.l3481c22.ea4e2e77	src/plugin/backend/onmessage.js:2454 | src/plugin/backend/onmessage.js:2814 | src/plugin/backend/onmessage.js:2935 | src/plugin/backend/onmessage.js:3481
txt.2fb75ee3e5ab	Estrutura da Página	4	texto-interface | vocabulario-lib-web	hac.modules.accessibility.label.l120c25.07ffbee8 | hac.refs.design.acessivel.web.wrapper.generated.wrapper.contentinstancebya11ytype.estrutura.name.69494c37 | hac.views.modals.html.text.1.123fdcdf | hac.views.modals.p.text.29.9ebb7163	src/plugin/modules/accessibility.js:120 | src/plugin/refs/design-acessivel-web-wrapper.generated.json:53 | src/plugin/views/modals.html:43 | src/plugin/views/modals.html:1338
txt.ebd517a24e9c	ForArea	4	revisar	hac.code.getplugindata.l2410c44.049e2e33 | hac.code.setplugindata.l2459c52.11e4f44b | hac.code.setplugindata.l2486c53.167f967a | hac.code.getorcreatecloneoverlaygroup.setplugindata.l2526c58.0c838387	src/plugin/code.js:2410 | src/plugin/code.js:2459 | src/plugin/code.js:2486 | src/plugin/code.js:2526
txt.f854270eaca9	Imagem	4	vocabulario-dominio | vocabulario-lib-mobile | vocabulario-lib-web | texto-interface	hac.modules.accessibility.a11y.componente.labels.l410c53.07d07094 | hac.refs.design.acessivel.mobile.wrapper.generated.componentoptions.64.d82e5d4b | hac.refs.design.acessivel.web.wrapper.generated.componentoptions.60.e505115b | hac.views.modals.option.text.21.c132f637	src/plugin/modules/accessibility.js:410 | src/plugin/refs/design-acessivel-mobile-wrapper.generated.json:79 | src/plugin/refs/design-acessivel-web-wrapper.generated.json:125 | src/plugin/views/modals.html:580
txt.1b3a181b688f	label/small	4	vocabulario-dominio | revisar	hac.code.a11y.ficha.type.scale.l3696c3.8fc0e1f2 | hac.code.buildfichaframeprincipalsection.applyfichatypography.l43.3886b887 | hac.code.buildfichalegendcolumn.applyfichatypography.l4665c42.d988f3d5 | hac.code.buildfichainstructiononlylegendcolumn.applyfichatypograp.15b70d19	src/plugin/code.js:3696 | src/plugin/code.js:4327 | src/plugin/code.js:4665 | src/plugin/code.js:5089
txt.7d252c113f2b	Não deve ser anunciado pelo Leitor de Tela.	4	texto-interface	hac.modules.accessibility.descricao.l389c26.f906ffca | hac.modules.accessibility.descricao.l390c26.ac683195 | hac.modules.accessibility.descricao.l400c24.909d3fbe | hac.views.modals.a11y.fixed.descricao.dec.text.41bb8e4c	src/plugin/modules/accessibility.js:389 | src/plugin/modules/accessibility.js:390 | src/plugin/modules/accessibility.js:400 | src/plugin/views/modals.html:596
txt.e716f916ba0f	Nível	4	revisar | vocabulario-lib-web | texto-interface	hac.code.filla11ywebtitulofields.setandverifyvariants.l1098c36.d48af24b | hac.code.tryimporta11ywebwrappercomponent.besteffortsynca11ybadge.a357ea3e | hac.refs.design.acessivel.web.wrapper.generated.wrapper.contentinstancebya11ytype.titulo.properties.0.na.69a46374 | hac.views.modals.label.text.8.df2a1c63	src/plugin/code.js:1098 | src/plugin/code.js:1188 | src/plugin/refs/design-acessivel-web-wrapper.generated.json:36 | src/plugin/views/modals.html:513
txt.5f51efbecdb6	Regular	4	revisar	hac.backend.onmessage.ensurelegendbesideclone.style.l4774c36.b2c273d5 | hac.backend.onmessage.ensurelegendbesideclone.style.l4775c35.bc29253f | hac.code.a11yrobotostyleforweight.l3708c10.40ec4420 | hac.code.interstyle.l3734c77.f987a03b	src/plugin/backend/onmessage.js:4774 | src/plugin/backend/onmessage.js:4775 | src/plugin/code.js:3708 | src/plugin/code.js:3734
txt.6d0ca162d5ad	Roboto	4	revisar	hac.backend.onmessage.ensurelegendbesideclone.family.l4774c19.a7658d47 | hac.backend.onmessage.ensurelegendbesideclone.family.l4774c59.a51c9451 | hac.backend.onmessage.ensurelegendbesideclone.family.l4774c98.b8b3c276 | hac.code.applyfichatypography.family.l3727c28.b240abdb	src/plugin/backend/onmessage.js:4774 | src/plugin/backend/onmessage.js:4774 | src/plugin/backend/onmessage.js:4774 | src/plugin/code.js:3727
txt.53a5687cb26d	success	4	mensagem-sistema	hac.modules.core.exporthacbackupjson.showtoast.l272c42.91900de4 | hac.modules.core.exporthachandoffdoc.showtoast.l341c47.3bdc8c55 | hac.modules.core.showtoast.l419c59.90315eb8 | hac.modules.core.toastsaved.showtoast.l432c38.1108fd8c	src/plugin/modules/core.js:272 | src/plugin/modules/core.js:341 | src/plugin/modules/core.js:419 | src/plugin/modules/core.js:432
txt.88e1fa356c78	Super DSC Web	4	vocabulario-dominio | texto-interface	hac.modules.accessibility.a11y.lib.labels.l5427c92.45876fea | hac.modules.onboarding.strong.text.1.5358950c | hac.views.home.p.text.4.b46ee7ea | hac.views.home.span.text.3.d5199f2e	src/plugin/modules/accessibility.js:5427 | src/plugin/modules/onboarding.js:54 | src/plugin/views/home.html:128 | src/plugin/views/home.html:169
txt.54f46d64bf13	swipe	4	texto-interface | revisar	hac.modules.core.a11ycapturebarrenderinstructions.contentkey.l591c61.2c17c0cc | hac.modules.handoff.ficha.fichasectiondisplayname.l58c78.836a662c | hac.modules.handoff.ficha.fichadashboardhtml.push.l740c52.3b0a8fd8 | hac.views.specifications.span.text.3.686fa034	src/plugin/modules/core.js:591 | src/plugin/modules/handoff-ficha.js:58 | src/plugin/modules/handoff-ficha.js:740 | src/plugin/views/specifications.html:207
txt.22469d6a9547	Tela não encontrada no canvas — selecione novamente.	4	mensagem-sistema	hac.backend.onmessage.notify.l2449c22.63ee6600 | hac.backend.onmessage.notify.l2809c24.c5c83525 | hac.backend.onmessage.notify.l2930c24.24bafb00 | hac.backend.onmessage.notify.l3476c22.a90229cc	src/plugin/backend/onmessage.js:2449 | src/plugin/backend/onmessage.js:2809 | src/plugin/backend/onmessage.js:2930 | src/plugin/backend/onmessage.js:3476
txt.dead91f968b4	Título da Página	4	revisar | vocabulario-dominio | vocabulario-lib-web | texto-interface	hac.code.titulo.da.pagina.l1117c128.20034430 | hac.modules.accessibility.a11y.web.estrutura.form.variacao.l3135c129.8ff821ed | hac.refs.design.acessivel.web.wrapper.generated.estrutura.variacoes.1.590400b1 | hac.views.modals.option.text.3.dfefc9a6	src/plugin/code.js:1117 | src/plugin/modules/accessibility.js:3135 | src/plugin/refs/design-acessivel-web-wrapper.generated.json:136 | src/plugin/views/modals.html:437
txt.0e1d14a2180a	VARIANT	4	vocabulario-lib-web	hac.refs.design.acessivel.web.wrapper.generated.wrapper.contentinstancebya11ytype.elemento.properties.0..fed49a57 | hac.refs.design.acessivel.web.wrapper.generated.wrapper.contentinstancebya11ytype.elemento.properties.1..fef3ec41 | hac.refs.design.acessivel.web.wrapper.generated.wrapper.contentinstancebya11ytype.titulo.properties.0.ty.a94adc3e | hac.refs.design.acessivel.web.wrapper.generated.wrapper.contentinstancebya11ytype.estrutura.properties.0.df0e16f6	src/plugin/refs/design-acessivel-web-wrapper.generated.json:22 | src/plugin/refs/design-acessivel-web-wrapper.generated.json:27 | src/plugin/refs/design-acessivel-web-wrapper.generated.json:37 | src/plugin/refs/design-acessivel-web-wrapper.generated.json:57
txt.850995bed081	" não encontrada no wrapper	3	revisar	hac.code.filla11ywebtitulofields.l1097c84.467962e8 | hac.code.filla11ywebdecorativofields.l1107c84.dc66ff9a | hac.code.filla11ywebestruturafields.l1140c84.b15c0224	src/plugin/code.js:1097 | src/plugin/code.js:1107 | src/plugin/code.js:1140
txt.35518a8f77ab	[data-swipe-path-add-point-label]	3	texto-interface	hac.modules.swipe.path.swipepathstartaddpointwait.label.l350c41.5bd9a2b3 | hac.modules.swipe.path.swipepathresetaddpointbutton.label.l378c41.3148dc03 | hac.modules.swipe.path.handleswipepathaccumulatedcountchanged.label.l446c43.9313f0a3	src/plugin/modules/swipe-path.js:350 | src/plugin/modules/swipe-path.js:378 | src/plugin/modules/swipe-path.js:446
txt.bb18c408f37b	[data-tab-order-add-item-label]	3	texto-interface	hac.modules.tab.order.starttaborderadditemwait.label.l659c41.65bc1fd3 | hac.modules.tab.order.taborderresetadditembutton.label.l681c41.da758456 | hac.modules.tab.order.handletaborderaccumulatedcountchanged.label.l716c43.2ffc9e7b	src/plugin/modules/tab-order.js:659 | src/plugin/modules/tab-order.js:681 | src/plugin/modules/tab-order.js:716
txt.dcfdca98edce	[HAC] Documentação	3	revisar	hac.code.name.l3570c28.b9c7a42d | hac.code.createorgetfichaframe.name.l3599c22.0bdcc88d | hac.code.createorgetfichaframe.name.l3632c21.96970ef2	src/plugin/code.js:3570 | src/plugin/code.js:3599 | src/plugin/code.js:3632
txt.684894d6b801	A captura de Ordem de Tabulação em andamento foi cancelada.	3	mensagem-sistema	hac.modules.swipe.path.startswipepathmanualmode.showtoast.l132c15.5e925042 | hac.modules.swipe.path.startswipepathfromtaborder.showtoast.l191c15.3b7619a5 | hac.modules.swipe.path.confirmgenerateswipepathfromlayers.showtoast.l229c15.860ce656	src/plugin/modules/swipe-path.js:132 | src/plugin/modules/swipe-path.js:191 | src/plugin/modules/swipe-path.js:229
txt.f1c08e6a9d91	a11y-lib-check-	3	revisar	hac.modules.accessibility.opena11ycategorypickermodalafterinstruction.token.l1133c.5f40a542 | hac.modules.accessibility.retrya11ylibrarycheck.token.l1304c17.974683f9 | hac.modules.accessibility.opena11yformfromundocumented.token.l6410c17.f6aaf565	src/plugin/modules/accessibility.js:1133 | src/plugin/modules/accessibility.js:1304 | src/plugin/modules/accessibility.js:6410
txt.ec9ecf95f7e6	a11y-swipe-path-review-confirm-text	3	texto-interface	hac.modules.swipe.path.openswipepathreviewmodal.confirmtextel.l397c49.4b3c202a | hac.modules.swipe.path.applyswipepathtocanvas.confirmtextel.l696c49.4907d4a7 | hac.modules.swipe.path.handleswipepathcreatefailed.confirmtextel.l776c49.ad79631b	src/plugin/modules/swipe-path.js:397 | src/plugin/modules/swipe-path.js:696 | src/plugin/modules/swipe-path.js:776
txt.2f6f6f0e92c7	a11y-web-set-falhou: instância "	3	revisar	hac.code.filla11ywebtitulofields.l1097c33.d1071f0f | hac.code.filla11ywebdecorativofields.l1107c33.4d68dedd | hac.code.filla11ywebestruturafields.l1140c33.9fe32f1d	src/plugin/code.js:1097 | src/plugin/code.js:1107 | src/plugin/code.js:1140
txt.2629163bf164	Adicionar ponto	3	texto-interface	hac.modules.accessibility.span.text.1.6a7e2a05 | hac.modules.swipe.path.swipepathresetaddpointbutton.textcontent.l379c34.069a7ca1 | hac.views.modals.span.text.18.aedaf849	src/plugin/modules/accessibility.js:4544 | src/plugin/modules/swipe-path.js:379 | src/plugin/views/modals.html:1165
txt.f513d52538d0	Antes de começar, veja como documentar corretamente.	3	texto-interface	hac.modules.accessibility.p.text.1.8002258e | hac.modules.accessibility.p.text.1.a51cc4d9 | hac.modules.accessibility.p.text.1.7640ccf1	src/plugin/modules/accessibility.js:4371 | src/plugin/modules/accessibility.js:4578 | src/plugin/modules/accessibility.js:4712
txt.1ce04f516b65	Aplicar	3	texto-interface | revisar	hac.modules.accessibility.opena11ymodal.textcontent.l1412c54.89d4a2f8 | hac.modules.accessibility.applya11ywizardmodalui.l7148c60.4b7c44ff | hac.views.modals.btn.a11y.confirm.text.e065d835	src/plugin/modules/accessibility.js:1412 | src/plugin/modules/accessibility.js:7148 | src/plugin/views/modals.html:675
txt.c3b1be261959	Área	3	texto-interface | revisar	hac.code.getorcreatefichaareagroup.framelabel.l3822c79.f5a8157c | hac.code.ensuretelatitulocard.framelabel.l3927c79.bb2a5eca | hac.code.buildfichaframeprincipalsection.l4321c84.cca46f72	src/plugin/code.js:3822 | src/plugin/code.js:3927 | src/plugin/code.js:4321
txt.f8906248d08b	Atualizar	3	texto-interface | revisar	hac.modules.accessibility.html.text.7.bfe9d317 | hac.modules.handoff.ficha.fichabuttonlabel.verb.l76c46.4491d20f | hac.modules.tab.order.html.text.3.a934912e	src/plugin/modules/accessibility.js:4473 | src/plugin/modules/handoff-ficha.js:76 | src/plugin/modules/tab-order.js:96
txt.083361a877c9	body > div.flex-1	3	texto-interface	hac.modules.core.togglecollapse.maincontent.l483c46.d4978f01 | hac.modules.core.a11ycaptureminibarenter.maincontent.l545c46.2420c0a3 | hac.modules.core.a11ycaptureminibarexit.maincontent.l689c46.843e6e9f	src/plugin/modules/core.js:483 | src/plugin/modules/core.js:545 | src/plugin/modules/core.js:689
txt.abb8d380c9b1	Campos do componente	3	texto-interface	hac.views.modals.p.text.6.e600fc44 | hac.views.modals.p.text.9.ea80e630 | hac.views.modals.p.text.12.8f3042d1	src/plugin/views/modals.html:484 | src/plugin/views/modals.html:552 | src/plugin/views/modals.html:616
txt.00b7b8118efd	circle	3	vocabulario-dominio	hac.modules.accessibility.a11y.categories.l119c146.dbe614b2 | hac.modules.accessibility.a11y.categories.l127c145.cf281b17 | hac.modules.accessibility.a11y.categories.l128c145.29452c1f	src/plugin/modules/accessibility.js:119 | src/plugin/modules/accessibility.js:127 | src/plugin/modules/accessibility.js:128
txt.8ee77246e09e	Criar ordem de tabulação	3	texto-interface	hac.modules.accessibility.html.text.2.59f1558d | hac.modules.tab.order.applytabordertocanvas.textcontent.l1130c71.33fa92eb | hac.views.modals.btn.tab.order.apply.text.96192b96	src/plugin/modules/accessibility.js:4410 | src/plugin/modules/tab-order.js:1130 | src/plugin/views/modals.html:1118
txt.c0e0305535e3	Criar spec	3	texto-interface	hac.modules.accessibility.html.text.2.105e2964 | hac.modules.onboarding.strong.text.2.36bdc4c8 | hac.modules.onboarding.strong.text.2.758887c5	src/plugin/modules/accessibility.js:4273 | src/plugin/modules/onboarding.js:60 | src/plugin/modules/onboarding.js:76
txt.1a422188de26	dark:text-dark-muted	3	revisar	hac.modules.accessibility.applya11yworkspacetabstyles.foreach.l2869c26.70b3a84e | hac.modules.core.foreach.l1008c32.1fa2a4e3 | hac.modules.tab.order.settabordernarrationbuttonstate.toggle.l1546c24.77169313	src/plugin/modules/accessibility.js:2869 | src/plugin/modules/core.js:1008 | src/plugin/modules/tab-order.js:1546
txt.b4536f71c510	Detectando componentes…	3	texto-interface	hac.modules.accessibility.opena11ypostareadetectmodal.ensurea11yprojectoriginthen..5111ae6f | hac.modules.accessibility.rescana11ybatcharea.textcontent.l6622c48.468c5639 | hac.views.modals.a11y.post.area.loading.text.text.9344e7db	src/plugin/modules/accessibility.js:6136 | src/plugin/modules/accessibility.js:6622 | src/plugin/views/modals.html:800
txt.e1b02384952e	Dica para Leitor de Tela	3	revisar | vocabulario-dominio | texto-interface	hac.code.filla11ymobileelementoseimagensfields.syncnestedinstance.071bbdac | hac.modules.accessibility.a11y.toggle.labels.l510c22.f344aed2 | hac.modules.accessibility.label.l549c38.aa2f17d5	src/plugin/code.js:738 | src/plugin/modules/accessibility.js:510 | src/plugin/modules/accessibility.js:549
txt.f6b8c99928b8	DSC Web Angular & React	3	vocabulario-dominio | texto-interface	hac.modules.accessibility.a11y.lib.labels.l5427c48.4f27b2b1 | hac.modules.onboarding.strong.text.2.d73d186c | hac.views.home.span.text.1.b78a0339	src/plugin/modules/accessibility.js:5427 | src/plugin/modules/onboarding.js:54 | src/plugin/views/home.html:159
txt.51c2f95692b8	Elemento Decorativo	3	texto-interface | revisar	hac.modules.accessibility.label.l128c25.fe51d4d8 | hac.modules.accessibility.a11yundocumenteditemlabel.l4226c42.bbb89650 | hac.views.modals.html.text.3.a2c350a2	src/plugin/modules/accessibility.js:128 | src/plugin/modules/accessibility.js:4226 | src/plugin/views/modals.html:60
txt.ae389a2dd9e8	Elementos e Imagens	3	texto-interface | vocabulario-lib-web	hac.modules.accessibility.label.l119c25.94932508 | hac.refs.design.acessivel.web.wrapper.generated.wrapper.contentinstancebya11ytype.elemento.name.80edc731 | hac.views.modals.html.text.2.72b40852	src/plugin/modules/accessibility.js:119 | src/plugin/refs/design-acessivel-web-wrapper.generated.json:18 | src/plugin/views/modals.html:56
txt.4b820b6a16da	Entendi	3	texto-interface	hac.modules.onboarding.button.text.2.1bdfbcda | hac.views.modals.button.text.6.4d0d9551 | hac.views.modals.button.text.7.9801c8c4	src/plugin/modules/onboarding.js:308 | src/plugin/views/modals.html:864 | src/plugin/views/modals.html:951
txt.ac4ae97285c1	H1	3	vocabulario-lib-web | texto-interface	hac.refs.design.acessivel.web.wrapper.generated.wrapper.contentinstancebya11ytype.titulo.properties.0.va.69efd3b5 | hac.refs.design.acessivel.web.wrapper.generated.tituloniveis.0.af250cb8 | hac.views.modals.option.text.13.15df70c9	src/plugin/refs/design-acessivel-web-wrapper.generated.json:38 | src/plugin/refs/design-acessivel-web-wrapper.generated.json:157 | src/plugin/views/modals.html:516
txt.2571b7914b0b	Handoff de Acessibilidade	3	texto-interface	hac.modules.onboarding.strong.text.3.24f45bdd | hac.modules.onboarding.strong.text.4.7cb69142 | hac.views.modals.strong.text.14.1b705aea	src/plugin/modules/onboarding.js:58 | src/plugin/modules/onboarding.js:74 | src/plugin/views/modals.html:1418
txt.8a91797a2a4e	Iniciar Revisão	3	texto-interface	hac.modules.onboarding.strong.text.4.f3fe7438 | hac.modules.onboarding.strong.text.4.d1db76f2 | hac.views.modals.btn.a11y.batch.confirm.text.49c49b15	src/plugin/modules/onboarding.js:57 | src/plugin/modules/onboarding.js:73 | src/plugin/views/modals.html:1281
txt.1efe3c1be007	Insira seu texto com as anotações necessárias para o pessoal de desenvolvimento.	3	texto-interface	hac.modules.accessibility.notascodigo.l337c136.87137cd4 | hac.modules.accessibility.notascodigo.l375c79.04afc0ae | hac.modules.accessibility.notascodigo.l389c86.3030681d	src/plugin/modules/accessibility.js:337 | src/plugin/modules/accessibility.js:375 | src/plugin/modules/accessibility.js:389
txt.1f2a81b20d38	Instruções sobre a documentação	3	revisar | conteudo-instrucional	hac.modules.tab.order.rendera11yinstructioncontent.instructionsheading.l228c83.cb992f65 | hac.refs.ficha.instruction.content.swipe.instructionsheading.c2ad2015 | hac.refs.ficha.instruction.content.leitortela.instructionsheading.e9669544	src/plugin/modules/tab-order.js:228 | src/plugin/refs/ficha-instruction-content.json:39 | src/plugin/refs/ficha-instruction-content.json:51
txt.b0da0e72b688	Instruções sobre o tipo de documentação	3	texto-interface | conteudo-instrucional	hac.build.a11y.capture.bar.instructions.heading.text.54bbfc5b | hac.refs.ficha.instruction.content.tabulacao.instructionsheading.1328a60b | hac.views.modals.a11y.instruction.modal.instructions.heading.text.00e37ca5	src/plugin/build.cjs:277 | src/plugin/refs/ficha-instruction-content.json:17 | src/plugin/views/modals.html:1058
txt.9796809f7dae	monitor	3	vocabulario-dominio | texto-interface	hac.modules.accessibility.a11y.lib.icons.l5428c47.b936a4e3 | hac.modules.accessibility.a11y.lib.icons.l5428c75.147ff8a2 | hac.modules.onboarding.onboarding.tools.l51c11.eaae5f61	src/plugin/modules/accessibility.js:5428 | src/plugin/modules/accessibility.js:5428 | src/plugin/modules/onboarding.js:51
txt.91e5dc8c41f2	Nível de Título	3	texto-interface	hac.modules.accessibility.label.l127c25.b4deb6c8 | hac.views.modals.a11y.category.btn.titulo.label.text.e1e0c84b | hac.views.modals.a11y.categories.help.titulo.label.text.d5b508a9	src/plugin/modules/accessibility.js:127 | src/plugin/views/modals.html:52 | src/plugin/views/modals.html:1349
txt.6883742d7a12	Nova spec	3	texto-interface	hac.modules.accessibility.span.text.1.9effdcbb | hac.modules.onboarding.strong.text.3.99def85a | hac.modules.onboarding.strong.text.3.350613bc	src/plugin/modules/accessibility.js:4736 | src/plugin/modules/onboarding.js:57 | src/plugin/modules/onboarding.js:73
txt.53b0a1b2fadf	Number	3	revisar	hac.code.findone.l543c59.d0280fce | hac.code.findone.l1303c82.5895ee85 | hac.code.findone.l1359c82.b0465828	src/plugin/code.js:543 | src/plugin/code.js:1303 | src/plugin/code.js:1359
txt.413b54cff6a8	Número	3	revisar	hac.backend.onmessage.createtaborderbadge.name.l2619c24.cb9bd313 | hac.code.tryimporta11ywebwrappercomponent.besteffortsynca11ybadge.bb2f8baa | hac.code.buildfichalegendcolumn.name.l4792c21.5d9df411	src/plugin/backend/onmessage.js:2619 | src/plugin/code.js:1188 | src/plugin/code.js:4792
txt.9ce3bf3db192	número#5265:3	3	revisar	hac.backend.onmessage.createtaborderbadge.setproperties.l2574c29.4ed77a72 | hac.backend.onmessage.literal.l3106c22.54436e66 | hac.backend.onmessage.setproperties.l3107c38.2f0a398f	src/plugin/backend/onmessage.js:2574 | src/plugin/backend/onmessage.js:3106 | src/plugin/backend/onmessage.js:3107
txt.4e726143bae7	observacoes	3	texto-interface	hac.code.filla11ymobileelementoseimagensfields.observacaotexto.l7.14a88375 | hac.code.filla11ymobiletitulofields.observacaotexto.l851c35.b75c6712 | hac.code.filla11ymobiledecorativofields.observacaotexto.l899c35.f1d935d9	src/plugin/code.js:701 | src/plugin/code.js:851 | src/plugin/code.js:899
txt.fe34fd93c8e7	Página	3	revisar | vocabulario-dominio | vocabulario-lib-web	hac.code.da.pagina.l1118c59.b4bc1fdb | hac.modules.accessibility.a11y.web.estrutura.form.idioma.tipo.l3136c60.3cf378a9 | hac.refs.design.acessivel.web.wrapper.generated.estrutura.idiomatipos.0.74d79092	src/plugin/code.js:1118 | src/plugin/modules/accessibility.js:3136 | src/plugin/refs/design-acessivel-web-wrapper.generated.json:145
txt.31b8d545b193	paginator	3	vocabulario-dominio | vocabulario-lib-web	hac.backend.dsc.matching.a11y.interactive.shortnames.l253c3.60bcb961 | hac.modules.accessibility.a11y.componente.labels.l408c82.c3a05636 | hac.refs.design.acessivel.web.wrapper.generated.componentoptions.40.fbaaeb91	src/plugin/backend/dsc-matching.js:253 | src/plugin/modules/accessibility.js:408 | src/plugin/refs/design-acessivel-web-wrapper.generated.json:105
txt.3653c5dfa95b	Parte	3	revisar | vocabulario-dominio | vocabulario-lib-web	hac.code.das.partes.l1118c83.1e87dd73 | hac.modules.accessibility.a11y.web.estrutura.form.idioma.tipo.l3136c84.cf7181e4 | hac.refs.design.acessivel.web.wrapper.generated.estrutura.idiomatipos.1.3d1aeffb	src/plugin/code.js:1118 | src/plugin/modules/accessibility.js:3136 | src/plugin/refs/design-acessivel-web-wrapper.generated.json:146
txt.3ccbc35e8f42	Siga a ordem de leitura ocidental: Selecione esses elementos sequencialmente respeitando o fluxo do layout, da esquerda para a direita, de cima para baixo.	3	conteudo-instrucional	hac.refs.ficha.instruction.content.tabulacao.steps.1.21d776e4 | hac.refs.ficha.instruction.content.tabulacao.web.steps.1.cbee9880 | hac.refs.ficha.instruction.content.swipe.steps.1.c55f5d96	src/plugin/refs/ficha-instruction-content.json:22 | src/plugin/refs/ficha-instruction-content.json:31 | src/plugin/refs/ficha-instruction-content.json:44
txt.96c2d4288e78	Simular leitura	3	texto-interface	hac.modules.accessibility.span.text.2.c2292401 | hac.modules.onboarding.strong.text.3.a766a793 | hac.modules.onboarding.strong.text.3.2aeb6cc1	src/plugin/modules/accessibility.js:4426 | src/plugin/modules/onboarding.js:61 | src/plugin/modules/onboarding.js:77
txt.5d64152f69d7	Super DSC Mobile	3	vocabulario-dominio | texto-interface	hac.modules.accessibility.a11y.lib.labels.l5427c122.a54e8b5a | hac.modules.onboarding.strong.text.1.5f5b734b | hac.views.home.p.text.3.efc58a7f	src/plugin/modules/accessibility.js:5427 | src/plugin/modules/onboarding.js:70 | src/plugin/views/home.html:121
txt.7d1858205100	super-app	3	vocabulario-dominio	hac.modules.accessibility.a11y.lib.to.origin.l5426c82.0ab92d48 | hac.modules.accessibility.a11y.lib.labels.l5427c109.64a21fe9 | hac.modules.accessibility.a11y.lib.icons.l5428c86.ef319d25	src/plugin/modules/accessibility.js:5426 | src/plugin/modules/accessibility.js:5427 | src/plugin/modules/accessibility.js:5428
txt.a2bb494ed444	super-dsc-web	3	vocabulario-dominio	hac.modules.accessibility.a11y.lib.to.origin.l5426c58.8decbf8f | hac.modules.accessibility.a11y.lib.labels.l5427c75.4a1bfd69 | hac.modules.accessibility.a11y.lib.icons.l5428c58.26e195ec	src/plugin/modules/accessibility.js:5426 | src/plugin/modules/accessibility.js:5427 | src/plugin/modules/accessibility.js:5428
txt.5e9b60f69165	Tag	3	revisar | texto-interface	hac.backend.onmessage.name.l1453c26.fdf7f95b | hac.views.modals.label.text.1.f9415268 | hac.views.modals.label.text.3.f6098655	src/plugin/backend/onmessage.js:1453 | src/plugin/views/modals.html:253 | src/plugin/views/modals.html:425
txt.92601ed7e85c	Tela	3	revisar | texto-interface	hac.code.push.l1860c39.3c16220c | hac.modules.accessibility.rendera11yworkspaceheader.l2767c103.cc6f3369 | hac.views.specifications.a11y.workspace.title.text.c3db1fff	src/plugin/code.js:1860 | src/plugin/modules/accessibility.js:2767 | src/plugin/views/specifications.html:153
txt.f919d9f15290	text/plain	3	revisar	hac.modules.swipe.path.swipepathpendingdragstart.setdata.l598c33.21683778 | hac.modules.tab.order.taborderpendingdragstart.setdata.l855c33.e6258095 | hac.modules.tab.order.taborderdragstart.setdata.l1409c33.1f352699	src/plugin/modules/swipe-path.js:598 | src/plugin/modules/tab-order.js:855 | src/plugin/modules/tab-order.js:1409
txt.661a49c01068	titulo da pagina	3	revisar | vocabulario-dominio	hac.code.web.estrutura.variacao.by.form.l1117c108.e29dca08 | hac.modules.accessibility.a11y.web.estrutura.form.variacao.l3135c109.9e41e170 | hac.modules.accessibility.updatea11yestruturafields.l3210c22.94cf5f7e	src/plugin/code.js:1117 | src/plugin/modules/accessibility.js:3135 | src/plugin/modules/accessibility.js:3210
txt.283b693313b1	Ver instruções	3	texto-interface	hac.modules.accessibility.button.text.1.6dc4f4b2 | hac.modules.accessibility.button.text.1.c842776d | hac.modules.accessibility.button.text.1.6dbe3e42	src/plugin/modules/accessibility.js:4373 | src/plugin/modules/accessibility.js:4580 | src/plugin/modules/accessibility.js:4714
txt.1505adfd7cfd	Voltar	3	texto-interface	hac.modules.onboarding.button.text.2.86161343 | hac.modules.onboarding.button.text.1.4c9750e0 | hac.views.home.button.text.1.d48c6342	src/plugin/modules/onboarding.js:287 | src/plugin/modules/onboarding.js:307 | src/plugin/views/home.html:174
txt.78f934df514a	web-angular-react	3	vocabulario-dominio	hac.modules.accessibility.a11y.lib.to.origin.l5426c30.ebbc7e41 | hac.modules.accessibility.a11y.lib.labels.l5427c27.5f0c1b52 | hac.modules.accessibility.a11y.lib.icons.l5428c26.aafac832	src/plugin/modules/accessibility.js:5426 | src/plugin/modules/accessibility.js:5427 | src/plugin/modules/accessibility.js:5428
txt.e2b7dcc8c08d	, clique nos elementos em sequência ou use	2	texto-interface	hac.modules.onboarding.html.text.1.3c1c8ac9 | hac.modules.onboarding.html.text.1.ffe2a09d	src/plugin/modules/onboarding.js:61 | src/plugin/modules/onboarding.js:77
txt.0b2a44986a08	, use	2	texto-interface	hac.modules.onboarding.html.text.1.cced3f10 | hac.modules.onboarding.html.text.1.ab122648	src/plugin/modules/onboarding.js:57 | src/plugin/modules/onboarding.js:73
txt.41aad5ee311d	; o design original não é alterado.	2	texto-interface	hac.modules.onboarding.html.text.2.fca3fea4 | hac.modules.onboarding.html.text.2.749c452f	src/plugin/modules/onboarding.js:61 | src/plugin/modules/onboarding.js:77
txt.fcabb0d7dafe	.accordion-content	2	texto-interface	hac.modules.accessibility.opena11ybatchsummarymodal.groupscontent.l6704c53.9e298316 | hac.modules.accessibility.tokenreviewcontent.l6789c65.d5dc0eba	src/plugin/modules/accessibility.js:6704 | src/plugin/modules/accessibility.js:6789
txt.73b04d3502ae	.accordion-content, [data-accordion-content]	2	texto-interface	hac.modules.core.othercontent.l1035c70.09ff0eff | hac.modules.core.collapseallaccordions.allcontent.l1060c44.1bfcfce0	src/plugin/modules/core.js:1035 | src/plugin/modules/core.js:1060
txt.2059aa937f54	(aba Leitor de Tela): use	2	texto-interface	hac.modules.onboarding.html.text.1.58c42223 | hac.modules.onboarding.html.text.1.348fc363	src/plugin/modules/onboarding.js:60 | src/plugin/modules/onboarding.js:76
txt.79b300d460ff	(status geral e	2	texto-interface	hac.modules.onboarding.html.text.1.ccf635ec | hac.modules.onboarding.html.text.2.4441cc7a	src/plugin/modules/onboarding.js:58 | src/plugin/modules/onboarding.js:74
txt.f5753c7a14f5	[hac web] Box specs leitor de tela	2	revisar | vocabulario-lib-web	hac.backend.platform.profiles.setname.l193c16.57499c64 | hac.refs.design.acessivel.web.wrapper.generated.wrapper.setname.f127797e	src/plugin/backend/platform-profiles.js:193 | src/plugin/refs/design-acessivel-web-wrapper.generated.json:9
txt.dffe30daf241	[HAC] Assets do Handoff	2	revisar	hac.code.createfichaitensframe.name.l4092c21.f83c4a90 | hac.code.getorcreatefichaitensframe.name.l4247c43.1579a0f1	src/plugin/code.js:4092 | src/plugin/code.js:4247
txt.9f3108cbf44d	[HAC] Frame Principal	2	revisar	hac.code.buildfichaframeprincipalsection.name.l4306c20.f1520a5e | hac.code.buildfichaframeprincipalsection.name.l4335c24.9990ae34	src/plugin/code.js:4306 | src/plugin/code.js:4335
txt.0e5b1341be24	[HAC] Handoff - ${cfg.title}	2	revisar	hac.backend.onmessage.name.l4580c30.6eefb4b2 | hac.backend.onmessage.getorcreatefichahandoffframe.name.l4587c18.6ba2fca2	src/plugin/backend/onmessage.js:4580 | src/plugin/backend/onmessage.js:4587
txt.a45858ee699d	[Selos de Tabulação]	2	revisar	hac.backend.onmessage.getorcreatecloneoverlaygroup.l2697c108.97e1b415 | hac.backend.onmessage.buildfichatabulacaosection.getorcreatecloneoverlaygroup..2e10ce80	src/plugin/backend/onmessage.js:2697 | src/plugin/backend/onmessage.js:5038
txt.d1d6dc5c7bf1	[Specs de Leitor de Tela]	2	revisar	hac.backend.onmessage.getorcreatecloneoverlaygroup.l2286c106.97fa65c5 | hac.backend.onmessage.buildfichaleitorsection.getorcreatecloneoverlaygroup.l53.1ec810e8	src/plugin/backend/onmessage.js:2286 | src/plugin/backend/onmessage.js:5368
txt.1eaeef1c7c7f	[Trilha de Swipe]	2	revisar	hac.backend.onmessage.getorcreatecloneoverlaygroup.l4166c105.b0e6ef00 | hac.backend.onmessage.buildfichaswipesection.getorcreatecloneoverlaygroup.l527.530b08ca	src/plugin/backend/onmessage.js:4166 | src/plugin/backend/onmessage.js:5277
txt.eb8656638dd7	#005ca9	2	texto-interface	hac.modules.onboarding.onboarding.tools.l52c12.5f39ac08 | hac.modules.onboarding.onboarding.tools.l68c12.e8c2369f	src/plugin/modules/onboarding.js:52 | src/plugin/modules/onboarding.js:68
txt.d49c1da031a3	<circle cx="	2	revisar	hac.modules.accessibility.literal.l240c16.a69f6c10 | hac.modules.accessibility.literal.l303c10.4f58553d	src/plugin/modules/accessibility.js:240 | src/plugin/modules/accessibility.js:303
txt.5e1d9a2bed2a	${HAC_DOC_KEY_PREFIX}:savedAt	2	revisar	hac.code.writehacdatatodocument.setsharedplugindata.l5230c42.db0c2aaa | hac.code.clearhacdatafromdocument.setsharedplugindata.l5275c42.405e19f3	src/plugin/code.js:5230 | src/plugin/code.js:5275
txt.cfd479c03f8b	${i + 1}.	2	revisar | texto-interface	hac.code.buildfichalegendcolumn.characters.l4797c27.8453d9e3 | hac.modules.onboarding.span.text.1.fb3c2aca	src/plugin/code.js:4797 | src/plugin/modules/onboarding.js:178
txt.a2642cd684be	${isHidden ? 'Mostrar' : 'Ocultar'} no canvas	2	texto-interface | acessibilidade	hac.modules.accessibility.button.3.title.6c0da328 | hac.modules.accessibility.button.3.aria.label.0ec7faf7	src/plugin/modules/accessibility.js:4054 | src/plugin/modules/accessibility.js:4054
txt.458f92eeb4f0	${items.length} elemento${items.length === 1 ? '' : 's'} encontrado${items.length === 1 ? '' : 's'} — revise no modal antes de aplicar.	2	mensagem-sistema	hac.backend.onmessage.notify.l2884c22.643053c2 | hac.backend.onmessage.notify.l3013c22.18d1909c	src/plugin/backend/onmessage.js:2884 | src/plugin/backend/onmessage.js:3013
txt.7f71d2480a75	${len}/${max}	2	revisar	hac.modules.accessibility.updatea11ycharcounter.l1605c31.3fb116b2 | hac.modules.accessibility.updatea11ycharcounterel.l1618c33.618de2d2	src/plugin/modules/accessibility.js:1605 | src/plugin/modules/accessibility.js:1618
txt.2cab5fa854e5	${namePrefix} ${clone.name}	2	revisar	hac.code.getorcreatecloneoverlaygroup.name.l2483c22.a8593136 | hac.code.getorcreatecloneoverlaygroup.name.l2520c23.08674602	src/plugin/code.js:2483 | src/plugin/code.js:2520
txt.fdcedf805d4d	0/${max}	2	texto-interface	hac.modules.accessibility.span.text.1.fe999f4a | hac.modules.accessibility.span.text.1.9217fc3b	src/plugin/modules/accessibility.js:1864 | src/plugin/modules/accessibility.js:3082
txt.e06be46b04d3	a11y-category-btn-	2	revisar	hac.modules.accessibility.foreach.l1162c41.dc034b30 | hac.modules.accessibility.applya11ymanualmatchtopicker.getelementbyid.l1276c39.92c7c988	src/plugin/modules/accessibility.js:1162 | src/plugin/modules/accessibility.js:1276
txt.b222bed76136	a11y-category-picker-area-label	2	texto-interface	hac.modules.accessibility.opena11ywizardcategorypickermodal.label.l1145c41.2be15c0f | hac.modules.accessibility.opena11ycategorypickermodalnow.label.l1177c41.ec6d2022	src/plugin/modules/accessibility.js:1145 | src/plugin/modules/accessibility.js:1177
txt.b8fa3c909b57	a11y-category-picker-title-text	2	texto-interface	hac.modules.accessibility.opena11ywizardcategorypickermodal.titletext.l1147c45.ab3e3c61 | hac.modules.accessibility.opena11ycategorypickermodalnow.titletext.l1187c45.348773ea	src/plugin/modules/accessibility.js:1147 | src/plugin/modules/accessibility.js:1187
txt.82a4e694e9ed	a11y-el-label-wrap-heading	2	texto-interface	hac.modules.accessibility.reseta11ymobilenomeacessivelslot.labelwrapheading.l2245c.ff830b4b | hac.modules.accessibility.updatea11ymobilenomeacessivelvisibility.labelwrapheading.a23a7597	src/plugin/modules/accessibility.js:2245 | src/plugin/modules/accessibility.js:2257
txt.47f03e92d4fc	a11y-modal-duplicate-warning	2	texto-interface	hac.modules.accessibility.edita11yduplicatespecfrommodal.warningel.l2946c45.7a71cd00 | hac.modules.accessibility.prefilla11ycomponentname.warningel.l2995c45.c412a8db	src/plugin/modules/accessibility.js:2946 | src/plugin/modules/accessibility.js:2995
txt.504252eac75e	accessibilityHint	2	texto-interface | vocabulario-dominio	hac.code.filla11ymobileelementoseimagensfields.dicatexto.l694c29.16ac05af | hac.modules.accessibility.a11y.mobile.only.toggles.l549c10.9fdde1ac	src/plugin/code.js:694 | src/plugin/modules/accessibility.js:549
txt.c14ab5875cee	accessibilityRole="header"	2	texto-interface	hac.modules.accessibility.notacodigo.l368c29.9fdd693a | hac.modules.accessibility.notacodigo.l386c66.2c06c483	src/plugin/modules/accessibility.js:368 | src/plugin/modules/accessibility.js:386
txt.0a6354a274dd	Account Select	2	vocabulario-lib-mobile | vocabulario-lib-web	hac.refs.design.acessivel.mobile.wrapper.generated.componentoptions.1.eac3207f | hac.refs.design.acessivel.web.wrapper.generated.componentoptions.0.074cf6ec	src/plugin/refs/design-acessivel-mobile-wrapper.generated.json:16 | src/plugin/refs/design-acessivel-web-wrapper.generated.json:65
txt.7e1d0b3dc865	Adicionar item	2	texto-interface	hac.modules.tab.order.taborderresetadditembutton.textcontent.l682c34.23231a2a | hac.views.modals.span.text.17.796b78a0	src/plugin/modules/tab-order.js:682 | src/plugin/views/modals.html:1105
txt.cc01dc1179d6	Aguarde a varredura em andamento terminar antes de iniciar outra.	2	mensagem-sistema	hac.modules.swipe.path.confirmgenerateswipepathfromlayers.showtoast.l224c15.07ce2390 | hac.modules.tab.order.confirmgeneratetaborderfromlayers.showtoast.l1218c15.b2782c9f	src/plugin/modules/swipe-path.js:224 | src/plugin/modules/tab-order.js:1218
txt.ca7e497eb773	ainda em rascunho (não finalizado)	2	texto-interface	hac.modules.accessibility.versiontext.l5636c50.32174ac5 | hac.modules.accessibility.rendera11ypriorsessionalert.versiontext.l6072c48.a1b18785	src/plugin/modules/accessibility.js:5636 | src/plugin/modules/accessibility.js:6072
txt.df5448e93321	Alterar categoria	2	texto-interface | acessibilidade	hac.views.modals.a11y.modal.category.edit.btn.title.7a06ecd2 | hac.views.modals.a11y.modal.category.edit.btn.aria.label.a7c0fc11	src/plugin/views/modals.html:115 | src/plugin/views/modals.html:115
txt.c10a75f19421	arrastar para reposicionar	2	texto-interface	hac.modules.tab.order.strong.text.2.986fb46a | hac.modules.tab.order.strong.text.2.36046601	src/plugin/modules/tab-order.js:174 | src/plugin/modules/tab-order.js:175
txt.b77cad146760	Aside	2	vocabulario-lib-web | texto-interface	hac.refs.design.acessivel.web.wrapper.generated.estrutura.marcotipos.2.8653205d | hac.views.modals.option.text.10.f6472f0b	src/plugin/refs/design-acessivel-web-wrapper.generated.json:142 | src/plugin/views/modals.html:460
txt.3685e330ec52	Assets	2	revisar | texto-interface	hac.code.buildfichalegendcolumn.name.l4909c23.40d71a7b | hac.views.modals.strong.text.2.65d00f00	src/plugin/code.js:4909 | src/plugin/views/modals.html:824
txt.9c3bb49ffea1	Avatar	2	vocabulario-lib-mobile | vocabulario-lib-web	hac.refs.design.acessivel.mobile.wrapper.generated.componentoptions.3.28638979 | hac.refs.design.acessivel.web.wrapper.generated.componentoptions.1.6f98b422	src/plugin/refs/design-acessivel-mobile-wrapper.generated.json:18 | src/plugin/refs/design-acessivel-web-wrapper.generated.json:66
txt.adac3846b477	Badge	2	revisar | vocabulario-lib-mobile	hac.code.name.l4873c22.98ba0f71 | hac.refs.design.acessivel.mobile.wrapper.generated.componentoptions.5.0cfbfd30	src/plugin/code.js:4873 | src/plugin/refs/design-acessivel-mobile-wrapper.generated.json:20
txt.12491d38d974	Badge Notification	2	vocabulario-lib-mobile | vocabulario-lib-web	hac.refs.design.acessivel.mobile.wrapper.generated.componentoptions.6.a2cb3a1b | hac.refs.design.acessivel.web.wrapper.generated.componentoptions.2.47957353	src/plugin/refs/design-acessivel-mobile-wrapper.generated.json:21 | src/plugin/refs/design-acessivel-web-wrapper.generated.json:67
txt.43605fc720b8	Badge Text	2	vocabulario-lib-mobile | vocabulario-lib-web	hac.refs.design.acessivel.mobile.wrapper.generated.componentoptions.7.0bf97710 | hac.refs.design.acessivel.web.wrapper.generated.componentoptions.3.b15f39a3	src/plugin/refs/design-acessivel-mobile-wrapper.generated.json:22 | src/plugin/refs/design-acessivel-web-wrapper.generated.json:68
txt.309eb159d51a	body/standard	2	vocabulario-dominio | revisar	hac.code.a11y.ficha.type.scale.l3695c3.c7818bca | hac.code.applyfichatypography.token.l3724c75.9d02d1da	src/plugin/code.js:3695 | src/plugin/code.js:3724
txt.2ab0591dbcf5	Card	2	vocabulario-lib-mobile | vocabulario-lib-web	hac.refs.design.acessivel.mobile.wrapper.generated.componentoptions.9.bc6e8a36 | hac.refs.design.acessivel.web.wrapper.generated.componentoptions.7.ee5eed3a	src/plugin/refs/design-acessivel-mobile-wrapper.generated.json:24 | src/plugin/refs/design-acessivel-web-wrapper.generated.json:72
txt.38b18be47097	Card Alert	2	vocabulario-lib-mobile | vocabulario-lib-web	hac.refs.design.acessivel.mobile.wrapper.generated.componentoptions.11.e0374597 | hac.refs.design.acessivel.web.wrapper.generated.componentoptions.8.7240d877	src/plugin/refs/design-acessivel-mobile-wrapper.generated.json:26 | src/plugin/refs/design-acessivel-web-wrapper.generated.json:73
txt.6fb1662eec05	Card Notification	2	vocabulario-lib-mobile | vocabulario-lib-web	hac.refs.design.acessivel.mobile.wrapper.generated.componentoptions.14.7cc2dbb2 | hac.refs.design.acessivel.web.wrapper.generated.componentoptions.9.f968e199	src/plugin/refs/design-acessivel-mobile-wrapper.generated.json:29 | src/plugin/refs/design-acessivel-web-wrapper.generated.json:74
txt.3a1c9d85fb98	Card Widget	2	vocabulario-lib-mobile | vocabulario-lib-web	hac.refs.design.acessivel.mobile.wrapper.generated.componentoptions.17.165c7b05 | hac.refs.design.acessivel.web.wrapper.generated.componentoptions.12.8dc48725	src/plugin/refs/design-acessivel-mobile-wrapper.generated.json:32 | src/plugin/refs/design-acessivel-web-wrapper.generated.json:77
txt.3b6ad75b22a2	Concluir seleção (${count})	2	revisar	hac.modules.swipe.path.handleswipepathaccumulatedcountchanged.l447c48.05bd34d3 | hac.modules.tab.order.handletaborderaccumulatedcountchanged.l717c48.493e2787	src/plugin/modules/swipe-path.js:447 | src/plugin/modules/tab-order.js:717
txt.ff7fa156a05c	Conector	2	revisar	hac.backend.onmessage.name.l2202c28.3ca3ad04 | hac.code.tryimporta11yconectorlinha.name.l1336c19.019d7957	src/plugin/backend/onmessage.js:2202 | src/plugin/code.js:1336
txt.4f0e5eb69067	Confirmar	2	revisar | texto-interface	hac.modules.accessibility.opena11yconfirmmodal.confirmlabel.l5959c62.0ab87c52 | hac.views.modals.a11y.confirm.modal.confirm.btn.text.51c606f1	src/plugin/modules/accessibility.js:5959 | src/plugin/views/modals.html:1591
txt.edc840d427be	Confirmar ação	2	texto-interface	hac.modules.accessibility.opena11yconfirmmodal.title.l5957c49.26f30b34 | hac.views.modals.a11y.confirm.modal.title.text.text.ed0e0934	src/plugin/modules/accessibility.js:5957 | src/plugin/views/modals.html:1580
txt.a16efcde6ea5	Contorno	2	texto-interface	hac.views.modals.span.text.6.b1c002ab | hac.views.modals.strong.text.12.1bc23756	src/plugin/views/modals.html:628 | src/plugin/views/modals.html:1405
txt.7070dec2ad36	Criando cópia de trabalho da tela…	2	revisar	hac.modules.swipe.path.startswipepathmanualmodeinner.ensurea11yprojectoriginthe.ab6bce62 | hac.modules.tab.order.starttabordermanualmodeinner.ensurea11yprojectoriginthen.1e677b8e	src/plugin/modules/swipe-path.js:151 | src/plugin/modules/tab-order.js:474
txt.f172156528f3	Criar trilha de ordem de leitura	2	texto-interface	hac.modules.swipe.path.openswipepathreviewmodal.textcontent.l405c52.63062a1c | hac.views.modals.a11y.swipe.path.review.confirm.text.text.01e7edbd	src/plugin/modules/swipe-path.js:405 | src/plugin/views/modals.html:1179
txt.c811fb3c974d	Customizável	2	texto-interface	hac.views.modals.option.text.4.3cfdd6bb | hac.views.modals.option.text.12.06c4e489	src/plugin/views/modals.html:438 | src/plugin/views/modals.html:462
txt.94c8a2bd5f6a	Dados inválidos.	2	revisar	hac.backend.onmessage.postmessage.l5447c114.da58a3de | hac.backend.onmessage.postmessage.l5679c112.983b2334	src/plugin/backend/onmessage.js:5447 | src/plugin/backend/onmessage.js:5679
txt.df92e65cf391	dark:bg-blue-900/20	2	revisar	hac.modules.accessibility.applya11ymanualmatchtopicker.foreach.l1220c66.500d2df9 | hac.modules.accessibility.applya11ymanualmatchtopicker.add.l1279c64.2e057cf4	src/plugin/modules/accessibility.js:1220 | src/plugin/modules/accessibility.js:1279
txt.9502405a74ea	dark:bg-dark-bg	2	revisar	hac.modules.accessibility.synca11ymobilelinkurllockstate.toggle.l830c28.a3ebd805 | hac.modules.accessibility.updatea11yestruturafields.toggle.l3221c32.75b39a40	src/plugin/modules/accessibility.js:830 | src/plugin/modules/accessibility.js:3221
txt.dd9ba5600702	dark:text-blue-400	2	revisar	hac.modules.accessibility.applya11yworkspacetabstyles.foreach.l2866c26.7d70a0d9 | hac.modules.core.foreach.l1005c32.d06f6c23	src/plugin/modules/accessibility.js:2866 | src/plugin/modules/core.js:1005
txt.68f541574e36	Date Picker	2	vocabulario-lib-mobile | vocabulario-lib-web	hac.refs.design.acessivel.mobile.wrapper.generated.componentoptions.22.0c5cca10 | hac.refs.design.acessivel.web.wrapper.generated.componentoptions.15.adaaa9f7	src/plugin/refs/design-acessivel-mobile-wrapper.generated.json:37 | src/plugin/refs/design-acessivel-web-wrapper.generated.json:80
txt.97a8b7432bd3	Desenhando ${i + 1} de ${list.length}...	2	texto-interface	hac.modules.tab.order.applytabordertocanvas.textcontent.l1114c42.2601f4c5 | hac.modules.tab.order.applytabordertocanvas.textcontent.l1117c50.f322fe04	src/plugin/modules/tab-order.js:1114 | src/plugin/modules/tab-order.js:1117
txt.f02bbf0ed751	Destacar este elemento no canvas	2	texto-interface	hac.modules.swipe.path.li.1.title.e16bce57 | hac.modules.swipe.path.li.1.title.16582ef2	src/plugin/modules/swipe-path.js:514 | src/plugin/modules/swipe-path.js:566
txt.fe751aff9198	Dica Leitor de Tela	2	revisar	hac.code.filla11ymobileelementoseimagensfields.findnestedinstance.fd1bd05f | hac.code.filla11ymobileelementoseimagensfields.findrawkey.l695c30.b7f63516	src/plugin/code.js:671 | src/plugin/code.js:695
txt.c235c76b5ba9	Dispensar	2	texto-interface | acessibilidade	hac.modules.accessibility.button.2.title.628b2957 | hac.modules.accessibility.button.2.aria.label.649159e0	src/plugin/modules/accessibility.js:6088 | src/plugin/modules/accessibility.js:6088
txt.26021f1f4700	div	2	texto-interface	hac.modules.core.showtoast.toast.l748c40.cb7329c6 | hac.modules.core.showsnackbar.contentcol.l795c45.25e17037	src/plugin/modules/core.js:748 | src/plugin/modules/core.js:795
txt.c9c43bc17ce2	Editar	2	texto-interface	hac.modules.accessibility.button.5.title.cecbc167 | hac.modules.handoff.ficha.html.text.1.ee6ac0fc	src/plugin/modules/accessibility.js:4064 | src/plugin/modules/handoff-ficha.js:711
txt.ea445cb02593	Elemento Decorativo (mobile, sem subtipo)	2	revisar | texto-interface	hac.modules.accessibility.applya11ydecorativooriginlock.l3401c43.82b30b7f | hac.views.modals.a11y.decorativo.subtipo.fixed.text.bd635144	src/plugin/modules/accessibility.js:3401 | src/plugin/views/modals.html:591
txt.410870c91720	Elemento e Imagem	2	texto-interface	hac.views.modals.em.text.2.f579580b | hac.views.modals.em.text.4.fbaec636	src/plugin/views/modals.html:1416 | src/plugin/views/modals.html:1417
txt.dec701da64f7	Elementos decorativos	2	vocabulario-lib-web | texto-interface	hac.refs.design.acessivel.web.wrapper.generated.wrapper.contentinstancebya11ytype.decorativo.name.cce76061 | hac.views.modals.p.text.35.36c4aba0	src/plugin/refs/design-acessivel-web-wrapper.generated.json:43 | src/plugin/views/modals.html:1366
txt.8f9dca34022a	Em HTML, deve ser fornecido a role="tablist" por padrão, role="tab" quando selecionado e role="tabpanel" quando expandindo. O atributo aria-selected é definido automaticamente com base na alteração da seleção.	2	texto-interface	hac.modules.accessibility.notascodigo.l333c231.7b4f7991 | hac.modules.accessibility.notascodigo.l336c243.2fb367f1	src/plugin/modules/accessibility.js:333 | src/plugin/modules/accessibility.js:336
txt.094b0fe0e302	EN	2	texto-interface	hac.modules.accessibility.option.text.2.024022ec | hac.modules.tab.order.tabordernarrationphrase.labels.l1528c27.5e5eeead	src/plugin/modules/accessibility.js:4444 | src/plugin/modules/tab-order.js:1528
txt.5e40d99cdc7d	Especificação de Acessibilidade	2	revisar | texto-interface	hac.modules.accessibility.opena11ymodal.l1468c80.b0ba39b6 | hac.views.modals.a11y.modal.title.text.text.7b38038d	src/plugin/modules/accessibility.js:1468 | src/plugin/views/modals.html:111
txt.a6e1b0f8df14	Especificações para Leitor de Tela	2	revisar | conteudo-instrucional	hac.code.legendtitle.l3554c18.eeb84e5e | hac.refs.ficha.instruction.content.leitortela.title.63a96ef4	src/plugin/code.js:3554 | src/plugin/refs/ficha-instruction-content.json:50
txt.cf3c941c19de	Especificar para leitores de tela consiste em definir como as tecnologias assistivas (NVDA/VoiceOver/Jaws) interpretam e anunciam os elementos da interface. Essa documentação assegura que o conteúdo seja plenamente compreendido e inclusivo, fornecendo as orientações fundamentais para que o time de desenvolvimento implemente a experiência exatamente como projetada.	2	conteudo-instrucional | texto-interface	hac.refs.ficha.instruction.content.leitortela.web.instructionsbody.dccebaf3 | hac.views.modals.p.text.27.e9c76d85	src/plugin/refs/ficha-instruction-content.json:62 | src/plugin/views/modals.html:1317
txt.e3e88f097aa9	Especificar para leitores de tela consiste em definir como as tecnologias assistivas (VoiceOver/Talkback) interpretam e anunciam os elementos da interface. Essa documentação assegura que o conteúdo seja plenamente compreendido e inclusivo, fornecendo as orientações fundamentais para que o time de desenvolvimento implemente a experiência exatamente como projetada.	2	conteudo-instrucional | texto-interface	hac.refs.ficha.instruction.content.leitortela.instructionsbody.c0033e01 | hac.views.modals.p.text.28.4bbf23db	src/plugin/refs/ficha-instruction-content.json:52 | src/plugin/views/modals.html:1320
txt.ad8c5a498d49	Esta é a trilha marcada no canvas, já na ordem espacial resolvida automaticamente. Arraste para reordenar ou remova um ponto antes de confirmar.	2	texto-interface	hac.modules.swipe.path.openswipepathreviewmodal.textcontent.l404c52.8c479579 | hac.views.modals.a11y.swipe.path.review.instruction.text.f2bf1eab	src/plugin/modules/swipe-path.js:404 | src/plugin/views/modals.html:1159
txt.60482d72f132	Excluir todas as especificações de Leitor de Tela desta tela	2	texto-interface | acessibilidade	hac.modules.accessibility.button.4.data.tooltip.df0f3043 | hac.modules.accessibility.button.4.aria.label.941f3fd0	src/plugin/modules/accessibility.js:4744 | src/plugin/modules/accessibility.js:4744
txt.071c46d7919b	Finalizar	2	texto-interface	hac.modules.handoff.ficha.html.text.1.3d0963e0 | hac.views.modals.button.text.9.a272d499	src/plugin/modules/handoff-ficha.js:621 | src/plugin/views/modals.html:981
txt.d9ccd1b3adc7	Focar no elemento no canvas	2	texto-interface | acessibilidade	hac.modules.accessibility.button.2.title.8469816f | hac.modules.accessibility.button.2.aria.label.dc256f7f	src/plugin/modules/accessibility.js:4049 | src/plugin/modules/accessibility.js:4049
txt.d7eb6b340a11	Footer	2	vocabulario-lib-web | texto-interface	hac.refs.design.acessivel.web.wrapper.generated.componentoptions.20.40aa7624 | hac.views.modals.option.text.11.77b0a876	src/plugin/refs/design-acessivel-web-wrapper.generated.json:85 | src/plugin/views/modals.html:461
txt.011874183ec1	Formato: A, B, A1, A2, A1.1, A1.2...	2	texto-interface	hac.views.modals.a11y.el.tag.error.text.a4dc1e83 | hac.views.modals.a11y.estrutura.tag.error.text.e890d329	src/plugin/views/modals.html:326 | src/plugin/views/modals.html:442
txt.7c48bde68314	Gerar Automaticamente	2	texto-interface	hac.modules.onboarding.strong.text.2.8e9f3364 | hac.modules.onboarding.strong.text.2.39441506	src/plugin/modules/onboarding.js:61 | src/plugin/modules/onboarding.js:77
txt.7e6ecd6005d4	Gerar handoff completo	2	texto-interface	hac.modules.onboarding.strong.text.4.c7efe51a | hac.modules.onboarding.strong.text.5.015a55e1	src/plugin/modules/onboarding.js:58 | src/plugin/modules/onboarding.js:74
txt.6016218e6004	H (mobile, sem nível)	2	texto-interface	hac.views.modals.option.text.19.cf4f9294 | hac.views.modals.a11y.titulo.nivel.fixed.text.79092e85	src/plugin/views/modals.html:522 | src/plugin/views/modals.html:531
txt.bf1c365741a4	H2	2	vocabulario-lib-web | texto-interface	hac.refs.design.acessivel.web.wrapper.generated.tituloniveis.1.06788e45 | hac.views.modals.option.text.14.9ba767c2	src/plugin/refs/design-acessivel-web-wrapper.generated.json:158 | src/plugin/views/modals.html:517
txt.8dbc6058e033	H3	2	vocabulario-lib-web | texto-interface	hac.refs.design.acessivel.web.wrapper.generated.tituloniveis.2.35e05ec3 | hac.views.modals.option.text.15.0b227b7f	src/plugin/refs/design-acessivel-web-wrapper.generated.json:159 | src/plugin/views/modals.html:518
txt.4f92c044d819	H4	2	vocabulario-lib-web | texto-interface	hac.refs.design.acessivel.web.wrapper.generated.tituloniveis.3.5d6446cf | hac.views.modals.option.text.16.7a84174e	src/plugin/refs/design-acessivel-web-wrapper.generated.json:160 | src/plugin/views/modals.html:519
txt.36e20656918e	H5	2	vocabulario-lib-web | texto-interface	hac.refs.design.acessivel.web.wrapper.generated.tituloniveis.4.b11e1105 | hac.views.modals.option.text.17.88a605a4	src/plugin/refs/design-acessivel-web-wrapper.generated.json:161 | src/plugin/views/modals.html:520
txt.6b7658601d20	H6	2	vocabulario-lib-web | texto-interface	hac.refs.design.acessivel.web.wrapper.generated.tituloniveis.5.b066b462 | hac.views.modals.option.text.18.4ff9940d	src/plugin/refs/design-acessivel-web-wrapper.generated.json:162 | src/plugin/views/modals.html:521
txt.5aca2c82a2f4	HAC	2	texto-interface	hac.build.h1.text.1.5c01fe41 | hac.views.modals.strong.text.15.3321b4ee	src/plugin/build.cjs:138 | src/plugin/views/modals.html:1518
txt.594fd1615a34	Header	2	vocabulario-lib-web | texto-interface	hac.refs.design.acessivel.web.wrapper.generated.componentoptions.21.00d53445 | hac.views.modals.option.text.7.7f793c9d	src/plugin/refs/design-acessivel-web-wrapper.generated.json:86 | src/plugin/views/modals.html:457
txt.99d72c7fc3e2	hidden	2	texto-interface	hac.modules.accessibility.synca11ymobileobservacoesplacement.labelnalinhadatag.l23.6c9b2e7d | hac.modules.accessibility.openhacpageinstructionmodal.onboardingopen.l5548c77.fc919373	src/plugin/modules/accessibility.js:2374 | src/plugin/modules/accessibility.js:5548
txt.43ef8789347e	Icon Button	2	vocabulario-lib-mobile | vocabulario-lib-web	hac.refs.design.acessivel.mobile.wrapper.generated.componentoptions.24.7edb5410 | hac.refs.design.acessivel.web.wrapper.generated.componentoptions.22.24949f3f	src/plugin/refs/design-acessivel-mobile-wrapper.generated.json:39 | src/plugin/refs/design-acessivel-web-wrapper.generated.json:87
txt.1cc2e5c75753	Icon Button Text	2	vocabulario-lib-mobile | vocabulario-lib-web	hac.refs.design.acessivel.mobile.wrapper.generated.componentoptions.25.f75abda5 | hac.refs.design.acessivel.web.wrapper.generated.componentoptions.23.a1450262	src/plugin/refs/design-acessivel-mobile-wrapper.generated.json:40 | src/plugin/refs/design-acessivel-web-wrapper.generated.json:88
txt.6948a1e634f2	Identificar como button e ler o seu rótulo visível em tela.	2	texto-interface	hac.modules.accessibility.descricao.l322c35.b76c2e66 | hac.modules.accessibility.descricao.l324c35.089ff468	src/plugin/modules/accessibility.js:322 | src/plugin/modules/accessibility.js:324
txt.cee0ea370308	Identificar o status do componente como marcado ou desmarcado com o atributo aria-checked="true" ou "false". Deve-se também, inserir aria-label para adicionar um nome acessível ao elemento.	2	texto-interface	hac.modules.accessibility.notascodigo.l331c82.860a1b0b | hac.modules.accessibility.notascodigo.l334c76.145e6750	src/plugin/modules/accessibility.js:331 | src/plugin/modules/accessibility.js:334
txt.bd23d9ab6e8e	Idioma da narração	2	texto-interface | acessibilidade	hac.modules.accessibility.tab.order.narration.lang.uid.title.5bc0d839 | hac.modules.accessibility.tab.order.narration.lang.uid.aria.label.e3356496	src/plugin/modules/accessibility.js:4441 | src/plugin/modules/accessibility.js:4441
txt.c369fb5dee00	idiomas	2	vocabulario-dominio | texto-interface	hac.modules.accessibility.a11y.web.estrutura.form.variacao.l3135c44.851ad5ad | hac.views.modals.option.text.1.bfe3d355	src/plugin/modules/accessibility.js:3135 | src/plugin/views/modals.html:435
txt.9f66fc65c780	Ignore itens decorativos: Imagens e ícones puramente ilustrativos não são lidos pelo leitor de tela, classifique-os com o conector Elementos Decorativos.	2	conteudo-instrucional	hac.refs.ficha.instruction.content.leitortela.steps.2.37182b47 | hac.refs.ficha.instruction.content.leitortela.web.steps.3.2009ed5e	src/plugin/refs/ficha-instruction-content.json:57 | src/plugin/refs/ficha-instruction-content.json:67
txt.f99d81df6cf3	Input Money	2	vocabulario-lib-mobile | vocabulario-lib-web	hac.refs.design.acessivel.mobile.wrapper.generated.componentoptions.27.82223738 | hac.refs.design.acessivel.web.wrapper.generated.componentoptions.30.3a2bd65e	src/plugin/refs/design-acessivel-mobile-wrapper.generated.json:42 | src/plugin/refs/design-acessivel-web-wrapper.generated.json:95
txt.e9272977bd59	Input Pin	2	vocabulario-lib-mobile | vocabulario-lib-web	hac.refs.design.acessivel.mobile.wrapper.generated.componentoptions.28.0896c782 | hac.refs.design.acessivel.web.wrapper.generated.componentoptions.31.4a180b3f	src/plugin/refs/design-acessivel-mobile-wrapper.generated.json:43 | src/plugin/refs/design-acessivel-web-wrapper.generated.json:96
txt.e2315e8d0bf9	Input Slider	2	vocabulario-lib-mobile | vocabulario-lib-web	hac.refs.design.acessivel.mobile.wrapper.generated.componentoptions.29.75487a94 | hac.refs.design.acessivel.web.wrapper.generated.componentoptions.32.bade0b07	src/plugin/refs/design-acessivel-mobile-wrapper.generated.json:44 | src/plugin/refs/design-acessivel-web-wrapper.generated.json:97
txt.115c9e17b7c5	Input Stepper	2	vocabulario-lib-mobile | vocabulario-lib-web	hac.refs.design.acessivel.mobile.wrapper.generated.componentoptions.30.6bf800fa | hac.refs.design.acessivel.web.wrapper.generated.componentoptions.33.6ac0eacd	src/plugin/refs/design-acessivel-mobile-wrapper.generated.json:45 | src/plugin/refs/design-acessivel-web-wrapper.generated.json:98
txt.66b0c73b3ba6	inputs	2	vocabulario-dominio	hac.backend.dsc.matching.a11y.interactive.shortnames.l252c51.c0db7485 | hac.modules.accessibility.a11y.componente.labels.l408c29.10db9379	src/plugin/backend/dsc-matching.js:252 | src/plugin/modules/accessibility.js:408
txt.c1125e0b9ccd	Item anterior	2	texto-interface | acessibilidade	hac.views.modals.btn.a11y.wizard.prev.title.9a4e0b90 | hac.views.modals.btn.a11y.wizard.prev.aria.label.09b9fb5f	src/plugin/views/modals.html:144 | src/plugin/views/modals.html:144
txt.41552333cf2c	label/standard	2	vocabulario-dominio | revisar	hac.code.a11y.ficha.type.scale.l3694c3.820ddcae | hac.code.ensuretelatitulocard.applyfichatypography.l3985c39.8bf23651	src/plugin/code.js:3694 | src/plugin/code.js:3985
txt.10ec6d3e3278	Legenda	2	revisar	hac.code.buildfichalegendcolumn.name.l4619c14.a0ad62e8 | hac.code.buildfichainstructiononlylegendcolumn.name.l5067c14.e9f613f0	src/plugin/code.js:4619 | src/plugin/code.js:5067
txt.41df2a9278c4	Linha	2	texto-interface	hac.views.modals.span.text.7.42b1aa08 | hac.views.modals.strong.text.13.4ac53f76	src/plugin/views/modals.html:633 | src/plugin/views/modals.html:1405
txt.61c40ac108b7	List Item	2	vocabulario-lib-mobile | vocabulario-lib-web	hac.refs.design.acessivel.mobile.wrapper.generated.componentoptions.35.da6eea73 | hac.refs.design.acessivel.web.wrapper.generated.componentoptions.36.31562f28	src/plugin/refs/design-acessivel-mobile-wrapper.generated.json:50 | src/plugin/refs/design-acessivel-web-wrapper.generated.json:101
txt.9aef9ecad0c5	listas	2	vocabulario-dominio	hac.backend.dsc.matching.a11y.interactive.shortnames.l254c3.e3885f0d | hac.modules.accessibility.a11y.componente.labels.l408c61.5a47307c	src/plugin/backend/dsc-matching.js:254 | src/plugin/modules/accessibility.js:408
txt.e95db2aa2861	Loading Animation	2	vocabulario-lib-mobile | vocabulario-lib-web	hac.refs.design.acessivel.mobile.wrapper.generated.componentoptions.38.f4d1e6de | hac.refs.design.acessivel.web.wrapper.generated.componentoptions.37.05c72453	src/plugin/refs/design-acessivel-mobile-wrapper.generated.json:53 | src/plugin/refs/design-acessivel-web-wrapper.generated.json:102
txt.a4641c2370b3	Localizar no canvas	2	texto-interface | acessibilidade	hac.views.modals.btn.a11y.wizard.focus.title.1eee20c8 | hac.views.modals.btn.a11y.wizard.focus.aria.label.93381f4d	src/plugin/views/modals.html:128 | src/plugin/views/modals.html:128
txt.b28b7af69320	Main	2	vocabulario-lib-web | texto-interface	hac.refs.design.acessivel.web.wrapper.generated.estrutura.marcotipos.1.46d5cf4a | hac.views.modals.option.text.9.3d199566	src/plugin/refs/design-acessivel-web-wrapper.generated.json:141 | src/plugin/views/modals.html:459
txt.e96e7df9b789	Não Documentados	2	texto-interface	hac.modules.onboarding.strong.text.1.82aa69c2 | hac.modules.onboarding.strong.text.1.8fc67653	src/plugin/modules/onboarding.js:60 | src/plugin/modules/onboarding.js:76
txt.f85f13e52a84	Não foi possível criar a cópia de trabalho. Tente novamente.	2	mensagem-sistema	hac.modules.swipe.path.handleswipepathcopystarted.showtoast.l26c17.193a562a | hac.modules.tab.order.handletabordercopystarted.showtoast.l499c17.0d357c54	src/plugin/modules/swipe-path.js:26 | src/plugin/modules/tab-order.js:499
txt.5b0baa481f2b	Não foi possível criar a trilha de swipe.	2	revisar | mensagem-sistema	hac.backend.onmessage.postmessage.l4213c48.88e996cf | hac.modules.swipe.path.handleswipepathcreatefailed.showtoast.l779c46.65576733	src/plugin/backend/onmessage.js:4213 | src/plugin/modules/swipe-path.js:779
txt.b091d0be17ac	Não foi possível varrer a tela automaticamente — tente novamente.	2	mensagem-sistema	hac.backend.onmessage.notify.l2887c22.324884a6 | hac.backend.onmessage.notify.l3016c22.9bdc735e	src/plugin/backend/onmessage.js:2887 | src/plugin/backend/onmessage.js:3016
txt.fea877d4f0f1	Nav	2	vocabulario-lib-web | texto-interface	hac.refs.design.acessivel.web.wrapper.generated.estrutura.marcotipos.0.7c0abdc8 | hac.views.modals.option.text.8.993f9ba2	src/plugin/refs/design-acessivel-web-wrapper.generated.json:140 | src/plugin/views/modals.html:458
txt.6c49fda70f95	Nenhum elemento na Ordem de Tabulação para narrar.	2	mensagem-sistema	hac.modules.tab.order.handletabordernarrationresolved.showtoast.l1622c15.8de2178a | hac.modules.tab.order.toggletabordernarration.showtoast.l1645c15.d4cca076	src/plugin/modules/tab-order.js:1622 | src/plugin/modules/tab-order.js:1645
txt.de843bb6dfcf	Nova especificação	2	texto-interface	hac.modules.accessibility.opena11ycategorypickermodalnow.textcontent.l1188c42.05b52fb0 | hac.views.modals.a11y.category.picker.title.text.text.4148ebb0	src/plugin/modules/accessibility.js:1188 | src/plugin/views/modals.html:14
txt.c13245c000b6	number#1478:0	2	revisar	hac.backend.onmessage.literal.l3104c15.02b503d3 | hac.backend.onmessage.setproperties.l3105c38.37dd526f	src/plugin/backend/onmessage.js:3104 | src/plugin/backend/onmessage.js:3105
txt.1bfec5fd60d4	O frame original desta área não existe mais no canvas — marque a área novamente.	2	revisar	hac.backend.onmessage.postmessage.l5460c19.7b87369a | hac.backend.onmessage.postmessage.l5687c19.a8530fe5	src/plugin/backend/onmessage.js:5460 | src/plugin/backend/onmessage.js:5687
txt.349a77d189ca	Observação	2	revisar	hac.code.filla11ymobileelementoseimagensfields.findnestedinstance.20ba5325 | hac.code.filla11ymobileelementoseimagensfields.findrawkey.l702c36.4a397e13	src/plugin/code.js:671 | src/plugin/code.js:702
txt.deb0ae418ba9	Ocultar/Mostrar no canvas	2	revisar | texto-interface	hac.modules.accessibility.rendera11yworkspaceheader.l2799c74.10411396 | hac.views.specifications.html.text.4.c8c2418d	src/plugin/modules/accessibility.js:2799 | src/plugin/views/specifications.html:170
txt.8084a7df8d89	Ordem de Leitura	2	texto-interface	hac.modules.onboarding.strong.text.2.5010d03d | hac.modules.onboarding.strong.text.1.ad8c9463	src/plugin/modules/onboarding.js:74 | src/plugin/modules/onboarding.js:78
txt.708226b76314	para documentar do zero. Em	2	texto-interface	hac.modules.onboarding.html.text.3.db3fc246 | hac.modules.onboarding.html.text.3.4c55b45b	src/plugin/modules/onboarding.js:57 | src/plugin/modules/onboarding.js:73
txt.c1d84bc460a0	para o hac sugerir a categoria de cada componente, ou	2	texto-interface	hac.modules.onboarding.html.text.2.3d631204 | hac.modules.onboarding.html.text.2.e28e8e11	src/plugin/modules/onboarding.js:57 | src/plugin/modules/onboarding.js:73
txt.8acf19171cc3	Popover	2	vocabulario-lib-mobile | vocabulario-lib-web	hac.refs.design.acessivel.mobile.wrapper.generated.componentoptions.40.57bb757a | hac.refs.design.acessivel.web.wrapper.generated.componentoptions.41.472ad892	src/plugin/refs/design-acessivel-mobile-wrapper.generated.json:55 | src/plugin/refs/design-acessivel-web-wrapper.generated.json:106
txt.ea159cba06ca	Preparando a réplica de trabalho…	2	revisar	hac.modules.accessibility.opena11ycategorypickermodalafterinstruction.showa11ycanv.e89a071a | hac.modules.accessibility.starta11ybatchwizard.showa11ycanvasloading.l7007c76.7e770fff	src/plugin/modules/accessibility.js:1111 | src/plugin/modules/accessibility.js:7007
txt.31f4a8d0babd	Preparando cópia de trabalho…	2	revisar	hac.modules.swipe.path.startswipepathaddpoint.showa11ycanvasloading.l312c74.2989f231 | hac.modules.tab.order.starttaborderadditemsfromcard.showa11ycanvasloading.l603.49b9e38b	src/plugin/modules/swipe-path.js:312 | src/plugin/modules/tab-order.js:603
txt.5aaf8905f32a	Progress	2	vocabulario-lib-mobile | vocabulario-lib-web	hac.refs.design.acessivel.mobile.wrapper.generated.componentoptions.42.78be32a0 | hac.refs.design.acessivel.web.wrapper.generated.componentoptions.42.c0467f4a	src/plugin/refs/design-acessivel-mobile-wrapper.generated.json:57 | src/plugin/refs/design-acessivel-web-wrapper.generated.json:107
txt.438d4cbf1cfa	Próximo item	2	texto-interface | acessibilidade	hac.views.modals.btn.a11y.wizard.next.title.fc52254d | hac.views.modals.btn.a11y.wizard.next.aria.label.12bb5de2	src/plugin/views/modals.html:155 | src/plugin/views/modals.html:155
txt.61c78f0b8725	Pular	2	texto-interface	hac.modules.onboarding.button.text.1.9b277a52 | hac.modules.onboarding.button.text.1.fe3681d6	src/plugin/modules/onboarding.js:263 | src/plugin/modules/onboarding.js:285
txt.91a96bcd00db	Puxar nome do elemento selecionado no canvas	2	texto-interface | acessibilidade	hac.views.modals.button.16.title.9dff66d9 | hac.views.modals.button.16.aria.label.80342f13	src/plugin/views/modals.html:708 | src/plugin/views/modals.html:708
txt.d432c3525b9d	Radio	2	vocabulario-lib-mobile | vocabulario-lib-web	hac.refs.design.acessivel.mobile.wrapper.generated.componentoptions.43.aabdd791 | hac.refs.design.acessivel.web.wrapper.generated.componentoptions.44.60d2355e	src/plugin/refs/design-acessivel-mobile-wrapper.generated.json:58 | src/plugin/refs/design-acessivel-web-wrapper.generated.json:109
txt.b84a7db6d1e7	rascunho	2	texto-interface	hac.modules.accessibility.versiontext.l5636c37.27b2f5ec | hac.modules.accessibility.rendera11ypriorsessionalert.versiontext.l6072c35.0b728d06	src/plugin/modules/accessibility.js:5636 | src/plugin/modules/accessibility.js:6072
txt.471d569948af	Recolher as instruções e liberar espaço no canvas	2	texto-interface | revisar	hac.build.a11y.capture.mini.bar.help.data.tooltip.021f04a9 | hac.modules.core.a11ycapturebarsynctooltips.t.l634c9.7b35c806	src/plugin/build.cjs:250 | src/plugin/modules/core.js:634
txt.009c9ba7c1b4	Recolher instruções	2	acessibilidade | revisar	hac.build.a11y.capture.mini.bar.help.aria.label.358ff68f | hac.modules.core.a11ycapturebarsynctooltips.setattribute.l637c50.ac67fefb	src/plugin/build.cjs:251 | src/plugin/modules/core.js:637
txt.1a979c88db7b	Reescanear esta tela	2	texto-interface | acessibilidade	hac.views.modals.btn.a11y.batch.rescan.title.907c760d | hac.views.modals.btn.a11y.batch.rescan.aria.label.b5ed5e51	src/plugin/views/modals.html:1204 | src/plugin/views/modals.html:1204
txt.1e5dc8148ae0	Remover da ordem de tabulação	2	texto-interface | acessibilidade	hac.modules.tab.order.button.2.title.e4699733 | hac.modules.tab.order.button.2.aria.label.b4a77666	src/plugin/modules/tab-order.js:1393 | src/plugin/modules/tab-order.js:1393
txt.df5ab335477b	Remover tela	2	texto-interface	hac.modules.accessibility.html.text.2.421ede8f | hac.views.specifications.html.text.5.1c40a2c8	src/plugin/modules/accessibility.js:5076 | src/plugin/views/specifications.html:175
txt.d374aa9bdbf5	Remover trilha de swipe desta tela	2	texto-interface | acessibilidade	hac.modules.accessibility.button.2.data.tooltip.7ee48744 | hac.modules.accessibility.button.2.aria.label.3ddc730a	src/plugin/modules/accessibility.js:4547 | src/plugin/modules/accessibility.js:4547
txt.7fd457b3db86	Revisão interrompida: ${confirmedCount} especifica${confirmedCount === 1 ? 'ção criada' : 'ções criadas'}, ${remaining} ${remaining === 1 ? 'item' : 'itens'} de volta pra "Não Documentados".	2	texto-interface | mensagem-sistema	hac.modules.accessibility.stopa11ybatchwizard.message.l7288c9.966d85b5 | hac.modules.accessibility.stopa11ybatchwizard.showtoast.l7297c15.c9de65fe	src/plugin/modules/accessibility.js:7288 | src/plugin/modules/accessibility.js:7297
txt.9e8758b1eff3	Revisão interrompida: ${remaining} ${remaining === 1 ? 'item' : 'itens'} continua${remaining === 1 ? '' : 'm'} em "Não Documentados".	2	texto-interface | mensagem-sistema	hac.modules.accessibility.stopa11ybatchwizard.message.l7289c9.12ec92dd | hac.modules.accessibility.stopa11ybatchwizard.showtoast.l7299c15.d6640626	src/plugin/modules/accessibility.js:7289 | src/plugin/modules/accessibility.js:7299
txt.053dc9a4a52e	Salvando especificação…	2	revisar	hac.modules.accessibility.finisha11yspecconfirm.showa11ycanvasloading.l3965c76.08b5e4bd | hac.modules.accessibility.showa11ywizardsavingindicator.showa11ycanvasloading.l622.28f868dc	src/plugin/modules/accessibility.js:3965 | src/plugin/modules/accessibility.js:6222
txt.1166c09971a6	Salvar alterações	2	texto-interface | revisar	hac.modules.swipe.path.openswipepathreviewmodal.textcontent.l401c52.faf0cbfc | hac.modules.swipe.path.handleswipepathcreatefailed.l778c85.65172b89	src/plugin/modules/swipe-path.js:401 | src/plugin/modules/swipe-path.js:778
txt.0639d18f6e79	Segmented Button	2	vocabulario-lib-mobile | vocabulario-lib-web	hac.refs.design.acessivel.mobile.wrapper.generated.componentoptions.45.1935900a | hac.refs.design.acessivel.web.wrapper.generated.componentoptions.47.613fc41c	src/plugin/refs/design-acessivel-mobile-wrapper.generated.json:60 | src/plugin/refs/design-acessivel-web-wrapper.generated.json:112
txt.a86b65253f5e	segure Shift e clique	2	texto-interface	hac.modules.tab.order.strong.text.1.c4e65871 | hac.modules.tab.order.strong.text.1.55126520	src/plugin/modules/tab-order.js:174 | src/plugin/modules/tab-order.js:175
txt.07d892dc8efc	Selo de Área	2	revisar	hac.backend.onmessage.name.l961c22.28e2aad4 | hac.backend.onmessage.name.l1188c24.e251af96	src/plugin/backend/onmessage.js:961 | src/plugin/backend/onmessage.js:1188
txt.b520dff52041	smartphone	2	vocabulario-dominio | texto-interface	hac.modules.accessibility.a11y.lib.icons.l5428c99.d824d01d | hac.modules.onboarding.onboarding.tools.l67c11.f29b57ab	src/plugin/modules/accessibility.js:5428 | src/plugin/modules/onboarding.js:67
txt.2e642905cfc3	Snackbar	2	vocabulario-dominio | vocabulario-lib-mobile	hac.modules.accessibility.a11y.componente.labels.l409c45.789e30ca | hac.refs.design.acessivel.mobile.wrapper.generated.componentoptions.50.85d3ad61	src/plugin/modules/accessibility.js:409 | src/plugin/refs/design-acessivel-mobile-wrapper.generated.json:65
txt.1bfb1079ad87	Sobre o hac	2	texto-interface	hac.build.button.1.title.92ca7829 | hac.views.modals.html.text.31.7ed54313	src/plugin/build.cjs:120 | src/plugin/views/modals.html:1505
txt.6be3172300a3	Spinner	2	vocabulario-lib-mobile | vocabulario-lib-web	hac.refs.design.acessivel.mobile.wrapper.generated.componentoptions.51.f9b6c09d | hac.refs.design.acessivel.web.wrapper.generated.componentoptions.50.6264f4aa	src/plugin/refs/design-acessivel-mobile-wrapper.generated.json:66 | src/plugin/refs/design-acessivel-web-wrapper.generated.json:115
txt.4e3e01b9af84	star	2	vocabulario-dominio	hac.modules.accessibility.a11y.categories.l120c58.72178609 | hac.modules.accessibility.a11y.categories.l120c146.1d30645c	src/plugin/modules/accessibility.js:120 | src/plugin/modules/accessibility.js:120
txt.39ef0f239f6c	Subtipo	2	texto-interface	hac.views.modals.label.text.4.6ed3318f | hac.views.modals.label.text.9.0bb2b489	src/plugin/views/modals.html:432 | src/plugin/views/modals.html:576
txt.86854534aa16	tab-order-body-	2	revisar	hac.modules.accessibility.foreach.l4137c46.0b7aedf0 | hac.modules.accessibility.a11ysetallsubaccordions.foreach.l4142c28.055c3ab3	src/plugin/modules/accessibility.js:4137 | src/plugin/modules/accessibility.js:4142
txt.9a81cd4a26ac	tab-order-list-${uid}	2	revisar	hac.modules.accessibility.a11yworkspacetabtabulacao.ulid.l4320c16.447e60d2 | hac.modules.tab.order.tabordersectionhtml.ulid.l31c16.002b7f04	src/plugin/modules/accessibility.js:4320 | src/plugin/modules/tab-order.js:31
txt.4d9c59b757f7	Tela ${areaNumber} - ${frameLabel}	2	revisar	hac.code.name.l3830c28.081a0374 | hac.code.getorcreatefichaareagroup.name.l3837c20.c3fb2b54	src/plugin/code.js:3830 | src/plugin/code.js:3837
txt.37d892d3de74	text-green-600 dark:text-green-400	2	revisar	hac.modules.handoff.ficha.ficharenderprojectsummary.cordoicone.l604c46.dd8cb26c | hac.modules.handoff.ficha.fichastatuscolorclass.l677c36.d4fa58a9	src/plugin/modules/handoff-ficha.js:604 | src/plugin/modules/handoff-ficha.js:677
txt.5403f52028b8	text-slate-400 dark:text-dark-muted	2	revisar	hac.modules.handoff.ficha.ficharenderprojectsummary.cordoicone.l604c85.9ca80559 | hac.modules.handoff.ficha.fichastatuscolorclass.l678c10.cd1037a1	src/plugin/modules/handoff-ficha.js:604 | src/plugin/modules/handoff-ficha.js:678
txt.e3e04b6d486a	texto alternativo	2	vocabulario-dominio | vocabulario-lib-web	hac.modules.accessibility.a11y.elemento.mobile.variants.l567c21.d3e88c64 | hac.refs.design.acessivel.web.wrapper.generated.componentextravariantprops.imagem.variante.2dc87738	src/plugin/modules/accessibility.js:567 | src/plugin/refs/design-acessivel-web-wrapper.generated.json:129
txt.1937ed24ceb1	Tile Button	2	vocabulario-lib-mobile | vocabulario-lib-web	hac.refs.design.acessivel.mobile.wrapper.generated.componentoptions.55.fe9d7cfc | hac.refs.design.acessivel.web.wrapper.generated.componentoptions.56.c8a37e0d	src/plugin/refs/design-acessivel-mobile-wrapper.generated.json:70 | src/plugin/refs/design-acessivel-web-wrapper.generated.json:121
txt.c60c915d7e74	title/large	2	vocabulario-dominio | revisar	hac.code.a11y.ficha.type.scale.l3689c3.64f6a0a0 | hac.code.appendfichablocktitle.applyfichatypography.l4560c34.127263a9	src/plugin/code.js:3689 | src/plugin/code.js:4560
txt.315763090d78	title/small	2	revisar | vocabulario-dominio	hac.backend.onmessage.applyfichatypography.l1470c46.2849ea3f | hac.code.a11y.ficha.type.scale.l3692c3.2fe42245	src/plugin/backend/onmessage.js:1470 | src/plugin/code.js:3692
txt.8a1be36de69d	Título	2	revisar	hac.code.buildfichalegendcolumn.name.l4657c20.25b46197 | hac.code.buildfichainstructiononlylegendcolumn.name.l5087c20.c56fd1a9	src/plugin/code.js:4657 | src/plugin/code.js:5087
txt.52be39b3e4be	Título do bloco	2	revisar	hac.code.ensuretelatitulocard.name.l3978c19.b290b736 | hac.code.appendfichablocktitle.name.l4541c12.a46be540	src/plugin/code.js:3978 | src/plugin/code.js:4541
txt.d3e75bbc154a	Títulos	2	vocabulario-dominio | vocabulario-lib-web	hac.modules.accessibility.a11y.category.label.mobile.overrides.l169c11.e8593a5b | hac.refs.design.acessivel.web.wrapper.generated.wrapper.contentinstancebya11ytype.titulo.name.b4c61119	src/plugin/modules/accessibility.js:169 | src/plugin/refs/design-acessivel-web-wrapper.generated.json:33
txt.83916160e91f	Tooltip	2	vocabulario-lib-mobile | vocabulario-lib-web	hac.refs.design.acessivel.mobile.wrapper.generated.componentoptions.60.c303608d | hac.refs.design.acessivel.web.wrapper.generated.componentoptions.59.01ef24e0	src/plugin/refs/design-acessivel-mobile-wrapper.generated.json:75 | src/plugin/refs/design-acessivel-web-wrapper.generated.json:124
txt.2a4c8bb6df7a	Trilha de Ordem de Leitura	2	texto-interface	hac.modules.swipe.path.openswipepathreviewmodal.textcontent.l403c40.fa9e591e | hac.views.modals.a11y.swipe.path.review.title.text.text.c09ad68c	src/plugin/modules/swipe-path.js:403 | src/plugin/views/modals.html:1146
txt.983e755f3854	Trilha de Swipe	2	revisar	hac.backend.onmessage.buildfichaswipesection.name.l5169c19.207d43a7 | hac.code.legendtitle.l3547c18.b294a510	src/plugin/backend/onmessage.js:5169 | src/plugin/code.js:3547
txt.bde578267f0f	undoc-body-	2	revisar	hac.modules.accessibility.foreach.l4138c28.4e9ac498 | hac.modules.accessibility.a11ysetallsubaccordions.foreach.l4145c35.14321fe5	src/plugin/modules/accessibility.js:4138 | src/plugin/modules/accessibility.js:4145
txt.7d20d5a7e6bd	Variação	2	revisar | vocabulario-lib-web	hac.code.filla11ywebestruturafields.setandverifyvariants.l1141c36.c1be3e56 | hac.refs.design.acessivel.web.wrapper.generated.wrapper.contentinstancebya11ytype.estrutura.properties.0.160616f3	src/plugin/code.js:1141 | src/plugin/refs/design-acessivel-web-wrapper.generated.json:56
txt.c85743c8ea4a	variante	2	vocabulario-dominio | vocabulario-lib-web	hac.modules.accessibility.a11y.variant.blocklist.l898c56.46f38d43 | hac.refs.design.acessivel.web.wrapper.generated.wrapper.contentinstancebya11ytype.elemento.properties.0..704ee046	src/plugin/modules/accessibility.js:898 | src/plugin/refs/design-acessivel-web-wrapper.generated.json:21
txt.87a372254e20	Velocidade da narração	2	texto-interface | acessibilidade	hac.modules.accessibility.tab.order.narration.rate.uid.title.36b088f5 | hac.modules.accessibility.tab.order.narration.rate.uid.aria.label.e718b180	src/plugin/modules/accessibility.js:4451 | src/plugin/modules/accessibility.js:4451
txt.7b2d52da2b8b	Ver handoff no canvas	2	texto-interface | acessibilidade	hac.modules.accessibility.button.2.data.tooltip.b8b4647c | hac.modules.accessibility.button.2.aria.label.02954f90	src/plugin/modules/accessibility.js:4837 | src/plugin/modules/accessibility.js:4837
txt.44dbf667bd9e	Ver no canvas	2	texto-interface	hac.modules.accessibility.button.text.1.bb1f23b4 | hac.modules.accessibility.button.text.1.be69b482	src/plugin/modules/accessibility.js:5670 | src/plugin/modules/accessibility.js:6086
txt.70c5936024d7	versão ${version}	2	texto-interface	hac.modules.accessibility.versiontext.l5636c89.79eb3036 | hac.modules.accessibility.rendera11ypriorsessionalert.versiontext.l6072c87.a54705fa	src/plugin/modules/accessibility.js:5636 | src/plugin/modules/accessibility.js:6072
txt.59b20428d324	view-specifications	2	texto-interface	hac.modules.onboarding.onboarding.tools.l49c11.c74b2448 | hac.modules.onboarding.onboarding.tools.l65c11.ecbb4831	src/plugin/modules/onboarding.js:49 | src/plugin/modules/onboarding.js:65
txt.38e998c3a17b	Voltar ao topo	2	texto-interface | acessibilidade	hac.build.btn.top.title.c654620b | hac.build.btn.top.aria.label.3ea8c743	src/plugin/build.cjs:303 | src/plugin/build.cjs:303
txt.3e776e04f5a2	workspace-${area.id}	2	revisar	hac.modules.accessibility.a11yworkspacetabtabulacao.uid.l4319c15.c4f00322 | hac.modules.accessibility.a11yworkspacetableitordetela.uid.l4643c15.bd90deb0	src/plugin/modules/accessibility.js:4319 | src/plugin/modules/accessibility.js:4643
