"canonical_id";"text";"occurrences";"classifications";"field_ids";"locations"
"txt.5749fbf846d2";"Fechar";"30";"texto-interface | acessibilidade";"hac.views.modals.button.1.title.c1480f66 | hac.views.modals.button.1.aria.label.7b0b4349 | hac.views.modals.button.8.title.133938c3 | hac.views.modals.button.8.aria.label.342980f3 | hac.views.modals.button.15.title.9bde7736 | hac.views.modals.button.15.aria.label.dd3c0983 | hac.views.modals.button.21.title.a8dc188c | hac.views.modals.button.21.aria.label.a660f772 | hac.views.modals.button.text.4.568c30a9 | hac.views.modals.button.24.title.4a6eac8d | hac.views.modals.button.24.aria.label.20886515 | hac.views.modals.button.26.title.790ce8d5 | hac.views.modals.button.26.aria.label.4459c778 | hac.views.modals.button.31.title.c2487127 | hac.views.modals.button.31.aria.label.02832017 | hac.views.modals.button.34.title.25684cf8 | hac.views.modals.button.34.aria.label.de5be10a | hac.views.modals.button.35.title.183c9873 | hac.views.modals.button.35.aria.label.687cc1aa | hac.views.modals.button.39.title.3823db06 | hac.views.modals.button.39.aria.label.f2340d6d | hac.views.modals.button.50.title.5d29daed | hac.views.modals.button.50.aria.label.59a0edcb | hac.views.modals.button.54.title.0b687d83 | hac.views.modals.button.54.aria.label.e0efa7aa | hac.views.modals.button.58.aria.label.78fa0be2 | hac.views.modals.button.59.title.547c0666 | hac.views.modals.button.59.aria.label.a7551974 | hac.views.modals.button.text.13.be04b2f4 | hac.views.modals.button.64.aria.label.d5705585";"src/plugin/views/modals.html:16 | src/plugin/views/modals.html:16 | src/plugin/views/modals.html:132 | src/plugin/views/modals.html:132 | src/plugin/views/modals.html:688 | src/plugin/views/modals.html:688 | src/plugin/views/modals.html:814 | src/plugin/views/modals.html:814 | src/plugin/views/modals.html:832 | src/plugin/views/modals.html:855 | src/plugin/views/modals.html:855 | src/plugin/views/modals.html:890 | src/plugin/views/modals.html:890 | src/plugin/views/modals.html:969 | src/plugin/views/modals.html:969 | src/plugin/views/modals.html:996 | src/plugin/views/modals.html:996 | src/plugin/views/modals.html:1086 | src/plugin/views/modals.html:1086 | src/plugin/views/modals.html:1180 | src/plugin/views/modals.html:1180 | src/plugin/views/modals.html:1336 | src/plugin/views/modals.html:1336 | src/plugin/views/modals.html:1432 | src/plugin/views/modals.html:1432 | src/plugin/views/modals.html:1614 | src/plugin/views/modals.html:1636 | src/plugin/views/modals.html:1636 | src/plugin/views/modals.html:1690 | src/plugin/views/modals.html:1711"
"txt.11f9578d05e6";"error";"18";"mensagem-sistema | texto-interface";"hac.modules.core.downloadfile.showtoast.l206c52.65aefa1d | hac.modules.core.exporthacbackupjson.showtoast.l275c51.fe6546b5 | hac.modules.core.exporthachandoffdoc.showtoast.l344c54.57a03f14 | hac.modules.core.showtoast.l367c61.1ee68515 | hac.modules.core.showtoast.l374c68.6398709a | hac.modules.core.showtoast.l422c57.1ecfea4c | hac.modules.core.handlehacbackupfilechosen.showtoast.l425c71.beba5178 | hac.modules.core.showtoast.iserror.l800c31.fe1b7d02 | hac.modules.handoff.ficha.fichahandlesectioneditfailed.showtoast.l332c97.f2d318b8 | hac.modules.handoff.ficha.fichahandlesectioninsertfailed.showtoast.l435c105.5a4d52d3 | hac.modules.handoff.ficha.fichahandlenodenotfound.showtoast.l466c155.64b427a4 | hac.modules.messages.showtoast.l427c112.697cd48d | hac.modules.swipe.path.handleswipepathcopystarted.showtoast.l26c81.55cbf1cd | hac.modules.swipe.path.handleswipepathcloneresolved.showtoast.l337c89.dedbc16f | hac.modules.swipe.path.handleswipepathcreatefailed.showtoast.l793c91.4c56990e | hac.modules.tab.order.handletabordercopystarted.showtoast.l499c81.f12ca062 | hac.modules.tab.order.toggleswipenarration.showtoast.l1698c83.46d24f65 | hac.modules.tab.order.toggletabordernarration.showtoast.l1724c83.17d2f3e2";"src/plugin/modules/core.js:206 | src/plugin/modules/core.js:275 | src/plugin/modules/core.js:344 | src/plugin/modules/core.js:367 | src/plugin/modules/core.js:374 | src/plugin/modules/core.js:422 | src/plugin/modules/core.js:425 | src/plugin/modules/core.js:800 | src/plugin/modules/handoff-ficha.js:332 | src/plugin/modules/handoff-ficha.js:435 | src/plugin/modules/handoff-ficha.js:466 | src/plugin/modules/messages.js:427 | src/plugin/modules/swipe-path.js:26 | src/plugin/modules/swipe-path.js:337 | src/plugin/modules/swipe-path.js:793 | src/plugin/modules/tab-order.js:499 | src/plugin/modules/tab-order.js:1698 | src/plugin/modules/tab-order.js:1724"
"txt.758908d4c222";"a11y";"17";"revisar";"hac.backend.onmessage.setplugindata.l1056c42.b220b513 | hac.backend.onmessage.setplugindata.l2186c46.a4c0e9cd | hac.backend.onmessage.createtaborderbadge.setplugindata.l2601c40.62e397e5 | hac.backend.onmessage.createtabordercloneforarea.setplugindata.l3197c40.179ef851 | hac.backend.onmessage.createswipepathcloneforarea.setplugindata.l3262c40.edbc0a26 | hac.backend.onmessage.createspeccloneforarea.setplugindata.l3341c40.bde637e4 | hac.backend.onmessage.buildswipepathconnection.setplugindata.l4106c40.049a6646 | hac.backend.onmessage.getorcreatefichainstrucoesframe.setplugindata.l4604c45.1d459f3f | hac.backend.onmessage.getorcreatefichainstrucoesframe.setplugindata.l4625c43.8e69f550 | hac.backend.onmessage.getorcreatefichahandoffframe.setplugindata.l4704c40.51d0f9b7 | hac.code.countareagroups.l1805c50.eb3db2b1 | hac.code.ensurecloneworkframe.desativada.setplugindata.l2237c46.4f104ee5 | hac.code.ensurecloneworkframe.desativada.setplugindata.l2262c46.c007e7dc | hac.code.getorcreatecloneoverlaygroup.setplugindata.l2586c45.c0138c23 | hac.code.createorgetfichaframe.setplugindata.l3725c43.1857227a | hac.code.getorcreatefichaareagroup.setplugindata.l3922c42.1e3c7975 | hac.code.ensuretelatitulocard.setplugindata.l4014c39.4a2e43ca";"src/plugin/backend/onmessage.js:1056 | src/plugin/backend/onmessage.js:2186 | src/plugin/backend/onmessage.js:2601 | src/plugin/backend/onmessage.js:3197 | src/plugin/backend/onmessage.js:3262 | src/plugin/backend/onmessage.js:3341 | src/plugin/backend/onmessage.js:4106 | src/plugin/backend/onmessage.js:4604 | src/plugin/backend/onmessage.js:4625 | src/plugin/backend/onmessage.js:4704 | src/plugin/code.js:1805 | src/plugin/code.js:2237 | src/plugin/code.js:2262 | src/plugin/code.js:2586 | src/plugin/code.js:3725 | src/plugin/code.js:3922 | src/plugin/code.js:4014"
"txt.e9df693ec666";"Descrição";"16";"revisar | texto-interface";"hac.code.filla11ymobileelementoseimagensfields.findnestedinstance.32473bd7 | hac.code.filla11ymobileelementoseimagensfields.findrawkey.l723c35.0c40401e | hac.code.filla11ymobileelementoseimagensfields.syncnestedinstance.b2b7aa0e | hac.code.buildfichalegendcolumn.name.l4793c21.0ae7b760 | hac.code.name.l5137c21.74c421ab | hac.code.buildfichainstructiononlylegendcolumn.name.l5212c21.560ece2e | hac.modules.accessibility.collecta11yelementomobiletoggleproperties.push.l2555c44.38b97010 | hac.modules.accessibility.filter.l3680c59.fde86563 | hac.modules.accessibility.label.l3717c34.97fd2dd5 | hac.modules.accessibility.label.l3741c34.8eef5d56 | hac.modules.accessibility.label.l3772c34.eedd1e72 | hac.modules.handoff.ficha.fichabuildspecfields.push.l143c39.22679e2f | hac.views.modals.label.text.7.a98515cc | hac.views.modals.p.text.7.dd44c3b1 | hac.views.modals.p.text.10.d089c0f0 | hac.views.modals.strong.text.10.bbbfa57f";"src/plugin/code.js:706 | src/plugin/code.js:723 | src/plugin/code.js:772 | src/plugin/code.js:4793 | src/plugin/code.js:5137 | src/plugin/code.js:5212 | src/plugin/modules/accessibility.js:2555 | src/plugin/modules/accessibility.js:3680 | src/plugin/modules/accessibility.js:3717 | src/plugin/modules/accessibility.js:3741 | src/plugin/modules/accessibility.js:3772 | src/plugin/modules/handoff-ficha.js:143 | src/plugin/views/modals.html:467 | src/plugin/views/modals.html:534 | src/plugin/views/modals.html:594 | src/plugin/views/modals.html:1522"
"txt.c9b76ae79584";"Bold";"15";"configuracao-tecnica | revisar";"hac.backend.onmessage.loadfontasync.l963c65.8a965d11 | hac.backend.onmessage.style.l1019c56.871b9e04 | hac.backend.onmessage.loadfontasync.l1130c65.880f130e | hac.backend.onmessage.style.l1224c58.bcba4b50 | hac.backend.onmessage.style.l2585c56.7a63ef8f | hac.backend.onmessage.loadfontasync.l2588c61.902be781 | hac.backend.onmessage.style.l2589c56.93822c10 | hac.backend.onmessage.loadfontasync.l3891c67.c732e0b8 | hac.backend.onmessage.ensurelegendbesideclone.style.l4872c115.12f10e44 | hac.backend.onmessage.ensurelegendbesideclone.style.l4873c112.47cd89b0 | hac.backend.onmessage.loadfontasync.l5190c65.6ef05ca8 | hac.code.loadfontasync.l2188c63.a97511a9 | hac.code.style.l2273c58.8facf371 | hac.code.a11yrobotostyleforweight.l3769c29.46b0e714 | hac.code.applyfichatypography.interstyle.l3798c40.a462df1e";"src/plugin/backend/onmessage.js:963 | src/plugin/backend/onmessage.js:1019 | src/plugin/backend/onmessage.js:1130 | src/plugin/backend/onmessage.js:1224 | src/plugin/backend/onmessage.js:2585 | src/plugin/backend/onmessage.js:2588 | src/plugin/backend/onmessage.js:2589 | src/plugin/backend/onmessage.js:3891 | src/plugin/backend/onmessage.js:4872 | src/plugin/backend/onmessage.js:4873 | src/plugin/backend/onmessage.js:5190 | src/plugin/code.js:2188 | src/plugin/code.js:2273 | src/plugin/code.js:3769 | src/plugin/code.js:3798"
"txt.62b1466cf22e";"Cancelar";"15";"texto-interface | revisar | acessibilidade";"hac.build.a11y.capture.mini.bar.cancel.text.fabf5717 | hac.modules.accessibility.confirmbacktohome.opena11yconfirmmodal.l6011c18.fa6909f3 | hac.modules.accessibility.opena11yconfirmmodal.cancellabel.l6035c59.a81579b1 | hac.views.modals.button.text.1.238b8285 | hac.views.modals.button.text.2.b223ddb8 | hac.views.modals.button.text.8.31e7fa5a | hac.views.modals.button.41.title.a36d02cd | hac.views.modals.button.41.aria.label.3b8f359b | hac.views.modals.button.text.10.784af9b3 | hac.views.modals.button.45.title.c810b341 | hac.views.modals.button.45.aria.label.97a6175e | hac.views.modals.button.text.11.75fca495 | hac.views.modals.button.64.title.8460fdcd | hac.views.modals.a11y.confirm.modal.cancel.btn.title.926c112b | hac.views.modals.a11y.confirm.modal.cancel.btn.text.a5b023a9";"src/plugin/build.cjs:279 | src/plugin/modules/accessibility.js:6011 | src/plugin/modules/accessibility.js:6035 | src/plugin/views/modals.html:668 | src/plugin/views/modals.html:732 | src/plugin/views/modals.html:979 | src/plugin/views/modals.html:1220 | src/plugin/views/modals.html:1220 | src/plugin/views/modals.html:1244 | src/plugin/views/modals.html:1280 | src/plugin/views/modals.html:1280 | src/plugin/views/modals.html:1304 | src/plugin/views/modals.html:1711 | src/plugin/views/modals.html:1719 | src/plugin/views/modals.html:1719"
"txt.b6708d593ee2";"Inter";"15";"configuracao-tecnica | revisar";"hac.backend.onmessage.loadfontasync.l963c49.666fc0b9 | hac.backend.onmessage.family.l1019c40.82436945 | hac.backend.onmessage.loadfontasync.l1130c49.85ed9c5c | hac.backend.onmessage.family.l1224c42.c4f78e14 | hac.backend.onmessage.family.l2585c40.1fb79c22 | hac.backend.onmessage.loadfontasync.l2588c45.077529ba | hac.backend.onmessage.family.l2589c40.0b166590 | hac.backend.onmessage.loadfontasync.l3891c51.79876a1a | hac.backend.onmessage.ensurelegendbesideclone.family.l4873c19.ac4cf450 | hac.backend.onmessage.ensurelegendbesideclone.family.l4873c58.09a426b7 | hac.backend.onmessage.ensurelegendbesideclone.family.l4873c96.c926071b | hac.backend.onmessage.loadfontasync.l5190c49.78388fa4 | hac.code.loadfontasync.l2188c47.619a0626 | hac.code.family.l2273c42.92f6ab63 | hac.code.applyfichatypography.family.l3799c26.38c148d6";"src/plugin/backend/onmessage.js:963 | src/plugin/backend/onmessage.js:1019 | src/plugin/backend/onmessage.js:1130 | src/plugin/backend/onmessage.js:1224 | src/plugin/backend/onmessage.js:2585 | src/plugin/backend/onmessage.js:2588 | src/plugin/backend/onmessage.js:2589 | src/plugin/backend/onmessage.js:3891 | src/plugin/backend/onmessage.js:4873 | src/plugin/backend/onmessage.js:4873 | src/plugin/backend/onmessage.js:4873 | src/plugin/backend/onmessage.js:5190 | src/plugin/code.js:2188 | src/plugin/code.js:2273 | src/plugin/code.js:3799"
"txt.c358a1fc1734";"Observações";"13";"revisar | texto-interface | vocabulario-lib-web";"hac.code.filla11ymobileelementoseimagensfields.syncnestedinstance.53fea7f4 | hac.code.filla11ymobiletitulofields.findnestedinstancewithanyprop.9283ada2 | hac.code.filla11ymobiledecorativofields.findnestedinstancewithany.254b4cdf | hac.code.filla11ywebelementofields.findinstancebypropnames.l1138c.6927b123 | hac.code.filla11ywebelementofields.applywebbooleantextfield.l1147.ae7c6f59 | hac.code.filla11ywebdecorativofields.applywebbooleantextfield.l11.911043d3 | hac.code.filla11ywebestruturafields.applywebbooleantextfield.l121.845ac656 | hac.modules.accessibility.observacoes.l505c16.46b658a0 | hac.modules.accessibility.updatea11ymobileobservacoesvisibility.a11ymobilecomponen.870062f2 | hac.modules.handoff.ficha.fichabuildspecfields.push.l165c41.68ba9205 | hac.refs.design.acessivel.web.wrapper.generated.wrapper.contentinstancebya11ytype.decorativo.properties..8bed21a0 | hac.refs.design.acessivel.web.wrapper.generated.estrutura.togglesbyvariacao.idioma.0.63967d5b | hac.views.modals.span.text.5.788c9716";"src/plugin/code.js:774 | src/plugin/code.js:906 | src/plugin/code.js:954 | src/plugin/code.js:1138 | src/plugin/code.js:1147 | src/plugin/code.js:1172 | src/plugin/code.js:1214 | src/plugin/modules/accessibility.js:505 | src/plugin/modules/accessibility.js:2341 | src/plugin/modules/handoff-ficha.js:165 | src/plugin/refs/design-acessivel-web-wrapper.generated.json:46 | src/plugin/refs/design-acessivel-web-wrapper.generated.json:152 | src/plugin/views/modals.html:324"
"txt.f4175b9050f0";"label/tiny";"12";"revisar | vocabulario-dominio";"hac.backend.onmessage.buildfichaswipesection.applyfichatypography.l5322c41.e9912a9d | hac.backend.onmessage.buildfichaswipesection.applyfichatypography.l5355c46.86636304 | hac.code.snapshotcloneintofichasection.applyfichatypography.l2764.b205e48d | hac.code.a11y.ficha.type.scale.l3762c3.26a5dd2a | hac.code.buildfichalegendcolumn.applyfichatypography.l4801c43.997b4b06 | hac.code.appendheading.applyfichatypography.l4822c36.4dc23028 | hac.code.appendparagraph.applyfichatypography.l4840c36.530b4eeb | hac.code.buildfichalegendcolumn.applyfichatypography.l4916c43.399ea0d4 | hac.code.buildfichalegendcolumn.applyfichatypography.l5005c41.182e4154 | hac.code.buildfichalegendcolumn.applyfichatypography.l5129c42.71dfd2f3 | hac.code.applyfichatypography.l5145c43.c5606588 | hac.code.buildfichainstructiononlylegendcolumn.applyfichatypograp.0b984edd";"src/plugin/backend/onmessage.js:5322 | src/plugin/backend/onmessage.js:5355 | src/plugin/code.js:2764 | src/plugin/code.js:3762 | src/plugin/code.js:4801 | src/plugin/code.js:4822 | src/plugin/code.js:4840 | src/plugin/code.js:4916 | src/plugin/code.js:5005 | src/plugin/code.js:5129 | src/plugin/code.js:5145 | src/plugin/code.js:5214"
"txt.73731b9780ed";"Nome acessível";"12";"revisar | acessibilidade | texto-interface";"hac.code.filla11ymobileelementoseimagensfields.findnestedinstance.22f065a6 | hac.code.filla11ymobileelementoseimagensfields.findrawkey.l746c39.696dc18b | hac.code.filla11ymobileelementoseimagensfields.syncnestedinstance.cd25e39b | hac.code.filla11ywebelementofields.findinstancebypropnames.l1138c.9e2b0013 | hac.code.filla11ywebelementofields.applywebbooleantextfield.l1146.60df87a1 | hac.modules.accessibility.nomeacessivel.l504c18.4d0cae75 | hac.modules.accessibility.a11ymobilecomponenthasnomeacessivel.a11ymobilecomponenth.8616b52f | hac.modules.accessibility.a11ymobilecomponenthastoggle.l2189c30.ceafa2d7 | hac.modules.accessibility.a11ymobilecomponenthastoggle.l2197c25.3b37dcde | hac.modules.accessibility.filter.l3679c54.f83b4a31 | hac.modules.handoff.ficha.fichabuildspecfields.push.l146c43.167a1439 | hac.views.modals.p.text.3.0a885d38";"src/plugin/code.js:706 | src/plugin/code.js:746 | src/plugin/code.js:775 | src/plugin/code.js:1138 | src/plugin/code.js:1146 | src/plugin/modules/accessibility.js:504 | src/plugin/modules/accessibility.js:2143 | src/plugin/modules/accessibility.js:2189 | src/plugin/modules/accessibility.js:2197 | src/plugin/modules/accessibility.js:3679 | src/plugin/modules/handoff-ficha.js:146 | src/plugin/views/modals.html:288"
"txt.595c37b5a24b";"rotate(0deg)";"12";"revisar";"hac.modules.accessibility.togglea11yareaaccordion.l4151c72.bbea1ee4 | hac.modules.accessibility.foreach.l4187c72.5d995921 | hac.modules.accessibility.togglea11ycategoryaccordion.l4215c72.cc29acfc | hac.modules.accessibility.togglea11yundocumentedaccordion.l4291c72.e549414d | hac.modules.accessibility.a11yundocumentedaccordionel.chevronstyle.l4362c52.84c11413 | hac.modules.accessibility.opena11ybatchsummarymodal.transform.l6809c56.fea01da9 | hac.modules.accessibility.opena11ybatchsummarymodal.transform.l6894c68.56f07c59 | hac.modules.core.foreach.l1093c54.9c90d59d | hac.modules.core.toggleaccordion.l1101c66.3ccbd5f5 | hac.modules.core.literal.l1126c52.e037ec68 | hac.modules.tab.order.togglea11ytaborderaccordion.l17c72.ca339057 | hac.modules.tab.order.tabordersectionhtml.chevronstyle.l35c52.a9fdebdc";"src/plugin/modules/accessibility.js:4151 | src/plugin/modules/accessibility.js:4187 | src/plugin/modules/accessibility.js:4215 | src/plugin/modules/accessibility.js:4291 | src/plugin/modules/accessibility.js:4362 | src/plugin/modules/accessibility.js:6809 | src/plugin/modules/accessibility.js:6894 | src/plugin/modules/core.js:1093 | src/plugin/modules/core.js:1101 | src/plugin/modules/core.js:1126 | src/plugin/modules/tab-order.js:17 | src/plugin/modules/tab-order.js:35"
"txt.b997b3fca96a";"Componente";"11";"texto-interface | vocabulario-dominio | revisar | vocabulario-lib-web";"hac.code.filla11ymobileelementoseimagensfields.componentekey.l845.d2c8d323 | hac.code.componentefound.l848c58.d3d03574 | hac.code.filla11ywebelementofields.content.l1130c55.af02af0e | hac.modules.accessibility.a11y.elemento.mobile.variants.l567c15.43bcd98d | hac.modules.accessibility.a11y.variant.blocklist.l900c42.8cdacc1c | hac.modules.accessibility.cleandsccontainingframename.l3509c36.2238932c | hac.modules.accessibility.unshift.l3703c56.f2b2a6cf | hac.modules.handoff.ficha.fichabuildspecfields.componenteraw.l172c15.ce81fb20 | hac.modules.handoff.ficha.fichabuildspecfields.push.l173c43.f844081c | hac.refs.design.acessivel.web.wrapper.generated.wrapper.contentinstancebya11ytype.elemento.properties.0..bac25bfb | hac.refs.design.acessivel.web.wrapper.generated.wrapper.contentinstancebya11ytype.elemento.properties.1..488b7541";"src/plugin/code.js:845 | src/plugin/code.js:848 | src/plugin/code.js:1130 | src/plugin/modules/accessibility.js:567 | src/plugin/modules/accessibility.js:900 | src/plugin/modules/accessibility.js:3509 | src/plugin/modules/accessibility.js:3703 | src/plugin/modules/handoff-ficha.js:172 | src/plugin/modules/handoff-ficha.js:173 | src/plugin/refs/design-acessivel-web-wrapper.generated.json:23 | src/plugin/refs/design-acessivel-web-wrapper.generated.json:26"
"txt.ce6bdd437106";"radio button";"10";"revisar | vocabulario-dominio";"hac.backend.dsc.matching.a11ycategory.l290c76.d12f9b78 | hac.backend.dsc.matching.interactive.categories.l320c74.aaa4e613 | hac.backend.dsc.matching.a11y.interactive.shortnames.l429c25.a225d752 | hac.backend.dsc.matching.collectswipestops.interactive.l952c64.1251111d | hac.modules.accessibility.a11y.content.l333c7.ed78a92c | hac.modules.accessibility.a11y.componente.labels.l411c3.206602b7 | hac.modules.accessibility.a11y.componente.labels.l411c19.ee494089 | hac.modules.accessibility.a11y.narration.type.labels.l430c3.af048889 | hac.modules.accessibility.a11y.narration.type.labels.en.l452c3.34d12c02 | hac.modules.accessibility.a11y.narration.type.labels.en.l452c19.dcf0e740";"src/plugin/backend/dsc-matching.js:290 | src/plugin/backend/dsc-matching.js:320 | src/plugin/backend/dsc-matching.js:429 | src/plugin/backend/dsc-matching.js:952 | src/plugin/modules/accessibility.js:333 | src/plugin/modules/accessibility.js:411 | src/plugin/modules/accessibility.js:411 | src/plugin/modules/accessibility.js:430 | src/plugin/modules/accessibility.js:452 | src/plugin/modules/accessibility.js:452"
"txt.2cccdb3dac0d";"Leitor de Tela";"9";"revisar | texto-interface";"hac.code.filla11ywebelementofields.findinstancebypropnames.l1138c.7aebfdfa | hac.code.filla11ywebelementofields.instancepropkey.l1142c49.2013a11d | hac.code.filla11ywebelementofields.setandverifyvariants.l1143c44.e66f9bf1 | hac.code.title.l3615c12.5fd684fb | hac.modules.accessibility.label.text.2.ce91e23d | hac.modules.accessibility.collecta11yelementomobiletoggleproperties.push.l2574c47.83e6d1fb | hac.modules.handoff.ficha.fichasectiondisplayname.l58c88.97666afa | hac.modules.handoff.ficha.fichadashboardhtml.push.l825c51.ac9f1431 | hac.views.specifications.span.text.4.a95da597";"src/plugin/code.js:1138 | src/plugin/code.js:1142 | src/plugin/code.js:1143 | src/plugin/code.js:3615 | src/plugin/modules/accessibility.js:2018 | src/plugin/modules/accessibility.js:2574 | src/plugin/modules/handoff-ficha.js:58 | src/plugin/modules/handoff-ficha.js:825 | src/plugin/views/specifications.html:212"
"txt.60329fb0364b";"marco de navegacao";"9";"revisar | vocabulario-dominio";"hac.code.web.estrutura.variacao.by.form.l1181c64.0be41614 | hac.modules.accessibility.opena11ymodal.l1555c73.dd474c8a | hac.modules.accessibility.a11y.web.estrutura.form.variacao.l3152c65.1e370e9f | hac.modules.accessibility.updatea11yestruturafields.toggle.l3205c63.dcdb78c7 | hac.modules.accessibility.updatea11yestruturafields.l3212c22.262297cf | hac.modules.accessibility.updatea11yestruturafields.l3260c24.a3484da8 | hac.modules.accessibility.literal.l3728c26.c595f4fe | hac.modules.accessibility.prefilla11yspecforedit.variacao.l7723c26.116858cf | hac.modules.accessibility.variacao.l7731c75.621a950a";"src/plugin/code.js:1181 | src/plugin/modules/accessibility.js:1555 | src/plugin/modules/accessibility.js:3152 | src/plugin/modules/accessibility.js:3205 | src/plugin/modules/accessibility.js:3212 | src/plugin/modules/accessibility.js:3260 | src/plugin/modules/accessibility.js:3728 | src/plugin/modules/accessibility.js:7723 | src/plugin/modules/accessibility.js:7731"
"txt.14214c0e9311";"rotate(180deg)";"9";"revisar";"hac.modules.accessibility.togglea11yareaaccordion.l4151c53.c3fab02b | hac.modules.accessibility.foreach.l4187c53.40b9d04e | hac.modules.accessibility.togglea11ycategoryaccordion.l4215c53.1e50aa4c | hac.modules.accessibility.togglea11yundocumentedaccordion.l4291c53.aea18660 | hac.modules.accessibility.a11yundocumentedaccordionel.chevronstyle.l4362c33.f5c57d55 | hac.modules.core.toggleaccordion.l1101c47.8c100382 | hac.modules.core.literal.l1126c69.34255814 | hac.modules.tab.order.togglea11ytaborderaccordion.l17c53.a676bc52 | hac.modules.tab.order.tabordersectionhtml.chevronstyle.l35c33.719f2870";"src/plugin/modules/accessibility.js:4151 | src/plugin/modules/accessibility.js:4187 | src/plugin/modules/accessibility.js:4215 | src/plugin/modules/accessibility.js:4291 | src/plugin/modules/accessibility.js:4362 | src/plugin/modules/core.js:1101 | src/plugin/modules/core.js:1126 | src/plugin/modules/tab-order.js:17 | src/plugin/modules/tab-order.js:35"
"txt.3df042c01470";"tab group";"9";"revisar | vocabulario-dominio";"hac.backend.dsc.matching.interactive.categories.l320c124.926031b1 | hac.backend.dsc.matching.a11y.interactive.shortnames.l430c27.5f7e7101 | hac.backend.dsc.matching.collectswipestops.interactive.l952c114.fa6dfde8 | hac.modules.accessibility.a11y.content.l338c7.a657fcfe | hac.modules.accessibility.a11y.componente.labels.l412c19.1275344a | hac.modules.accessibility.a11y.componente.labels.l412c32.89c196fc | hac.modules.accessibility.a11y.narration.type.labels.l435c3.50d1ac34 | hac.modules.accessibility.a11y.narration.type.labels.en.l457c3.350795d6 | hac.modules.accessibility.a11y.narration.type.labels.en.l457c16.264ae4fd";"src/plugin/backend/dsc-matching.js:320 | src/plugin/backend/dsc-matching.js:430 | src/plugin/backend/dsc-matching.js:952 | src/plugin/modules/accessibility.js:338 | src/plugin/modules/accessibility.js:412 | src/plugin/modules/accessibility.js:412 | src/plugin/modules/accessibility.js:435 | src/plugin/modules/accessibility.js:457 | src/plugin/modules/accessibility.js:457"
"txt.08f002c56c5f";"Focar no canvas";"8";"texto-interface | acessibilidade";"hac.modules.accessibility.button.1.title.10a7fc23 | hac.modules.accessibility.button.1.aria.label.88b24bf2 | hac.modules.accessibility.html.text.1.b3da2b04 | hac.modules.accessibility.button.1.title.2ad3beb1 | hac.modules.accessibility.button.1.aria.label.de24bd51 | hac.modules.tab.order.button.1.title.b206d45c | hac.modules.tab.order.button.1.aria.label.4bae5dee | hac.views.specifications.html.text.3.d02acd32";"src/plugin/modules/accessibility.js:4343 | src/plugin/modules/accessibility.js:4343 | src/plugin/modules/accessibility.js:5163 | src/plugin/modules/accessibility.js:6899 | src/plugin/modules/accessibility.js:6899 | src/plugin/modules/tab-order.js:1399 | src/plugin/modules/tab-order.js:1399 | src/plugin/views/specifications.html:165"
"txt.4f0aa52d656a";"link";"8";"vocabulario-dominio | revisar | vocabulario-lib-mobile | vocabulario-lib-web";"hac.backend.dsc.matching.a11y.interactive.shortnames.l431c13.acbe34f1 | hac.code.filla11ymobileelementoseimagensfields.findnestedinstance.82a62d36 | hac.modules.accessibility.a11y.componente.labels.l410c45.149d4bda | hac.modules.accessibility.a11y.narration.type.labels.l439c9.6ffd1060 | hac.modules.accessibility.a11y.narration.type.labels.en.l461c9.23ba908d | hac.modules.accessibility.a11y.elemento.mobile.variants.l568c9.eed4ad9c | hac.refs.design.acessivel.mobile.wrapper.generated.componentoptions.33.facc280b | hac.refs.design.acessivel.web.wrapper.generated.componentoptions.35.9ce531f3";"src/plugin/backend/dsc-matching.js:431 | src/plugin/code.js:784 | src/plugin/modules/accessibility.js:410 | src/plugin/modules/accessibility.js:439 | src/plugin/modules/accessibility.js:461 | src/plugin/modules/accessibility.js:568 | src/plugin/refs/design-acessivel-mobile-wrapper.generated.json:48 | src/plugin/refs/design-acessivel-web-wrapper.generated.json:100"
"txt.37066ca9dc6a";"Ordem de Tabulação";"8";"texto-interface | revisar | conteudo-instrucional";"hac.build.a11y.capture.bar.instructions.title.text.text.a3755459 | hac.code.title.l3601c12.fd3de01c | hac.code.legendtitle.l3604c18.296a0793 | hac.modules.tab.order.p.text.1.68f7f7ff | hac.modules.tab.order.p.text.1.f25c11cf | hac.refs.ficha.instruction.content.tabulacao.title.02dcb28c | hac.views.modals.a11y.instruction.modal.title.text.text.050e110b | hac.views.modals.html.text.24.ea673644";"src/plugin/build.cjs:297 | src/plugin/code.js:3601 | src/plugin/code.js:3604 | src/plugin/modules/tab-order.js:46 | src/plugin/modules/tab-order.js:63 | src/plugin/refs/ficha-instruction-content.json:16 | src/plugin/views/modals.html:1178 | src/plugin/views/modals.html:1212"
"txt.ea631551f556";"Texto";"8";"revisar | texto-interface | vocabulario-dominio";"hac.backend.onmessage.buildfichaswipesection.name.l5314c19.031be2cd | hac.code.syncnestedinstancetext.textokey.l768c92.6ed4089b | hac.code.textokey.l791c36.1fb24f55 | hac.code.applywebbooleantextfield.textokey.l1102c102.485dbf60 | hac.code.snapshotcloneintofichasection.name.l2758c17.38012f29 | hac.code.buildfichalegendcolumn.name.l4997c19.31399e2b | hac.code.buildfichalegendcolumn.name.l5097c22.e2f111c8 | hac.modules.accessibility.a11y.narration.type.labels.l440c10.3d4dcfda";"src/plugin/backend/onmessage.js:5314 | src/plugin/code.js:768 | src/plugin/code.js:791 | src/plugin/code.js:1102 | src/plugin/code.js:2758 | src/plugin/code.js:4997 | src/plugin/code.js:5097 | src/plugin/modules/accessibility.js:440"
"txt.01a2d1b3df12";"__sem_area__";"7";"revisar";"hac.modules.accessibility.a11ysemareaaccordionel.setattribute.l5206c37.ca6a45e9 | hac.modules.accessibility.rendera11ygroupedlist.currenttaborderitems.l5413c49.b9e61020 | hac.modules.accessibility.rendera11ygroupedlist.rendertaborderlistforarea.l5418c34.faf51465 | hac.modules.tab.order.tabordersectionhtml.areaidattr.l33c39.5f59ff97 | hac.modules.tab.order.currenttaborderitems.l1182c18.77ba6eb8 | hac.modules.tab.order.rendertaborderlistforarea.readonly.l1384c31.a24a3133 | hac.modules.tab.order.deletetaborderitemnow.sort.l1784c53.5dc417f0";"src/plugin/modules/accessibility.js:5206 | src/plugin/modules/accessibility.js:5413 | src/plugin/modules/accessibility.js:5418 | src/plugin/modules/tab-order.js:33 | src/plugin/modules/tab-order.js:1182 | src/plugin/modules/tab-order.js:1384 | src/plugin/modules/tab-order.js:1784"
"txt.8dd5ae3334cc";"da pagina";"7";"revisar | vocabulario-dominio";"hac.code.web.estrutura.idioma.tipo.by.form.l1182c46.7c525cfa | hac.modules.accessibility.a11y.content.l354c7.60db9753 | hac.modules.accessibility.opena11ymodal.value.l1557c46.99202207 | hac.modules.accessibility.a11y.web.estrutura.form.idioma.tipo.l3153c47.b2d3fbc9 | hac.modules.accessibility.updatea11yestruturafields.l3211c62.44361d84 | hac.modules.accessibility.literal.l3729c79.8eb73601 | hac.modules.accessibility.idioma.l7728c62.58b92f0f";"src/plugin/code.js:1182 | src/plugin/modules/accessibility.js:354 | src/plugin/modules/accessibility.js:1557 | src/plugin/modules/accessibility.js:3153 | src/plugin/modules/accessibility.js:3211 | src/plugin/modules/accessibility.js:3729 | src/plugin/modules/accessibility.js:7728"
"txt.134cd863bd84";"Personalizado";"7";"texto-interface | revisar";"hac.code.componentenome.l831c34.acc4e8d2 | hac.modules.accessibility.synca11ymobilelinkurllockstate.value.l829c37.8a794471 | hac.modules.accessibility.join.l2000c54.a151fd5f | hac.modules.accessibility.map.l2002c86.350eec1c | hac.modules.accessibility.foreach.l2651c53.8664c47d | hac.modules.accessibility.componenteopcao.l3700c66.2584939d | hac.modules.accessibility.restorea11ywebcomponenteselection.value.l7635c20.281f6230";"src/plugin/code.js:831 | src/plugin/modules/accessibility.js:829 | src/plugin/modules/accessibility.js:2000 | src/plugin/modules/accessibility.js:2002 | src/plugin/modules/accessibility.js:2651 | src/plugin/modules/accessibility.js:3700 | src/plugin/modules/accessibility.js:7635"
"txt.26edd591c064";"Selecionar Tela";"7";"texto-interface | acessibilidade";"hac.modules.accessibility.html.text.1.42eb6f29 | hac.views.modals.html.text.4.ef9862b5 | hac.views.modals.strong.text.7.97802d6a | hac.views.modals.strong.text.12.9836ee60 | hac.views.specifications.btn.a11y.select.screen.header.title.17a7b7cc | hac.views.specifications.btn.a11y.select.screen.header.aria.label.08c246dd | hac.views.specifications.span.text.1.80b5f565";"src/plugin/modules/accessibility.js:5375 | src/plugin/views/modals.html:686 | src/plugin/views/modals.html:909 | src/plugin/views/modals.html:1533 | src/plugin/views/specifications.html:46 | src/plugin/views/specifications.html:46 | src/plugin/views/specifications.html:48"
"txt.ca84d1343b96";"Web";"7";"texto-interface | vocabulario-dominio | revisar";"hac.backend.platform.profiles.label.l207c12.ce6ef162 | hac.modules.accessibility.a11y.ui.profiles.l711c13.7808ba43 | hac.modules.accessibility.opena11ymodal.a11yorigin.l1389c57.aab18146 | hac.modules.accessibility.a11y.lib.to.origin.l5525c47.9514ede8 | hac.modules.accessibility.openabouthacmodal.l6091c85.64917f99 | hac.modules.accessibility.resolvea11yformpresetfromitem.a11yorigin.l6470c64.72cd7914 | hac.views.modals.span.text.12.54648d9b";"src/plugin/backend/platform-profiles.js:207 | src/plugin/modules/accessibility.js:711 | src/plugin/modules/accessibility.js:1389 | src/plugin/modules/accessibility.js:5525 | src/plugin/modules/accessibility.js:6091 | src/plugin/modules/accessibility.js:6470 | src/plugin/views/modals.html:785"
"txt.8c669807335d";"`).join('')}";"6";"texto-interface";"hac.modules.accessibility.html.text.1.4661e231 | hac.modules.onboarding.html.text.2.4cd4af76 | hac.modules.onboarding.html.text.2.08e101c0 | hac.modules.onboarding.html.text.1.4415b43b | hac.modules.onboarding.html.text.1.bf23a4ad | hac.modules.onboarding.html.text.1.77ab70b5";"src/plugin/modules/accessibility.js:5744 | src/plugin/modules/onboarding.js:108 | src/plugin/modules/onboarding.js:215 | src/plugin/modules/onboarding.js:261 | src/plugin/modules/onboarding.js:311 | src/plugin/modules/onboarding.js:337"
"txt.7b7fcc78d6cd";"button";"6";"vocabulario-dominio | vocabulario-lib-mobile | vocabulario-lib-web";"hac.backend.dsc.matching.a11y.interactive.shortnames.l429c3.31074d9e | hac.modules.accessibility.a11y.componente.labels.l409c61.aaf55210 | hac.modules.accessibility.a11y.narration.type.labels.en.l450c11.f94477fa | hac.refs.design.acessivel.mobile.wrapper.generated.componentoptions.8.4e58eaee | hac.refs.design.acessivel.web.wrapper.generated.wrapper.contentinstancebya11ytype.elemento.properties.1..0bf91034 | hac.refs.design.acessivel.web.wrapper.generated.componentoptions.6.47ca2bf0";"src/plugin/backend/dsc-matching.js:429 | src/plugin/modules/accessibility.js:409 | src/plugin/modules/accessibility.js:450 | src/plugin/refs/design-acessivel-mobile-wrapper.generated.json:23 | src/plugin/refs/design-acessivel-web-wrapper.generated.json:28 | src/plugin/refs/design-acessivel-web-wrapper.generated.json:71"
"txt.31e194f20825";"Instruções sobre esta documentação";"6";"texto-interface | acessibilidade";"hac.modules.accessibility.button.1.data.tooltip.de060c15 | hac.modules.accessibility.button.1.aria.label.aec8bb93 | hac.modules.accessibility.button.1.data.tooltip.5676e1d2 | hac.modules.accessibility.button.1.aria.label.602f982e | hac.modules.accessibility.button.2.data.tooltip.59b89008 | hac.modules.accessibility.button.2.aria.label.51b024c0";"src/plugin/modules/accessibility.js:4431 | src/plugin/modules/accessibility.js:4431 | src/plugin/modules/accessibility.js:4604 | src/plugin/modules/accessibility.js:4604 | src/plugin/modules/accessibility.js:4828 | src/plugin/modules/accessibility.js:4828"
"txt.f745de63440f";"Marco de navegação";"6";"revisar | vocabulario-dominio | vocabulario-lib-web | texto-interface";"hac.code.marco.de.navegacao.l1181c86.06d73d0f | hac.code.filla11ywebestruturafields.l1194c20.cd3f64c6 | hac.modules.accessibility.a11y.web.estrutura.form.variacao.l3152c87.2b52aa4f | hac.refs.design.acessivel.web.wrapper.generated.wrapper.contentinstancebya11ytype.estrutura.properties.0.d2fec856 | hac.refs.design.acessivel.web.wrapper.generated.estrutura.variacoes.0.a0a7a844 | hac.views.modals.option.text.2.f478bf99";"src/plugin/code.js:1181 | src/plugin/code.js:1194 | src/plugin/modules/accessibility.js:3152 | src/plugin/refs/design-acessivel-web-wrapper.generated.json:58 | src/plugin/refs/design-acessivel-web-wrapper.generated.json:135 | src/plugin/views/modals.html:435"
"txt.e626b601a40b";"Nota de Código";"6";"texto-interface";"hac.modules.accessibility.push.l3720c51.bdb46419 | hac.modules.accessibility.push.l3745c85.6e672758 | hac.modules.accessibility.push.l3774c83.26433a68 | hac.views.modals.p.text.5.7b75fe48 | hac.views.modals.p.text.8.d226c6b4 | hac.views.modals.p.text.11.48d754d4";"src/plugin/modules/accessibility.js:3720 | src/plugin/modules/accessibility.js:3745 | src/plugin/modules/accessibility.js:3774 | src/plugin/views/modals.html:475 | src/plugin/views/modals.html:538 | src/plugin/views/modals.html:601"
"txt.72c3b1c9dbd5";"Remover";"6";"texto-interface";"hac.modules.accessibility.button.4.title.772cf809 | hac.modules.accessibility.deletea11yspecgroup.opena11yconfirmmodal.l4267c19.822a18c6 | hac.modules.accessibility.deletea11yspec.opena11yconfirmmodal.l7444c19.e2bffbd6 | hac.modules.swipe.path.deleteswipepathpendingitem.opena11yconfirmmodal.l632c19.8bc671ab | hac.modules.tab.order.deletetaborderpendingitem.opena11yconfirmmodal.l905c19.ef6e954a | hac.modules.tab.order.deletetaborderitem.opena11yconfirmmodal.l1766c19.e3f79a1d";"src/plugin/modules/accessibility.js:4112 | src/plugin/modules/accessibility.js:4267 | src/plugin/modules/accessibility.js:7444 | src/plugin/modules/swipe-path.js:632 | src/plugin/modules/tab-order.js:905 | src/plugin/modules/tab-order.js:1766"
"txt.4558a56ede30";"Remover da lista";"6";"texto-interface | acessibilidade";"hac.modules.swipe.path.button.1.title.30566e40 | hac.modules.swipe.path.button.1.aria.label.bcba3cce | hac.modules.swipe.path.button.1.title.557d4b8e | hac.modules.swipe.path.button.1.aria.label.9fde5ff0 | hac.modules.tab.order.button.1.title.e10c433c | hac.modules.tab.order.button.1.aria.label.fc137b05";"src/plugin/modules/swipe-path.js:527 | src/plugin/modules/swipe-path.js:527 | src/plugin/modules/swipe-path.js:579 | src/plugin/modules/swipe-path.js:579 | src/plugin/modules/tab-order.js:838 | src/plugin/modules/tab-order.js:838"
"txt.f0740f301bde";"Spec Notes";"6";"revisar";"hac.backend.onmessage.name.l1480c25.11b7dbd2 | hac.backend.onmessage.find.l1723c110.01492576 | hac.backend.onmessage.find.l1746c151.1cfad750 | hac.backend.onmessage.find.l1796c151.aa8d3fca | hac.backend.onmessage.find.l2049c123.ee708061 | hac.backend.onmessage.filter.l5491c70.3ff8ba64";"src/plugin/backend/onmessage.js:1480 | src/plugin/backend/onmessage.js:1723 | src/plugin/backend/onmessage.js:1746 | src/plugin/backend/onmessage.js:1796 | src/plugin/backend/onmessage.js:2049 | src/plugin/backend/onmessage.js:5491"
"txt.52c8217c245d";"stepper";"6";"vocabulario-dominio | texto-interface | vocabulario-lib-web";"hac.backend.dsc.matching.a11y.interactive.shortnames.l430c16.3d576530 | hac.modules.accessibility.a11y.componente.labels.l411c66.691e643d | hac.modules.accessibility.a11y.narration.type.labels.en.l456c12.5ab600ec | hac.modules.onboarding.onboarding.tools.l58c13.f3789304 | hac.modules.onboarding.onboarding.tools.l67c13.a2bc4856 | hac.refs.design.acessivel.web.wrapper.generated.componentoptions.51.97f38bbc";"src/plugin/backend/dsc-matching.js:430 | src/plugin/modules/accessibility.js:411 | src/plugin/modules/accessibility.js:456 | src/plugin/modules/onboarding.js:58 | src/plugin/modules/onboarding.js:67 | src/plugin/refs/design-acessivel-web-wrapper.generated.json:116"
"txt.6b097de23b94";"${HAC_DOC_KEY_PREFIX}:count";"5";"revisar";"hac.code.parseint.l5340c68.01242bce | hac.code.writehacdatatodocument.setsharedplugindata.l5344c42.8436a36a | hac.code.parseint.l5360c65.d953ae62 | hac.code.parseint.l5385c65.6b75c1d0 | hac.code.clearhacdatafromdocument.setsharedplugindata.l5389c42.cfb60f70";"src/plugin/code.js:5340 | src/plugin/code.js:5344 | src/plugin/code.js:5360 | src/plugin/code.js:5385 | src/plugin/code.js:5389"
"txt.2319af1437e6";"Acessibilidade";"5";"texto-interface | revisar";"hac.modules.accessibility.a11yspecitemhtml.label.l4041c63.e9d8d826 | hac.modules.accessibility.applya11yheaderorigintitle.l5870c7.51dcba8f | hac.modules.handoff.ficha.fichabuildspecpayload.label.l184c63.b4051d1a | hac.views.modals.dd.text.1.48a7cb0a | hac.views.specifications.a11y.header.title.text.d21b57ee";"src/plugin/modules/accessibility.js:4041 | src/plugin/modules/accessibility.js:5870 | src/plugin/modules/handoff-ficha.js:184 | src/plugin/views/modals.html:1656 | src/plugin/views/specifications.html:24"
"txt.57018890029a";"checkbox";"5";"vocabulario-dominio | vocabulario-lib-mobile | vocabulario-lib-web";"hac.backend.dsc.matching.a11y.interactive.shortnames.l429c13.9e86ed2b | hac.modules.accessibility.a11y.componente.labels.l409c81.90b67711 | hac.modules.accessibility.a11y.narration.type.labels.en.l451c13.8141842d | hac.refs.design.acessivel.mobile.wrapper.generated.componentoptions.18.24f93bf4 | hac.refs.design.acessivel.web.wrapper.generated.componentoptions.13.0467e747";"src/plugin/backend/dsc-matching.js:429 | src/plugin/modules/accessibility.js:409 | src/plugin/modules/accessibility.js:451 | src/plugin/refs/design-acessivel-mobile-wrapper.generated.json:33 | src/plugin/refs/design-acessivel-web-wrapper.generated.json:78"
"txt.391f2e4bd258";"Concluir seleção";"5";"texto-interface | revisar";"hac.build.a11y.capture.mini.bar.finish.text.68cfe0ac | hac.modules.swipe.path.swipepathstartaddpointwait.textcontent.l354c34.9210871a | hac.modules.swipe.path.handleswipepathaccumulatedcountchanged.l447c80.3d58ef4d | hac.modules.tab.order.starttaborderadditemwait.textcontent.l662c34.350b4bc6 | hac.modules.tab.order.handletaborderaccumulatedcountchanged.l717c80.51173f2f";"src/plugin/build.cjs:284 | src/plugin/modules/swipe-path.js:354 | src/plugin/modules/swipe-path.js:447 | src/plugin/modules/tab-order.js:662 | src/plugin/modules/tab-order.js:717"
"txt.dec701da64f7";"Elementos Decorativos";"5";"texto-interface | revisar | vocabulario-lib-web";"hac.modules.accessibility.label.l130c25.ddc92fbd | hac.modules.accessibility.a11yundocumenteditemlabel.l4304c42.8790bb42 | hac.refs.design.acessivel.web.wrapper.generated.wrapper.contentinstancebya11ytype.decorativo.name.cce76061 | hac.views.modals.html.text.3.a2c350a2 | hac.views.modals.p.text.55.f3092060";"src/plugin/modules/accessibility.js:130 | src/plugin/modules/accessibility.js:4304 | src/plugin/refs/design-acessivel-web-wrapper.generated.json:43 | src/plugin/views/modals.html:60 | src/plugin/views/modals.html:1495"
"txt.113cff8ac7ee";"Idioma";"5";"revisar | vocabulario-dominio | vocabulario-lib-web";"hac.code.idiomas.l1181c54.44c4742f | hac.code.filla11ywebestruturafields.l1197c27.30503cc7 | hac.code.filla11ywebestruturafields.l1213c22.08840673 | hac.modules.accessibility.a11y.web.estrutura.form.variacao.l3152c55.5fea89dd | hac.refs.design.acessivel.web.wrapper.generated.estrutura.variacoes.2.3d8c2f99";"src/plugin/code.js:1181 | src/plugin/code.js:1197 | src/plugin/code.js:1213 | src/plugin/modules/accessibility.js:3152 | src/plugin/refs/design-acessivel-web-wrapper.generated.json:137"
"txt.f854270eaca9";"Imagem";"5";"revisar | vocabulario-dominio | vocabulario-lib-mobile | vocabulario-lib-web | texto-interface";"hac.backend.dsc.matching.containingframe.l292c39.c97f2603 | hac.modules.accessibility.a11y.componente.labels.l412c53.2f5d604a | hac.refs.design.acessivel.mobile.wrapper.generated.componentoptions.65.a7fc6b6e | hac.refs.design.acessivel.web.wrapper.generated.componentoptions.60.e505115b | hac.views.modals.option.text.21.54d8223b";"src/plugin/backend/dsc-matching.js:292 | src/plugin/modules/accessibility.js:412 | src/plugin/refs/design-acessivel-mobile-wrapper.generated.json:80 | src/plugin/refs/design-acessivel-web-wrapper.generated.json:125 | src/plugin/views/modals.html:579"
"txt.20af41865769";"Medium";"5";"revisar";"hac.backend.onmessage.ensurelegendbesideclone.style.l4872c76.a5464000 | hac.backend.onmessage.ensurelegendbesideclone.style.l4873c74.4a93e4a3 | hac.code.a11yrobotostyleforweight.l3770c29.c8874cbc | hac.code.a11yrobotostyleforweight.l3771c29.30b2d8e6 | hac.code.interstyle.l3798c66.efd52c70";"src/plugin/backend/onmessage.js:4872 | src/plugin/backend/onmessage.js:4873 | src/plugin/code.js:3770 | src/plugin/code.js:3771 | src/plugin/code.js:3798"
"txt.83d6311e87d4";"Mobile";"5";"texto-interface | vocabulario-dominio | revisar";"hac.backend.platform.profiles.label.l236c12.01206aba | hac.modules.accessibility.a11y.ui.profiles.l681c13.649e438e | hac.modules.accessibility.a11y.lib.to.origin.l5525c67.baf431ae | hac.modules.accessibility.openabouthacmodal.l6091c55.0ebe5fad | hac.views.modals.span.text.13.5991aff2";"src/plugin/backend/platform-profiles.js:236 | src/plugin/modules/accessibility.js:681 | src/plugin/modules/accessibility.js:5525 | src/plugin/modules/accessibility.js:6091 | src/plugin/views/modals.html:790"
"txt.8904c1be0349";"Notas de Código";"5";"vocabulario-dominio | texto-interface";"hac.modules.accessibility.a11y.toggle.labels.l506c10.2d21f025 | hac.modules.handoff.ficha.fichabuildspecfields.push.l156c26.6b1bf3e4 | hac.modules.handoff.ficha.fichabuildspecfields.push.l159c26.3f2f7942 | hac.modules.handoff.ficha.push.l161c26.04ba1f44 | hac.views.modals.strong.text.11.58a6916b";"src/plugin/modules/accessibility.js:506 | src/plugin/modules/handoff-ficha.js:156 | src/plugin/modules/handoff-ficha.js:159 | src/plugin/modules/handoff-ficha.js:161 | src/plugin/views/modals.html:1522"
"txt.54f46d64bf13";"swipe";"5";"texto-interface | revisar";"hac.modules.core.a11ycapturebarrenderinstructions.contentkey.l591c61.2c17c0cc | hac.modules.handoff.ficha.fichasectiondisplayname.l58c78.836a662c | hac.modules.handoff.ficha.fichadashboardhtml.push.l823c52.e8f75416 | hac.modules.onboarding.onboarding.tools.l68c29.b8b69e17 | hac.views.specifications.span.text.3.686fa034";"src/plugin/modules/core.js:591 | src/plugin/modules/handoff-ficha.js:58 | src/plugin/modules/handoff-ficha.js:823 | src/plugin/modules/onboarding.js:68 | src/plugin/views/specifications.html:207"
"txt.01ba7992f85d";"switch";"5";"vocabulario-dominio | vocabulario-lib-mobile | vocabulario-lib-web";"hac.backend.dsc.matching.a11y.interactive.shortnames.l429c41.85a54b84 | hac.modules.accessibility.a11y.componente.labels.l411c85.58238e44 | hac.modules.accessibility.a11y.narration.type.labels.en.l453c11.b3e561bd | hac.refs.design.acessivel.mobile.wrapper.generated.componentoptions.54.4f35def0 | hac.refs.design.acessivel.web.wrapper.generated.componentoptions.52.3a0df3db";"src/plugin/backend/dsc-matching.js:429 | src/plugin/modules/accessibility.js:411 | src/plugin/modules/accessibility.js:453 | src/plugin/refs/design-acessivel-mobile-wrapper.generated.json:69 | src/plugin/refs/design-acessivel-web-wrapper.generated.json:117"
"txt.a3dd1d5702fc";"${areaId}::${sectionKey}";"4";"revisar";"hac.backend.onmessage.getorcreatefichainstrucoesframe.setplugindata.l4626c60.42485827 | hac.backend.onmessage.getorcreatefichahandoffframe.markervalue.l4670c25.e8b9f62e | hac.backend.onmessage.findlegendforarea.markervalue.l4780c25.82f4d1bf | hac.backend.onmessage.ensurelegendbesideclone.markervalue.l4861c27.10a91f68";"src/plugin/backend/onmessage.js:4626 | src/plugin/backend/onmessage.js:4670 | src/plugin/backend/onmessage.js:4780 | src/plugin/backend/onmessage.js:4861"
"txt.e436b6833a82";"${HAC_DOC_KEY_PREFIX}:${i}";"4";"revisar";"hac.code.writehacdatatodocument.setsharedplugindata.l5335c44.d53b481d | hac.code.writehacdatatodocument.setsharedplugindata.l5342c44.07be4740 | hac.code.getsharedplugindata.l5364c58.de687a4b | hac.code.clearhacdatafromdocument.setsharedplugindata.l5387c44.4af14c97";"src/plugin/code.js:5335 | src/plugin/code.js:5342 | src/plugin/code.js:5364 | src/plugin/code.js:5387"
"txt.9d62150a8bd9";"a11y-el-label";"4";"texto-interface";"hac.modules.accessibility.updatea11ymobilelabelvisibility.labelinput.l2477c46.f78390ea | hac.modules.accessibility.labelinput.l2614c50.56416b90 | hac.modules.accessibility.filla11ylabelifempty.labelinput.l3041c46.b7755bc7 | hac.modules.accessibility.finisha11yspecconfirm.label.l3640c21.a3e554d1";"src/plugin/modules/accessibility.js:2477 | src/plugin/modules/accessibility.js:2614 | src/plugin/modules/accessibility.js:3041 | src/plugin/modules/accessibility.js:3640"
"txt.d79fcb33a5ad";"a11y-el-label-wrap";"4";"texto-interface";"hac.modules.accessibility.reseta11ymobilenomeacessivelslot.labelwrap.l2258c45.a01299ca | hac.modules.accessibility.updatea11ymobilenomeacessivelvisibility.labelwrap.l2270c.5aa47528 | hac.modules.accessibility.synca11ymobileobservacoesplacement.labelwrap.l2375c45.4366ded7 | hac.modules.accessibility.updatea11ymobilelabelvisibility.labelwrap.l2475c45.c419c16d";"src/plugin/modules/accessibility.js:2258 | src/plugin/modules/accessibility.js:2270 | src/plugin/modules/accessibility.js:2375 | src/plugin/modules/accessibility.js:2475"
"txt.bb59cd7d4842";"a11y-post-area-loading-text";"4";"texto-interface";"hac.modules.accessibility.loadingtext.l6229c49.2941d4ec | hac.modules.accessibility.showa11ycanvasloading.loadingtext.l6295c47.5cd0a2e7 | hac.modules.accessibility.loadingtext.l6722c49.fe25dec0 | hac.modules.tab.order.loadingtext.l1127c51.6499ce54";"src/plugin/modules/accessibility.js:6229 | src/plugin/modules/accessibility.js:6295 | src/plugin/modules/accessibility.js:6722 | src/plugin/modules/tab-order.js:1127"
"txt.d1391a0e8e22";"accordion";"4";"vocabulario-dominio | vocabulario-lib-mobile";"hac.backend.dsc.matching.a11y.interactive.shortnames.l430c40.1b86e73e | hac.modules.accessibility.a11y.componente.labels.l409c14.fe3bb36b | hac.modules.accessibility.a11y.narration.type.labels.en.l458c14.488d8184 | hac.refs.design.acessivel.mobile.wrapper.generated.componentoptions.0.0ea5d172";"src/plugin/backend/dsc-matching.js:430 | src/plugin/modules/accessibility.js:409 | src/plugin/modules/accessibility.js:458 | src/plugin/refs/design-acessivel-mobile-wrapper.generated.json:15"
"txt.c399d0d9385c";"aria-label";"4";"acessibilidade";"hac.modules.core.a11ycapturebarsynctooltips.setattribute.l637c26.ee23de3f | hac.modules.core.a11ycapturebarsynctooltips.setattribute.l641c41.70c70b73 | hac.modules.core.a11ycapturebarsynctooltips.setattribute.l644c41.f33b26d1 | hac.modules.core.showsnackbar.setattribute.l868c25.42d81e27";"src/plugin/modules/core.js:637 | src/plugin/modules/core.js:641 | src/plugin/modules/core.js:644 | src/plugin/modules/core.js:868"
"txt.551fecef4579";"Arrastar para reordenar";"4";"texto-interface";"hac.modules.swipe.path.span.1.title.7b598e4b | hac.modules.swipe.path.span.1.title.9ca03da1 | hac.modules.tab.order.span.1.title.52874548 | hac.modules.tab.order.span.1.title.02125c00";"src/plugin/modules/swipe-path.js:522 | src/plugin/modules/swipe-path.js:574 | src/plugin/modules/tab-order.js:832 | src/plugin/modules/tab-order.js:1394"
"txt.6e5ce570b4af";"breadcrumb";"4";"vocabulario-dominio | vocabulario-lib-web";"hac.backend.dsc.matching.a11y.interactive.shortnames.l430c53.3a9676fa | hac.modules.accessibility.a11y.componente.labels.l409c39.64a402a4 | hac.modules.accessibility.a11y.narration.type.labels.en.l459c15.c5d1e900 | hac.refs.design.acessivel.web.wrapper.generated.componentoptions.5.b2586e06";"src/plugin/backend/dsc-matching.js:430 | src/plugin/modules/accessibility.js:409 | src/plugin/modules/accessibility.js:459 | src/plugin/refs/design-acessivel-web-wrapper.generated.json:70"
"txt.b9f77d39a810";"Como fazer";"4";"texto-interface | revisar";"hac.build.a11y.capture.bar.steps.heading.text.63523d12 | hac.modules.tab.order.rendera11yinstructioncontent.stepsheading.l251c58.849cd65b | hac.views.modals.span.text.14.d6e278b4 | hac.views.modals.a11y.instruction.modal.steps.heading.text.20856bf0";"src/plugin/build.cjs:304 | src/plugin/modules/tab-order.js:251 | src/plugin/views/modals.html:900 | src/plugin/views/modals.html:1190"
"txt.a84778a25727";"das partes";"4";"revisar | vocabulario-dominio | texto-interface";"hac.code.web.estrutura.idioma.tipo.by.form.l1182c69.a831a690 | hac.modules.accessibility.a11y.content.l355c7.3bbd70ed | hac.modules.accessibility.a11y.web.estrutura.form.idioma.tipo.l3153c70.f087b6ba | hac.views.modals.option.text.6.7a4a09be";"src/plugin/code.js:1182 | src/plugin/modules/accessibility.js:355 | src/plugin/modules/accessibility.js:3153 | src/plugin/views/modals.html:448"
"txt.4b820b6a16da";"Entendi";"4";"texto-interface";"hac.modules.accessibility.opena11ynocardalert.opena11yconfirmmodal.l6055c19.b0893def | hac.modules.onboarding.button.text.2.8c23acb8 | hac.views.modals.button.text.6.df932a09 | hac.views.modals.button.text.7.2e360a24";"src/plugin/modules/accessibility.js:6055 | src/plugin/modules/onboarding.js:344 | src/plugin/views/modals.html:863 | src/plugin/views/modals.html:950"
"txt.438f5ae0e533";"Entendi, começar seleção";"4";"texto-interface | revisar";"hac.modules.accessibility.opena11ycategorypickermodal.textcontent.l1074c48.406d4946 | hac.modules.tab.order.opena11yinstructionmanually.textcontent.l317c46.ee045438 | hac.modules.tab.order.opena11yinstructionthenstart.l395c89.3929cbc2 | hac.views.modals.btn.a11y.instruction.modal.continue.text.16a45b2c";"src/plugin/modules/accessibility.js:1074 | src/plugin/modules/tab-order.js:317 | src/plugin/modules/tab-order.js:395 | src/plugin/views/modals.html:1195"
"txt.cdecabe1520a";"Escape";"4";"revisar";"hac.modules.accessibility.onesc.key.l2698c42.622b7254 | hac.modules.accessibility.onesc.key.l2837c42.084269bf | hac.modules.accessibility.onesc.key.l5024c42.4b140e28 | hac.modules.core.addeventlistener.l931c17.24f30235";"src/plugin/modules/accessibility.js:2698 | src/plugin/modules/accessibility.js:2837 | src/plugin/modules/accessibility.js:5024 | src/plugin/modules/core.js:931"
"txt.7f045c903c19";"Especialista em Acessibilidade";"4";"texto-interface";"hac.views.modals.p.text.26.408e315b | hac.views.modals.p.text.30.e8b8c592 | hac.views.modals.p.text.34.7b3066f6 | hac.views.modals.p.text.38.2757d179";"src/plugin/views/modals.html:1009 | src/plugin/views/modals.html:1025 | src/plugin/views/modals.html:1044 | src/plugin/views/modals.html:1060"
"txt.d8cd6d6ab93c";"Este elemento não pode ser copiado — selecione a tela sobre um frame/grupo.";"4";"mensagem-sistema";"hac.backend.onmessage.notify.l2404c22.7f6de4c9 | hac.backend.onmessage.notify.l2773c24.936ba779 | hac.backend.onmessage.notify.l2894c24.15649315 | hac.backend.onmessage.notify.l3501c22.23cf4e2b";"src/plugin/backend/onmessage.js:2404 | src/plugin/backend/onmessage.js:2773 | src/plugin/backend/onmessage.js:2894 | src/plugin/backend/onmessage.js:3501"
"txt.2fb75ee3e5ab";"Estrutura da Página";"4";"texto-interface | vocabulario-lib-web";"hac.modules.accessibility.label.l122c25.eb62ddc0 | hac.refs.design.acessivel.web.wrapper.generated.wrapper.contentinstancebya11ytype.estrutura.name.69494c37 | hac.views.modals.html.text.1.123fdcdf | hac.views.modals.p.text.48.898142cf";"src/plugin/modules/accessibility.js:122 | src/plugin/refs/design-acessivel-web-wrapper.generated.json:53 | src/plugin/views/modals.html:43 | src/plugin/views/modals.html:1466"
"txt.ebd517a24e9c";"ForArea";"4";"revisar";"hac.code.getplugindata.l2474c44.5af83f66 | hac.code.setplugindata.l2523c52.f29e3dbb | hac.code.setplugindata.l2550c53.14449ed6 | hac.code.getorcreatecloneoverlaygroup.setplugindata.l2590c58.951f7cad";"src/plugin/code.js:2474 | src/plugin/code.js:2523 | src/plugin/code.js:2550 | src/plugin/code.js:2590"
"txt.bd23d9ab6e8e";"Idioma da narração";"4";"texto-interface | acessibilidade";"hac.modules.accessibility.tab.order.narration.lang.uid.title.61b64a39 | hac.modules.accessibility.tab.order.narration.lang.uid.aria.label.38fd715c | hac.modules.accessibility.tab.order.narration.lang.swipe.escapehtml.areaidattr.tit.c9567422 | hac.modules.accessibility.tab.order.narration.lang.swipe.escapehtml.areaidattr.ari.c7985c4a";"src/plugin/modules/accessibility.js:4519 | src/plugin/modules/accessibility.js:4519 | src/plugin/modules/accessibility.js:4657 | src/plugin/modules/accessibility.js:4657"
"txt.64c65374dbab";"Label";"4";"revisar | texto-interface";"hac.backend.onmessage.name.l1018c26.56bdcabf | hac.backend.onmessage.name.l1223c28.90304a37 | hac.code.filla11ymobileelementoseimagensfields.nomeacessiveltexto.beec1cae | hac.code.buildfichalegendcolumn.name.l5122c20.81e8d7ec";"src/plugin/backend/onmessage.js:1018 | src/plugin/backend/onmessage.js:1223 | src/plugin/code.js:745 | src/plugin/code.js:5122"
"txt.1b3a181b688f";"label/small";"4";"vocabulario-dominio | revisar";"hac.code.a11y.ficha.type.scale.l3760c3.4151e806 | hac.code.buildfichaframeprincipalsection.applyfichatypography.l44.7c962163 | hac.code.buildfichalegendcolumn.applyfichatypography.l4780c42.f42b221f | hac.code.buildfichainstructiononlylegendcolumn.applyfichatypograp.d8691a20";"src/plugin/code.js:3760 | src/plugin/code.js:4401 | src/plugin/code.js:4780 | src/plugin/code.js:5204"
"txt.7d252c113f2b";"Não deve ser anunciado pelo Leitor de Tela.";"4";"texto-interface";"hac.modules.accessibility.descricao.l391c26.69f99c27 | hac.modules.accessibility.descricao.l392c26.7c69f065 | hac.modules.accessibility.descricao.l402c24.e59b1132 | hac.views.modals.a11y.fixed.descricao.dec.text.dc45b3a3";"src/plugin/modules/accessibility.js:391 | src/plugin/modules/accessibility.js:392 | src/plugin/modules/accessibility.js:402 | src/plugin/views/modals.html:595"
"txt.e716f916ba0f";"Nível";"4";"revisar | vocabulario-lib-web | texto-interface";"hac.code.filla11ywebtitulofields.setandverifyvariants.l1162c36.f55cda29 | hac.code.tryimporta11ywebwrappercomponent.besteffortsynca11ybadge.7d732837 | hac.refs.design.acessivel.web.wrapper.generated.wrapper.contentinstancebya11ytype.titulo.properties.0.na.69a46374 | hac.views.modals.label.text.8.f8271024";"src/plugin/code.js:1162 | src/plugin/code.js:1252 | src/plugin/refs/design-acessivel-web-wrapper.generated.json:36 | src/plugin/views/modals.html:512"
"txt.53b0a1b2fadf";"Number";"4";"revisar";"hac.code.findone.l569c59.5a9b6ae4 | hac.code.findone.l1367c82.4b614487 | hac.code.findone.l1423c82.7e4e339c | hac.code.findone.l4615c73.1db0af1b";"src/plugin/code.js:569 | src/plugin/code.js:1367 | src/plugin/code.js:1423 | src/plugin/code.js:4615"
"txt.91952d9ebdcb";"Personalização";"4";"texto-interface | acessibilidade";"hac.build.btn.hac.personalize.title.52b88350 | hac.build.btn.hac.personalize.aria.label.ab2928a3 | hac.build.hac.personalize.menu.aria.label.2a15de02 | hac.build.p.text.1.80060063";"src/plugin/build.cjs:147 | src/plugin/build.cjs:147 | src/plugin/build.cjs:151 | src/plugin/build.cjs:152"
"txt.5f51efbecdb6";"Regular";"4";"revisar";"hac.backend.onmessage.ensurelegendbesideclone.style.l4872c36.2f06e988 | hac.backend.onmessage.ensurelegendbesideclone.style.l4873c35.e0380cf5 | hac.code.a11yrobotostyleforweight.l3772c10.acb98f7f | hac.code.interstyle.l3798c77.66121cff";"src/plugin/backend/onmessage.js:4872 | src/plugin/backend/onmessage.js:4873 | src/plugin/code.js:3772 | src/plugin/code.js:3798"
"txt.6d0ca162d5ad";"Roboto";"4";"revisar";"hac.backend.onmessage.ensurelegendbesideclone.family.l4872c19.481b096a | hac.backend.onmessage.ensurelegendbesideclone.family.l4872c59.93565d66 | hac.backend.onmessage.ensurelegendbesideclone.family.l4872c98.ffc1b3e4 | hac.code.applyfichatypography.family.l3791c28.56cc84bb";"src/plugin/backend/onmessage.js:4872 | src/plugin/backend/onmessage.js:4872 | src/plugin/backend/onmessage.js:4872 | src/plugin/code.js:3791"
"txt.53a5687cb26d";"success";"4";"mensagem-sistema";"hac.modules.core.exporthacbackupjson.showtoast.l272c42.91900de4 | hac.modules.core.exporthachandoffdoc.showtoast.l341c47.3bdc8c55 | hac.modules.core.showtoast.l419c59.90315eb8 | hac.modules.core.toastsaved.showtoast.l432c38.1108fd8c";"src/plugin/modules/core.js:272 | src/plugin/modules/core.js:341 | src/plugin/modules/core.js:419 | src/plugin/modules/core.js:432"
"txt.22469d6a9547";"Tela não encontrada no canvas — selecione novamente.";"4";"mensagem-sistema";"hac.backend.onmessage.notify.l2399c22.f8e2ae07 | hac.backend.onmessage.notify.l2768c24.5d6cf298 | hac.backend.onmessage.notify.l2889c24.c3a4fc67 | hac.backend.onmessage.notify.l3496c22.ed741676";"src/plugin/backend/onmessage.js:2399 | src/plugin/backend/onmessage.js:2768 | src/plugin/backend/onmessage.js:2889 | src/plugin/backend/onmessage.js:3496"
"txt.dead91f968b4";"Título da Página";"4";"revisar | vocabulario-dominio | vocabulario-lib-web | texto-interface";"hac.code.titulo.da.pagina.l1181c128.fc7f4c89 | hac.modules.accessibility.a11y.web.estrutura.form.variacao.l3152c129.9950ed7e | hac.refs.design.acessivel.web.wrapper.generated.estrutura.variacoes.1.590400b1 | hac.views.modals.option.text.3.e3ec1780";"src/plugin/code.js:1181 | src/plugin/modules/accessibility.js:3152 | src/plugin/refs/design-acessivel-web-wrapper.generated.json:136 | src/plugin/views/modals.html:436"
"txt.0e1d14a2180a";"VARIANT";"4";"vocabulario-lib-web";"hac.refs.design.acessivel.web.wrapper.generated.wrapper.contentinstancebya11ytype.elemento.properties.0..fed49a57 | hac.refs.design.acessivel.web.wrapper.generated.wrapper.contentinstancebya11ytype.elemento.properties.1..fef3ec41 | hac.refs.design.acessivel.web.wrapper.generated.wrapper.contentinstancebya11ytype.titulo.properties.0.ty.a94adc3e | hac.refs.design.acessivel.web.wrapper.generated.wrapper.contentinstancebya11ytype.estrutura.properties.0.df0e16f6";"src/plugin/refs/design-acessivel-web-wrapper.generated.json:22 | src/plugin/refs/design-acessivel-web-wrapper.generated.json:27 | src/plugin/refs/design-acessivel-web-wrapper.generated.json:37 | src/plugin/refs/design-acessivel-web-wrapper.generated.json:57"
"txt.87a372254e20";"Velocidade da narração";"4";"texto-interface | acessibilidade";"hac.modules.accessibility.tab.order.narration.rate.uid.title.801e03b6 | hac.modules.accessibility.tab.order.narration.rate.uid.aria.label.6c5effc0 | hac.modules.accessibility.tab.order.narration.rate.swipe.escapehtml.areaidattr.tit.61dc6c45 | hac.modules.accessibility.tab.order.narration.rate.swipe.escapehtml.areaidattr.ari.174ea721";"src/plugin/modules/accessibility.js:4529 | src/plugin/modules/accessibility.js:4529 | src/plugin/modules/accessibility.js:4662 | src/plugin/modules/accessibility.js:4662"
"txt.850995bed081";""" não encontrada no wrapper";"3";"revisar";"hac.code.filla11ywebtitulofields.l1161c84.4d7b40c2 | hac.code.filla11ywebdecorativofields.l1171c84.433bd7f9 | hac.code.filla11ywebestruturafields.l1204c84.d22d22f0";"src/plugin/code.js:1161 | src/plugin/code.js:1171 | src/plugin/code.js:1204"
"txt.35518a8f77ab";"[data-swipe-path-add-point-label]";"3";"texto-interface";"hac.modules.swipe.path.swipepathstartaddpointwait.label.l350c41.5bd9a2b3 | hac.modules.swipe.path.swipepathresetaddpointbutton.label.l378c41.3148dc03 | hac.modules.swipe.path.handleswipepathaccumulatedcountchanged.label.l446c43.9313f0a3";"src/plugin/modules/swipe-path.js:350 | src/plugin/modules/swipe-path.js:378 | src/plugin/modules/swipe-path.js:446"
"txt.bb18c408f37b";"[data-tab-order-add-item-label]";"3";"texto-interface";"hac.modules.tab.order.starttaborderadditemwait.label.l659c41.65bc1fd3 | hac.modules.tab.order.taborderresetadditembutton.label.l681c41.da758456 | hac.modules.tab.order.handletaborderaccumulatedcountchanged.label.l716c43.2ffc9e7b";"src/plugin/modules/tab-order.js:659 | src/plugin/modules/tab-order.js:681 | src/plugin/modules/tab-order.js:716"
"txt.dcfdca98edce";"[HAC] Documentação";"3";"revisar";"hac.code.name.l3634c28.986368c5 | hac.code.createorgetfichaframe.name.l3663c22.ea47787b | hac.code.createorgetfichaframe.name.l3696c21.ed7a94c7";"src/plugin/code.js:3634 | src/plugin/code.js:3663 | src/plugin/code.js:3696"
"txt.684894d6b801";"A captura de Ordem de Tabulação em andamento foi cancelada.";"3";"mensagem-sistema";"hac.modules.swipe.path.startswipepathmanualmode.showtoast.l132c15.5e925042 | hac.modules.swipe.path.startswipepathfromtaborder.showtoast.l191c15.3b7619a5 | hac.modules.swipe.path.confirmgenerateswipepathfromlayers.showtoast.l229c15.860ce656";"src/plugin/modules/swipe-path.js:132 | src/plugin/modules/swipe-path.js:191 | src/plugin/modules/swipe-path.js:229"
"txt.af28384f9c91";"a11y-elemento-componente-fora-da-base:";"3";"revisar";"hac.code.filla11ymobileelementoseimagensfields.l837c21.3cc5337f | hac.code.literal.l858c33.51b3df06 | hac.code.filla11ywebelementofields.l1127c21.f28685b6";"src/plugin/code.js:837 | src/plugin/code.js:858 | src/plugin/code.js:1127"
"txt.f1c08e6a9d91";"a11y-lib-check-";"3";"revisar";"hac.modules.accessibility.opena11ycategorypickermodalafterinstruction.token.l1135c.e13d98f2 | hac.modules.accessibility.retrya11ylibrarycheck.token.l1318c17.8bb8c8e8 | hac.modules.accessibility.opena11yformfromundocumented.token.l6511c17.b1c48caa";"src/plugin/modules/accessibility.js:1135 | src/plugin/modules/accessibility.js:1318 | src/plugin/modules/accessibility.js:6511"
"txt.ec9ecf95f7e6";"a11y-swipe-path-review-confirm-text";"3";"texto-interface";"hac.modules.swipe.path.openswipepathreviewmodal.confirmtextel.l397c49.4b3c202a | hac.modules.swipe.path.applyswipepathtocanvas.confirmtextel.l710c49.f2b59364 | hac.modules.swipe.path.handleswipepathcreatefailed.confirmtextel.l790c49.42fdd6d6";"src/plugin/modules/swipe-path.js:397 | src/plugin/modules/swipe-path.js:710 | src/plugin/modules/swipe-path.js:790"
"txt.2f6f6f0e92c7";"a11y-web-set-falhou: instância """;"3";"revisar";"hac.code.filla11ywebtitulofields.l1161c33.d3bf0b36 | hac.code.filla11ywebdecorativofields.l1171c33.b7ea583d | hac.code.filla11ywebestruturafields.l1204c33.7c0a11b7";"src/plugin/code.js:1161 | src/plugin/code.js:1171 | src/plugin/code.js:1204"
"txt.2629163bf164";"Adicionar ponto";"3";"texto-interface";"hac.modules.accessibility.span.text.1.c68e6e6b | hac.modules.swipe.path.swipepathresetaddpointbutton.textcontent.l379c34.069a7ca1 | hac.views.modals.span.text.25.f86e9687";"src/plugin/modules/accessibility.js:4622 | src/plugin/modules/swipe-path.js:379 | src/plugin/views/modals.html:1293"
"txt.f513d52538d0";"Antes de começar, veja como documentar corretamente.";"3";"texto-interface";"hac.modules.accessibility.p.text.1.8ccb7d7b | hac.modules.accessibility.p.text.1.81b54410 | hac.modules.accessibility.p.text.1.981f2726";"src/plugin/modules/accessibility.js:4449 | src/plugin/modules/accessibility.js:4677 | src/plugin/modules/accessibility.js:4811"
"txt.1ce04f516b65";"Aplicar";"3";"texto-interface | revisar";"hac.modules.accessibility.opena11ymodal.textcontent.l1426c54.c747be8a | hac.modules.accessibility.applya11ywizardmodalui.l7249c60.c8ec3f73 | hac.views.modals.btn.a11y.confirm.text.6472722f";"src/plugin/modules/accessibility.js:1426 | src/plugin/modules/accessibility.js:7249 | src/plugin/views/modals.html:674"
"txt.c3b1be261959";"Área";"3";"texto-interface | revisar";"hac.code.getorcreatefichaareagroup.framelabel.l3886c79.8e204c21 | hac.code.ensuretelatitulocard.framelabel.l3991c79.3c3ebdc7 | hac.code.buildfichaframeprincipalsection.l4395c84.766ed712";"src/plugin/code.js:3886 | src/plugin/code.js:3991 | src/plugin/code.js:4395"
"txt.b6d7527a38d6";"Atuação";"3";"texto-interface";"hac.views.modals.p.text.27.344e6546 | hac.views.modals.p.text.31.6b87864c | hac.views.modals.p.text.35.33778e26";"src/plugin/views/modals.html:1013 | src/plugin/views/modals.html:1029 | src/plugin/views/modals.html:1048"
"txt.f8906248d08b";"Atualizar";"3";"texto-interface | revisar";"hac.modules.accessibility.html.text.7.ffa6268f | hac.modules.handoff.ficha.fichabuttonlabel.verb.l76c46.4491d20f | hac.modules.tab.order.html.text.3.a934912e";"src/plugin/modules/accessibility.js:4551 | src/plugin/modules/handoff-ficha.js:76 | src/plugin/modules/tab-order.js:96"
"txt.083361a877c9";"body > div.flex-1";"3";"texto-interface";"hac.modules.core.togglecollapse.maincontent.l483c46.d4978f01 | hac.modules.core.a11ycaptureminibarenter.maincontent.l545c46.2420c0a3 | hac.modules.core.a11ycaptureminibarexit.maincontent.l689c46.843e6e9f";"src/plugin/modules/core.js:483 | src/plugin/modules/core.js:545 | src/plugin/modules/core.js:689"
"txt.abb8d380c9b1";"Campos do componente";"3";"texto-interface";"hac.views.modals.p.text.6.3e348ab8 | hac.views.modals.p.text.9.bc60a522 | hac.views.modals.p.text.12.3df3d5b0";"src/plugin/views/modals.html:483 | src/plugin/views/modals.html:551 | src/plugin/views/modals.html:615"
"txt.00b7b8118efd";"circle";"3";"vocabulario-dominio";"hac.modules.accessibility.a11y.categories.l121c154.f4f29e69 | hac.modules.accessibility.a11y.categories.l129c145.c37e53bd | hac.modules.accessibility.a11y.categories.l130c145.2d732666";"src/plugin/modules/accessibility.js:121 | src/plugin/modules/accessibility.js:129 | src/plugin/modules/accessibility.js:130"
"txt.8ee77246e09e";"Criar ordem de tabulação";"3";"texto-interface";"hac.modules.accessibility.html.text.2.d72eb81e | hac.modules.tab.order.applytabordertocanvas.textcontent.l1141c71.7bd8c0a6 | hac.views.modals.btn.tab.order.apply.text.312fe4a9";"src/plugin/modules/accessibility.js:4488 | src/plugin/modules/tab-order.js:1141 | src/plugin/views/modals.html:1246"
"txt.1a422188de26";"dark:text-dark-muted";"3";"revisar";"hac.modules.accessibility.applya11yworkspacetabstyles.foreach.l2883c26.fbd80c7f | hac.modules.core.foreach.l1061c32.7911b8cd | hac.modules.tab.order.settabordernarrationbuttonstate.toggle.l1605c24.612c0c05";"src/plugin/modules/accessibility.js:2883 | src/plugin/modules/core.js:1061 | src/plugin/modules/tab-order.js:1605"
"txt.b4536f71c510";"Detectando componentes…";"3";"texto-interface";"hac.modules.accessibility.opena11ypostareadetectmodal.ensurea11yprojectoriginthen..1b839f95 | hac.modules.accessibility.rescana11ybatcharea.textcontent.l6723c48.a4a7b0f7 | hac.views.modals.a11y.post.area.loading.text.text.3f55316c";"src/plugin/modules/accessibility.js:6230 | src/plugin/modules/accessibility.js:6723 | src/plugin/views/modals.html:799"
"txt.e1b02384952e";"Dica para Leitor de Tela";"3";"revisar | vocabulario-dominio | texto-interface";"hac.code.filla11ymobileelementoseimagensfields.syncnestedinstance.746dd390 | hac.modules.accessibility.a11y.toggle.labels.l512c22.144ef853 | hac.modules.accessibility.label.l551c38.278ed835";"src/plugin/code.js:773 | src/plugin/modules/accessibility.js:512 | src/plugin/modules/accessibility.js:551"
"txt.492bcdf81c97";"Elementos Interativos e Imagens";"3";"texto-interface";"hac.modules.accessibility.label.l121c25.0abc717e | hac.views.modals.html.text.2.72b40852 | hac.views.modals.p.text.52.7c3dd12d";"src/plugin/modules/accessibility.js:121 | src/plugin/views/modals.html:56 | src/plugin/views/modals.html:1486"
"txt.094b0fe0e302";"EN";"3";"texto-interface";"hac.modules.accessibility.option.text.2.47f72a2d | hac.modules.accessibility.option.text.2.63df24c4 | hac.modules.tab.order.tabordernarrationphrase.labels.l1587c27.5bdadabb";"src/plugin/modules/accessibility.js:4522 | src/plugin/modules/accessibility.js:4660 | src/plugin/modules/tab-order.js:1587"
"txt.d7cff8e730ea";"erro desconhecido";"3";"mensagem-sistema | revisar";"hac.backend.onmessage.notify.l2414c88.c5d2b322 | hac.backend.onmessage.slice.l2678c63.9f172091 | hac.backend.onmessage.notify.l3513c88.b6ae2d65";"src/plugin/backend/onmessage.js:2414 | src/plugin/backend/onmessage.js:2678 | src/plugin/backend/onmessage.js:3513"
"txt.ac4ae97285c1";"H1";"3";"vocabulario-lib-web | texto-interface";"hac.refs.design.acessivel.web.wrapper.generated.wrapper.contentinstancebya11ytype.titulo.properties.0.va.69efd3b5 | hac.refs.design.acessivel.web.wrapper.generated.tituloniveis.0.af250cb8 | hac.views.modals.option.text.13.6f0e009a";"src/plugin/refs/design-acessivel-web-wrapper.generated.json:38 | src/plugin/refs/design-acessivel-web-wrapper.generated.json:157 | src/plugin/views/modals.html:515"
"txt.115c9e17b7c5";"input stepper";"3";"revisar | vocabulario-lib-mobile | vocabulario-lib-web";"hac.backend.dsc.matching.slot.variant.match.l288c3.4b91ded4 | hac.refs.design.acessivel.mobile.wrapper.generated.componentoptions.30.6bf800fa | hac.refs.design.acessivel.web.wrapper.generated.componentoptions.33.6ac0eacd";"src/plugin/backend/dsc-matching.js:288 | src/plugin/refs/design-acessivel-mobile-wrapper.generated.json:45 | src/plugin/refs/design-acessivel-web-wrapper.generated.json:98"
"txt.1efe3c1be007";"Insira seu texto com as anotações necessárias para o pessoal de desenvolvimento.";"3";"texto-interface";"hac.modules.accessibility.notascodigo.l339c136.c6161e6e | hac.modules.accessibility.notascodigo.l377c79.26f0820b | hac.modules.accessibility.notascodigo.l391c86.3518b9d6";"src/plugin/modules/accessibility.js:339 | src/plugin/modules/accessibility.js:377 | src/plugin/modules/accessibility.js:391"
"txt.1f2a81b20d38";"Instruções sobre a documentação";"3";"revisar | conteudo-instrucional";"hac.modules.tab.order.rendera11yinstructioncontent.instructionsheading.l228c83.cb992f65 | hac.refs.ficha.instruction.content.swipe.instructionsheading.c2ad2015 | hac.refs.ficha.instruction.content.leitortela.instructionsheading.e9669544";"src/plugin/modules/tab-order.js:228 | src/plugin/refs/ficha-instruction-content.json:39 | src/plugin/refs/ficha-instruction-content.json:51"
"txt.b0da0e72b688";"Instruções sobre o tipo de documentação";"3";"texto-interface | conteudo-instrucional";"hac.build.a11y.capture.bar.instructions.heading.text.c0f67fa2 | hac.refs.ficha.instruction.content.tabulacao.instructionsheading.1328a60b | hac.views.modals.a11y.instruction.modal.instructions.heading.text.f8b915f7";"src/plugin/build.cjs:300 | src/plugin/refs/ficha-instruction-content.json:17 | src/plugin/views/modals.html:1186"
"txt.36b6b95cf4a9";"Mais ações";"3";"texto-interface | acessibilidade";"hac.modules.accessibility.button.1.title.709281de | hac.views.specifications.btn.a11y.workspace.more.actions.title.88ae2734 | hac.views.specifications.btn.a11y.workspace.more.actions.aria.label.e16044a8";"src/plugin/modules/accessibility.js:5155 | src/plugin/views/specifications.html:159 | src/plugin/views/specifications.html:159"
"txt.59ce6b82ca8a";"Mapeamento Automático";"3";"texto-interface";"hac.modules.accessibility.html.text.4.4fd61859 | hac.modules.accessibility.html.text.4.8b24d867 | hac.modules.accessibility.html.text.5.7c0a2fcf";"src/plugin/modules/accessibility.js:4494 | src/plugin/modules/accessibility.js:4709 | src/plugin/modules/accessibility.js:4870"
"txt.91e5dc8c41f2";"Nível de Título";"3";"texto-interface";"hac.modules.accessibility.label.l129c25.ae04bb70 | hac.views.modals.a11y.category.btn.titulo.label.text.e1e0c84b | hac.views.modals.a11y.categories.help.titulo.label.text.aa50dadf";"src/plugin/modules/accessibility.js:129 | src/plugin/views/modals.html:52 | src/plugin/views/modals.html:1477"
"txt.413b54cff6a8";"Número";"3";"revisar";"hac.backend.onmessage.createtaborderbadge.name.l2577c24.553c229c | hac.code.tryimporta11ywebwrappercomponent.besteffortsynca11ybadge.2520d5d8 | hac.code.buildfichalegendcolumn.name.l4907c21.c684fc31";"src/plugin/backend/onmessage.js:2577 | src/plugin/code.js:1252 | src/plugin/code.js:4907"
"txt.9ce3bf3db192";"número#5265:3";"3";"revisar";"hac.backend.onmessage.createtaborderbadge.setproperties.l2532c29.1c077e95 | hac.backend.onmessage.literal.l3089c22.f1a0b453 | hac.backend.onmessage.setproperties.l3090c38.b27a24b7";"src/plugin/backend/onmessage.js:2532 | src/plugin/backend/onmessage.js:3089 | src/plugin/backend/onmessage.js:3090"
"txt.4e726143bae7";"observacoes";"3";"texto-interface";"hac.code.filla11ymobileelementoseimagensfields.observacaotexto.l7.dedc8cdf | hac.code.filla11ymobiletitulofields.observacaotexto.l915c35.62bfe8a9 | hac.code.filla11ymobiledecorativofields.observacaotexto.l963c35.a37f1f8b";"src/plugin/code.js:736 | src/plugin/code.js:915 | src/plugin/code.js:963"
"txt.fe34fd93c8e7";"Página";"3";"revisar | vocabulario-dominio | vocabulario-lib-web";"hac.code.da.pagina.l1182c59.91f939d5 | hac.modules.accessibility.a11y.web.estrutura.form.idioma.tipo.l3153c60.ed35adf0 | hac.refs.design.acessivel.web.wrapper.generated.estrutura.idiomatipos.0.74d79092";"src/plugin/code.js:1182 | src/plugin/modules/accessibility.js:3153 | src/plugin/refs/design-acessivel-web-wrapper.generated.json:145"
"txt.31b8d545b193";"paginator";"3";"vocabulario-dominio | vocabulario-lib-web";"hac.backend.dsc.matching.a11y.interactive.shortnames.l430c3.3e22f964 | hac.modules.accessibility.a11y.componente.labels.l410c82.76bae0fc | hac.refs.design.acessivel.web.wrapper.generated.componentoptions.40.fbaaeb91";"src/plugin/backend/dsc-matching.js:430 | src/plugin/modules/accessibility.js:410 | src/plugin/refs/design-acessivel-web-wrapper.generated.json:105"
"txt.3653c5dfa95b";"Parte";"3";"revisar | vocabulario-dominio | vocabulario-lib-web";"hac.code.das.partes.l1182c83.53f9b318 | hac.modules.accessibility.a11y.web.estrutura.form.idioma.tipo.l3153c84.f26d219b | hac.refs.design.acessivel.web.wrapper.generated.estrutura.idiomatipos.1.3d1aeffb";"src/plugin/code.js:1182 | src/plugin/modules/accessibility.js:3153 | src/plugin/refs/design-acessivel-web-wrapper.generated.json:146"
"txt.3ccbc35e8f42";"Siga a ordem de leitura ocidental: Selecione esses elementos sequencialmente respeitando o fluxo do layout, da esquerda para a direita, de cima para baixo.";"3";"conteudo-instrucional";"hac.refs.ficha.instruction.content.tabulacao.steps.1.21d776e4 | hac.refs.ficha.instruction.content.tabulacao.web.steps.1.cbee9880 | hac.refs.ficha.instruction.content.swipe.steps.1.c55f5d96";"src/plugin/refs/ficha-instruction-content.json:22 | src/plugin/refs/ficha-instruction-content.json:31 | src/plugin/refs/ficha-instruction-content.json:44"
"txt.7d1858205100";"super-app";"3";"vocabulario-dominio";"hac.modules.accessibility.a11y.lib.to.origin.l5525c54.42f81c2f | hac.modules.accessibility.a11y.lib.labels.l5526c61.f6755b5a | hac.modules.accessibility.a11y.lib.icons.l5527c54.f8fad9ae";"src/plugin/modules/accessibility.js:5525 | src/plugin/modules/accessibility.js:5526 | src/plugin/modules/accessibility.js:5527"
"txt.a2bb494ed444";"super-dsc-web";"3";"vocabulario-dominio";"hac.modules.accessibility.a11y.lib.to.origin.l5525c30.98db00aa | hac.modules.accessibility.a11y.lib.labels.l5526c27.5816f222 | hac.modules.accessibility.a11y.lib.icons.l5527c26.cacc9fe9";"src/plugin/modules/accessibility.js:5525 | src/plugin/modules/accessibility.js:5526 | src/plugin/modules/accessibility.js:5527"
"txt.bb106260f137";"tabulacao";"3";"texto-interface";"hac.modules.core.a11ycapturebarrenderinstructions.contentkey.l591c47.29efea48 | hac.modules.onboarding.onboarding.tools.l59c16.0e1044f0 | hac.modules.onboarding.onboarding.tools.l68c16.ed7ce2b4";"src/plugin/modules/core.js:591 | src/plugin/modules/onboarding.js:59 | src/plugin/modules/onboarding.js:68"
"txt.afd410875455";"Tabulação";"3";"revisar | texto-interface";"hac.modules.handoff.ficha.fichasectiondisplayname.l58c39.644afcbc | hac.modules.handoff.ficha.fichadashboardhtml.fichastatuscardhtml.l815c45.19b43960 | hac.views.specifications.span.text.2.f9e13245";"src/plugin/modules/handoff-ficha.js:58 | src/plugin/modules/handoff-ficha.js:815 | src/plugin/views/specifications.html:202"
"txt.92601ed7e85c";"Tela";"3";"revisar | texto-interface";"hac.code.push.l1924c39.211972b4 | hac.modules.accessibility.rendera11yworkspaceheader.l2781c103.ea668254 | hac.views.specifications.a11y.workspace.title.text.c3db1fff";"src/plugin/code.js:1924 | src/plugin/modules/accessibility.js:2781 | src/plugin/views/specifications.html:153"
"txt.372ea08cab33";"TEXT";"3";"texto-interface | vocabulario-dominio";"hac.backend.dsc.matching.visibletext.visibletext.l944c41.8c8f9a19 | hac.code.label.l4603c57.a18d6593 | hac.modules.accessibility.a11y.narration.type.labels.en.l462c10.48403c73";"src/plugin/backend/dsc-matching.js:944 | src/plugin/code.js:4603 | src/plugin/modules/accessibility.js:462"
"txt.f919d9f15290";"text/plain";"3";"revisar";"hac.modules.swipe.path.swipepathpendingdragstart.setdata.l598c33.21683778 | hac.modules.tab.order.taborderpendingdragstart.setdata.l855c33.e6258095 | hac.modules.tab.order.taborderdragstart.setdata.l1420c33.813cab71";"src/plugin/modules/swipe-path.js:598 | src/plugin/modules/tab-order.js:855 | src/plugin/modules/tab-order.js:1420"
"txt.661a49c01068";"titulo da pagina";"3";"revisar | vocabulario-dominio";"hac.code.web.estrutura.variacao.by.form.l1181c108.3ec16954 | hac.modules.accessibility.a11y.web.estrutura.form.variacao.l3152c109.9bdf268b | hac.modules.accessibility.updatea11yestruturafields.l3227c22.2390c190";"src/plugin/code.js:1181 | src/plugin/modules/accessibility.js:3152 | src/plugin/modules/accessibility.js:3227"
"txt.52be39b3e4be";"Título do bloco";"3";"revisar";"hac.backend.onmessage.removefichablocktitle.name.l4557c49.d831af00 | hac.code.ensuretelatitulocard.name.l4044c19.2368f5d2 | hac.code.appendfichablocktitle.name.l4656c12.581a2790";"src/plugin/backend/onmessage.js:4557 | src/plugin/code.js:4044 | src/plugin/code.js:4656"
"txt.983e755f3854";"Trilha de Swipe";"3";"revisar";"hac.backend.onmessage.isswipeemptycard.name.l5264c47.c4161e1d | hac.backend.onmessage.buildfichaswipesection.name.l5290c19.bef50293 | hac.code.legendtitle.l3611c18.6f8a4dbb";"src/plugin/backend/onmessage.js:5264 | src/plugin/backend/onmessage.js:5290 | src/plugin/code.js:3611"
"txt.283b693313b1";"Ver instruções";"3";"texto-interface";"hac.modules.accessibility.button.text.1.fb0708c3 | hac.modules.accessibility.button.text.1.f5c8c97f | hac.modules.accessibility.button.text.1.0ec7bf34";"src/plugin/modules/accessibility.js:4451 | src/plugin/modules/accessibility.js:4679 | src/plugin/modules/accessibility.js:4813"
"txt.1505adfd7cfd";"Voltar";"3";"texto-interface";"hac.modules.handoff.ficha.fichacloseareachecklist.opena11yconfirmmodal.l1010c18.fb9b1330 | hac.modules.onboarding.button.text.2.2b16cdc9 | hac.modules.onboarding.button.text.1.57ab35a5";"src/plugin/modules/handoff-ficha.js:1010 | src/plugin/modules/onboarding.js:323 | src/plugin/modules/onboarding.js:343"
"txt.fcabb0d7dafe";".accordion-content";"2";"texto-interface";"hac.modules.accessibility.opena11ybatchsummarymodal.groupscontent.l6805c53.aa3f9fdd | hac.modules.accessibility.tokenreviewcontent.l6890c65.92e7167e";"src/plugin/modules/accessibility.js:6805 | src/plugin/modules/accessibility.js:6890"
"txt.73b04d3502ae";".accordion-content, [data-accordion-content]";"2";"texto-interface";"hac.modules.core.othercontent.l1088c70.fe903fb2 | hac.modules.core.collapseallaccordions.allcontent.l1113c44.b0948d1c";"src/plugin/modules/core.js:1088 | src/plugin/modules/core.js:1113"
"txt.e7791cb08502";"[dsc] Button";"2";"revisar";"hac.backend.dsc.matching.containingframe.l285c39.c8a20e9c | hac.backend.dsc.matching.containingframe.l286c39.bb455aa2";"src/plugin/backend/dsc-matching.js:285 | src/plugin/backend/dsc-matching.js:286"
"txt.f5753c7a14f5";"[hac web] Box specs leitor de tela";"2";"revisar | vocabulario-lib-web";"hac.backend.platform.profiles.setname.l209c16.35acb94e | hac.refs.design.acessivel.web.wrapper.generated.wrapper.setname.f127797e";"src/plugin/backend/platform-profiles.js:209 | src/plugin/refs/design-acessivel-web-wrapper.generated.json:9"
"txt.dffe30daf241";"[HAC] Assets do Handoff";"2";"revisar";"hac.code.createfichaitensframe.name.l4166c21.3f4f5a69 | hac.code.getorcreatefichaitensframe.name.l4321c43.44ea1821";"src/plugin/code.js:4166 | src/plugin/code.js:4321"
"txt.9f3108cbf44d";"[HAC] Frame Principal";"2";"revisar";"hac.code.buildfichaframeprincipalsection.name.l4380c20.430a524d | hac.code.buildfichaframeprincipalsection.name.l4409c24.f7537b16";"src/plugin/code.js:4380 | src/plugin/code.js:4409"
"txt.0e5b1341be24";"[HAC] Handoff - ${cfg.title}";"2";"revisar";"hac.backend.onmessage.name.l4675c30.1fca91e4 | hac.backend.onmessage.getorcreatefichahandoffframe.name.l4682c18.8499f630";"src/plugin/backend/onmessage.js:4675 | src/plugin/backend/onmessage.js:4682"
"txt.a45858ee699d";"[Selos de Tabulação]";"2";"revisar";"hac.backend.onmessage.getorcreatecloneoverlaygroup.l2656c108.3db83911 | hac.backend.onmessage.buildfichatabulacaosection.getorcreatecloneoverlaygroup..0025aa2c";"src/plugin/backend/onmessage.js:2656 | src/plugin/backend/onmessage.js:5139"
"txt.d1d6dc5c7bf1";"[Specs de Leitor de Tela]";"2";"revisar";"hac.backend.onmessage.getorcreatecloneoverlaygroup.l2226c106.c3e883ab | hac.backend.onmessage.buildfichaleitorsection.getorcreatecloneoverlaygroup.l55.7c65fe90";"src/plugin/backend/onmessage.js:2226 | src/plugin/backend/onmessage.js:5564"
"txt.1eaeef1c7c7f";"[Trilha de Swipe]";"2";"revisar";"hac.backend.onmessage.getorcreatecloneoverlaygroup.l4221c105.dd285128 | hac.backend.onmessage.buildfichaswipesection.getorcreatecloneoverlaygroup.l539.88a2d8f4";"src/plugin/backend/onmessage.js:4221 | src/plugin/backend/onmessage.js:5399"
"txt.eb8656638dd7";"#005ca9";"2";"texto-interface";"hac.modules.onboarding.onboarding.tools.l57c12.2b703e9f | hac.modules.onboarding.onboarding.tools.l66c12.67cde67c";"src/plugin/modules/onboarding.js:57 | src/plugin/modules/onboarding.js:66"
"txt.d49c1da031a3";"<circle cx=""";"2";"revisar";"hac.modules.accessibility.literal.l242c16.b6dac428 | hac.modules.accessibility.literal.l305c10.febca76a";"src/plugin/modules/accessibility.js:242 | src/plugin/modules/accessibility.js:305"
"txt.5e1d9a2bed2a";"${HAC_DOC_KEY_PREFIX}:savedAt";"2";"revisar";"hac.code.writehacdatatodocument.setsharedplugindata.l5345c42.2d887da7 | hac.code.clearhacdatafromdocument.setsharedplugindata.l5390c42.26ca72af";"src/plugin/code.js:5345 | src/plugin/code.js:5390"
"txt.cfd479c03f8b";"${i + 1}.";"2";"revisar | texto-interface";"hac.code.buildfichalegendcolumn.characters.l4912c27.c950fbc8 | hac.modules.onboarding.span.text.1.b805a0b0";"src/plugin/code.js:4912 | src/plugin/modules/onboarding.js:213"
"txt.458f92eeb4f0";"${items.length} elemento${items.length === 1 ? '' : 's'} encontrado${items.length === 1 ? '' : 's'} — revise no modal antes de aplicar.";"2";"mensagem-sistema";"hac.backend.onmessage.notify.l2843c22.cb132a6e | hac.backend.onmessage.notify.l2954c22.b6e22d75";"src/plugin/backend/onmessage.js:2843 | src/plugin/backend/onmessage.js:2954"
"txt.7f71d2480a75";"${len}/${max}";"2";"revisar";"hac.modules.accessibility.updatea11ycharcounter.l1619c31.fb0b3420 | hac.modules.accessibility.updatea11ycharcounterel.l1632c33.6633073b";"src/plugin/modules/accessibility.js:1619 | src/plugin/modules/accessibility.js:1632"
"txt.2cab5fa854e5";"${namePrefix} ${clone.name}";"2";"revisar";"hac.code.getorcreatecloneoverlaygroup.name.l2547c22.bf384c8a | hac.code.getorcreatecloneoverlaygroup.name.l2584c23.721009b0";"src/plugin/code.js:2547 | src/plugin/code.js:2584"
"txt.fdcedf805d4d";"0/${max}";"2";"texto-interface";"hac.modules.accessibility.span.text.1.eb817a1d | hac.modules.accessibility.span.text.1.980c7a89";"src/plugin/modules/accessibility.js:1878 | src/plugin/modules/accessibility.js:3099"
"txt.50dd3c97c87b";"1.5x";"2";"texto-interface";"hac.modules.accessibility.option.text.4.5017b1d2 | hac.modules.accessibility.option.text.4.5532dbc4";"src/plugin/modules/accessibility.js:4532 | src/plugin/modules/accessibility.js:4665"
"txt.6fe62d0dd7db";"1x";"2";"texto-interface";"hac.modules.accessibility.option.text.3.67016810 | hac.modules.accessibility.option.text.3.1e804eb9";"src/plugin/modules/accessibility.js:4531 | src/plugin/modules/accessibility.js:4664"
"txt.fe2dff9f9c56";"2.5x";"2";"texto-interface";"hac.modules.accessibility.option.text.6.70b33b12 | hac.modules.accessibility.option.text.6.7753c3c5";"src/plugin/modules/accessibility.js:4534 | src/plugin/modules/accessibility.js:4667"
"txt.8b48f47fb234";"2x";"2";"texto-interface";"hac.modules.accessibility.option.text.5.54efe7f7 | hac.modules.accessibility.option.text.5.b5261fe2";"src/plugin/modules/accessibility.js:4533 | src/plugin/modules/accessibility.js:4666"
"txt.e06be46b04d3";"a11y-category-btn-";"2";"revisar";"hac.modules.accessibility.foreach.l1164c41.a9c4c374 | hac.modules.accessibility.applya11ymanualmatchtopicker.getelementbyid.l1290c39.d0330e36";"src/plugin/modules/accessibility.js:1164 | src/plugin/modules/accessibility.js:1290"
"txt.b222bed76136";"a11y-category-picker-area-label";"2";"texto-interface";"hac.modules.accessibility.opena11ywizardcategorypickermodal.label.l1147c41.13b5a91b | hac.modules.accessibility.opena11ycategorypickermodalnow.label.l1179c41.58897527";"src/plugin/modules/accessibility.js:1147 | src/plugin/modules/accessibility.js:1179"
"txt.b8fa3c909b57";"a11y-category-picker-title-text";"2";"texto-interface";"hac.modules.accessibility.opena11ywizardcategorypickermodal.titletext.l1149c45.fe79b6ff | hac.modules.accessibility.opena11ycategorypickermodalnow.titletext.l1189c45.1e18410f";"src/plugin/modules/accessibility.js:1149 | src/plugin/modules/accessibility.js:1189"
"txt.82a4e694e9ed";"a11y-el-label-wrap-heading";"2";"texto-interface";"hac.modules.accessibility.reseta11ymobilenomeacessivelslot.labelwrapheading.l2259c.22f0285e | hac.modules.accessibility.updatea11ymobilenomeacessivelvisibility.labelwrapheading.af9ed840";"src/plugin/modules/accessibility.js:2259 | src/plugin/modules/accessibility.js:2271"
"txt.47f03e92d4fc";"a11y-modal-duplicate-warning";"2";"texto-interface";"hac.modules.accessibility.edita11yduplicatespecfrommodal.warningel.l2963c45.3a908eba | hac.modules.accessibility.prefilla11ycomponentname.warningel.l3012c45.673f179b";"src/plugin/modules/accessibility.js:2963 | src/plugin/modules/accessibility.js:3012"
"txt.504252eac75e";"accessibilityHint";"2";"texto-interface | vocabulario-dominio";"hac.code.filla11ymobileelementoseimagensfields.dicatexto.l729c29.03eacd38 | hac.modules.accessibility.a11y.mobile.only.toggles.l551c10.592d59f7";"src/plugin/code.js:729 | src/plugin/modules/accessibility.js:551"
"txt.c14ab5875cee";"accessibilityRole=""header""";"2";"texto-interface";"hac.modules.accessibility.notacodigo.l370c29.786be2fc | hac.modules.accessibility.notacodigo.l388c66.5d4b63b1";"src/plugin/modules/accessibility.js:370 | src/plugin/modules/accessibility.js:388"
"txt.0a6354a274dd";"Account Select";"2";"vocabulario-lib-mobile | vocabulario-lib-web";"hac.refs.design.acessivel.mobile.wrapper.generated.componentoptions.1.eac3207f | hac.refs.design.acessivel.web.wrapper.generated.componentoptions.0.074cf6ec";"src/plugin/refs/design-acessivel-mobile-wrapper.generated.json:16 | src/plugin/refs/design-acessivel-web-wrapper.generated.json:65"
"txt.7e1d0b3dc865";"Adicionar item";"2";"texto-interface";"hac.modules.tab.order.taborderresetadditembutton.textcontent.l682c34.23231a2a | hac.views.modals.span.text.24.346631b8";"src/plugin/modules/tab-order.js:682 | src/plugin/views/modals.html:1233"
"txt.c1d5e706dff4";"Agrupamento";"2";"revisar";"hac.backend.onmessage.find.l5525c46.6babdf48 | hac.code.tryimporta11yagrupamento.name.l1346c19.655a2bd1";"src/plugin/backend/onmessage.js:5525 | src/plugin/code.js:1346"
"txt.cc01dc1179d6";"Aguarde a varredura em andamento terminar antes de iniciar outra.";"2";"mensagem-sistema";"hac.modules.swipe.path.confirmgenerateswipepathfromlayers.showtoast.l224c15.07ce2390 | hac.modules.tab.order.confirmgeneratetaborderfromlayers.showtoast.l1229c15.ebbf1285";"src/plugin/modules/swipe-path.js:224 | src/plugin/modules/tab-order.js:1229"
"txt.ca7e497eb773";"ainda em rascunho (não finalizado)";"2";"texto-interface";"hac.modules.accessibility.versiontext.l5738c50.9efd3ff0 | hac.modules.accessibility.rendera11ypriorsessionalert.versiontext.l6166c48.6793f487";"src/plugin/modules/accessibility.js:5738 | src/plugin/modules/accessibility.js:6166"
"txt.3344079d9842";"Ajuda";"2";"texto-interface | acessibilidade";"hac.views.specifications.btn.a11y.more.actions.title.b4159eb3 | hac.views.specifications.btn.a11y.more.actions.aria.label.c1b1dc98";"src/plugin/views/specifications.html:30 | src/plugin/views/specifications.html:30"
"txt.df5448e93321";"Alterar categoria";"2";"texto-interface | acessibilidade";"hac.views.modals.a11y.modal.category.edit.btn.title.7a06ecd2 | hac.views.modals.a11y.modal.category.edit.btn.aria.label.a7c0fc11";"src/plugin/views/modals.html:115 | src/plugin/views/modals.html:115"
"txt.8763aced7bd9";"Apagar";"2";"texto-interface";"hac.modules.swipe.path.deleteswipepathforarea.opena11yconfirmmodal.l808c21.1dbc0658 | hac.modules.tab.order.deletealltaborderforarea.opena11yconfirmmodal.l1828c19.1cadd9ea";"src/plugin/modules/swipe-path.js:808 | src/plugin/modules/tab-order.js:1828"
"txt.c10a75f19421";"arrastar para reposicionar";"2";"texto-interface";"hac.modules.tab.order.strong.text.2.986fb46a | hac.modules.tab.order.strong.text.2.36046601";"src/plugin/modules/tab-order.js:174 | src/plugin/modules/tab-order.js:175"
"txt.b77cad146760";"Aside";"2";"vocabulario-lib-web | texto-interface";"hac.refs.design.acessivel.web.wrapper.generated.estrutura.marcotipos.2.8653205d | hac.views.modals.option.text.10.c9ee039a";"src/plugin/refs/design-acessivel-web-wrapper.generated.json:142 | src/plugin/views/modals.html:459"
"txt.3685e330ec52";"Assets";"2";"revisar | texto-interface";"hac.code.buildfichalegendcolumn.name.l5024c23.f63595e8 | hac.views.modals.strong.text.2.97571665";"src/plugin/code.js:5024 | src/plugin/views/modals.html:823"
"txt.8012046f534a";"Assistência em acessibilidade aos projetos";"2";"texto-interface";"hac.views.modals.p.text.28.6fe7ba44 | hac.views.modals.p.text.32.a8c59039";"src/plugin/views/modals.html:1014 | src/plugin/views/modals.html:1030"
"txt.9c3bb49ffea1";"Avatar";"2";"vocabulario-lib-mobile | vocabulario-lib-web";"hac.refs.design.acessivel.mobile.wrapper.generated.componentoptions.3.28638979 | hac.refs.design.acessivel.web.wrapper.generated.componentoptions.1.6f98b422";"src/plugin/refs/design-acessivel-mobile-wrapper.generated.json:18 | src/plugin/refs/design-acessivel-web-wrapper.generated.json:66"
"txt.adac3846b477";"Badge";"2";"revisar | vocabulario-lib-mobile";"hac.code.name.l4988c22.f85f38c7 | hac.refs.design.acessivel.mobile.wrapper.generated.componentoptions.5.0cfbfd30";"src/plugin/code.js:4988 | src/plugin/refs/design-acessivel-mobile-wrapper.generated.json:20"
"txt.12491d38d974";"Badge Notification";"2";"vocabulario-lib-mobile | vocabulario-lib-web";"hac.refs.design.acessivel.mobile.wrapper.generated.componentoptions.6.a2cb3a1b | hac.refs.design.acessivel.web.wrapper.generated.componentoptions.2.47957353";"src/plugin/refs/design-acessivel-mobile-wrapper.generated.json:21 | src/plugin/refs/design-acessivel-web-wrapper.generated.json:67"
"txt.43605fc720b8";"Badge Text";"2";"vocabulario-lib-mobile | vocabulario-lib-web";"hac.refs.design.acessivel.mobile.wrapper.generated.componentoptions.7.0bf97710 | hac.refs.design.acessivel.web.wrapper.generated.componentoptions.3.b15f39a3";"src/plugin/refs/design-acessivel-mobile-wrapper.generated.json:22 | src/plugin/refs/design-acessivel-web-wrapper.generated.json:68"
"txt.309eb159d51a";"body/standard";"2";"vocabulario-dominio | revisar";"hac.code.a11y.ficha.type.scale.l3759c3.c7776031 | hac.code.applyfichatypography.token.l3788c75.65e6ba62";"src/plugin/code.js:3759 | src/plugin/code.js:3788"
"txt.2ab0591dbcf5";"Card";"2";"vocabulario-lib-mobile | vocabulario-lib-web";"hac.refs.design.acessivel.mobile.wrapper.generated.componentoptions.9.bc6e8a36 | hac.refs.design.acessivel.web.wrapper.generated.componentoptions.7.ee5eed3a";"src/plugin/refs/design-acessivel-mobile-wrapper.generated.json:24 | src/plugin/refs/design-acessivel-web-wrapper.generated.json:72"
"txt.38b18be47097";"Card Alert";"2";"vocabulario-lib-mobile | vocabulario-lib-web";"hac.refs.design.acessivel.mobile.wrapper.generated.componentoptions.11.e0374597 | hac.refs.design.acessivel.web.wrapper.generated.componentoptions.8.7240d877";"src/plugin/refs/design-acessivel-mobile-wrapper.generated.json:26 | src/plugin/refs/design-acessivel-web-wrapper.generated.json:73"
"txt.6fb1662eec05";"Card Notification";"2";"vocabulario-lib-mobile | vocabulario-lib-web";"hac.refs.design.acessivel.mobile.wrapper.generated.componentoptions.14.7cc2dbb2 | hac.refs.design.acessivel.web.wrapper.generated.componentoptions.9.f968e199";"src/plugin/refs/design-acessivel-mobile-wrapper.generated.json:29 | src/plugin/refs/design-acessivel-web-wrapper.generated.json:74"
"txt.3a1c9d85fb98";"Card Widget";"2";"vocabulario-lib-mobile | vocabulario-lib-web";"hac.refs.design.acessivel.mobile.wrapper.generated.componentoptions.17.165c7b05 | hac.refs.design.acessivel.web.wrapper.generated.componentoptions.12.8dc48725";"src/plugin/refs/design-acessivel-mobile-wrapper.generated.json:32 | src/plugin/refs/design-acessivel-web-wrapper.generated.json:77"
"txt.3b6ad75b22a2";"Concluir seleção (${count})";"2";"revisar";"hac.modules.swipe.path.handleswipepathaccumulatedcountchanged.l447c48.05bd34d3 | hac.modules.tab.order.handletaborderaccumulatedcountchanged.l717c48.493e2787";"src/plugin/modules/swipe-path.js:447 | src/plugin/modules/tab-order.js:717"
"txt.ff7fa156a05c";"Conector";"2";"revisar";"hac.backend.onmessage.name.l2139c28.6ca1f6ca | hac.code.tryimporta11yconectorlinha.name.l1400c19.16e758a5";"src/plugin/backend/onmessage.js:2139 | src/plugin/code.js:1400"
"txt.4f0e5eb69067";"Confirmar";"2";"revisar | texto-interface";"hac.modules.accessibility.opena11yconfirmmodal.confirmlabel.l6034c62.eba36f60 | hac.views.modals.a11y.confirm.modal.confirm.btn.text.3d2638bd";"src/plugin/modules/accessibility.js:6034 | src/plugin/views/modals.html:1720"
"txt.edc840d427be";"Confirmar ação";"2";"texto-interface";"hac.modules.accessibility.opena11yconfirmmodal.title.l6032c49.5e763c52 | hac.views.modals.a11y.confirm.modal.title.text.text.38d249ca";"src/plugin/modules/accessibility.js:6032 | src/plugin/views/modals.html:1709"
"txt.a16efcde6ea5";"Contorno";"2";"texto-interface";"hac.views.modals.span.text.6.77d65b92 | hac.views.modals.strong.text.14.86cf1c20";"src/plugin/views/modals.html:627 | src/plugin/views/modals.html:1534"
"txt.7070dec2ad36";"Criando cópia de trabalho da tela…";"2";"revisar";"hac.modules.swipe.path.startswipepathmanualmodeinner.ensurea11yprojectoriginthe.ab6bce62 | hac.modules.tab.order.starttabordermanualmodeinner.ensurea11yprojectoriginthen.1e677b8e";"src/plugin/modules/swipe-path.js:151 | src/plugin/modules/tab-order.js:474"
"txt.f172156528f3";"Criar trilha de ordem de leitura";"2";"texto-interface";"hac.modules.swipe.path.openswipepathreviewmodal.textcontent.l405c52.63062a1c | hac.views.modals.a11y.swipe.path.review.confirm.text.text.dad81169";"src/plugin/modules/swipe-path.js:405 | src/plugin/views/modals.html:1307"
"txt.c811fb3c974d";"Customizável";"2";"texto-interface";"hac.views.modals.option.text.4.56f83445 | hac.views.modals.option.text.12.c3d126e1";"src/plugin/views/modals.html:437 | src/plugin/views/modals.html:461"
"txt.94c8a2bd5f6a";"Dados inválidos.";"2";"revisar";"hac.backend.onmessage.postmessage.l5649c114.c860b474 | hac.backend.onmessage.postmessage.l5881c112.72b4d055";"src/plugin/backend/onmessage.js:5649 | src/plugin/backend/onmessage.js:5881"
"txt.df92e65cf391";"dark:bg-blue-900/20";"2";"revisar";"hac.modules.accessibility.applya11ymanualmatchtopicker.foreach.l1222c66.07b9117c | hac.modules.accessibility.applya11ymanualmatchtopicker.add.l1293c64.390e8498";"src/plugin/modules/accessibility.js:1222 | src/plugin/modules/accessibility.js:1293"
"txt.9502405a74ea";"dark:bg-dark-bg";"2";"revisar";"hac.modules.accessibility.synca11ymobilelinkurllockstate.toggle.l832c28.b42ffd44 | hac.modules.accessibility.updatea11yestruturafields.toggle.l3238c32.97b3b31d";"src/plugin/modules/accessibility.js:832 | src/plugin/modules/accessibility.js:3238"
"txt.dd9ba5600702";"dark:text-blue-400";"2";"revisar";"hac.modules.accessibility.applya11yworkspacetabstyles.foreach.l2880c26.c344c241 | hac.modules.core.foreach.l1058c32.292a2d12";"src/plugin/modules/accessibility.js:2880 | src/plugin/modules/core.js:1058"
"txt.68f541574e36";"Date Picker";"2";"vocabulario-lib-mobile | vocabulario-lib-web";"hac.refs.design.acessivel.mobile.wrapper.generated.componentoptions.22.0c5cca10 | hac.refs.design.acessivel.web.wrapper.generated.componentoptions.15.adaaa9f7";"src/plugin/refs/design-acessivel-mobile-wrapper.generated.json:37 | src/plugin/refs/design-acessivel-web-wrapper.generated.json:80"
"txt.97a8b7432bd3";"Desenhando ${i + 1} de ${list.length}...";"2";"texto-interface";"hac.modules.tab.order.applytabordertocanvas.textcontent.l1125c42.96022f4c | hac.modules.tab.order.applytabordertocanvas.textcontent.l1128c50.169291a0";"src/plugin/modules/tab-order.js:1125 | src/plugin/modules/tab-order.js:1128"
"txt.41510f5fb2a2";"Design Acessível";"2";"texto-interface";"hac.views.modals.strong.text.1.61f9f7a8 | hac.views.modals.strong.text.4.ca8a3240";"src/plugin/views/modals.html:820 | src/plugin/views/modals.html:824"
"txt.f02bbf0ed751";"Destacar este elemento no canvas";"2";"texto-interface";"hac.modules.swipe.path.li.1.title.e16bce57 | hac.modules.swipe.path.li.1.title.16582ef2";"src/plugin/modules/swipe-path.js:514 | src/plugin/modules/swipe-path.js:566"
"txt.fe751aff9198";"Dica Leitor de Tela";"2";"revisar";"hac.code.filla11ymobileelementoseimagensfields.findnestedinstance.e75f0890 | hac.code.filla11ymobileelementoseimagensfields.findrawkey.l730c30.974d999b";"src/plugin/code.js:706 | src/plugin/code.js:730"
"txt.c235c76b5ba9";"Dispensar";"2";"texto-interface | acessibilidade";"hac.modules.accessibility.button.2.title.0b501db9 | hac.modules.accessibility.button.2.aria.label.75b250e9";"src/plugin/modules/accessibility.js:6182 | src/plugin/modules/accessibility.js:6182"
"txt.26021f1f4700";"div";"2";"texto-interface";"hac.modules.core.showtoast.toast.l801c40.40502169 | hac.modules.core.showsnackbar.contentcol.l848c45.53ff721e";"src/plugin/modules/core.js:801 | src/plugin/modules/core.js:848"
"txt.c9c43bc17ce2";"Editar";"2";"texto-interface";"hac.modules.accessibility.button.3.title.9d600cc6 | hac.modules.handoff.ficha.html.text.1.063bf6ee";"src/plugin/modules/accessibility.js:4106 | src/plugin/modules/handoff-ficha.js:794"
"txt.410870c91720";"Elemento e Imagem";"2";"texto-interface";"hac.views.modals.em.text.2.03b71d5c | hac.views.modals.em.text.4.14d26a05";"src/plugin/views/modals.html:1545 | src/plugin/views/modals.html:1546"
"txt.8f9dca34022a";"Em HTML, deve ser fornecido a role=""tablist"" por padrão, role=""tab"" quando selecionado e role=""tabpanel"" quando expandindo. O atributo aria-selected é definido automaticamente com base na alteração da seleção.";"2";"texto-interface";"hac.modules.accessibility.notascodigo.l335c231.c14bd782 | hac.modules.accessibility.notascodigo.l338c243.37bb5b1a";"src/plugin/modules/accessibility.js:335 | src/plugin/modules/accessibility.js:338"
"txt.5e40d99cdc7d";"Especificação de Acessibilidade";"2";"revisar | texto-interface";"hac.modules.accessibility.opena11ymodal.l1482c80.8931a477 | hac.views.modals.a11y.modal.title.text.text.7b38038d";"src/plugin/modules/accessibility.js:1482 | src/plugin/views/modals.html:111"
"txt.a6e1b0f8df14";"Especificações para Leitor de Tela";"2";"revisar | conteudo-instrucional";"hac.code.legendtitle.l3618c18.0b385720 | hac.refs.ficha.instruction.content.leitortela.title.63a96ef4";"src/plugin/code.js:3618 | src/plugin/refs/ficha-instruction-content.json:50"
"txt.cf3c941c19de";"Especificar para leitores de tela consiste em definir como as tecnologias assistivas (NVDA/VoiceOver/Jaws) interpretam e anunciam os elementos da interface. Essa documentação assegura que o conteúdo seja plenamente compreendido e inclusivo, fornecendo as orientações fundamentais para que o time de desenvolvimento implemente a experiência exatamente como projetada.";"2";"conteudo-instrucional | texto-interface";"hac.refs.ficha.instruction.content.leitortela.web.instructionsbody.dccebaf3 | hac.views.modals.p.text.46.dc9a1e41";"src/plugin/refs/ficha-instruction-content.json:62 | src/plugin/views/modals.html:1445"
"txt.e3e88f097aa9";"Especificar para leitores de tela consiste em definir como as tecnologias assistivas (VoiceOver/Talkback) interpretam e anunciam os elementos da interface. Essa documentação assegura que o conteúdo seja plenamente compreendido e inclusivo, fornecendo as orientações fundamentais para que o time de desenvolvimento implemente a experiência exatamente como projetada.";"2";"conteudo-instrucional | texto-interface";"hac.refs.ficha.instruction.content.leitortela.instructionsbody.c0033e01 | hac.views.modals.p.text.47.9c629caf";"src/plugin/refs/ficha-instruction-content.json:52 | src/plugin/views/modals.html:1448"
"txt.ad8c5a498d49";"Esta é a trilha marcada no canvas, já na ordem espacial resolvida automaticamente. Arraste para reordenar ou remova um ponto antes de confirmar.";"2";"texto-interface";"hac.modules.swipe.path.openswipepathreviewmodal.textcontent.l404c52.8c479579 | hac.views.modals.a11y.swipe.path.review.instruction.text.439aa567";"src/plugin/modules/swipe-path.js:404 | src/plugin/views/modals.html:1287"
"txt.60482d72f132";"Excluir todas as especificações de Leitor de Tela desta tela";"2";"texto-interface | acessibilidade";"hac.modules.accessibility.button.4.data.tooltip.ebc1c216 | hac.modules.accessibility.button.4.aria.label.58c692bf";"src/plugin/modules/accessibility.js:4843 | src/plugin/modules/accessibility.js:4843"
"txt.071c46d7919b";"Finalizar";"2";"texto-interface";"hac.modules.handoff.ficha.html.text.1.700262b1 | hac.views.modals.button.text.9.cd2d1912";"src/plugin/modules/handoff-ficha.js:704 | src/plugin/views/modals.html:980"
"txt.d9ccd1b3adc7";"Focar no elemento no canvas";"2";"texto-interface | acessibilidade";"hac.modules.accessibility.button.2.title.bc33e46c | hac.modules.accessibility.button.2.aria.label.bc77a66e";"src/plugin/modules/accessibility.js:4101 | src/plugin/modules/accessibility.js:4101"
"txt.d7eb6b340a11";"Footer";"2";"vocabulario-lib-web | texto-interface";"hac.refs.design.acessivel.web.wrapper.generated.componentoptions.20.40aa7624 | hac.views.modals.option.text.11.acef7796";"src/plugin/refs/design-acessivel-web-wrapper.generated.json:85 | src/plugin/views/modals.html:460"
"txt.011874183ec1";"Formato: A, B, A1, A2, A1.1, A1.2...";"2";"texto-interface";"hac.views.modals.a11y.el.tag.error.text.a4dc1e83 | hac.views.modals.a11y.estrutura.tag.error.text.ace9609c";"src/plugin/views/modals.html:326 | src/plugin/views/modals.html:441"
"txt.6016218e6004";"H (mobile, sem nível)";"2";"texto-interface";"hac.views.modals.option.text.19.869dff44 | hac.views.modals.a11y.titulo.nivel.fixed.text.21a8c005";"src/plugin/views/modals.html:521 | src/plugin/views/modals.html:530"
"txt.bf1c365741a4";"H2";"2";"vocabulario-lib-web | texto-interface";"hac.refs.design.acessivel.web.wrapper.generated.tituloniveis.1.06788e45 | hac.views.modals.option.text.14.d3afb0f1";"src/plugin/refs/design-acessivel-web-wrapper.generated.json:158 | src/plugin/views/modals.html:516"
"txt.8dbc6058e033";"H3";"2";"vocabulario-lib-web | texto-interface";"hac.refs.design.acessivel.web.wrapper.generated.tituloniveis.2.35e05ec3 | hac.views.modals.option.text.15.a2f2cabd";"src/plugin/refs/design-acessivel-web-wrapper.generated.json:159 | src/plugin/views/modals.html:517"
"txt.4f92c044d819";"H4";"2";"vocabulario-lib-web | texto-interface";"hac.refs.design.acessivel.web.wrapper.generated.tituloniveis.3.5d6446cf | hac.views.modals.option.text.16.5671fe9a";"src/plugin/refs/design-acessivel-web-wrapper.generated.json:160 | src/plugin/views/modals.html:518"
"txt.36e20656918e";"H5";"2";"vocabulario-lib-web | texto-interface";"hac.refs.design.acessivel.web.wrapper.generated.tituloniveis.4.b11e1105 | hac.views.modals.option.text.17.f90a3454";"src/plugin/refs/design-acessivel-web-wrapper.generated.json:161 | src/plugin/views/modals.html:519"
"txt.6b7658601d20";"H6";"2";"vocabulario-lib-web | texto-interface";"hac.refs.design.acessivel.web.wrapper.generated.tituloniveis.5.b066b462 | hac.views.modals.option.text.18.8b83c91b";"src/plugin/refs/design-acessivel-web-wrapper.generated.json:162 | src/plugin/views/modals.html:520"
"txt.5aca2c82a2f4";"HAC";"2";"texto-interface";"hac.build.h1.text.1.5c01fe41 | hac.views.modals.strong.text.17.0869654d";"src/plugin/build.cjs:138 | src/plugin/views/modals.html:1647"
"txt.fffac5c729a7";"Handoff da tela gerado";"2";"revisar | texto-interface";"hac.modules.handoff.ficha.fichaopenafterhandoffmodal.l954c95.df50e57e | hac.views.modals.a11y.after.handoff.title.text.text.1f60eae0";"src/plugin/modules/handoff-ficha.js:954 | src/plugin/views/modals.html:1084"
"txt.594fd1615a34";"Header";"2";"vocabulario-lib-web | texto-interface";"hac.refs.design.acessivel.web.wrapper.generated.componentoptions.21.00d53445 | hac.views.modals.option.text.7.7edb9328";"src/plugin/refs/design-acessivel-web-wrapper.generated.json:86 | src/plugin/views/modals.html:456"
"txt.99d72c7fc3e2";"hidden";"2";"texto-interface";"hac.modules.accessibility.synca11ymobileobservacoesplacement.labelnalinhadatag.l23.23641305 | hac.modules.accessibility.openhacpageinstructionmodal.onboardingopen.l5650c77.2b4b1cda";"src/plugin/modules/accessibility.js:2388 | src/plugin/modules/accessibility.js:5650"
"txt.43ef8789347e";"Icon Button";"2";"vocabulario-lib-mobile | vocabulario-lib-web";"hac.refs.design.acessivel.mobile.wrapper.generated.componentoptions.24.7edb5410 | hac.refs.design.acessivel.web.wrapper.generated.componentoptions.22.24949f3f";"src/plugin/refs/design-acessivel-mobile-wrapper.generated.json:39 | src/plugin/refs/design-acessivel-web-wrapper.generated.json:87"
"txt.1cc2e5c75753";"Icon Button Text";"2";"vocabulario-lib-mobile | vocabulario-lib-web";"hac.refs.design.acessivel.mobile.wrapper.generated.componentoptions.25.f75abda5 | hac.refs.design.acessivel.web.wrapper.generated.componentoptions.23.a1450262";"src/plugin/refs/design-acessivel-mobile-wrapper.generated.json:40 | src/plugin/refs/design-acessivel-web-wrapper.generated.json:88"
"txt.6948a1e634f2";"Identificar como button e ler o seu rótulo visível em tela.";"2";"texto-interface";"hac.modules.accessibility.descricao.l324c35.089ff468 | hac.modules.accessibility.descricao.l326c35.1d4f8d92";"src/plugin/modules/accessibility.js:324 | src/plugin/modules/accessibility.js:326"
"txt.cee0ea370308";"Identificar o status do componente como marcado ou desmarcado com o atributo aria-checked=""true"" ou ""false"". Deve-se também, inserir aria-label para adicionar um nome acessível ao elemento.";"2";"texto-interface";"hac.modules.accessibility.notascodigo.l333c82.35681a9f | hac.modules.accessibility.notascodigo.l336c76.11391ebf";"src/plugin/modules/accessibility.js:333 | src/plugin/modules/accessibility.js:336"
"txt.c369fb5dee00";"idiomas";"2";"vocabulario-dominio | texto-interface";"hac.modules.accessibility.a11y.web.estrutura.form.variacao.l3152c44.9040c812 | hac.views.modals.option.text.1.0d7fa61d";"src/plugin/modules/accessibility.js:3152 | src/plugin/views/modals.html:434"
"txt.9f66fc65c780";"Ignore itens decorativos: Imagens e ícones puramente ilustrativos não são lidos pelo leitor de tela, classifique-os com o conector Elementos Decorativos.";"2";"conteudo-instrucional";"hac.refs.ficha.instruction.content.leitortela.steps.2.37182b47 | hac.refs.ficha.instruction.content.leitortela.web.steps.3.2009ed5e";"src/plugin/refs/ficha-instruction-content.json:57 | src/plugin/refs/ficha-instruction-content.json:67"
"txt.f99d81df6cf3";"Input Money";"2";"vocabulario-lib-mobile | vocabulario-lib-web";"hac.refs.design.acessivel.mobile.wrapper.generated.componentoptions.27.82223738 | hac.refs.design.acessivel.web.wrapper.generated.componentoptions.30.3a2bd65e";"src/plugin/refs/design-acessivel-mobile-wrapper.generated.json:42 | src/plugin/refs/design-acessivel-web-wrapper.generated.json:95"
"txt.e9272977bd59";"Input Pin";"2";"vocabulario-lib-mobile | vocabulario-lib-web";"hac.refs.design.acessivel.mobile.wrapper.generated.componentoptions.28.0896c782 | hac.refs.design.acessivel.web.wrapper.generated.componentoptions.31.4a180b3f";"src/plugin/refs/design-acessivel-mobile-wrapper.generated.json:43 | src/plugin/refs/design-acessivel-web-wrapper.generated.json:96"
"txt.e2315e8d0bf9";"Input Slider";"2";"vocabulario-lib-mobile | vocabulario-lib-web";"hac.refs.design.acessivel.mobile.wrapper.generated.componentoptions.29.75487a94 | hac.refs.design.acessivel.web.wrapper.generated.componentoptions.32.bade0b07";"src/plugin/refs/design-acessivel-mobile-wrapper.generated.json:44 | src/plugin/refs/design-acessivel-web-wrapper.generated.json:97"
"txt.66b0c73b3ba6";"inputs";"2";"vocabulario-dominio";"hac.backend.dsc.matching.a11y.interactive.shortnames.l429c51.63314aa3 | hac.modules.accessibility.a11y.componente.labels.l410c29.cd97480e";"src/plugin/backend/dsc-matching.js:429 | src/plugin/modules/accessibility.js:410"
"txt.c3bec6bcbc9b";"INSTANCE";"2";"texto-interface";"hac.backend.dsc.matching.visit.nestedwithtext.l978c41.8bf779c0 | hac.backend.dsc.matching.nestedwithtext.l979c37.d168803c";"src/plugin/backend/dsc-matching.js:978 | src/plugin/backend/dsc-matching.js:979"
"txt.c1125e0b9ccd";"Item anterior";"2";"texto-interface | acessibilidade";"hac.views.modals.btn.a11y.wizard.prev.title.9a4e0b90 | hac.views.modals.btn.a11y.wizard.prev.aria.label.09b9fb5f";"src/plugin/views/modals.html:144 | src/plugin/views/modals.html:144"
"txt.41552333cf2c";"label/standard";"2";"vocabulario-dominio | revisar";"hac.code.a11y.ficha.type.scale.l3758c3.890ecffa | hac.code.ensuretelatitulocard.applyfichatypography.l4054c39.8f95b769";"src/plugin/code.js:3758 | src/plugin/code.js:4054"
"txt.10ec6d3e3278";"Legenda";"2";"revisar";"hac.code.buildfichalegendcolumn.name.l4734c14.4e65d068 | hac.code.buildfichainstructiononlylegendcolumn.name.l5182c14.7616fa0b";"src/plugin/code.js:4734 | src/plugin/code.js:5182"
"txt.a54491632cf8";"leitorTela";"2";"texto-interface";"hac.modules.onboarding.onboarding.tools.l59c29.c0044209 | hac.modules.onboarding.onboarding.tools.l68c38.3e9d126c";"src/plugin/modules/onboarding.js:59 | src/plugin/modules/onboarding.js:68"
"txt.41df2a9278c4";"Linha";"2";"texto-interface";"hac.views.modals.span.text.7.ac6f8d61 | hac.views.modals.strong.text.15.f39f0078";"src/plugin/views/modals.html:632 | src/plugin/views/modals.html:1534"
"txt.00b415f9ca7e";"linkComponente";"2";"texto-interface";"hac.modules.accessibility.linkcomponente.l872c36.c654ce7c | hac.modules.accessibility.componentprop.l4062c67.b9688af1";"src/plugin/modules/accessibility.js:872 | src/plugin/modules/accessibility.js:4062"
"txt.61c40ac108b7";"List Item";"2";"vocabulario-lib-mobile | vocabulario-lib-web";"hac.refs.design.acessivel.mobile.wrapper.generated.componentoptions.35.da6eea73 | hac.refs.design.acessivel.web.wrapper.generated.componentoptions.36.31562f28";"src/plugin/refs/design-acessivel-mobile-wrapper.generated.json:50 | src/plugin/refs/design-acessivel-web-wrapper.generated.json:101"
"txt.9aef9ecad0c5";"listas";"2";"vocabulario-dominio";"hac.backend.dsc.matching.a11y.interactive.shortnames.l431c3.cf51b602 | hac.modules.accessibility.a11y.componente.labels.l410c61.bf7ecfb6";"src/plugin/backend/dsc-matching.js:431 | src/plugin/modules/accessibility.js:410"
"txt.e95db2aa2861";"Loading Animation";"2";"vocabulario-lib-mobile | vocabulario-lib-web";"hac.refs.design.acessivel.mobile.wrapper.generated.componentoptions.38.f4d1e6de | hac.refs.design.acessivel.web.wrapper.generated.componentoptions.37.05c72453";"src/plugin/refs/design-acessivel-mobile-wrapper.generated.json:53 | src/plugin/refs/design-acessivel-web-wrapper.generated.json:102"
"txt.a4641c2370b3";"Localizar no canvas";"2";"texto-interface | acessibilidade";"hac.views.modals.btn.a11y.wizard.focus.title.1eee20c8 | hac.views.modals.btn.a11y.wizard.focus.aria.label.93381f4d";"src/plugin/views/modals.html:128 | src/plugin/views/modals.html:128"
"txt.b28b7af69320";"Main";"2";"vocabulario-lib-web | texto-interface";"hac.refs.design.acessivel.web.wrapper.generated.estrutura.marcotipos.1.46d5cf4a | hac.views.modals.option.text.9.74cb1aa6";"src/plugin/refs/design-acessivel-web-wrapper.generated.json:141 | src/plugin/views/modals.html:458"
"txt.9796809f7dae";"monitor";"2";"vocabulario-dominio | texto-interface";"hac.modules.accessibility.a11y.lib.icons.l5527c43.c9efd5cb | hac.modules.onboarding.onboarding.tools.l56c11.5bd97a60";"src/plugin/modules/accessibility.js:5527 | src/plugin/modules/onboarding.js:56"
"txt.1b9594ae86ef";"Não foi possível criar a cópia da tela (";"2";"mensagem-sistema";"hac.backend.onmessage.notify.l2414c22.046557ae | hac.backend.onmessage.notify.l3513c22.250850ff";"src/plugin/backend/onmessage.js:2414 | src/plugin/backend/onmessage.js:3513"
"txt.f85f13e52a84";"Não foi possível criar a cópia de trabalho. Tente novamente.";"2";"mensagem-sistema";"hac.modules.swipe.path.handleswipepathcopystarted.showtoast.l26c17.193a562a | hac.modules.tab.order.handletabordercopystarted.showtoast.l499c17.0d357c54";"src/plugin/modules/swipe-path.js:26 | src/plugin/modules/tab-order.js:499"
"txt.5b0baa481f2b";"Não foi possível criar a trilha de swipe.";"2";"revisar | mensagem-sistema";"hac.backend.onmessage.postmessage.l4276c48.b413c487 | hac.modules.swipe.path.handleswipepathcreatefailed.showtoast.l793c46.9acb7157";"src/plugin/backend/onmessage.js:4276 | src/plugin/modules/swipe-path.js:793"
"txt.4fc25daaaec8";"Não foi possível localizar a tela.";"2";"mensagem-sistema";"hac.modules.accessibility.starta11ymappingfromleitortab.showtoast.l6210c15.939043f5 | hac.modules.handoff.ficha.fichacloseareachecklist.showtoast.l995c26.a4047b5d";"src/plugin/modules/accessibility.js:6210 | src/plugin/modules/handoff-ficha.js:995"
"txt.b091d0be17ac";"Não foi possível varrer a tela automaticamente — tente novamente.";"2";"mensagem-sistema";"hac.backend.onmessage.notify.l2846c22.f9e5856a | hac.backend.onmessage.notify.l2957c22.bcb88449";"src/plugin/backend/onmessage.js:2846 | src/plugin/backend/onmessage.js:2957"
"txt.fea877d4f0f1";"Nav";"2";"vocabulario-lib-web | texto-interface";"hac.refs.design.acessivel.web.wrapper.generated.estrutura.marcotipos.0.7c0abdc8 | hac.views.modals.option.text.8.9e9ab7d6";"src/plugin/refs/design-acessivel-web-wrapper.generated.json:140 | src/plugin/views/modals.html:457"
"txt.6c49fda70f95";"Nenhum elemento na Ordem de Tabulação para narrar.";"2";"mensagem-sistema";"hac.modules.tab.order.handletabordernarrationresolved.showtoast.l1681c15.7dedd0b5 | hac.modules.tab.order.toggletabordernarration.showtoast.l1729c15.cbb3eb7c";"src/plugin/modules/tab-order.js:1681 | src/plugin/modules/tab-order.js:1729"
"txt.de843bb6dfcf";"Nova especificação";"2";"texto-interface";"hac.modules.accessibility.opena11ycategorypickermodalnow.textcontent.l1190c42.333a1f90 | hac.views.modals.a11y.category.picker.title.text.text.4148ebb0";"src/plugin/modules/accessibility.js:1190 | src/plugin/views/modals.html:14"
"txt.c13245c000b6";"number#1478:0";"2";"revisar";"hac.backend.onmessage.literal.l3087c15.05f97747 | hac.backend.onmessage.setproperties.l3088c38.4ef0cfde";"src/plugin/backend/onmessage.js:3087 | src/plugin/backend/onmessage.js:3088"
"txt.1bfec5fd60d4";"O frame original desta área não existe mais no canvas — marque a área novamente.";"2";"revisar";"hac.backend.onmessage.postmessage.l5662c19.e8cd743a | hac.backend.onmessage.postmessage.l5889c19.e4958ff8";"src/plugin/backend/onmessage.js:5662 | src/plugin/backend/onmessage.js:5889"
"txt.349a77d189ca";"Observação";"2";"revisar";"hac.code.filla11ymobileelementoseimagensfields.findnestedinstance.8f134452 | hac.code.filla11ymobileelementoseimagensfields.findrawkey.l737c36.60e016a8";"src/plugin/code.js:706 | src/plugin/code.js:737"
"txt.deb0ae418ba9";"Ocultar/Mostrar no canvas";"2";"revisar | texto-interface";"hac.modules.accessibility.rendera11yworkspaceheader.l2813c74.dabbcc38 | hac.views.specifications.html.text.4.c8c2418d";"src/plugin/modules/accessibility.js:2813 | src/plugin/views/specifications.html:170"
"txt.8acf19171cc3";"Popover";"2";"vocabulario-lib-mobile | vocabulario-lib-web";"hac.refs.design.acessivel.mobile.wrapper.generated.componentoptions.41.3cab1c3e | hac.refs.design.acessivel.web.wrapper.generated.componentoptions.41.472ad892";"src/plugin/refs/design-acessivel-mobile-wrapper.generated.json:56 | src/plugin/refs/design-acessivel-web-wrapper.generated.json:106"
"txt.ea159cba06ca";"Preparando a réplica de trabalho…";"2";"revisar";"hac.modules.accessibility.opena11ycategorypickermodalafterinstruction.showa11ycanv.cf637a0b | hac.modules.accessibility.starta11ybatchwizard.showa11ycanvasloading.l7108c76.36ff0238";"src/plugin/modules/accessibility.js:1113 | src/plugin/modules/accessibility.js:7108"
"txt.31f4a8d0babd";"Preparando cópia de trabalho…";"2";"revisar";"hac.modules.swipe.path.startswipepathaddpoint.showa11ycanvasloading.l312c74.2989f231 | hac.modules.tab.order.starttaborderadditemsfromcard.showa11ycanvasloading.l603.49b9e38b";"src/plugin/modules/swipe-path.js:312 | src/plugin/modules/tab-order.js:603"
"txt.5aaf8905f32a";"Progress";"2";"vocabulario-lib-mobile | vocabulario-lib-web";"hac.refs.design.acessivel.mobile.wrapper.generated.componentoptions.43.aabdd791 | hac.refs.design.acessivel.web.wrapper.generated.componentoptions.42.c0467f4a";"src/plugin/refs/design-acessivel-mobile-wrapper.generated.json:58 | src/plugin/refs/design-acessivel-web-wrapper.generated.json:107"
"txt.438d4cbf1cfa";"Próximo item";"2";"texto-interface | acessibilidade";"hac.views.modals.btn.a11y.wizard.next.title.fc52254d | hac.views.modals.btn.a11y.wizard.next.aria.label.12bb5de2";"src/plugin/views/modals.html:155 | src/plugin/views/modals.html:155"
"txt.bc811258ae9f";"PT";"2";"texto-interface";"hac.modules.accessibility.option.text.1.be3e9eac | hac.modules.accessibility.option.text.1.3ef21326";"src/plugin/modules/accessibility.js:4521 | src/plugin/modules/accessibility.js:4659"
"txt.61c78f0b8725";"Pular";"2";"texto-interface";"hac.modules.onboarding.button.text.1.ade8bf9a | hac.modules.onboarding.button.text.1.c1ab377b";"src/plugin/modules/onboarding.js:298 | src/plugin/modules/onboarding.js:321"
"txt.91a96bcd00db";"Puxar nome do elemento selecionado no canvas";"2";"texto-interface | acessibilidade";"hac.views.modals.button.16.title.7d81018e | hac.views.modals.button.16.aria.label.fd0a9ca3";"src/plugin/views/modals.html:707 | src/plugin/views/modals.html:707"
"txt.d432c3525b9d";"Radio";"2";"vocabulario-lib-mobile | vocabulario-lib-web";"hac.refs.design.acessivel.mobile.wrapper.generated.componentoptions.44.77b16acc | hac.refs.design.acessivel.web.wrapper.generated.componentoptions.44.60d2355e";"src/plugin/refs/design-acessivel-mobile-wrapper.generated.json:59 | src/plugin/refs/design-acessivel-web-wrapper.generated.json:109"
"txt.b84a7db6d1e7";"rascunho";"2";"texto-interface";"hac.modules.accessibility.versiontext.l5738c37.44c9b282 | hac.modules.accessibility.rendera11ypriorsessionalert.versiontext.l6166c35.da84581a";"src/plugin/modules/accessibility.js:5738 | src/plugin/modules/accessibility.js:6166"
"txt.471d569948af";"Recolher as instruções e liberar espaço no canvas";"2";"texto-interface | revisar";"hac.build.a11y.capture.mini.bar.help.data.tooltip.1d394196 | hac.modules.core.a11ycapturebarsynctooltips.t.l634c9.7b35c806";"src/plugin/build.cjs:273 | src/plugin/modules/core.js:634"
"txt.009c9ba7c1b4";"Recolher instruções";"2";"acessibilidade | revisar";"hac.build.a11y.capture.mini.bar.help.aria.label.8b02b63e | hac.modules.core.a11ycapturebarsynctooltips.setattribute.l637c50.ac67fefb";"src/plugin/build.cjs:274 | src/plugin/modules/core.js:637"
"txt.1a979c88db7b";"Reescanear esta tela";"2";"texto-interface | acessibilidade";"hac.views.modals.btn.a11y.batch.rescan.title.e801a123 | hac.views.modals.btn.a11y.batch.rescan.aria.label.11847539";"src/plugin/views/modals.html:1332 | src/plugin/views/modals.html:1332"
"txt.1e5dc8148ae0";"Remover da ordem de tabulação";"2";"texto-interface | acessibilidade";"hac.modules.tab.order.button.2.title.0204f217 | hac.modules.tab.order.button.2.aria.label.9fd36097";"src/plugin/modules/tab-order.js:1404 | src/plugin/modules/tab-order.js:1404"
"txt.4204b38a5937";"Remover item da tabulação?";"2";"texto-interface";"hac.modules.tab.order.deletetaborderpendingitem.opena11yconfirmmodal.l903c12.fbb13c7a | hac.modules.tab.order.deletetaborderitem.opena11yconfirmmodal.l1764c12.00d02e30";"src/plugin/modules/tab-order.js:903 | src/plugin/modules/tab-order.js:1764"
"txt.df5ab335477b";"Remover tela";"2";"texto-interface";"hac.modules.accessibility.html.text.2.3124f557 | hac.views.specifications.html.text.5.1c40a2c8";"src/plugin/modules/accessibility.js:5172 | src/plugin/views/specifications.html:175"
"txt.d374aa9bdbf5";"Remover trilha de swipe desta tela";"2";"texto-interface | acessibilidade";"hac.modules.accessibility.button.2.data.tooltip.3c4b1304 | hac.modules.accessibility.button.2.aria.label.399e9924";"src/plugin/modules/accessibility.js:4625 | src/plugin/modules/accessibility.js:4625"
"txt.29e3cd750be2";"Resumo";"2";"texto-interface";"hac.modules.handoff.ficha.fichanextstepafter.label.l355c37.75804a01 | hac.views.specifications.span.text.5.c66e1068";"src/plugin/modules/handoff-ficha.js:355 | src/plugin/views/specifications.html:217"
"txt.7fd457b3db86";"Revisão interrompida: ${confirmedCount} especifica${confirmedCount === 1 ? 'ção criada' : 'ções criadas'}, ${remaining} ${remaining === 1 ? 'item' : 'itens'} de volta pra ""Não Documentados"".";"2";"texto-interface | mensagem-sistema";"hac.modules.accessibility.stopa11ybatchwizard.message.l7389c9.c24adbe1 | hac.modules.accessibility.stopa11ybatchwizard.showtoast.l7398c15.6267ab9b";"src/plugin/modules/accessibility.js:7389 | src/plugin/modules/accessibility.js:7398"
"txt.9e8758b1eff3";"Revisão interrompida: ${remaining} ${remaining === 1 ? 'item' : 'itens'} continua${remaining === 1 ? '' : 'm'} em ""Não Documentados"".";"2";"texto-interface | mensagem-sistema";"hac.modules.accessibility.stopa11ybatchwizard.message.l7390c9.8fbc1c3e | hac.modules.accessibility.stopa11ybatchwizard.showtoast.l7400c15.9f03cc05";"src/plugin/modules/accessibility.js:7390 | src/plugin/modules/accessibility.js:7400"
"txt.053dc9a4a52e";"Salvando especificação…";"2";"revisar";"hac.modules.accessibility.finisha11yspecconfirm.showa11ycanvasloading.l4008c76.91003105 | hac.modules.accessibility.showa11ywizardsavingindicator.showa11ycanvasloading.l631.dcc9607a";"src/plugin/modules/accessibility.js:4008 | src/plugin/modules/accessibility.js:6316"
"txt.1166c09971a6";"Salvar alterações";"2";"texto-interface | revisar";"hac.modules.swipe.path.openswipepathreviewmodal.textcontent.l401c52.faf0cbfc | hac.modules.swipe.path.handleswipepathcreatefailed.l792c85.a96e216c";"src/plugin/modules/swipe-path.js:401 | src/plugin/modules/swipe-path.js:792"
"txt.0639d18f6e79";"Segmented Button";"2";"vocabulario-lib-mobile | vocabulario-lib-web";"hac.refs.design.acessivel.mobile.wrapper.generated.componentoptions.46.14f28e93 | hac.refs.design.acessivel.web.wrapper.generated.componentoptions.47.613fc41c";"src/plugin/refs/design-acessivel-mobile-wrapper.generated.json:61 | src/plugin/refs/design-acessivel-web-wrapper.generated.json:112"
"txt.a86b65253f5e";"segure Shift e clique";"2";"texto-interface";"hac.modules.tab.order.strong.text.1.c4e65871 | hac.modules.tab.order.strong.text.1.55126520";"src/plugin/modules/tab-order.js:174 | src/plugin/modules/tab-order.js:175"
"txt.07d892dc8efc";"Selo de Área";"2";"revisar";"hac.backend.onmessage.name.l983c22.d26abb88 | hac.backend.onmessage.name.l1210c24.562d2f07";"src/plugin/backend/onmessage.js:983 | src/plugin/backend/onmessage.js:1210"
"txt.46d15ae6a92e";"Simulação de leitura por voz não está disponível neste ambiente.";"2";"mensagem-sistema";"hac.modules.tab.order.toggleswipenarration.showtoast.l1698c15.5c5e2f25 | hac.modules.tab.order.toggletabordernarration.showtoast.l1724c15.068916e7";"src/plugin/modules/tab-order.js:1698 | src/plugin/modules/tab-order.js:1724"
"txt.96c2d4288e78";"Simular leitura";"2";"texto-interface";"hac.modules.accessibility.span.text.2.4d807cd1 | hac.modules.accessibility.span.text.3.c04d9bb4";"src/plugin/modules/accessibility.js:4504 | src/plugin/modules/accessibility.js:4655"
"txt.b520dff52041";"smartphone";"2";"vocabulario-dominio | texto-interface";"hac.modules.accessibility.a11y.lib.icons.l5527c67.066c3978 | hac.modules.onboarding.onboarding.tools.l65c11.ecbb4831";"src/plugin/modules/accessibility.js:5527 | src/plugin/modules/onboarding.js:65"
"txt.2e642905cfc3";"Snackbar";"2";"vocabulario-dominio | vocabulario-lib-mobile";"hac.modules.accessibility.a11y.componente.labels.l411c45.0596e2af | hac.refs.design.acessivel.mobile.wrapper.generated.componentoptions.51.f9b6c09d";"src/plugin/modules/accessibility.js:411 | src/plugin/refs/design-acessivel-mobile-wrapper.generated.json:66"
"txt.1bfb1079ad87";"Sobre o hac";"2";"texto-interface";"hac.build.button.1.title.92ca7829 | hac.views.modals.html.text.37.6c3d4ed4";"src/plugin/build.cjs:120 | src/plugin/views/modals.html:1634"
"txt.6be3172300a3";"Spinner";"2";"vocabulario-lib-mobile | vocabulario-lib-web";"hac.refs.design.acessivel.mobile.wrapper.generated.componentoptions.52.91b478b0 | hac.refs.design.acessivel.web.wrapper.generated.componentoptions.50.6264f4aa";"src/plugin/refs/design-acessivel-mobile-wrapper.generated.json:67 | src/plugin/refs/design-acessivel-web-wrapper.generated.json:115"
"txt.4e3e01b9af84";"star";"2";"vocabulario-dominio";"hac.modules.accessibility.a11y.categories.l122c58.530e739f | hac.modules.accessibility.a11y.categories.l122c146.6df5d98d";"src/plugin/modules/accessibility.js:122 | src/plugin/modules/accessibility.js:122"
"txt.39ef0f239f6c";"Subtipo";"2";"texto-interface";"hac.views.modals.label.text.4.3c58f20e | hac.views.modals.label.text.9.d765225c";"src/plugin/views/modals.html:431 | src/plugin/views/modals.html:575"
"txt.5d64152f69d7";"Super DSC Mobile";"2";"vocabulario-dominio | texto-interface";"hac.modules.accessibility.a11y.lib.labels.l5526c74.6f490ae5 | hac.views.home.p.text.3.33ed93ec";"src/plugin/modules/accessibility.js:5526 | src/plugin/views/home.html:113"
"txt.88e1fa356c78";"Super DSC Web";"2";"vocabulario-dominio | texto-interface";"hac.modules.accessibility.a11y.lib.labels.l5526c44.066d7a70 | hac.views.home.p.text.4.847386ce";"src/plugin/modules/accessibility.js:5526 | src/plugin/views/home.html:120"
"txt.86854534aa16";"tab-order-body-";"2";"revisar";"hac.modules.accessibility.foreach.l4183c46.eb36e3e2 | hac.modules.accessibility.a11ysetallsubaccordions.foreach.l4188c28.cc6c2c21";"src/plugin/modules/accessibility.js:4183 | src/plugin/modules/accessibility.js:4188"
"txt.9a81cd4a26ac";"tab-order-list-${uid}";"2";"revisar";"hac.modules.accessibility.a11yworkspacetabtabulacao.ulid.l4398c16.931f1c0c | hac.modules.tab.order.tabordersectionhtml.ulid.l31c16.002b7f04";"src/plugin/modules/accessibility.js:4398 | src/plugin/modules/tab-order.js:31"
"txt.5e9b60f69165";"Tag";"2";"texto-interface";"hac.views.modals.label.text.1.f9415268 | hac.views.modals.label.text.3.f6098655";"src/plugin/views/modals.html:253 | src/plugin/views/modals.html:425"
"txt.4d9c59b757f7";"Tela ${areaNumber} - ${frameLabel}";"2";"revisar";"hac.code.name.l3894c28.8a1850d9 | hac.code.getorcreatefichaareagroup.name.l3901c20.74429d54";"src/plugin/code.js:3894 | src/plugin/code.js:3901"
"txt.37d892d3de74";"text-green-600 dark:text-green-400";"2";"revisar";"hac.modules.handoff.ficha.ficharenderprojectsummary.cordoicone.l687c46.19607267 | hac.modules.handoff.ficha.fichastatuscolorclass.l760c36.2b8b903f";"src/plugin/modules/handoff-ficha.js:687 | src/plugin/modules/handoff-ficha.js:760"
"txt.5403f52028b8";"text-slate-400 dark:text-dark-muted";"2";"revisar";"hac.modules.handoff.ficha.ficharenderprojectsummary.cordoicone.l687c85.7da84323 | hac.modules.handoff.ficha.fichastatuscolorclass.l761c10.5cf4e290";"src/plugin/modules/handoff-ficha.js:687 | src/plugin/modules/handoff-ficha.js:761"
"txt.e3e04b6d486a";"texto alternativo";"2";"vocabulario-dominio | vocabulario-lib-web";"hac.modules.accessibility.a11y.elemento.mobile.variants.l569c21.a8753132 | hac.refs.design.acessivel.web.wrapper.generated.componentextravariantprops.imagem.variante.2dc87738";"src/plugin/modules/accessibility.js:569 | src/plugin/refs/design-acessivel-web-wrapper.generated.json:129"
"txt.1937ed24ceb1";"Tile Button";"2";"vocabulario-lib-mobile | vocabulario-lib-web";"hac.refs.design.acessivel.mobile.wrapper.generated.componentoptions.56.daf6ccfa | hac.refs.design.acessivel.web.wrapper.generated.componentoptions.56.c8a37e0d";"src/plugin/refs/design-acessivel-mobile-wrapper.generated.json:71 | src/plugin/refs/design-acessivel-web-wrapper.generated.json:121"
"txt.c60c915d7e74";"title/large";"2";"vocabulario-dominio | revisar";"hac.code.a11y.ficha.type.scale.l3753c3.6225b4e9 | hac.code.appendfichablocktitle.applyfichatypography.l4675c34.bb9259b7";"src/plugin/code.js:3753 | src/plugin/code.js:4675"
"txt.8a1be36de69d";"Título";"2";"revisar";"hac.code.buildfichalegendcolumn.name.l4772c20.669145d8 | hac.code.buildfichainstructiononlylegendcolumn.name.l5202c20.09cd2f9d";"src/plugin/code.js:4772 | src/plugin/code.js:5202"
"txt.d3e75bbc154a";"Títulos";"2";"vocabulario-dominio | vocabulario-lib-web";"hac.modules.accessibility.a11y.category.label.mobile.overrides.l171c11.3b528f61 | hac.refs.design.acessivel.web.wrapper.generated.wrapper.contentinstancebya11ytype.titulo.name.b4c61119";"src/plugin/modules/accessibility.js:171 | src/plugin/refs/design-acessivel-web-wrapper.generated.json:33"
"txt.83916160e91f";"Tooltip";"2";"vocabulario-lib-mobile | vocabulario-lib-web";"hac.refs.design.acessivel.mobile.wrapper.generated.componentoptions.61.6e039add | hac.refs.design.acessivel.web.wrapper.generated.componentoptions.59.01ef24e0";"src/plugin/refs/design-acessivel-mobile-wrapper.generated.json:76 | src/plugin/refs/design-acessivel-web-wrapper.generated.json:124"
"txt.2a4c8bb6df7a";"Trilha de Ordem de Leitura";"2";"texto-interface";"hac.modules.swipe.path.openswipepathreviewmodal.textcontent.l403c40.fa9e591e | hac.views.modals.a11y.swipe.path.review.title.text.text.c67574bf";"src/plugin/modules/swipe-path.js:403 | src/plugin/views/modals.html:1274"
"txt.bde578267f0f";"undoc-body-";"2";"revisar";"hac.modules.accessibility.foreach.l4184c28.a7f20c2f | hac.modules.accessibility.a11ysetallsubaccordions.foreach.l4191c35.a001e592";"src/plugin/modules/accessibility.js:4184 | src/plugin/modules/accessibility.js:4191"
"txt.7d20d5a7e6bd";"Variação";"2";"revisar | vocabulario-lib-web";"hac.code.filla11ywebestruturafields.setandverifyvariants.l1205c36.d5f53eb9 | hac.refs.design.acessivel.web.wrapper.generated.wrapper.contentinstancebya11ytype.estrutura.properties.0.160616f3";"src/plugin/code.js:1205 | src/plugin/refs/design-acessivel-web-wrapper.generated.json:56"
"txt.c85743c8ea4a";"variante";"2";"vocabulario-dominio | vocabulario-lib-web";"hac.modules.accessibility.a11y.variant.blocklist.l900c56.941a6a5f | hac.refs.design.acessivel.web.wrapper.generated.wrapper.contentinstancebya11ytype.elemento.properties.0..704ee046";"src/plugin/modules/accessibility.js:900 | src/plugin/refs/design-acessivel-web-wrapper.generated.json:21"
"txt.7b2d52da2b8b";"Ver handoff no canvas";"2";"texto-interface | acessibilidade";"hac.modules.accessibility.button.2.data.tooltip.1fd0add8 | hac.modules.accessibility.button.2.aria.label.349e71cc";"src/plugin/modules/accessibility.js:4936 | src/plugin/modules/accessibility.js:4936"
"txt.44dbf667bd9e";"Ver no canvas";"2";"texto-interface";"hac.modules.accessibility.button.text.1.f4781b07 | hac.modules.accessibility.button.text.1.6e66e61d";"src/plugin/modules/accessibility.js:5772 | src/plugin/modules/accessibility.js:6180"
"txt.70c5936024d7";"versão ${version}";"2";"texto-interface";"hac.modules.accessibility.versiontext.l5738c89.40a0aa56 | hac.modules.accessibility.rendera11ypriorsessionalert.versiontext.l6166c87.24437358";"src/plugin/modules/accessibility.js:5738 | src/plugin/modules/accessibility.js:6166"
"txt.59b20428d324";"view-specifications";"2";"texto-interface";"hac.modules.onboarding.onboarding.tools.l54c11.e6410db3 | hac.modules.onboarding.onboarding.tools.l63c11.33c93ffd";"src/plugin/modules/onboarding.js:54 | src/plugin/modules/onboarding.js:63"
"txt.38e998c3a17b";"Voltar ao topo";"2";"texto-interface | acessibilidade";"hac.build.btn.top.title.fcfae5ec | hac.build.btn.top.aria.label.2d53dcb9";"src/plugin/build.cjs:326 | src/plugin/build.cjs:326"
"txt.3e776e04f5a2";"workspace-${area.id}";"2";"revisar";"hac.modules.accessibility.a11yworkspacetabtabulacao.uid.l4397c15.b3f5c717 | hac.modules.accessibility.a11yworkspacetableitordetela.uid.l4742c15.86ba2b44";"src/plugin/modules/accessibility.js:4397 | src/plugin/modules/accessibility.js:4742"
"txt.e8b66e20ada4";"_a11yUndocumentedItemHtml(areaId, entry)).join('')}";"1";"texto-interface";"hac.modules.accessibility.undoc.body.uid.text.15586d59";"src/plugin/modules/accessibility.js:4375"
"txt.e598e714b5a0";"_Nenhuma tela documentada._";"1";"revisar";"hac.modules.core.exporthachandoffdoc.push.l294c31.633d452c";"src/plugin/modules/core.js:294"
"txt.7e90d53301a4";"_Sem documentação registrada nesta tela._";"1";"revisar";"hac.modules.core.foreach.l335c16.996fef68";"src/plugin/modules/core.js:335"
"txt.9bac4dbe12df";"- **${p.label || p.key}:** ${p.value}";"1";"revisar";"hac.modules.core.foreach.l312c38.de7b7102";"src/plugin/modules/core.js:312"
"txt.1461923927be";"- **Categoria:** ${cat}";"1";"revisar";"hac.modules.core.foreach.l309c27.072d4a8f";"src/plugin/modules/core.js:309"
"txt.8677384410e7";"- **Componente DSC:** ${s.a11yDscComponentName}";"1";"revisar";"hac.modules.core.foreach.l310c46.d46b321c";"src/plugin/modules/core.js:310"
"txt.eaa22717bd21";"— ${result.match.containingFrame}";"1";"texto-interface";"hac.modules.accessibility.framelabel.l1248c11.8e9106e4";"src/plugin/modules/accessibility.js:1248"
"txt.e5901c8aa859";"— Descartado";"1";"texto-interface";"hac.modules.accessibility.applya11ywizardmodalui.statussuffix.l7237c73.eae6ea20";"src/plugin/modules/accessibility.js:7237"
"txt.e3f293bf0a7a";"— Documentado";"1";"texto-interface";"hac.modules.accessibility.applya11ywizardmodalui.statussuffix.l7237c40.b6b412ca";"src/plugin/modules/accessibility.js:7237"
"txt.654462ab0bc2";"— Handoff de Acessibilidade CAIXA. Documenta, direto no canvas do Figma, como cada elemento da tela deve ser interpretado por um leitor de tela e em que ordem o teclado deve navegá-la.";"1";"texto-interface";"hac.views.modals.html.text.38.b247a215";"src/plugin/views/modals.html:1647"
"txt.a202a877a528";"— modal não será aberto, captura não iniciará.";"1";"diagnostico-tecnico";"hac.modules.tab.order.opena11yinstructionthenstart.warn.l378c123.5237d046";"src/plugin/modules/tab-order.js:378"
"txt.bdb1613cf34f";", e precisa de descrição explicando a função.";"1";"texto-interface";"hac.views.modals.html.text.33.9792be82";"src/plugin/views/modals.html:1545"
"txt.c4e827148002";", id=";"1";"diagnostico-tecnico";"hac.backend.dsc.matching.error.l899c75.ad8e7228";"src/plugin/backend/dsc-matching.js:899"
"txt.9b77fa82f063";", sempre criada dentro de uma tela já selecionada.";"1";"texto-interface";"hac.views.modals.html.text.29.7bb50dd0";"src/plugin/views/modals.html:1533"
"txt.4d2b36393cb1";": o texto já basta. Já um ícone sozinho, sem texto ao lado, que representa uma ação (ex.: só o ícone de lixeira, sem rótulo visível) é";"1";"texto-interface";"hac.views.modals.html.text.32.5f8034ff";"src/plugin/views/modals.html:1545"
"txt.9cc611ed4229";". Para espanhol:";"1";"texto-interface";"hac.modules.accessibility.html.text.2.6949f97c";"src/plugin/modules/accessibility.js:354"
"txt.eca2465a25b0";". Para inglês:";"1";"texto-interface";"hac.modules.accessibility.html.text.1.644eeb5c";"src/plugin/modules/accessibility.js:354"
"txt.d6fffaa75c86";". Uma imagem que carrega informação que não está em texto em nenhum outro lugar (gráfico, print de comprovante, foto de um documento) é";"1";"texto-interface";"hac.views.modals.html.text.34.b7d3d301";"src/plugin/views/modals.html:1546"
"txt.abf0bd17f338";""" (não impede o handoff).";"1";"diagnostico-tecnico";"hac.backend.onmessage.error.l5751c111.0588476c";"src/plugin/backend/onmessage.js:5751"
"txt.eed65ecf2ef6";""" fill=""none"" stroke=""#FFFFFF"" stroke-width=""";"1";"revisar";"hac.modules.accessibility.literal.l305c62.7ce5c388";"src/plugin/modules/accessibility.js:305"
"txt.5d85ac9d8d39";""" não tem card na lib de acessibilidade desta plataforma. Escolha um componente da lista em Elementos e Imagens ou outra categoria.";"1";"vocabulario-dominio";"hac.backend.onmessage.a11y.fail.messages.l1503c60.5135f39c";"src/plugin/backend/onmessage.js:1503"
"txt.90de090c60d3";""" stroke-linecap=""round""/>";"1";"revisar";"hac.modules.accessibility.a11ybaniconsvg.l306c161.0b36291e";"src/plugin/modules/accessibility.js:306"
"txt.6427ea7aa748";""" stroke=""#FFFFFF"" stroke-width=""";"1";"revisar";"hac.modules.accessibility.a11ybaniconsvg.l306c109.73e2aca1";"src/plugin/modules/accessibility.js:306"
"txt.538d64f1dfbc";""" text-anchor=""middle"" dominant-baseline=""central""";"1";"revisar";"hac.modules.accessibility.literal.l271c52.90fdd048";"src/plugin/modules/accessibility.js:271"
"txt.ef5c3fa4f648";"“${escapeHtml(spec.targetText)}”";"1";"texto-interface";"hac.modules.accessibility.p.text.2.c910958e";"src/plugin/modules/accessibility.js:4119"
"txt.9a5ac87e807b";"""${it.nodeName || 'Item'}"" sairá da ordem e o selo será apagado do canvas.";"1";"texto-interface";"hac.modules.tab.order.deletetaborderpendingitem.opena11yconfirmmodal.l904c11.8627b37c";"src/plugin/modules/tab-order.js:904"
"txt.3c4b3aa8fcdc";"""${it.nodeName || 'Ponto'}"" sairá da trilha, que será redesenhada no canvas.";"1";"texto-interface";"hac.modules.swipe.path.deleteswipepathpendingitem.opena11yconfirmmodal.l630c9.3e72811b";"src/plugin/modules/swipe-path.js:630"
"txt.cb4a27803765";"""${it.nodeName || 'Ponto'}"" sairá da trilha.";"1";"texto-interface";"hac.modules.swipe.path.deleteswipepathpendingitem.opena11yconfirmmodal.l631c9.c08625cc";"src/plugin/modules/swipe-path.js:631"
"txt.26d156f36181";"""${label}"" será removida do plugin e do canvas, inclusive do handoff. Esta ação não pode ser desfeita.";"1";"texto-interface";"hac.modules.accessibility.deletea11yspec.opena11yconfirmmodal.l7443c11.f9dd10fc";"src/plugin/modules/accessibility.js:7443"
"txt.e89a42ff6ef2";"""${raw.targetNodeName || raw.nodeName || 'Item'}"" sairá da ordem e o selo será apagado do canvas, inclusive do handoff. A numeração dos demais é refeita.";"1";"texto-interface";"hac.modules.tab.order.deletetaborderitem.opena11yconfirmmodal.l1765c11.8d2594e7";"src/plugin/modules/tab-order.js:1765"
"txt.5502bdccd80b";"( v\d+)$";"1";"revisar";"hac.code.extracta11ysectionversionsuffix.match.l1499c107.3cd99386";"src/plugin/code.js:1499"
"txt.9493dcae4a9a";"(${String(options.presetTituloNivel).toUpperCase()})";"1";"revisar";"hac.modules.accessibility.applya11ymanualmatchtopicker.lvl.l1284c70.23189280";"src/plugin/modules/accessibility.js:1284"
"txt.50f1fe7f0710";"(apontamento técnico pro dev), quando aplicável à variante escolhida.";"1";"texto-interface";"hac.views.modals.html.text.27.0176cce7";"src/plugin/views/modals.html:1522"
"txt.3a4f900caa4f";"(como o elemento deve ou não ser lido) e";"1";"texto-interface";"hac.views.modals.html.text.26.32bca438";"src/plugin/views/modals.html:1522"
"txt.a525e5e6a550";"(function () {\nfunction renderA11yCategoriesHelpBadges() {\nif (typeof A11Y_CATEGORIES === 'undefined' || typeof renderA11yCategoryBadgeSvg === 'undefined') return; // defensivo — nunca deveria faltar quando o modal já pode ser aberto\ndocument.querySelectorAll('.a11y-cat-badge[data-a11y-cat]').forEach(function (el) {\nvar catKey = el.getAttribute('data-a11y-cat');\nif (!A11Y_CATEGORIES[catKey]) return;\n// Forma real da categoria (círculo/estrela/quadrado) via SVG puro —\n// substitui o antigo círculo com borda + ícone Lucide. A borda/cor\n// inline não é mais necessária aqui (a cor já vem preenchida no SVG).\nel.style.borderColor = 'transparent';\nel.innerHTML = renderA11yCategoryBadgeSvg(catKey, 28);\n});\n}\n\nfunction attachObserver() {\nvar modal = document.getElementById('a11y-categories-help-modal');\nif (!modal) return;\nvar observer = new MutationObserver(function () {\nif (!modal.classList.contains('hidden')) renderA11yCategoriesHelpBadges();\n});\nobserver.observe(modal, { attributes: true, attributeFilter: ['class'] });\n}\n\n// Guard pros dois casos possíveis: script avaliado durante o parsing\n// (documento ainda ""loading"", caso normal aqui) ou já carregado por algum\n// motivo — nunca perde o attach por causa de timing de DOMContentLoaded.\nif (document.readyState === 'loading') {\ndocument.addEventListener('DOMContentLoaded', attachObserver);\n} else {\nattachObserver();\n}\n})();";"1";"texto-interface";"hac.views.modals.script.text.2.b69a5d25";"src/plugin/views/modals.html:1568"
"txt.97de298defc8";"(function () {\nfunction renderA11yCategoryPickerBadges() {\nif (typeof A11Y_CATEGORIES === 'undefined' || typeof renderA11yCategoryBadgeSvg === 'undefined') return;\ndocument.querySelectorAll('.a11y-cat-badge-picker[data-a11y-cat]').forEach(function (el) {\nvar catKey = el.getAttribute('data-a11y-cat');\nif (!A11Y_CATEGORIES[catKey]) return;\nel.innerHTML = renderA11yCategoryBadgeSvg(catKey, 18);\n});\n}\n\nfunction attachObserver() {\nvar modal = document.getElementById('a11y-category-picker-modal');\nif (!modal) return;\nvar observer = new MutationObserver(function () {\nif (!modal.classList.contains('hidden')) renderA11yCategoryPickerBadges();\n});\nobserver.observe(modal, { attributes: true, attributeFilter: ['class'] });\n}\n\nif (document.readyState === 'loading') {\ndocument.addEventListener('DOMContentLoaded', attachObserver);\n} else {\nattachObserver();\n}\n})();";"1";"texto-interface";"hac.views.modals.script.text.1.09783f74";"src/plugin/views/modals.html:73"
"txt.d4a5db2687ec";"(ou Cmd + C no Mac).";"1";"texto-interface";"hac.views.modals.html.text.13.57032649";"src/plugin/views/modals.html:906"
"txt.7a3809d09ec6";"(ou Cmd + V).";"1";"texto-interface";"hac.views.modals.html.text.14.ddf0bfb9";"src/plugin/views/modals.html:907"
"txt.a701fe2981d3";"(padrão) envolve o elemento inteiro com uma moldura, com o selo embutido num dos cantos.";"1";"texto-interface";"hac.views.modals.html.text.30.699238cd";"src/plugin/views/modals.html:1534"
"txt.b6b0e57dbd74";"(selo azul numerado) é o pré-requisito: identifica uma seção ou bloco da tela e agrupa, na listagem lateral, todas as especificações criadas dentro dela. Cada uma das categorias acima é uma";"1";"texto-interface";"hac.views.modals.html.text.28.72d044b2";"src/plugin/views/modals.html:1533"
"txt.a015d255b434";"(sem componente)";"1";"revisar";"hac.code.filla11ywebelementofields.l1127c113.ab2dc2aa";"src/plugin/code.js:1127"
"txt.4496e33a2ddc";"(sem id)";"1";"revisar";"hac.code.getorcreatefichaitensframe.l4299c104.a4169b1b";"src/plugin/code.js:4299"
"txt.419800639ec8";"(type=";"1";"diagnostico-tecnico";"hac.backend.dsc.matching.error.l899c55.aa70cc8d";"src/plugin/backend/dsc-matching.js:899"
"txt.1c45320efc20";") — ele foi colocado direto no grupo da tela.";"1";"mensagem-sistema";"hac.backend.onmessage.notify.l2679c102.7fff3e4b";"src/plugin/backend/onmessage.js:2679"
"txt.4080c94b1b15";"[${_layerTag} | ${opts.letter} | ${_specSide}] ${node.name}";"1";"revisar";"hac.backend.onmessage.name.l2181c24.cd946374";"src/plugin/backend/onmessage.js:2181"
"txt.99073b0e2fe2";"[dsc] Avatar";"1";"revisar";"hac.backend.dsc.matching.containingframe.l291c39.5bee344e";"src/plugin/backend/dsc-matching.js:291"
"txt.706bd7572d38";"[dsc] Checkbox";"1";"revisar";"hac.backend.dsc.matching.containingframe.l289c39.8f80eeeb";"src/plugin/backend/dsc-matching.js:289"
"txt.7f98418dcac2";"[dsc] Icon Button";"1";"revisar";"hac.backend.dsc.matching.containingframe.l359c47.d2afd196";"src/plugin/backend/dsc-matching.js:359"
"txt.c939fac194ad";"[dsc] Input Stepper";"1";"revisar";"hac.backend.dsc.matching.containingframe.l288c39.878a4d71";"src/plugin/backend/dsc-matching.js:288"
"txt.3e732d072658";"[dsc] Radio";"1";"revisar";"hac.backend.dsc.matching.containingframe.l290c39.5f96a2ba";"src/plugin/backend/dsc-matching.js:290"
"txt.6951aeafbd57";"[dsc] Switch";"1";"revisar";"hac.backend.dsc.matching.containingframe.l287c39.41767cd1";"src/plugin/backend/dsc-matching.js:287"
"txt.01afd82187e7";"[hac mob] Box specs leitor de tela";"1";"revisar";"hac.backend.platform.profiles.setname.l238c16.bb78b4ce";"src/plugin/backend/platform-profiles.js:238"
"txt.26932d9b0b3c";"[hac Swipe] Trilha (${nodes.length} pontos)";"1";"revisar";"hac.backend.onmessage.buildswipepathconnection.name.l4104c18.735a27c0";"src/plugin/backend/onmessage.js:4104"
"txt.371f7564c70e";"[hac] _a11yScanArea: instância sem match DSC resolvido — não deveria ser descartada silenciosamente.";"1";"diagnostico-tecnico";"hac.backend.dsc.matching.error.l772c25.749f27f4";"src/plugin/backend/dsc-matching.js:772"
"txt.6a700bad118d";"[hac] _buildFichaSwipeSection: reparenting da trilha pro overlay falhou, mantendo solta na página.";"1";"diagnostico-tecnico";"hac.backend.onmessage.buildfichaswipesection.error.l5439c21.5adf1a71";"src/plugin/backend/onmessage.js:5439"
"txt.8c1909323a65";"[hac] _buildFichaTabulacaoSection: falha ao desenhar selo.";"1";"diagnostico-tecnico";"hac.backend.onmessage.error.l5220c25.e96ee440";"src/plugin/backend/onmessage.js:5220"
"txt.254ec3aef951";"[hac] _confirmA11yInstructionModal: nenhum callback pendente ao confirmar — modal fechado sem iniciar nenhuma captura.";"1";"diagnostico-tecnico";"hac.modules.tab.order.confirma11yinstructionmodal.warn.l422c18.00d65398";"src/plugin/modules/tab-order.js:422"
"txt.f868932bd4ef";"[hac] _createOrGetFichaFrame: falha ao migrar frames antigos (cria um Documentação novo).";"1";"diagnostico-tecnico";"hac.code.createorgetfichaframe.error.l3678c21.fbeac889";"src/plugin/code.js:3678"
"txt.1c0b3676de64";"[hac] _createTabOrderBadge: falha ao importar selo real, usando fallback procedural.";"1";"diagnostico-tecnico";"hac.backend.onmessage.createtaborderbadge.error.l2540c21.7ff23a74";"src/plugin/backend/onmessage.js:2540"
"txt.114702bc3b22";"[hac] _createTabOrderBadge: fonte Inter Bold indisponível, tentando carregar novamente.";"1";"diagnostico-tecnico";"hac.backend.onmessage.createtaborderbadge.error.l2587c23.f5233298";"src/plugin/backend/onmessage.js:2587"
"txt.593af27c8eca";"[hac] _createTabOrderBadge: reparenting pro grupo de selos falhou, caindo pro Grupo da Área.";"1";"diagnostico-tecnico";"hac.backend.onmessage.createtaborderbadge.error.l2675c23.655c92d5";"src/plugin/backend/onmessage.js:2675"
"txt.07e620b5bc1c";"[hac] _ensureCloneWorkFrame: falhou, moldura visual não aplicada (não afeta o trabalho real).";"1";"diagnostico-tecnico";"hac.code.ensurecloneworkframe.desativada.error.l2285c19.91599615";"src/plugin/code.js:2285"
"txt.0aed4d5d9d98";"[hac] _ensureLegendBesideClone: falha ao inserir as instruções ao lado da réplica (não impede o trabalho).";"1";"diagnostico-tecnico";"hac.backend.onmessage.ensurelegendbesideclone.error.l5081c21.721860b0";"src/plugin/backend/onmessage.js:5081"
"txt.ed2b4091041b";"[hac] _ensureLegendBesideClone: falha ao mover o Grupo da Área pra dentro de ""[HAC] Assets do Handoff"".";"1";"diagnostico-tecnico";"hac.backend.onmessage.ensurelegendbesideclone.error.l4956c23.8ca3f6a2";"src/plugin/backend/onmessage.js:4956"
"txt.334a93c5a5e2";"[hac] _ensureLegendBesideClone: reparenting do clone pro FRAME de Handoff falhou.";"1";"diagnostico-tecnico";"hac.backend.onmessage.error.l5058c25.f9542096";"src/plugin/backend/onmessage.js:5058"
"txt.5ea2c48aac68";"[hac] _findFreeTabOrderCopyPosition: falhou em _collectA11yOccupiedBounds";"1";"diagnostico-tecnico";"hac.code.findfreetabordercopyposition.error.l3474c19.eabea81e";"src/plugin/code.js:3474"
"txt.c695b7ef007c";"[hac] _fitFichaHandoffFrameToChildren: falha ao ajustar tamanho (não impede o restante).";"1";"diagnostico-tecnico";"hac.backend.onmessage.fitfichahandoffframetochildren.error.l4770c21.3aaaeb49";"src/plugin/backend/onmessage.js:4770"
"txt.000ecce054ff";"[hac] _fitSectionToChildren: falhou ao redimensionar a Section.";"1";"diagnostico-tecnico";"hac.code.fitsectiontochildren.error.l2134c19.e88568e3";"src/plugin/code.js:2134"
"txt.1932957272fd";"[hac] _repairMisplacedSpecMarkers falhou (segue sem reparo).";"1";"diagnostico-tecnico";"hac.backend.onmessage.repairmisplacedspecmarkers.error.l5541c21.c1219532";"src/plugin/backend/onmessage.js:5541"
"txt.c1f509dee244";"[hac] _reparentIntoAreaGroup: falhou, node ficou solto na página.";"1";"diagnostico-tecnico";"hac.code.reparentintoareagroup.error.l2337c19.4cf53828";"src/plugin/code.js:2337"
"txt.62f89bb4e100";"[hac] _reparentIntoSection: falhou, node ficou solto na página.";"1";"diagnostico-tecnico";"hac.code.reparentintosection.error.l2018c19.0bb9d6e4";"src/plugin/code.js:2018"
"txt.9ce8a6e74dd5";"[hac] _rescueLegacyOverlayNestedInsideClone: falhou ao resgatar overlay legado, mantendo aninhado.";"1";"diagnostico-tecnico";"hac.code.rescuelegacyoverlaynestedinsideclone.error.l2400c19.82ae9b8d";"src/plugin/code.js:2400"
"txt.b4d50763b611";"[hac] _snapshotCloneIntoFichaSection: exportAsync falhou, usando placeholder.";"1";"diagnostico-tecnico";"hac.code.snapshotcloneintofichasection.error.l2740c19.db90e590";"src/plugin/code.js:2740"
"txt.70d941c48e07";"[hac] _syncTelaTituloCardWidth: falha ao sincronizar largura do título (não impede o restante).";"1";"diagnostico-tecnico";"hac.code.synctelatitulocardwidth.error.l4156c19.b3d83c4d";"src/plugin/code.js:4156"
"txt.20160e185c0e";"[hac] backup no documento falhou (clientStorage segue como fonte principal):";"1";"diagnostico-tecnico";"hac.code.writehacdatatodocument.warn.l5348c18.2572ef82";"src/plugin/code.js:5348"
"txt.8f2b6ce0b9db";"[hac] backup no documento ilegível (ignorado):";"1";"diagnostico-tecnico";"hac.code.readhacdatafromdocument.warn.l5373c18.e19eba50";"src/plugin/code.js:5373"
"txt.41ea6a5005a8";"[hac] bump-a11y-session-version: falha ao incrementar a versão da Section de sessão (não impede o handoff).";"1";"diagnostico-tecnico";"hac.backend.onmessage.error.l5859c21.d3ab60e1";"src/plugin/backend/onmessage.js:5859"
"txt.6e095c709e3a";"[hac] cancelTabOrderReview: limpeza da cópia rascunho forçada após timeout — o loop de desenho automático não sinalizou o fim a tempo.";"1";"diagnostico-tecnico";"hac.modules.tab.order.settimeout.l1046c21.1ae16a18";"src/plugin/modules/tab-order.js:1046"
"txt.776aec89f2da";"[hac] contornos reposicionados da tela original para a réplica:";"1";"diagnostico-tecnico";"hac.backend.onmessage.repairmisplacedspecmarkers.log.l5538c30.fe07f528";"src/plugin/backend/onmessage.js:5538"
"txt.f80548504b36";"[hac] create-unified-spec: card da lib indisponível —";"1";"diagnostico-tecnico";"hac.backend.onmessage.error.l1522c23.cb0bfbd3";"src/plugin/backend/onmessage.js:1522"
"txt.8705013ab39f";"[hac] create-unified-spec: elemento recuperado na réplica via";"1";"diagnostico-tecnico";"hac.backend.onmessage.log.l1458c25.b5376805";"src/plugin/backend/onmessage.js:1458"
"txt.ea8ef23f8fb7";"[hac] create-unified-spec: falha ao reajustar o tamanho do bloco/Documentação após novo card.";"1";"diagnostico-tecnico";"hac.backend.onmessage.error.l2281c25.e5dd6c9c";"src/plugin/backend/onmessage.js:2281"
"txt.2f7a31138adc";"[hac] create-unified-spec: falha ao resolver/criar o clone da área — desenhando sobre o original.";"1";"diagnostico-tecnico";"hac.backend.onmessage.error.l1435c25.a472571a";"src/plugin/backend/onmessage.js:1435"
"txt.874cf9eea542";"[hac] create-unified-spec: falhou.";"1";"diagnostico-tecnico";"hac.backend.onmessage.error.l2345c21.1e20fed3";"src/plugin/backend/onmessage.js:2345"
"txt.70523eefcbfa";"[hac] create-unified-spec: node não encontrado no clone da área.";"1";"diagnostico-tecnico";"hac.backend.onmessage.error.l1420c29.86faa354";"src/plugin/backend/onmessage.js:1420"
"txt.70d5beb1653b";"[hac] create-unified-spec: reparenting pro grupo overlay falhou, caindo pra Section de sessão.";"1";"diagnostico-tecnico";"hac.backend.onmessage.error.l2235c25.59c2a9d2";"src/plugin/backend/onmessage.js:2235"
"txt.5cb5f70f70aa";"[hac] delete-specs-for-area: removidos";"1";"diagnostico-tecnico";"hac.backend.onmessage.log.l3944c19.c169b0b5";"src/plugin/backend/onmessage.js:3944"
"txt.397af4e775f5";"[hac] download falhou:";"1";"diagnostico-tecnico";"hac.modules.core.downloadfile.error.l205c19.2f129a1c";"src/plugin/modules/core.js:205"
"txt.2f68015dc151";"[hac] draw-tab-order-badge: falha ao desenhar selo para";"1";"diagnostico-tecnico";"hac.backend.onmessage.error.l3897c23.76e6107c";"src/plugin/backend/onmessage.js:3897"
"txt.2f142ac368e6";"[hac] exportHacBackupJson falhou:";"1";"diagnostico-tecnico";"hac.modules.core.exporthacbackupjson.error.l274c19.19b25494";"src/plugin/modules/core.js:274"
"txt.38efae8c6ae9";"[hac] exportHacHandoffDoc falhou:";"1";"diagnostico-tecnico";"hac.modules.core.exporthachandoffdoc.error.l343c19.c2048094";"src/plugin/modules/core.js:343"
"txt.4ca7d48e2585";"[hac] falha ao limpar o backup do documento:";"1";"diagnostico-tecnico";"hac.code.clearhacdatafromdocument.warn.l5392c18.ce264db0";"src/plugin/code.js:5392"
"txt.9752fedf3f83";"[hac] falha ao remover Section de sessão do canvas:";"1";"diagnostico-tecnico";"hac.code.warn.l5445c22.9f95e374";"src/plugin/code.js:5445"
"txt.996eb972e734";"[hac] generate-swipe-path-from-layers falhou:";"1";"diagnostico-tecnico";"hac.backend.onmessage.error.l2956c23.138fc2bc";"src/plugin/backend/onmessage.js:2956"
"txt.d28c7f329549";"[hac] generate-tab-order-from-layers falhou:";"1";"diagnostico-tecnico";"hac.backend.onmessage.error.l2845c23.f2cafe46";"src/plugin/backend/onmessage.js:2845"
"txt.97bcba071f28";"[HAC] Handoff de Acessibilidade | ${_timestamp} | ${designerName || 'Designer não identificado'} | rascunho";"1";"revisar";"hac.code.getorcreatea11ysessionsection.name.l1715c20.d06e5432";"src/plugin/code.js:1715"
"txt.4d299b27c047";"[hac] ícone de categoria da instrução não trocado:";"1";"diagnostico-tecnico";"hac.code.swapinstructioncategorybadges.error.l4623c21.735fb4ed";"src/plugin/code.js:4623"
"txt.8fdf95bcdbdc";"[hac] insert-ficha-section: falha ao criar/obter o frame do Handoff de Acessibilidade.";"1";"diagnostico-tecnico";"hac.backend.onmessage.error.l5674c23.a2dbe96f";"src/plugin/backend/onmessage.js:5674"
"txt.d9f6de9f4359";"[hac] insert-ficha-section: falha ao limpar a réplica de trabalho de """;"1";"diagnostico-tecnico";"hac.backend.onmessage.error.l5751c23.c5180eee";"src/plugin/backend/onmessage.js:5751"
"txt.a2df4c579975";"[hac] insert-ficha-section: falha ao limpar sinalização de edição (não impede o handoff).";"1";"diagnostico-tecnico";"hac.backend.onmessage.error.l5786c23.62f5daa4";"src/plugin/backend/onmessage.js:5786"
"txt.3d886438c900";"[hac] insert-ficha-section: falha ao montar a seção """;"1";"diagnostico-tecnico";"hac.backend.onmessage.error.l5692c23.14659d5e";"src/plugin/backend/onmessage.js:5692"
"txt.c9edb970e618";"[hac] insert-ficha-section: falha ao readequar o tamanho da Section (não impede o handoff).";"1";"diagnostico-tecnico";"hac.backend.onmessage.error.l5772c23.1e919c01";"src/plugin/backend/onmessage.js:5772"
"txt.c697ef1cc339";"[hac] insert-swipe-path falhou:";"1";"diagnostico-tecnico";"hac.backend.onmessage.error.l4272c23.31a76165";"src/plugin/backend/onmessage.js:4272"
"txt.38759cee9dcf";"[hac] insert-swipe-path: reparenting pro grupo overlay falhou, caindo pro Grupo da Área.";"1";"diagnostico-tecnico";"hac.backend.onmessage.error.l4226c27.cd241b02";"src/plugin/backend/onmessage.js:4226"
"txt.bfb9f895a1e8";"[hac] instrução: import do componente da lib falhou.";"1";"diagnostico-tecnico";"hac.backend.onmessage.createfichainstructionlegend.error.l4538c23.3a3684fa";"src/plugin/backend/onmessage.js:4538"
"txt.b6d28c9201db";"[HAC] Instruções de ${cfg.title}";"1";"revisar";"hac.backend.onmessage.getorcreatefichainstrucoesframe.name.l4575c23.00cbb273";"src/plugin/backend/onmessage.js:4575"
"txt.ad223cb325a8";"[HAC] Leitor de Tela";"1";"revisar";"hac.code.name.l3614c11.9239fe94";"src/plugin/code.js:3614"
"txt.41d790b4f010";"[hac] navigate(""view-area-workspace"") chamado sem _a11yWorkspaceAreaId definido — use openA11yAreaWorkspace(areaId) em vez de navigate() direto.";"1";"diagnostico-tecnico";"hac.modules.core.navigate.warn.l1043c20.6554c774";"src/plugin/modules/core.js:1043"
"txt.320adb1c8c41";"[hac] openA11yInstructionThenStart: _renderA11yInstructionModal retornou false para feature=";"1";"diagnostico-tecnico";"hac.modules.tab.order.opena11yinstructionthenstart.warn.l378c18.888871e7";"src/plugin/modules/tab-order.js:378"
"txt.2e728afefe3f";"[HAC] Ordem de Leitura | Swipe";"1";"revisar";"hac.code.name.l3607c11.bf9962e0";"src/plugin/code.js:3607"
"txt.f5c80bbf7309";"[HAC] Ordem de Tabulação";"1";"revisar";"hac.code.name.l3600c11.f54536b8";"src/plugin/code.js:3600"
"txt.5b4699a87a8d";"[hac] prepare-ficha-section-edit: falha ao resolver o clone de """;"1";"diagnostico-tecnico";"hac.backend.onmessage.error.l5907c23.e06d4f42";"src/plugin/backend/onmessage.js:5907"
"txt.5d534a89d1fa";"[hac] prepare-ficha-section-edit: falha ao sinalizar o bloco final como desatualizado.";"1";"diagnostico-tecnico";"hac.backend.onmessage.error.l5929c23.cf62809e";"src/plugin/backend/onmessage.js:5929"
"txt.dd28f3da6920";"[hac] renumber-tab-order-items: falha ao renumerar";"1";"diagnostico-tecnico";"hac.backend.onmessage.error.l3095c25.4bdbe72c";"src/plugin/backend/onmessage.js:3095"
"txt.f2c512bf758d";"[hac] restauração falhou:";"1";"diagnostico-tecnico";"hac.modules.core.error.l421c21.61eeb974";"src/plugin/modules/core.js:421"
"txt.62e95a138175";"[hac] start-swipe-path-mode: falha ao criar a cópia.";"1";"diagnostico-tecnico";"hac.backend.onmessage.error.l2413c23.75453ebc";"src/plugin/backend/onmessage.js:2413"
"txt.bab46142e8cf";"[hac] start-tab-order-copy: falha ao criar a cópia.";"1";"diagnostico-tecnico";"hac.backend.onmessage.error.l3512c23.d7f42d63";"src/plugin/backend/onmessage.js:3512"
"txt.c577b6f32c24";"[hac] startTabOrderManualMode: areaId ou targetNodeId ausente.";"1";"diagnostico-tecnico";"hac.modules.tab.order.starttabordermanualmode.warn.l184c18.32532ce3";"src/plugin/modules/tab-order.js:184"
"txt.0ee2a5432eba";"[hac] update-a11y-area-conector: falha ao trocar componente da instância.";"1";"diagnostico-tecnico";"hac.backend.onmessage.error.l1184c25.07faa2ec";"src/plugin/backend/onmessage.js:1184"
"txt.d01508c3c34c";"[hac][área] reparentado com sucesso";"1";"diagnostico-tecnico";"hac.backend.onmessage.log.l4948c23.a9ecad90";"src/plugin/backend/onmessage.js:4948"
"txt.9160d538aea1";"[hac][área] reparenting";"1";"diagnostico-tecnico";"hac.backend.onmessage.ensurelegendbesideclone.log.l4921c21.2b6ba6b8";"src/plugin/backend/onmessage.js:4921"
"txt.fcc1da51f820";"[hac][legenda] bloco";"1";"diagnostico-tecnico";"hac.backend.onmessage.ensurelegendbesideclone.log.l4961c19.ded15963";"src/plugin/backend/onmessage.js:4961"
"txt.baea0b23cf07";"[hac][legenda] docFrame";"1";"diagnostico-tecnico";"hac.backend.onmessage.ensurelegendbesideclone.log.l4888c19.a8da540c";"src/plugin/backend/onmessage.js:4888"
"txt.c5e42f49560d";"[hac][legenda] handoffFrame";"1";"diagnostico-tecnico";"hac.backend.onmessage.ensurelegendbesideclone.log.l4977c19.c4c6f698";"src/plugin/backend/onmessage.js:4977"
"txt.627553eca767";"[hac][legenda] início";"1";"diagnostico-tecnico";"hac.backend.onmessage.ensurelegendbesideclone.log.l4886c19.02c2fa76";"src/plugin/backend/onmessage.js:4886"
"txt.cfd295dc7d6d";"[hac][legenda] itensFrame";"1";"diagnostico-tecnico";"hac.backend.onmessage.ensurelegendbesideclone.log.l4890c19.f3b9c842";"src/plugin/backend/onmessage.js:4890"
"txt.c97037b145b9";"[hac][legenda] legenda encontrada?";"1";"diagnostico-tecnico";"hac.backend.onmessage.ensurelegendbesideclone.log.l5074c19.b156fd54";"src/plugin/backend/onmessage.js:5074"
"txt.357e2510f97b";"[insira aqui o link do componente]. Se o componente não estiver na lista acima, escreva o nome real dele aqui: é assim que a vertical de a11y sabe que falta mapear esse componente na lib.";"1";"vocabulario-dominio";"hac.modules.accessibility.a11y.mobile.link.url.placeholder.l592c42.f9a3f42d";"src/plugin/modules/accessibility.js:592"
"txt.e9e953b13fb0";"[Leitor de Tela] ${root.name}";"1";"revisar";"hac.backend.onmessage.createspeccloneforarea.name.l3339c18.bc6d4877";"src/plugin/backend/onmessage.js:3339"
"txt.6ee24edf053d";"[Moldura] ${title}";"1";"revisar";"hac.code.ensurecloneworkframe.desativada.name.l2230c24.07f23064";"src/plugin/code.js:2230"
"txt.9e9ca95a700c";"[Nome do Frame]";"1";"revisar";"hac.code.buildfichaframeprincipalsection.name.l4394c21.24eb2dbb";"src/plugin/code.js:4394"
"txt.3b4d61020ddc";"[Ordem de Tabulação] ${root.name}";"1";"revisar";"hac.backend.onmessage.createtabordercloneforarea.name.l3195c18.bd09c1c8";"src/plugin/backend/onmessage.js:3195"
"txt.45d1b0b88ac6";"[Selo de Tabulação | ${entry.number}] ${node.name.replace(/^\[Selo de Tabulação \| \d+\]\s*/, '')}";"1";"revisar";"hac.backend.onmessage.name.l3092c23.a07c7e0e";"src/plugin/backend/onmessage.js:3092"
"txt.02ac9172143e";"[Selo de Tabulação | ${number}] ${node.name}";"1";"revisar";"hac.backend.onmessage.createtaborderbadge.name.l2599c18.3aed02fc";"src/plugin/backend/onmessage.js:2599"
"txt.cac616d77d08";"[Snapshot indisponível]";"1";"revisar";"hac.code.snapshotcloneintofichasection.l2742c24.74ca789b";"src/plugin/code.js:2742"
"txt.0fb29f8efc23";"[SpecA11y";"1";"revisar";"hac.backend.onmessage.indexof.l5490c70.6835f736";"src/plugin/backend/onmessage.js:5490"
"txt.aa107ced97cf";"[Título] ${title}";"1";"revisar";"hac.code.ensurecloneworkframe.desativada.name.l2260c24.a33b475c";"src/plugin/code.js:2260"
"txt.3026d250571b";"[Trilha de Swipe] ${root.name}";"1";"revisar";"hac.backend.onmessage.createswipepathcloneforarea.name.l3260c18.94fd245d";"src/plugin/backend/onmessage.js:3260"
"txt.06f714881193";"{\nconst isLink = (p.key === 'linkComponente' || p === componentProp) && /^https?:\/\//.test(String(linkUrl || ''));\nconst linkHref = p.key === 'linkComponente' ? p.value : linkUrl;\nconst valueHtml = isLink\n? `";"1";"texto-interface";"hac.modules.accessibility.div.text.2.cee6298d";"src/plugin/modules/accessibility.js:4122"
"txt.46f46d4d4bb1";"{\nif (typeof lucide !== 'undefined') lucide.createIcons();\n});";"1";"texto-interface";"hac.build.script.text.1.ab0c23af";"src/plugin/build.cjs:410"
"txt.f1e32b29fc53";"\| ([A-Z]\d*(?:\.\d+)*) \| ([a-z]+)\]";"1";"revisar";"hac.backend.onmessage.foreach.l1720c71.e423a808";"src/plugin/backend/onmessage.js:1720"
"txt.bc131bf6c4a4";"# Handoff de Acessibilidade";"1";"revisar";"hac.modules.core.exporthachandoffdoc.push.l290c12.d4db95ad";"src/plugin/modules/core.js:290"
"txt.e9bbb2e40b10";"## ${area.number} · ${area.label || 'Tela'}";"1";"revisar";"hac.modules.core.foreach.l297c14.49ce92ce";"src/plugin/modules/core.js:297"
"txt.3b1f3cee1081";"### Leitor de tela";"1";"revisar";"hac.modules.core.foreach.l302c16.0b8c0ce4";"src/plugin/modules/core.js:302"
"txt.cf904e4e73bb";"### Ordem de tabulação";"1";"revisar";"hac.modules.core.foreach.l320c16.95642c6d";"src/plugin/modules/core.js:320"
"txt.c2dbd8facdf7";"### Trilha de leitura (swipe)";"1";"revisar";"hac.modules.core.foreach.l328c16.03a7beae";"src/plugin/modules/core.js:328"
"txt.98c2651b217d";"#### ${s.letter ? `\`${s.letter}\` · ` : ''}${s.name || 'Elemento'}";"1";"revisar";"hac.modules.core.foreach.l307c18.07055619";"src/plugin/modules/core.js:307"
"txt.4d6d95a572c6";"#22292E";"1";"vocabulario-dominio";"hac.modules.accessibility.a11y.badge.text.color.dark.l161c36.fda7c8ad";"src/plugin/modules/accessibility.js:161"
"txt.a11a78848cc0";"#8D6A03";"1";"vocabulario-dominio";"hac.modules.accessibility.a11y.categories.l121c106.83e55036";"src/plugin/modules/accessibility.js:121"
"txt.a934c6fd0830";"#A06000";"1";"vocabulario-dominio";"hac.modules.accessibility.a11y.legacy.categories.l140c110.79564deb";"src/plugin/modules/accessibility.js:140"
"txt.afbe1bef20de";"#A75342";"1";"vocabulario-dominio";"hac.modules.accessibility.a11y.categories.l122c98.12a2a89c";"src/plugin/modules/accessibility.js:122"
"txt.ffc45303c7a9";"#AFCA0B";"1";"vocabulario-dominio";"hac.modules.accessibility.a11y.categories.l129c76.b4313ab5";"src/plugin/modules/accessibility.js:129"
"txt.b3ffbe970cc6";"#C33131";"1";"vocabulario-dominio";"hac.modules.accessibility.a11y.categories.l130c98.5f72cc35";"src/plugin/modules/accessibility.js:130"
"txt.209efe9dcca8";"#D93636";"1";"vocabulario-dominio";"hac.modules.accessibility.a11y.categories.l130c76.aee4b4c9";"src/plugin/modules/accessibility.js:130"
"txt.c2b94bf2aa76";"#EF765E";"1";"vocabulario-dominio";"hac.modules.accessibility.a11y.categories.l122c76.d5e9088a";"src/plugin/modules/accessibility.js:122"
"txt.0d49b2fc5ba0";"#F39200";"1";"vocabulario-dominio";"hac.modules.accessibility.a11y.legacy.categories.l140c88.ab074645";"src/plugin/modules/accessibility.js:140"
"txt.69f3c7fff787";"#F5F9DA";"1";"vocabulario-dominio";"hac.modules.accessibility.a11y.categories.l129c115.0e9e8e65";"src/plugin/modules/accessibility.js:129"
"txt.d7a635061a71";"#FBE4E4";"1";"vocabulario-dominio";"hac.modules.accessibility.a11y.categories.l130c115.47e173aa";"src/plugin/modules/accessibility.js:130"
"txt.08e7046e28d4";"#FCBE05";"1";"vocabulario-dominio";"hac.modules.accessibility.a11y.categories.l121c84.d555634d";"src/plugin/modules/accessibility.js:121"
"txt.8e56e6ced28b";"#FDEAE6";"1";"vocabulario-dominio";"hac.modules.accessibility.a11y.categories.l122c115.9810d01a";"src/plugin/modules/accessibility.js:122"
"txt.32fc9bb72852";"#FEF1DE";"1";"vocabulario-dominio";"hac.modules.accessibility.a11y.legacy.categories.l140c127.bcf19403";"src/plugin/modules/accessibility.js:140"
"txt.66b680f80945";"#FFF6DC";"1";"vocabulario-dominio";"hac.modules.accessibility.a11y.categories.l121c123.d57348e6";"src/plugin/modules/accessibility.js:121"
"txt.c659d630ce0a";"#FFFFFF";"1";"vocabulario-dominio";"hac.modules.accessibility.a11y.badge.text.color.light.l162c37.d447f16b";"src/plugin/modules/accessibility.js:162"
"txt.66b044b226aa";"• ${escapeHtml(sc.name)}";"1";"texto-interface";"hac.modules.accessibility.li.text.1.98345b7c";"src/plugin/modules/accessibility.js:5744"
"txt.d52cb5b262f0";"` : ''}\n${hasManualItems ? `";"1";"texto-interface";"hac.modules.accessibility.html.text.6.1f88adba";"src/plugin/modules/accessibility.js:4536"
"txt.7df02761d9bc";"` : ''}\n${spec.a11ySourceLib ? `";"1";"texto-interface";"hac.modules.accessibility.html.text.1.bb5b9da9";"src/plugin/modules/accessibility.js:4088"
"txt.ad1fe8cc6943";"` : ''}\n${spec.needsReview ? `";"1";"texto-interface";"hac.modules.accessibility.html.text.2.4f87f9b3";"src/plugin/modules/accessibility.js:4092"
"txt.4a5005aff02c";"` : ''}\n${step.html || `";"1";"texto-interface";"hac.modules.onboarding.html.text.3.42d864a4";"src/plugin/modules/onboarding.js:315"
"txt.a5c604d6104b";"` : ''}\n${typeof _fichaInsertButtonHtml === 'function' ? _fichaInsertButtonHtml(area, 'tabulacao', hasManualItems) : ''}";"1";"texto-interface";"hac.modules.accessibility.html.text.8.c3f114e5";"src/plugin/modules/accessibility.js:4553"
"txt.d078a4e91e58";"`;\n}).join('')}";"1";"texto-interface";"hac.modules.accessibility.html.text.7.c552b0e4";"src/plugin/modules/accessibility.js:4132"
"txt.deae101cd52f";"`;\nreturn `";"1";"texto-interface";"hac.modules.accessibility.html.text.6.d7a74bab";"src/plugin/modules/accessibility.js:4127"
"txt.f024706758c4";"`}\n${existingPath ? '' : `";"1";"texto-interface";"hac.modules.accessibility.html.text.1.1a69c2f9";"src/plugin/modules/accessibility.js:4682"
"txt.87a966b2880c";"`}\n${hasManualItems ? `";"1";"texto-interface";"hac.modules.accessibility.html.text.1.9bfb9ba6";"src/plugin/modules/accessibility.js:4454"
"txt.b44a1c29112e";"`}\n${typeof _fichaInsertButtonHtml === 'function' ? _fichaInsertButtonHtml(area, 'swipe', !!existingPath) : ''}";"1";"texto-interface";"hac.modules.accessibility.html.text.5.e208553e";"src/plugin/modules/accessibility.js:4712"
"txt.85eb25ab7841";"×${group.ids.length}";"1";"texto-interface";"hac.modules.accessibility.span.text.1.c44fdb5e";"src/plugin/modules/accessibility.js:4083"
"txt.014cd00be96b";"<line x1=""";"1";"revisar";"hac.modules.accessibility.literal.l306c5.f84e6841";"src/plugin/modules/accessibility.js:306"
"txt.d76048580edd";"<polygon points=""";"1";"revisar";"hac.modules.accessibility.literal.l235c16.35739011";"src/plugin/modules/accessibility.js:235"
"txt.a1cd91f1e656";"<rect x=""";"1";"revisar";"hac.modules.accessibility.literal.l240c16.a69f6c10";"src/plugin/modules/accessibility.js:240"
"txt.4052a2af05c4";"<svg width=""";"1";"revisar";"hac.modules.accessibility.literal.l275c10.edf84585";"src/plugin/modules/accessibility.js:275"
"txt.47393ae39971";"<text x=""";"1";"revisar";"hac.modules.accessibility.literal.l271c18.55025121";"src/plugin/modules/accessibility.js:271"
"txt.e4d1a65960ee";"| v${nextVersion}";"1";"revisar";"hac.backend.onmessage.replace.l5853c89.b7edcb76";"src/plugin/backend/onmessage.js:5853"
"txt.08568181969f";"👐 | HAC - Handoff de Acessibilidade CAIXA";"1";"revisar";"hac.code.hac.page.name.l1553c30.7082e2bf";"src/plugin/code.js:1553"
"txt.bc0aa239a143";"${_fichaSectionDisplayName(key)} desatualizada";"1";"revisar";"hac.modules.handoff.ficha.push.l641c62.1d8c0ce6";"src/plugin/modules/handoff-ficha.js:641"
"txt.13f0829bfb7e";"${_fichaSectionDisplayName(key)} não inserida";"1";"revisar";"hac.modules.handoff.ficha.fichaprojectcompletion.push.l639c53.3fddc1ed";"src/plugin/modules/handoff-ficha.js:639"
"txt.a7c8cb7391c2";"${_fichaSectionDisplayName(key)} sem conteúdo";"1";"revisar";"hac.modules.handoff.ficha.push.l640c73.bb990bfc";"src/plugin/modules/handoff-ficha.js:640"
"txt.878833e4a58f";"${_fichaSectionDisplayName(msg.sectionKey)} no handoff. Próxima etapa: ${_next.label}.";"1";"mensagem-sistema";"hac.modules.handoff.ficha.fichahandlesectioninserted.showtoast.l402c15.508b23d8";"src/plugin/modules/handoff-ficha.js:402"
"txt.5ac84328b832";"${_pad(_now.getDate())}/${_pad(_now.getMonth() + 1)}/${_now.getFullYear()} ${_pad(_now.getHours())}:${_pad(_now.getMinutes())}";"1";"revisar";"hac.code.getorcreatea11ysessionsection.timestamp.l1706c24.55c028a1";"src/plugin/code.js:1706"
"txt.b01fde84871c";"${A11Y_AUTO_MAPPING_HIDDEN_LEITOR ? '' : `";"1";"texto-interface";"hac.modules.accessibility.html.text.4.1d72c492";"src/plugin/modules/accessibility.js:4866"
"txt.6e6d6a72cb6d";"${A11Y_AUTO_MAPPING_HIDDEN_SWIPE ? '' : `";"1";"texto-interface";"hac.modules.accessibility.html.text.3.e5144465";"src/plugin/modules/accessibility.js:4705"
"txt.fb1ddad5904e";"${A11Y_AUTO_MAPPING_HIDDEN_TABULACAO ? '' : `";"1";"texto-interface";"hac.modules.accessibility.html.text.3.a0843691";"src/plugin/modules/accessibility.js:4490"
"txt.5638779c9625";"${A11Y_SECTION_NAME} v${maxVersion + 1}";"1";"revisar";"hac.code.computenexta11ysectionname.l1520c10.725494fc";"src/plugin/code.js:1520"
"txt.acfd078f4611";"${area.number ? area.number + ' · ' : ''}${area.label || 'Tela'}";"1";"revisar";"hac.modules.accessibility.rendera11yworkspaceheader.l2781c34.587e1f5d";"src/plugin/modules/accessibility.js:2781"
"txt.7255e6b7154b";"${areaCount} tela${areaCount === 1 ? '' : 's'}, ${versionText}.";"1";"texto-interface";"hac.modules.accessibility.p.text.1.d5641d00";"src/plugin/modules/accessibility.js:6179"
"txt.ab26b1b9093f";"${areaSpecs.length} especificaç${areaSpecs.length === 1 ? 'ão' : 'ões'}";"1";"texto-interface";"hac.modules.accessibility.p.text.1.ad41abfe";"src/plugin/modules/accessibility.js:5152"
"txt.6f531db0f681";"${boldMatch[2].includes('";"1";"texto-interface";"hac.modules.tab.order.html.text.1.3df6f1dd";"src/plugin/modules/tab-order.js:268"
"txt.fe1efc746c89";"${closedNote}\n${cards.join('')}";"1";"texto-interface";"hac.modules.handoff.ficha.div.text.1.979554ca";"src/plugin/modules/handoff-ficha.js:837"
"txt.3d0ec90d217d";"${completion.complete} de ${completion.total} tela${completion.total === 1 ? '' : 's'} com o checklist fechado";"1";"texto-interface";"hac.modules.handoff.ficha.p.text.1.359010dc";"src/plugin/modules/handoff-ficha.js:697"
"txt.4e078c7a41c5";"${completion.complete} de ${completion.total} tela${completion.total === 1 ? '' : 's'} com o checklist fechado.";"1";"texto-interface";"hac.modules.handoff.ficha.fichaopenafterhandoffmodal.textcontent.l957c24.3e174496";"src/plugin/modules/handoff-ficha.js:957"
"txt.c756e0480669";"${completion.total} tela${completion.total === 1 ? '' : 's'} documentada${completion.total === 1 ? '' : 's'}, checklist fechado em todas.";"1";"texto-interface";"hac.modules.handoff.ficha.fichaopenfinalizemodal.textcontent.l723c38.0eb0e2d5";"src/plugin/modules/handoff-ficha.js:723"
"txt.0aac6bf95cc8";"${confirmedCount} especifica${confirmedCount === 1 ? 'ção criada' : 'ções criadas'}, ${discardedCount} descartado${discardedCount === 1 ? '' : 's'}.";"1";"mensagem-sistema";"hac.modules.accessibility.advancea11ybatchwizard.showtoast.l7160c17.8db1499d";"src/plugin/modules/accessibility.js:7160"
"txt.6a7de5459497";"${confirmedCount} especifica${confirmedCount === 1 ? 'ção criada' : 'ções criadas'}.";"1";"mensagem-sistema";"hac.modules.accessibility.advancea11ybatchwizard.showtoast.l7156c17.a730245a";"src/plugin/modules/accessibility.js:7156"
"txt.5509b568f322";"${currentCount} agora, handoff tem ${count}. Clique Atualizar";"1";"revisar";"hac.modules.handoff.ficha.fichastatuscardhtml.l777c18.3b863116";"src/plugin/modules/handoff-ficha.js:777"
"txt.8f6a1602e5b7";"${d.getFullYear()}-${pad(d.getMonth() + 1)}-${pad(d.getDate())}_${pad(d.getHours())}${pad(d.getMinutes())}";"1";"revisar";"hac.modules.core.hacbackupfilename.stamp.l216c17.686ddb2a";"src/plugin/modules/core.js:216"
"txt.5616068168ac";"${escapeHtml(boldMatch[1])}:";"1";"texto-interface";"hac.modules.tab.order.strong.text.1.56fc6209";"src/plugin/modules/tab-order.js:268"
"txt.5cb41b7e9ee1";"${escapeHtml(categoryLabel)} (${catSpecs.length})";"1";"texto-interface";"hac.modules.accessibility.p.text.1.1f8461af";"src/plugin/modules/accessibility.js:4236"
"txt.1a4cbe99f1e4";"${escapeHtml(spec.targetNodeName || spec.name || 'Elemento')}${group ? `";"1";"texto-interface";"hac.modules.accessibility.p.text.1.79d67a53";"src/plugin/modules/accessibility.js:4083"
"txt.00b982f1d118";"${escapeHtml(String(a.number))} ${escapeHtml(a.label)}";"1";"texto-interface";"hac.modules.accessibility.option.text.1.f647ebb3";"src/plugin/modules/accessibility.js:6836"
"txt.5983362f5128";"${existingPath ? `";"1";"texto-interface";"hac.modules.accessibility.div.text.1.575776d2";"src/plugin/modules/accessibility.js:4609"
"txt.666cc369f602";"${group ? '' : `";"1";"texto-interface";"hac.modules.accessibility.html.text.4.1d3ea15a";"src/plugin/modules/accessibility.js:4105"
"txt.0979d044e26d";"${hasAnyInserted ? `";"1";"texto-interface";"hac.modules.accessibility.html.text.2.165d057f";"src/plugin/modules/accessibility.js:4933"
"txt.431732d1afe9";"${hasManualItems ? '' : `";"1";"texto-interface";"hac.modules.accessibility.div.text.1.429cfb16";"src/plugin/modules/accessibility.js:4436"
"txt.6ab50dc0cfcd";"${hasManualItems ? `";"1";"texto-interface";"hac.modules.accessibility.html.text.5.46210d17";"src/plugin/modules/accessibility.js:4498"
"txt.a7f9bbb191d1";"${hasManualSpecs ? '' : `";"1";"texto-interface";"hac.modules.accessibility.html.text.1.db7d3d47";"src/plugin/modules/accessibility.js:4803"
"txt.2284b069a818";"${hasManualSpecs ? `";"1";"texto-interface";"hac.modules.accessibility.html.text.2.85042615";"src/plugin/modules/accessibility.js:4824"
"txt.04e129ef9c1d";"${i + 1}. ${pt.nodeName || 'Ponto'}";"1";"revisar";"hac.modules.core.foreach.l330c55.a792cf5f";"src/plugin/modules/core.js:330"
"txt.91d40c6e936f";"${i + 1}. ${t.nodeName || t.name || 'Elemento'}";"1";"revisar";"hac.modules.core.foreach.l322c42.e2a17506";"src/plugin/modules/core.js:322"
"txt.06dce34c4858";"${it.drawFailed ? '";"1";"texto-interface";"hac.modules.tab.order.html.text.1.f229009f";"src/plugin/modules/tab-order.js:836"
"txt.52865608ff3e";"${item.immediateParentName ? `";"1";"texto-interface";"hac.modules.accessibility.html.text.1.79b28b2e";"src/plugin/modules/accessibility.js:4331"
"txt.8c09df4dae00";"${list.length} componente${list.length === 1 ? '' : 's'} encontrado${list.length === 1 ? '' : 's'}, desenhando a trilha…";"1";"mensagem-sistema";"hac.modules.swipe.path.addswipepathitemsfromlayers.showtoast.l279c13.3685ce5e";"src/plugin/modules/swipe-path.js:279"
"txt.008d3163b8c0";"${major + 1}.0";"1";"revisar";"hac.backend.onmessage.nextversion.l5845c27.530a08e7";"src/plugin/backend/onmessage.js:5845"
"txt.99a62be8f053";"${mime};charset=utf-8";"1";"revisar";"hac.modules.core.type.l192c46.5a6ae91e";"src/plugin/modules/core.js:192"
"txt.805d74b21706";"${msg.number} · ${msg.label}";"1";"revisar";"hac.backend.onmessage.name.l1054c20.af85f3ac";"src/plugin/backend/onmessage.js:1054"
"txt.8c7442c8396d";"${n} ${n === 1 ? 'ponto' : 'pontos'} no handoff";"1";"revisar";"hac.modules.handoff.ficha.fichadashboardhtml.push.l823c66.ee3a6c55";"src/plugin/modules/handoff-ficha.js:823"
"txt.dfc7268411ac";"${n} especificaç${n === 1 ? 'ão' : 'ões'} no handoff";"1";"revisar";"hac.modules.handoff.ficha.fichadashboardhtml.push.l825c74.282a19e0";"src/plugin/modules/handoff-ficha.js:825"
"txt.d47fc639f5b8";"${n} selo${n === 1 ? '' : 's'} no handoff";"1";"revisar";"hac.modules.handoff.ficha.fichadashboardhtml.fichastatuscardhtml.l815c63.033e9787";"src/plugin/modules/handoff-ficha.js:815"
"txt.e0ea69552f37";"${ok} de ${targets.length} especificações criadas. Confira os elementos que faltaram.";"1";"mensagem-sistema";"hac.modules.accessibility.createa11yspecbatch.showtoast.l3598c7.6a81846d";"src/plugin/modules/accessibility.js:3598"
"txt.aadb86dd81d5";"${ok} especificações criadas.";"1";"mensagem-sistema";"hac.modules.accessibility.createa11yspecbatch.showtoast.l3597c7.455a54f0";"src/plugin/modules/accessibility.js:3597"
"txt.d1c3e59933ca";"${opts.a11yAreaId}::${opts.a11yType}";"1";"revisar";"hac.backend.onmessage.areacolkey.l1739c47.cb6271f3";"src/plugin/backend/onmessage.js:1739"
"txt.0ced9b99f06f";"${parts.join(' · ')} sem tela associada";"1";"texto-interface";"hac.modules.accessibility.p.text.2.1a2fa9d8";"src/plugin/modules/accessibility.js:5218"
"txt.21c4e1c641f2";"${readOnly ? '' : `";"1";"texto-interface";"hac.modules.tab.order.li.text.1.44a751a4";"src/plugin/modules/tab-order.js:1393"
"txt.8898d9a7fdec";"${reason}: ""${key}"" ficou ""${actual}"" em vez de ""${value}""";"1";"revisar";"hac.code.setandverifyvariants.l1086c43.9c0039af";"src/plugin/code.js:1086"
"txt.a42744d9102a";"${reason}: ${e && e.message ? e.message : e}";"1";"revisar";"hac.code.setandverifyvariants.l1082c21.d2f0ea0a";"src/plugin/code.js:1082"
"txt.556ea82eb39a";"${reason}: property ""${name}"" inexistente na instância ""${instance.name}""";"1";"revisar";"hac.code.setandverifyvariants.l1076c31.cf2ba176";"src/plugin/code.js:1076"
"txt.0344c133bd10";"${result.nodeName || 'Elemento'} reconhecido como ${getA11yCategoryLabel(category)}${lvl}.";"1";"mensagem-sistema";"hac.modules.accessibility.applya11ymanualmatchtopicker.showtoast.l1285c15.2ff7ab8f";"src/plugin/modules/accessibility.js:1285"
"txt.b1d7b857b58a";"${s.includes('";"1";"texto-interface";"hac.modules.tab.order.li.text.1.5ccce0d3";"src/plugin/modules/tab-order.js:269"
"txt.988836acfc62";"${s.sectionId ? `";"1";"texto-interface";"hac.modules.accessibility.html.text.2.6ecdb9f2";"src/plugin/modules/accessibility.js:5771"
"txt.ace9feacd883";"${s.timestamp} · ${s.designerName}";"1";"revisar";"hac.modules.accessibility.join.l5740c9.f6392e79";"src/plugin/modules/accessibility.js:5740"
"txt.286cc5c137cb";"${screenCount} tela${screenCount === 1 ? '' : 's'} · ${versionText}";"1";"texto-interface";"hac.modules.accessibility.p.text.1.19e7ee74";"src/plugin/modules/accessibility.js:5766"
"txt.a467101b880c";"${screensList}\n${otherDesignerNote}";"1";"texto-interface";"hac.modules.accessibility.html.text.1.929ed172";"src/plugin/modules/accessibility.js:5767"
"txt.039542a9d470";"${sectionId ? `";"1";"texto-interface";"hac.modules.accessibility.html.text.1.ee5c387b";"src/plugin/modules/accessibility.js:6179"
"txt.a6d71a21ea62";"${showBack ? '";"1";"texto-interface";"hac.modules.onboarding.div.text.1.c89847e1";"src/plugin/modules/onboarding.js:322"
"txt.6f0891bb5bcc";"${showCategoryChip ? `";"1";"texto-interface";"hac.modules.accessibility.div.text.1.3ba85ca2";"src/plugin/modules/accessibility.js:4084"
"txt.be61b22329be";"${skippedCount} ${skippedCount === 1 ? 'item' : 'itens'} não ${skippedCount === 1 ? 'entra' : 'entram'} nesta revisão.";"1";"texto-interface";"hac.modules.accessibility.opena11ybatchsummarymodal.textcontent.l6867c35.33b03eea";"src/plugin/modules/accessibility.js:6867"
"txt.0ad2803f727a";"${spec.a11yType === 'titulo' && spec.targetText ? `";"1";"texto-interface";"hac.modules.accessibility.html.text.5.c95ed08e";"src/plugin/modules/accessibility.js:4117"
"txt.4211f56faea3";"${specs.length} especificaç${specs.length === 1 ? 'ão' : 'ões'}";"1";"revisar";"hac.modules.accessibility.a11ysemareaaccordionel.parts.l5208c18.baab767b";"src/plugin/modules/accessibility.js:5208"
"txt.4b63cfd5ea74";"${step.title ? `";"1";"texto-interface";"hac.modules.onboarding.html.text.2.f797a84f";"src/plugin/modules/onboarding.js:314"
"txt.72a4da66d26c";"${steps.length ? `";"1";"texto-interface";"hac.modules.onboarding.html.text.1.e9d9846a";"src/plugin/modules/onboarding.js:103"
"txt.d62a93c183fd";"${tabItemsCount} ${tabItemsCount === 1 ? 'item' : 'itens'} de ordem de tabulação";"1";"revisar";"hac.modules.accessibility.a11ysemareaaccordionel.push.l5209c37.d5bac073";"src/plugin/modules/accessibility.js:5209"
"txt.9c16eadc1d01";"${tool.color}1a";"1";"revisar";"hac.modules.onboarding.renderonboardingmodal.backgroundcolor.l281c50.387ecf31";"src/plugin/modules/onboarding.js:281"
"txt.07d82dabc91f";"${typeLabel}, ${name}";"1";"revisar";"hac.modules.tab.order.tabordernarrationphrase.l1589c22.6c307a06";"src/plugin/modules/tab-order.js:1589"
"txt.5de6cbb2d080";"${uid}-cat-${catKey}";"1";"revisar";"hac.modules.accessibility.join.l4756c22.5c3738d4";"src/plugin/modules/accessibility.js:4756"
"txt.1b5539fa8db2";"${verb} ${_fichaSectionDisplayName(sectionKey)}";"1";"revisar";"hac.modules.handoff.ficha.fichabuttonlabel.l77c10.c015c470";"src/plugin/modules/handoff-ficha.js:77"
"txt.368aee88e068";"${viewHome}\n${viewSpecs}\n${modalsShared}";"1";"texto-interface";"hac.build.div.text.1.20889866";"src/plugin/build.cjs:310"
"txt.ad3c545a7c20";"${window._tabOrderPendingList.length} elemento${window._tabOrderPendingList.length === 1 ? '' : 's'} encontrado${window._tabOrderPendingList.length === 1 ? '' : 's'}, desenhando no canvas…";"1";"mensagem-sistema";"hac.modules.tab.order.addtaborderitemsfromlayers.showtoast.l1325c13.4a2fe334";"src/plugin/modules/tab-order.js:1325"
"txt.b6b0b5796f82";"0 ? _tabOrderSectionHtml(uid, null) : ''}";"1";"texto-interface";"hac.modules.accessibility.body.uid.text.5b24b84f";"src/plugin/modules/accessibility.js:5224"
"txt.8e5cb7709112";"0 ? categoryHtml : ''}\n${_a11yUndocumentedAccordionEl(`${uid}-undoc`, area.id, undocumentedEntries)}";"1";"texto-interface";"hac.modules.accessibility.html.text.6.0ad1a5c2";"src/plugin/modules/accessibility.js:4887"
"txt.5db0642c788e";"0 pontos marcados";"1";"texto-interface";"hac.build.a11y.capture.mini.bar.count.text.a4671086";"src/plugin/build.cjs:256"
"txt.4e9743b25a52";"1 ? g : null)).join('')}";"1";"texto-interface";"hac.modules.accessibility.body.uid.text.d93098e7";"src/plugin/modules/accessibility.js:4240"
"txt.19b48fe7b41e";"143e04b04c302c1be1b0fe081bb3bf43d0a5a004";"1";"vocabulario-dominio";"hac.backend.platform.profiles.a11y.agrupamento.keys.l69c15.85a719d6";"src/plugin/backend/platform-profiles.js:69"
"txt.67b9fa747064";"19fa60fe8f30a98e26eff0d2d1c75e973a87dfca";"1";"vocabulario-dominio";"hac.backend.platform.profiles.a11y.conector.linha.keys.l110c15.6de88ea5";"src/plugin/backend/platform-profiles.js:110"
"txt.9a814c5c008c";"1f552b66bc48721b9be3160b02ac6a4762af0086";"1";"vocabulario-dominio";"hac.backend.platform.profiles.a11y.agrupamento.keys.l68c15.25f31656";"src/plugin/backend/platform-profiles.js:68"
"txt.6ad094855287";"2165d66fcd65d977bc2cdcd86c26d68a07e65eaf";"1";"vocabulario-dominio";"hac.backend.platform.profiles.a11y.agrupamento.keys.l63c15.b015835f";"src/plugin/backend/platform-profiles.js:63"
"txt.cbbf6d1d18c9";"26fa2e6f7f6a16f35054f29cd12de90bbf190ba0";"1";"vocabulario-dominio";"hac.backend.platform.profiles.a11y.conector.linha.keys.l102c15.1e8d928e";"src/plugin/backend/platform-profiles.js:102"
"txt.cf6e2ae0676c";"2a317e3e61483a5fc0de41424ce82273f4c53a25";"1";"vocabulario-dominio";"hac.backend.platform.profiles.a11y.agrupamento.keys.l86c15.5fbd7870";"src/plugin/backend/platform-profiles.js:86"
"txt.b21fd27495d7";"2bf9e00f39fb195a017a6697177a325121576073";"1";"vocabulario-dominio";"hac.backend.platform.profiles.a11y.agrupamento.keys.l79c15.4573a594";"src/plugin/backend/platform-profiles.js:79"
"txt.c3c800291032";"30bc07a9462265a9c69b28f2389c25578fec3a75";"1";"vocabulario-dominio";"hac.backend.platform.profiles.a11y.identificacao.tela.keys.l130c15.d5ad8d2d";"src/plugin/backend/platform-profiles.js:130"
"txt.9d63706b3e87";"3bae568e0f46c702d1a34c9d1d7545352f0af488";"1";"vocabulario-dominio";"hac.backend.platform.profiles.a11y.conector.linha.keys.l116c15.382d1c6b";"src/plugin/backend/platform-profiles.js:116"
"txt.c70f6278ddb2";"3bda769bd18a3bcb0dedb3691deaa9548644a3dd";"1";"vocabulario-dominio";"hac.backend.platform.profiles.a11y.conector.linha.keys.l109c15.f90de468";"src/plugin/backend/platform-profiles.js:109"
"txt.1e654681ade7";"406b93c17f12ce592b2854a126b67e23c87a97e4";"1";"vocabulario-dominio";"hac.backend.platform.profiles.a11y.conector.linha.keys.l98c15.13bfafc6";"src/plugin/backend/platform-profiles.js:98"
"txt.fd4abe175c94";"48c0a893abb2859bf28fe660db2ef5a8ed998389";"1";"vocabulario-dominio";"hac.backend.platform.profiles.a11y.conector.linha.keys.l96c15.03c65ff2";"src/plugin/backend/platform-profiles.js:96"
"txt.4a3df703c787";"517ba6be813cc42c1d296a5e3c7161137aad4488";"1";"vocabulario-dominio";"hac.backend.platform.profiles.a11y.agrupamento.keys.l85c15.ffbed8ea";"src/plugin/backend/platform-profiles.js:85"
"txt.bc2979715730";"5506fa7159f82aa6984493ed9e8ef60372c3dd72";"1";"vocabulario-dominio";"hac.backend.platform.profiles.a11y.conector.linha.keys.l99c17.9600f3cc";"src/plugin/backend/platform-profiles.js:99"
"txt.c82813395686";"575e5b4fe3d2be90721a46cad9e30473503684fa";"1";"vocabulario-dominio";"hac.backend.platform.profiles.a11y.conector.linha.keys.l105c15.6f4e34e1";"src/plugin/backend/platform-profiles.js:105"
"txt.caa59f57f342";"64dd33125f08835d3561647ebf1a21bd0221b3f1";"1";"vocabulario-dominio";"hac.backend.platform.profiles.a11y.identificacao.tela.keys.l134c15.0582b921";"src/plugin/backend/platform-profiles.js:134"
"txt.398e6d1590ac";"70db108bb7f430ccba44d545e93e471d8cdb1d20";"1";"vocabulario-dominio";"hac.backend.platform.profiles.a11y.mobile.instruction.keys.l161c14.359218ab";"src/plugin/backend/platform-profiles.js:161"
"txt.00069ad77e38";"711ff70084002beb5484985790d313785826b041";"1";"vocabulario-dominio";"hac.backend.platform.profiles.a11y.conector.linha.keys.l95c15.865fe7e2";"src/plugin/backend/platform-profiles.js:95"
"txt.0d0df0062eff";"73f5b3d53cd673a4846b60e251e0108805644951";"1";"vocabulario-dominio";"hac.backend.platform.profiles.a11y.agrupamento.keys.l70c15.30b6164f";"src/plugin/backend/platform-profiles.js:70"
"txt.b3c1082c786b";"798a147836938ed8174a8027c9bcd7c022bc4921";"1";"vocabulario-dominio";"hac.backend.platform.profiles.a11y.web.instruction.keys.l154c14.c62e7c09";"src/plugin/backend/platform-profiles.js:154"
"txt.ba990411afa8";"79fae2a5d1438938ff3072d3e677196f78c471f8";"1";"vocabulario-dominio";"hac.backend.platform.profiles.a11y.conector.linha.keys.l118c15.32e2c48c";"src/plugin/backend/platform-profiles.js:118"
"txt.dfcc2fefc07b";"7b57c21d29e28b96a4b9d040cd77602a583783ac";"1";"vocabulario-dominio";"hac.backend.platform.profiles.a11y.agrupamento.keys.l77c15.d5349c48";"src/plugin/backend/platform-profiles.js:77"
"txt.775be91addcc";"7c9dca5e5312553824b84dfbb602097468be0bc4";"1";"vocabulario-dominio";"hac.backend.platform.profiles.a11y.agrupamento.keys.l80c15.076b4239";"src/plugin/backend/platform-profiles.js:80"
"txt.eedcea120a06";"7e1c5465b4c1ff00dfb05baaa6bd7aaa2a508829";"1";"vocabulario-dominio";"hac.backend.platform.profiles.a11y.conector.linha.keys.l120c17.d5c86c06";"src/plugin/backend/platform-profiles.js:120"
"txt.e0343ba2e047";"7f737bd2821b3360c3a77a256c68a1aa2b43baa0";"1";"vocabulario-dominio";"hac.backend.platform.profiles.a11y.conector.linha.keys.l117c15.a7deca0c";"src/plugin/backend/platform-profiles.js:117"
"txt.608a141b0855";"83a72d71793cde67cb11c38df56e8f9bd1cb2acf";"1";"vocabulario-dominio";"hac.backend.platform.profiles.a11y.agrupamento.keys.l64c15.e71927ab";"src/plugin/backend/platform-profiles.js:64"
"txt.917a666d698f";"860c9f70d42c05f23e00c8414df16911d3292cab";"1";"vocabulario-dominio";"hac.backend.platform.profiles.a11y.ordenacao.item.key.l148c40.cfda4e0c";"src/plugin/backend/platform-profiles.js:148"
"txt.5e91ec20ed97";"938d4f64c6272528b49c22da2cb03cf54c1ddeff";"1";"vocabulario-dominio";"hac.backend.platform.profiles.a11y.conector.linha.keys.l113c17.c3808a30";"src/plugin/backend/platform-profiles.js:113"
"txt.60e65f799763";"97c0d6479a58b03397515b664e3d3de64b594706";"1";"vocabulario-dominio";"hac.backend.platform.profiles.a11y.agrupamento.keys.l65c15.82049190";"src/plugin/backend/platform-profiles.js:65"
"txt.b2b3c4e2cbcd";"9ab20cfc07ba0de6fe15754d53804d491ab728bf";"1";"vocabulario-dominio";"hac.backend.platform.profiles.a11y.conector.linha.keys.l104c15.4b2859b2";"src/plugin/backend/platform-profiles.js:104"
"txt.0135c00d3b3e";"9b9aa1cfd2bb4327be1d72bfb125b326b90bc62e";"1";"vocabulario-dominio";"hac.backend.platform.profiles.a11y.conector.linha.keys.l103c15.2fca091f";"src/plugin/backend/platform-profiles.js:103"
"txt.ee83f475e335";"A captura de Trilha de Swipe em andamento foi cancelada.";"1";"mensagem-sistema";"hac.modules.tab.order.starttabordermanualmodeinner.showtoast.l456c15.cd541f2b";"src/plugin/modules/tab-order.js:456"
"txt.4985472fb2ec";"A cópia da tela não foi encontrada no canvas — refaça a trilha.";"1";"revisar";"hac.backend.onmessage.literal.l4181c27.bafd6076";"src/plugin/backend/onmessage.js:4181"
"txt.2a590e18fe3a";"A documentação atual do plugin será SUBSTITUÍDA. Os elementos já desenhados no canvas não são apagados.";"1";"texto-interface";"hac.modules.core.confirm.l408c7.4137c174";"src/plugin/modules/core.js:408"
"txt.c2ef743f1d22";"A lib de acessibilidade mudou e o card não pôde ser preenchido com segurança. Nada foi criado.";"1";"vocabulario-dominio";"hac.backend.onmessage.a11y.fail.messages.l1511c26.9ccc80b9";"src/plugin/backend/onmessage.js:1511"
"txt.97cc7310bcfa";"A lib de acessibilidade não tem card para essa especificação.";"1";"texto-interface";"hac.modules.accessibility.opena11ynocardalert.opena11yconfirmmodal.l6054c23.db9a207b";"src/plugin/modules/accessibility.js:6054"
"txt.ab983b5bb8a4";"A ordem já está atualizada no canvas.";"1";"mensagem-sistema";"hac.modules.tab.order.updatetabordernumbering.showtoast.l1546c15.dd0c30c2";"src/plugin/modules/tab-order.js:1546"
"txt.d18887b9ba08";"A spec não pôde ser encaixada na réplica desta tela e ficou solta na Section — reabra a tela no plugin e crie a spec de novo.";"1";"mensagem-sistema";"hac.backend.onmessage.notify.l2247c24.fd0ad884";"src/plugin/backend/onmessage.js:2247"
"txt.9752954bf563";"A trilha de swipe desta tela será apagada do plugin e do canvas, inclusive do handoff. Esta ação não pode ser desfeita.";"1";"texto-interface";"hac.modules.swipe.path.deleteswipepathforarea.opena11yconfirmmodal.l807c13.bcefa5b0";"src/plugin/modules/swipe-path.js:807"
"txt.878ab9413b0b";"A, A1...";"1";"texto-interface";"hac.views.modals.a11y.estrutura.tag.input.placeholder.a464f89c";"src/plugin/views/modals.html:426"
"txt.d48e5f0b9189";"a11y-agrupamento-orientacao-desconhecida:";"1";"revisar";"hac.code.tryimporta11yagrupamento.l1342c29.b75cad9e";"src/plugin/code.js:1342"
"txt.8a95476d9e79";"a11y-agrupamento-tipo-desconhecido:";"1";"revisar";"hac.code.tryimporta11yagrupamento.l1340c34.4008d851";"src/plugin/code.js:1340"
"txt.ecd7530d2ebb";"a11y-area-${area.id}";"1";"revisar";"hac.modules.accessibility.a11yareaaccordionel.uid.l5098c15.acc026cc";"src/plugin/modules/accessibility.js:5098"
"txt.eb8af916de8e";"a11y-capture-bar-instructions-block";"1";"vocabulario-dominio";"hac.modules.core.a11y.capture.bar.instruction.ids.l583c22.f8a1f525";"src/plugin/modules/core.js:583"
"txt.15a9299d9b02";"a11y-capture-bar-instructions-body";"1";"texto-interface";"hac.modules.core.instructionsbody.l585c21.05bf06eb";"src/plugin/modules/core.js:585"
"txt.437f60bd9875";"a11y-capture-bar-instructions-heading";"1";"texto-interface";"hac.modules.core.instructionsheading.l584c24.722345c6";"src/plugin/modules/core.js:584"
"txt.3b48469d8fd4";"a11y-capture-bar-instructions-title-text";"1";"texto-interface";"hac.modules.core.title.l582c10.83adc9c5";"src/plugin/modules/core.js:582"
"txt.cce0feaefebe";"a11y-capture-bar-steps";"1";"vocabulario-dominio";"hac.modules.core.a11y.capture.bar.instruction.ids.l587c10.8bf178e9";"src/plugin/modules/core.js:587"
"txt.98891c2705cf";"a11y-capture-bar-steps-block";"1";"vocabulario-dominio";"hac.modules.core.a11y.capture.bar.instruction.ids.l588c15.270878e7";"src/plugin/modules/core.js:588"
"txt.1441e7ec02d6";"a11y-capture-bar-steps-heading";"1";"texto-interface";"hac.modules.core.stepsheading.l586c17.b4c53e8d";"src/plugin/modules/core.js:586"
"txt.38eaca57b9a0";"a11y-capture-mini-bar-help";"1";"texto-interface";"hac.modules.core.a11ycapturebarsynctooltips.helpbtn.l631c43.a822f8c0";"src/plugin/modules/core.js:631"
"txt.45d101225163";"a11y-categories-help-";"1";"revisar";"hac.modules.accessibility.foreach.l7941c43.95716761";"src/plugin/modules/accessibility.js:7941"
"txt.25eb03e67dcc";"a11y-categories-help-titulo-label";"1";"texto-interface";"hac.modules.accessibility.applya11ycategorieshelporiginfilter.titulolabelel.l7946c.690ce571";"src/plugin/modules/accessibility.js:7946"
"txt.d4d8b835fefd";"a11y-category-btn-titulo-label";"1";"texto-interface";"hac.modules.accessibility.applya11ycategorypickeroriginfilter.titulolabelel.l1170c.8bbdb660";"src/plugin/modules/accessibility.js:1170"
"txt.0bb5148d5565";"a11y-category-picker-selection-hint";"1";"texto-interface";"hac.modules.accessibility.applya11ymanualmatchtopicker.statushint.l1237c46.395a6f37";"src/plugin/modules/accessibility.js:1237"
"txt.8e66dc8426f5";"a11y-category-picker-selection-name";"1";"texto-interface";"hac.modules.accessibility.applya11ymanualmatchtopicker.statusname.l1236c46.d14eac30";"src/plugin/modules/accessibility.js:1236"
"txt.e7a407df6e25";"a11y-category-picker-selection-status";"1";"texto-interface";"hac.modules.accessibility.applya11ymanualmatchtopicker.statuswrap.l1235c46.30189e84";"src/plugin/modules/accessibility.js:1235"
"txt.a0a459be3420";"a11y-conector-linha-orientacao-desconhecida:";"1";"revisar";"hac.code.tryimporta11yconectorlinha.l1396c29.66ded513";"src/plugin/code.js:1396"
"txt.346bf352e6a3";"a11y-conector-linha-tipo-desconhecido:";"1";"revisar";"hac.code.tryimporta11yconectorlinha.l1394c34.5ba220bd";"src/plugin/code.js:1394"
"txt.fde2887d5fe4";"a11y-detection";"1";"vocabulario-dominio";"hac.modules.messages.isa11ydetectionscan.l264c53.da50af80";"src/plugin/modules/messages.js:264"
"txt.44f18d945337";"a11y-el-mobile-observacoes-textarea-wrap";"1";"texto-interface";"hac.modules.accessibility.updatea11ymobileobservacoesvisibility.textareawrap.l2338.e74bfdb9";"src/plugin/modules/accessibility.js:2338"
"txt.78d3e3c53f9b";"a11y-el-tag-error";"1";"vocabulario-dominio";"hac.modules.accessibility.a11y.tag.error.id.l1368c13.faad0494";"src/plugin/modules/accessibility.js:1368"
"txt.5e6932f2a8b6";"a11y-el-tag-input";"1";"vocabulario-dominio";"hac.modules.accessibility.a11y.tag.input.id.l1364c13.f3159c6e";"src/plugin/modules/accessibility.js:1364"
"txt.1907b654f7c1";"a11y-elemento-componente-fora-da-base";"1";"vocabulario-dominio";"hac.backend.onmessage.a11y.fail.messages.l1502c19.612720e1";"src/plugin/backend/onmessage.js:1502"
"txt.3312ba0c5d2c";"a11y-empty-state-block";"1";"texto-interface";"hac.modules.accessibility.rendera11ygroupedlist.emptystateblock.l5352c51.3c03fc05";"src/plugin/modules/accessibility.js:5352"
"txt.05f1edbd7889";"a11y-estrutura-sem-variante-na-base";"1";"vocabulario-dominio";"hac.backend.onmessage.a11y.fail.messages.l1506c19.cd217582";"src/plugin/backend/onmessage.js:1506"
"txt.b92e8731db94";"a11y-estrutura-sem-variante-na-base:";"1";"revisar";"hac.code.filla11ywebestruturafields.l1189c21.7579ac95";"src/plugin/code.js:1189"
"txt.985698de41d4";"a11y-estrutura-sem-variante-na-base: idioma """;"1";"revisar";"hac.code.literal.l1199c67.8b6eb495";"src/plugin/code.js:1199"
"txt.e0d23f43765d";"a11y-estrutura-sem-variante-na-base: marco de navegação """;"1";"revisar";"hac.code.filla11ywebestruturafields.l1196c32.6746b40d";"src/plugin/code.js:1196"
"txt.00e82bd44cd8";"a11y-estrutura-tag-error";"1";"vocabulario-dominio";"hac.modules.accessibility.a11y.tag.error.id.l1369c14.bb41926e";"src/plugin/modules/accessibility.js:1369"
"txt.25613ad2333c";"a11y-estrutura-tag-input";"1";"vocabulario-dominio";"hac.modules.accessibility.a11y.tag.input.id.l1365c14.e2ac3c76";"src/plugin/modules/accessibility.js:1365"
"txt.918747d151c4";"a11y-instruction-modal-instructions-block";"1";"vocabulario-dominio";"hac.modules.tab.order.a11y.instruction.modal.ids.l286c22.1e6697a8";"src/plugin/modules/tab-order.js:286"
"txt.6f32566db39e";"a11y-instruction-modal-instructions-body";"1";"texto-interface";"hac.modules.tab.order.instructionsbody.l288c21.833d230c";"src/plugin/modules/tab-order.js:288"
"txt.cb829d6cfa30";"a11y-instruction-modal-instructions-heading";"1";"texto-interface";"hac.modules.tab.order.instructionsheading.l287c24.1bcbcafd";"src/plugin/modules/tab-order.js:287"
"txt.dc3a4dd357a3";"a11y-instruction-modal-steps";"1";"vocabulario-dominio";"hac.modules.tab.order.a11y.instruction.modal.ids.l290c10.409c3565";"src/plugin/modules/tab-order.js:290"
"txt.f41921b9dbfd";"a11y-instruction-modal-steps-block";"1";"vocabulario-dominio";"hac.modules.tab.order.a11y.instruction.modal.ids.l291c15.cda5961e";"src/plugin/modules/tab-order.js:291"
"txt.0be1d473f4a8";"a11y-instruction-modal-steps-heading";"1";"texto-interface";"hac.modules.tab.order.stepsheading.l289c17.98e61407";"src/plugin/modules/tab-order.js:289"
"txt.62eedde4a36c";"a11y-instruction-modal-title-text";"1";"texto-interface";"hac.modules.tab.order.title.l285c10.1312e3b5";"src/plugin/modules/tab-order.js:285"
"txt.9ff739445100";"a11y-manual-match-";"1";"revisar";"hac.modules.accessibility.opena11ycategorypickermodalafterinstruction.matchtoken.l.c1b5bc47";"src/plugin/modules/accessibility.js:1128"
"txt.adf0171754fc";"a11y-mobile-wrapper-sem-key-de-variante:";"1";"revisar";"hac.code.tryimporta11ymobilewrappercomponent.l637c38.20ac057d";"src/plugin/code.js:637"
"txt.636baf4f0a05";"a11y-modal-area-label";"1";"texto-interface";"hac.modules.accessibility.opena11ymodal.arealabelel.l1442c47.44173254";"src/plugin/modules/accessibility.js:1442"
"txt.4413f8c4a533";"a11y-sem-wrapper-no-perfil";"1";"vocabulario-dominio";"hac.backend.onmessage.a11y.fail.messages.l1514c19.3d00edb6";"src/plugin/backend/onmessage.js:1514"
"txt.3e4661439e3e";"a11y-sem-wrapper-no-perfil:";"1";"revisar";"hac.code.tryimporta11ycomponent.l1268c33.0181b7e2";"src/plugin/code.js:1268"
"txt.e5eb6ee3c284";"a11y-swipe-path-pending-empty";"1";"texto-interface";"hac.modules.swipe.path.renderswipepathpendinglist.emptyel.l504c43.565b0cf7";"src/plugin/modules/swipe-path.js:504"
"txt.131d4d736888";"a11y-swipe-path-review-instruction";"1";"texto-interface";"hac.modules.swipe.path.openswipepathreviewmodal.instructionel.l396c49.7cd29822";"src/plugin/modules/swipe-path.js:396"
"txt.a295a6f33b81";"a11y-tab-order-pending-empty";"1";"texto-interface";"hac.modules.tab.order.rendertaborderpendinglist.emptyel.l813c43.20e2bbd8";"src/plugin/modules/tab-order.js:813"
"txt.f81609fd9fd9";"a11y-web-set-falhou";"1";"vocabulario-dominio";"hac.backend.onmessage.a11y.fail.messages.l1510c19.e7494cd8";"src/plugin/backend/onmessage.js:1510"
"txt.508dc8fb4e20";"a11y-web-set-falhou: categoria sem preenchimento:";"1";"revisar";"hac.code.literal.l1239c23.ded27234";"src/plugin/code.js:1239"
"txt.15ead3ea45f3";"a11y-web-set-falhou: instância com ""Tipo"" não encontrada em """;"1";"revisar";"hac.code.filla11ywebestruturafields.l1211c33.28869b47";"src/plugin/code.js:1211"
"txt.7d4c9ffc0ba7";"a11y-web-set-falhou: instância de conteúdo com ""Componente"" não encontrada no wrapper";"1";"revisar";"hac.code.filla11ywebelementofields.l1131c33.a1310c00";"src/plugin/code.js:1131"
"txt.9b2830889648";"a11y-web-set-falhou: nível de título fora da base:";"1";"revisar";"hac.code.filla11ywebtitulofields.l1158c48.d42b1f25";"src/plugin/code.js:1158"
"txt.3c85fc1837c6";"a11y-wizard-index-total";"1";"texto-interface";"hac.modules.accessibility.rendera11ywizardpaginator.totallabel.l7304c46.6acc2518";"src/plugin/modules/accessibility.js:7304"
"txt.42d0c951eed5";"a11ySwipeInstructionSeen";"1";"revisar";"hac.modules.tab.order.opena11yinstructionthenstart.seenkey.l366c41.773f5f96";"src/plugin/modules/tab-order.js:366"
"txt.2903f175ce5b";"a11yTabulacaoInstructionSeen";"1";"revisar";"hac.modules.tab.order.opena11yinstructionthenstart.seenkey.l366c70.ebe42439";"src/plugin/modules/tab-order.js:366"
"txt.7e0963c6c45b";"about-hac-project-origin";"1";"texto-interface";"hac.modules.accessibility.openabouthacmodal.originlabelel.l6088c49.b08ca926";"src/plugin/modules/accessibility.js:6088"
"txt.2ca846cc2794";"Abra o arquivo original para restaurar este backup.";"1";"mensagem-sistema";"hac.modules.core.alert.l398c9.a22b4d0c";"src/plugin/modules/core.js:398"
"txt.b858b0669070";"Abra o painel";"1";"texto-interface";"hac.views.modals.li.text.1.0a695843";"src/plugin/views/modals.html:823"
"txt.a06047ec46a0";"Abrir componente na lib DSC";"1";"texto-interface";"hac.modules.accessibility.a.1.title.5f285194";"src/plugin/modules/accessibility.js:793"
"txt.4b1f1df12c9d";"Abrir componente no Figma";"1";"texto-interface";"hac.modules.accessibility.a.1.title.d1421146";"src/plugin/modules/accessibility.js:4126"
"txt.6ef4e2685985";"accessibilityRole=""menu"" (ou ""navigation"" nas plataformas/bibliotecas que suportarem o role customizado)";"1";"texto-interface";"hac.modules.accessibility.notacodigo.l371c29.1a06a1e4";"src/plugin/modules/accessibility.js:371"
"txt.1404b10413db";"Acessibilidade · Mobile";"1";"revisar";"hac.modules.accessibility.applya11yheaderorigintitle.l5868c47.5c19c546";"src/plugin/modules/accessibility.js:5868"
"txt.71570950c046";"Acessibilidade · Web";"1";"revisar";"hac.modules.accessibility.applya11yheaderorigintitle.l5869c26.d7c9d52f";"src/plugin/modules/accessibility.js:5869"
"txt.fbb10572e8cc";"acima e mostra este bloco read-only em vez dele\nquando a11yOrigin==='mobile'; o";"1";"texto-interface";"hac.views.modals.select.text.2.7d2b24af";"src/plugin/views/modals.html:526"
"txt.6d044bcae769";"acima e mostra este bloco read-only quando\na11yOrigin==='mobile'; o";"1";"texto-interface";"hac.views.modals.select.text.4.033802d1";"src/plugin/views/modals.html:586"
"txt.e51e41ebce76";"Acordeão";"1";"vocabulario-dominio";"hac.modules.accessibility.a11y.narration.type.labels.l436c14.b8f2fbc0";"src/plugin/modules/accessibility.js:436"
"txt.6fa11ae68c5b";"ad35c5a35f919c325fac63197f72d80988a99599";"1";"vocabulario-dominio";"hac.backend.platform.profiles.a11y.identificacao.tela.keys.l132c15.ee3c45da";"src/plugin/backend/platform-profiles.js:132"
"txt.11d2d329846b";"Adicionar itens";"1";"texto-interface";"hac.modules.accessibility.span.text.1.3d260f1e";"src/plugin/modules/accessibility.js:4467"
"txt.43e75b9fa991";"afedf7e06bde8d754bae4309a121b5760723bb96";"1";"vocabulario-dominio";"hac.backend.platform.profiles.a11y.conector.linha.keys.l106c17.651bbd5b";"src/plugin/backend/platform-profiles.js:106"
"txt.b07c61f8c249";"Agrupar e identificar como link, deve ler o seu rótulo visível em tela.";"1";"texto-interface";"hac.modules.accessibility.descricao.l325c35.86d44e69";"src/plugin/modules/accessibility.js:325"
"txt.8d7c84a0be19";"Agrupar e identificar como tab. Deve-se ler o seu rótulo visível junto de sua localização no grupo. A exemplo: ""1 de 3"". Também considerar o status do componente quando estiver ""selecionado"".";"1";"texto-interface";"hac.modules.accessibility.descricao.l338c35.502324a9";"src/plugin/modules/accessibility.js:338"
"txt.a2cb6e25b562";"Agrupar e identificar como tab. Deve-se ler o seu rótulo visível junto de sua localização no grupo. A exemplo: ""1 de 3"". Também considerar o status do elemento como ""selecionado"".";"1";"texto-interface";"hac.modules.accessibility.descricao.l335c35.36e86f83";"src/plugin/modules/accessibility.js:335"
"txt.4fa4e05b23ae";"Agrupar e identificar como textbox.";"1";"texto-interface";"hac.modules.accessibility.descricao.l329c35.70a9f8e5";"src/plugin/modules/accessibility.js:329"
"txt.e389d843e9d2";"Ainda falta nesta tela: ${missing.join('; ')}. Fechar o checklist mesmo assim? Você pode reabri-lo no Resumo da tela.";"1";"texto-interface";"hac.modules.handoff.ficha.fichacloseareachecklist.opena11yconfirmmodal.l1008c11.0bd03e85";"src/plugin/modules/handoff-ficha.js:1008"
"txt.cc6d83c7de5b";"Ainda não inserida no handoff";"1";"texto-interface";"hac.modules.handoff.ficha.fichastatuscardhtml.statustext.l773c20.5b03c8e9";"src/plugin/modules/handoff-ficha.js:773"
"txt.97ceda91a357";"Ajuste os pontos desta trilha: arraste para reordenar, remova ou adicione um novo ponto antes de salvar.";"1";"texto-interface";"hac.modules.swipe.path.openswipepathreviewmodal.textcontent.l400c52.675e33e4";"src/plugin/modules/swipe-path.js:400"
"txt.3c80f73231c9";"Alert Dialog";"1";"vocabulario-lib-mobile";"hac.refs.design.acessivel.mobile.wrapper.generated.componentoptions.2.3b96bd58";"src/plugin/refs/design-acessivel-mobile-wrapper.generated.json:17"
"txt.9841cc325608";"Alterar Especificação";"1";"texto-interface";"hac.modules.accessibility.opena11ywizardcategorypickermodal.textcontent.l1150c42.4b9d1def";"src/plugin/modules/accessibility.js:1150"
"txt.f91a661a4629";"Alternador";"1";"vocabulario-dominio";"hac.modules.accessibility.a11y.narration.type.labels.l431c11.f922e1ac";"src/plugin/modules/accessibility.js:431"
"txt.d19e8e8ca5d6";"Anderson da Paz Silva";"1";"texto-interface";"hac.views.modals.p.text.33.e404de07";"src/plugin/views/modals.html:1043"
"txt.5e798b5a8de1";"anderson.silva@foton.la";"1";"texto-interface";"hac.views.modals.html.text.22.b4947fde";"src/plugin/views/modals.html:1052"
"txt.216ffee31e9a";"Apagar ordem de leitura?";"1";"texto-interface";"hac.modules.swipe.path.deleteswipepathforarea.opena11yconfirmmodal.l806c14.60586b28";"src/plugin/modules/swipe-path.js:806"
"txt.274605ec8884";"Apagar ordem de tabulação?";"1";"texto-interface";"hac.modules.tab.order.deletealltaborderforarea.opena11yconfirmmodal.l1826c12.90979027";"src/plugin/modules/tab-order.js:1826"
"txt.d403f07bac51";"Apagar toda a ordem de tabulação desta tela";"1";"acessibilidade";"hac.modules.accessibility.button.3.aria.label.704b04b7";"src/plugin/modules/accessibility.js:4470"
"txt.fa640e3522d3";"Apagar todos os selos desta tela e recomeçar a ordem do zero";"1";"texto-interface";"hac.modules.accessibility.button.3.data.tooltip.6b63a530";"src/plugin/modules/accessibility.js:4470"
"txt.ca9fd0b24141";"application/json";"1";"revisar";"hac.modules.core.exporthacbackupjson.downloadfile.l271c92.ed119b80";"src/plugin/modules/core.js:271"
"txt.986ef4d5db09";"Área marcada — não foi possível usar o selo real da lib ""Design Acessível"" (modo simplificado).";"1";"mensagem-sistema";"hac.backend.onmessage.notify.l1092c11.1e8c18d5";"src/plugin/backend/onmessage.js:1092"
"txt.e7b678eb1edb";"Área marcada.";"1";"mensagem-sistema";"hac.backend.onmessage.notify.l1091c11.6fca6987";"src/plugin/backend/onmessage.js:1091"
"txt.673dbcaea2e3";"Área: ${area.number} ${area.label}";"1";"texto-interface";"hac.modules.accessibility.opena11ymodal.textcontent.l1446c33.f945d9bb";"src/plugin/modules/accessibility.js:1446"
"txt.a078ccf0cbf2";"Arquivo inválido — não é um JSON válido.";"1";"mensagem-sistema";"hac.modules.core.showtoast.l367c17.f9d02c54";"src/plugin/modules/core.js:367"
"txt.4e0969b509ed";"Arquivo inválido — não parece um backup do hac.";"1";"mensagem-sistema";"hac.modules.core.showtoast.l374c17.3fa0b010";"src/plugin/modules/core.js:374"
"txt.658ac050cc39";"Arraste para posicionar.";"1";"mensagem-sistema";"hac.backend.onmessage.notify.l2332c47.43afc009";"src/plugin/backend/onmessage.js:2332"
"txt.df211ccdd94a";"AS";"1";"texto-interface";"hac.views.modals.span.text.19.ffdec895";"src/plugin/views/modals.html:1041"
"txt.f803ebd3e708";"As ${count} especificaç${count === 1 ? 'ão' : 'ões'} desta tela serão apagadas do plugin e do canvas, inclusive do handoff. Esta ação não pode ser desfeita.";"1";"texto-interface";"hac.modules.accessibility.deletealla11yspecsforarea.opena11yconfirmmodal.l7487c11.38589954";"src/plugin/modules/accessibility.js:7487"
"txt.22b5b01d9f03";"As ${ids.length} especificações iguais deste grupo serão removidas do plugin e do canvas.";"1";"texto-interface";"hac.modules.accessibility.deletea11yspecgroup.opena11yconfirmmodal.l4266c11.a21c4941";"src/plugin/modules/accessibility.js:4266"
"txt.af2620e466bc";"As especificações de acessibilidade nascem dentro de uma tela selecionada.";"1";"mensagem-sistema";"hac.modules.accessibility.rendera11ygroupedlist.showtoast.l5320c15.b16aa158";"src/plugin/modules/accessibility.js:5320"
"txt.a6dc0f62f91c";"As instruções de ${cfg.title} não puderam ser trazidas da lib de acessibilidade (componente indisponível ou lib desconectada). A seção foi gerada sem o card de instruções; gere de novo quando a lib estiver acessível.";"1";"texto-interface";"hac.backend.onmessage.createfichainstructionlegend.postmessage.l4547c18.711813e6";"src/plugin/backend/onmessage.js:4547"
"txt.4dd87ebeab30";"As specs de acessibilidade reaproveitam os componentes oficiais da biblioteca";"1";"texto-interface";"hac.views.modals.p.text.16.05df7382";"src/plugin/views/modals.html:819"
"txt.a435646c795b";"Asset ${i + 1}";"1";"revisar";"hac.code.buildfichalegendcolumn.name.l5049c18.d2bd68d3";"src/plugin/code.js:5049"
"txt.a94c788f1077";"Atuação Prioritária";"1";"texto-interface";"hac.views.modals.p.text.39.9984cee5";"src/plugin/views/modals.html:1064"
"txt.fa8296150636";"Atualizar nome";"1";"texto-interface";"hac.views.modals.html.text.5.f99d00ee";"src/plugin/views/modals.html:709"
"txt.e94bcb2abe28";"Avatar Hero";"1";"vocabulario-lib-mobile";"hac.refs.design.acessivel.mobile.wrapper.generated.componentoptions.4.ecae2c96";"src/plugin/refs/design-acessivel-mobile-wrapper.generated.json:19"
"txt.045f46d8cbcf";"b054d91b10030c6aded2df65a801a425e1c1843f";"1";"vocabulario-dominio";"hac.backend.platform.profiles.a11y.conector.linha.keys.l119c15.ce663340";"src/plugin/backend/platform-profiles.js:119"
"txt.481f2dd4d70e";"b16123a85a77b6f39b134d689e9ba18f966cc949";"1";"vocabulario-dominio";"hac.backend.platform.profiles.a11y.agrupamento.keys.l78c15.28aace90";"src/plugin/backend/platform-profiles.js:78"
"txt.ded6e66c80ae";"b5059f2dfb5e4639686e3eb56a78e6914d8ddc4f";"1";"vocabulario-dominio";"hac.backend.platform.profiles.a11y.web.instruction.keys.l155c14.e451e0d2";"src/plugin/backend/platform-profiles.js:155"
"txt.7714bde30157";"Backup baixado.";"1";"mensagem-sistema";"hac.modules.core.exporthacbackupjson.showtoast.l272c23.219cac53";"src/plugin/modules/core.js:272"
"txt.391b21496f79";"Backup restaurado — ${nAreas} tela(s).";"1";"mensagem-sistema";"hac.modules.core.showtoast.l419c17.4b6b07c2";"src/plugin/modules/core.js:419"
"txt.36f32f5e2c8d";"Baixar backup (.json)";"1";"texto-interface";"hac.build.span.text.3.149b7366";"src/plugin/build.cjs:200"
"txt.2580d49ff406";"ban";"1";"vocabulario-dominio";"hac.modules.accessibility.a11y.categories.l130c58.8c745cf9";"src/plugin/modules/accessibility.js:130"
"txt.1405df66cbe2";"Base";"1";"texto-interface";"hac.views.modals.span.text.11.daeb6a5c";"src/plugin/views/modals.html:660"
"txt.5bb5a48337f5";"Batch Button";"1";"vocabulario-lib-web";"hac.refs.design.acessivel.web.wrapper.generated.componentoptions.4.48bfa76c";"src/plugin/refs/design-acessivel-web-wrapper.generated.json:69"
"txt.0990b134ff00";"bbea0b89885808fb9af379a23573b2f9360f6b88";"1";"vocabulario-dominio";"hac.backend.platform.profiles.a11y.conector.linha.keys.l111c15.a4600a9f";"src/plugin/backend/platform-profiles.js:111"
"txt.50672290c91f";"bcaca4f76c4fc4f045706fee17d00432f0e1ed5b";"1";"vocabulario-dominio";"hac.backend.platform.profiles.a11y.identificacao.tela.keys.l131c15.6cda20b1";"src/plugin/backend/platform-profiles.js:131"
"txt.cb712f6c75e8";"bg-gray-50 dark:bg-dark-bg border border-gray-200 dark:border-dark-line rounded-dsc-medium overflow-hidden";"1";"revisar";"hac.modules.accessibility.rendera11ytogglerows.foreach.l3087c21.71020e96";"src/plugin/modules/accessibility.js:3087"
"txt.510b17283cf3";"bg-gray-50 dark:bg-dark-bg border border-gray-200 dark:border-dark-line rounded-dsc-medium p-3 space-y-2";"1";"revisar";"hac.modules.accessibility.rendera11yelementomobilefields.classname.l2007c25.09cb7f61";"src/plugin/modules/accessibility.js:2007"
"txt.5127d2762b20";"bg-gray-50/60 dark:bg-dark-bg/40 border-gray-100 dark:border-dark-line";"1";"texto-interface";"hac.modules.handoff.ficha.ficharenderprojectsummary.cordestatus.l686c7.92912056";"src/plugin/modules/handoff-ficha.js:686"
"txt.6119c08a3b88";"bg-green-50 dark:bg-green-900/10 border-green-200 dark:border-green-800/40";"1";"texto-interface";"hac.modules.handoff.ficha.ficharenderprojectsummary.cordestatus.l685c7.77c5495c";"src/plugin/modules/handoff-ficha.js:685"
"txt.b471113c0506";"bg-slate-800 text-white px-4 py-2 rounded-dsc-small shadow-xl text-xs font-bold animate-in fade-in slide-in-from-bottom-4 duration-300 flex items-center gap-2";"1";"revisar";"hac.modules.core.showtoast.l809c7.2158adef";"src/plugin/modules/core.js:809"
"txt.5071cc73675a";"bg-slate-800 text-white px-4 py-2 rounded-dsc-small shadow-xl text-xs font-bold animate-in fade-in slide-in-from-bottom-4 duration-300 flex items-center gap-2 border border-red-500";"1";"revisar";"hac.modules.core.showtoast.l808c7.3894c1f4";"src/plugin/modules/core.js:808"
"txt.073b90b485be";"bg-slate-800 text-white px-4 py-3 rounded-dsc-large shadow-xl text-xs font-medium animate-in fade-in slide-in-from-bottom-4 duration-300 flex items-start gap-2 border border-blue-600 max-w-sm pointer-events-auto";"1";"revisar";"hac.modules.core.showsnackbar.classname.l842c24.c781fb96";"src/plugin/modules/core.js:842"
"txt.947d519ff3cf";"Biblioteca do Super DSC Mobile";"1";"texto-interface";"hac.views.modals.p.text.40.f79dbe8e";"src/plugin/views/modals.html:1065"
"txt.2426dd75b32e";"Biblioteca necessária";"1";"texto-interface";"hac.views.modals.html.text.7.24a2de7c";"src/plugin/views/modals.html:812"
"txt.6bf9a1be3c87";"Bibliotecas de equipe";"1";"texto-interface";"hac.views.modals.strong.text.3.5b3f8d14";"src/plugin/views/modals.html:824"
"txt.3b3fd45639aa";"Boas-vindas ao Handoff de Acessibilidade CAIXA";"1";"texto-interface";"hac.views.home.h2.text.1.07747cfe";"src/plugin/views/home.html:81"
"txt.8b0fb63e9665";"body/large";"1";"vocabulario-dominio";"hac.code.a11y.ficha.type.scale.l3757c3.3e8d2c55";"src/plugin/code.js:3757"
"txt.da1c0625ca8f";"body/small";"1";"vocabulario-dominio";"hac.code.a11y.ficha.type.scale.l3761c3.7bcd446b";"src/plugin/code.js:3761"
"txt.48647474b89f";"BOOLEAN";"1";"vocabulario-lib-web";"hac.refs.design.acessivel.web.wrapper.generated.wrapper.contentinstancebya11ytype.decorativo.properties..88341f57";"src/plugin/refs/design-acessivel-web-wrapper.generated.json:47"
"txt.1e0c49248dbd";"Botão";"1";"vocabulario-dominio";"hac.modules.accessibility.a11y.narration.type.labels.l428c11.f6849f68";"src/plugin/modules/accessibility.js:428"
"txt.4ac31442a15d";"Botão de opção";"1";"vocabulario-dominio";"hac.modules.accessibility.a11y.narration.type.labels.l430c19.737f8b85";"src/plugin/modules/accessibility.js:430"
"txt.079574b76026";"Busca em todas as páginas do arquivo por handoffs de acessibilidade já iniciados — seus ou de outros designers.";"1";"texto-interface";"hac.views.modals.p.text.20.16a24a4b";"src/plugin/views/modals.html:935"
"txt.fb349ce2c86d";"Buscando em todas as páginas do arquivo…";"1";"texto-interface";"hac.views.modals.span.text.16.c64ec3ae";"src/plugin/views/modals.html:944"
"txt.30a125aefa16";"Buscar documentação existente";"1";"texto-interface";"hac.views.modals.html.text.16.da6201d7";"src/plugin/views/modals.html:940"
"txt.be73acf384cf";"c1827f24908f990a0983b0519c2800c302d9f113";"1";"vocabulario-dominio";"hac.backend.platform.profiles.a11y.identificacao.tela.keys.l133c15.f6ea68ea";"src/plugin/backend/platform-profiles.js:133"
"txt.7aed25680c8c";"c4d3787688fd6f4bf09d54bac5637867478bf614";"1";"vocabulario-dominio";"hac.backend.platform.profiles.a11y.mobile.instruction.keys.l162c14.2b28b875";"src/plugin/backend/platform-profiles.js:162"
"txt.ee9def5f4e7e";"Cache limpo, mas não foi possível identificar seu usuário — os itens no canvas não foram removidos.";"1";"mensagem-sistema";"hac.modules.messages.showtoast.l248c21.e03ac7a8";"src/plugin/modules/messages.js:248"
"txt.1b3358609221";"Cache limpo. Nenhum item seu foi encontrado no canvas.";"1";"mensagem-sistema";"hac.modules.messages.showtoast.l252c21.c612ac94";"src/plugin/modules/messages.js:252"
"txt.ff9f11ee0da5";"Cache limpo. Plugin reiniciado.";"1";"mensagem-sistema";"hac.modules.messages.showtoast.l215c19.a6b8f3ba";"src/plugin/modules/messages.js:215"
"txt.81dbefaf6d02";"CAIXA";"1";"texto-interface";"hac.views.modals.p.text.23.d640c335";"src/plugin/views/modals.html:993"
"txt.efb9a6673b57";"Caixa de seleção";"1";"vocabulario-dominio";"hac.modules.accessibility.a11y.narration.type.labels.l429c13.bf7a2b19";"src/plugin/modules/accessibility.js:429"
"txt.aac475cd285e";"Camada no canvas:";"1";"texto-interface";"hac.views.modals.span.text.2.57dbe2af";"src/plugin/views/modals.html:168"
"txt.3431ac9a25f5";"Campo de texto";"1";"vocabulario-dominio";"hac.modules.accessibility.a11y.narration.type.labels.l432c11.88dd879a";"src/plugin/modules/accessibility.js:432"
"txt.f0abf7c0e025";"Canais de Suporte";"1";"texto-interface";"hac.views.specifications.html.text.2.f119c0bd";"src/plugin/views/specifications.html:41"
"txt.94639389a33a";"Canais de Suporte: Acessibilidade no DSC e Jornadas";"1";"texto-interface";"hac.views.modals.a11y.support.title.text.8cd4f280";"src/plugin/views/modals.html:994"
"txt.3fe1364245e4";"Cancelando a varredura em andamento…";"1";"mensagem-sistema";"hac.modules.tab.order.canceltaborderreview.showtoast.l1036c15.4516da58";"src/plugin/modules/tab-order.js:1036"
"txt.760c51af8203";"Cancelar seleção e descartar o que foi marcado";"1";"acessibilidade";"hac.build.a11y.capture.mini.bar.cancel.aria.label.8eb03cc9";"src/plugin/build.cjs:279"
"txt.b56eaf12fe48";"Cancelar seleção e descartar os ${noun} marcados";"1";"acessibilidade";"hac.modules.core.a11ycapturebarsynctooltips.setattribute.l641c55.ab1d6b3a";"src/plugin/modules/core.js:641"
"txt.5971887dae24";"Card Account";"1";"vocabulario-lib-mobile";"hac.refs.design.acessivel.mobile.wrapper.generated.componentoptions.10.3168ca2a";"src/plugin/refs/design-acessivel-mobile-wrapper.generated.json:25"
"txt.1bb7db201aad";"Card Carousel Vertical";"1";"vocabulario-lib-mobile";"hac.refs.design.acessivel.mobile.wrapper.generated.componentoptions.12.ab021ad9";"src/plugin/refs/design-acessivel-mobile-wrapper.generated.json:27"
"txt.6328592de25f";"Card Feed";"1";"vocabulario-lib-mobile";"hac.refs.design.acessivel.mobile.wrapper.generated.componentoptions.13.92316830";"src/plugin/refs/design-acessivel-mobile-wrapper.generated.json:28"
"txt.98dd6348aac3";"Card Horizontal";"1";"vocabulario-lib-web";"hac.refs.design.acessivel.web.wrapper.generated.componentoptions.10.14723e95";"src/plugin/refs/design-acessivel-web-wrapper.generated.json:75"
"txt.c46800d78ff3";"card não importado";"1";"revisar";"hac.backend.onmessage.reason.l1519c50.5ee86cb5";"src/plugin/backend/onmessage.js:1519"
"txt.5b034ceebe90";"Card Product Offer";"1";"vocabulario-lib-mobile";"hac.refs.design.acessivel.mobile.wrapper.generated.componentoptions.15.284ee214";"src/plugin/refs/design-acessivel-mobile-wrapper.generated.json:30"
"txt.09ca5f086f43";"Card Vertical";"1";"vocabulario-lib-web";"hac.refs.design.acessivel.web.wrapper.generated.componentoptions.11.5cb26e02";"src/plugin/refs/design-acessivel-web-wrapper.generated.json:76"
"txt.9fce776beaf4";"Card Wallet";"1";"vocabulario-lib-mobile";"hac.refs.design.acessivel.mobile.wrapper.generated.componentoptions.16.1df5380f";"src/plugin/refs/design-acessivel-mobile-wrapper.generated.json:31"
"txt.e03db010ef33";"Casos de borda comuns";"1";"texto-interface";"hac.views.modals.span.text.30.33981656";"src/plugin/views/modals.html:1541"
"txt.fba988a4defc";"Checklist da tela fechado.";"1";"mensagem-sistema";"hac.modules.handoff.ficha.doclose.showtoast.l999c15.6cfb6a32";"src/plugin/modules/handoff-ficha.js:999"
"txt.3773ce3a2b4f";"Checklist da tela reaberto.";"1";"mensagem-sistema";"hac.modules.handoff.ficha.fichareopenareachecklist.showtoast.l1021c13.652aaac6";"src/plugin/modules/handoff-ficha.js:1021"
"txt.c0d73c06da90";"Checklist do projeto fechado";"1";"revisar";"hac.modules.handoff.ficha.fichaopenafterhandoffmodal.l954c62.03da5a25";"src/plugin/modules/handoff-ficha.js:954"
"txt.361604543b50";"Checklist fechado manualmente";"1";"texto-interface";"hac.modules.handoff.ficha.html.text.1.7e5c1fc5";"src/plugin/modules/handoff-ficha.js:831"
"txt.c6b6df0a9e1b";"Chip";"1";"vocabulario-lib-web";"hac.refs.design.acessivel.web.wrapper.generated.componentoptions.14.f0ceb0f1";"src/plugin/refs/design-acessivel-web-wrapper.generated.json:79"
"txt.1247eb8f560d";"Chips";"1";"vocabulario-lib-mobile";"hac.refs.design.acessivel.mobile.wrapper.generated.componentoptions.19.e8a4396e";"src/plugin/refs/design-acessivel-mobile-wrapper.generated.json:34"
"txt.98a793c74ad2";"Claro";"1";"texto-interface";"hac.build.button.text.1.f30b1c47";"src/plugin/build.cjs:164"
"txt.3ac1c6a19333";"Classifique os componentes: Utilize o conector de Elementos Interativos e Imagens para classificar os componentes interativos e imagens essenciais para o contexto da sua interface. Siga a ordem numérica ou alfabética dentro do circulo.";"1";"conteudo-instrucional";"hac.refs.ficha.instruction.content.leitortela.steps.0.e9892bad";"src/plugin/refs/ficha-instruction-content.json:55"
"txt.b9881d83de49";"Classifique os componentes: Utilize o conector de Elementos Interativos e Imagens para classificar os componentes interativos e imagens essenciais para o contexto da sua interface. Siga a ordem numérica ou alfabética dentro do círculo.";"1";"conteudo-instrucional";"hac.refs.ficha.instruction.content.leitortela.web.steps.0.50032db7";"src/plugin/refs/ficha-instruction-content.json:64"
"txt.9649c2abc54b";"clear-cache failed:";"1";"diagnostico-tecnico";"hac.backend.onmessage.error.l614c21.eaa6380b";"src/plugin/backend/onmessage.js:614"
"txt.ed28e6be17e9";"clear-canvas-and-cache failed:";"1";"diagnostico-tecnico";"hac.backend.onmessage.error.l681c21.107157d9";"src/plugin/backend/onmessage.js:681"
"txt.115efb53b541";"Com as telas já aqui, use";"1";"texto-interface";"hac.views.modals.li.text.8.b295f350";"src/plugin/views/modals.html:909"
"txt.a69b86b4f419";"com opção única é\ninteração sem escolha real. _applyA11yDecorativoOriginLock\nesconde o";"1";"texto-interface";"hac.views.modals.select.text.3.b326e42a";"src/plugin/views/modals.html:584"
"txt.4827af11dbe6";"com opção única é\ninteração sem escolha real. _applyA11yTituloOriginLock esconde\no";"1";"texto-interface";"hac.views.modals.select.text.1.b52c73b5";"src/plugin/views/modals.html:524"
"txt.a696fa57c796";"Como fazer a ordem de Leitura Mobile (Swipe)";"1";"conteudo-instrucional";"hac.refs.ficha.instruction.content.swipe.stepsheading.08766b4e";"src/plugin/refs/ficha-instruction-content.json:41"
"txt.46bb2119dd49";"Como fazer a ordem de tabulação";"1";"conteudo-instrucional";"hac.refs.ficha.instruction.content.tabulacao.stepsheading.34dc4802";"src/plugin/refs/ficha-instruction-content.json:19"
"txt.c6e6a362d042";"Como fazer as especificações para Leitor de Tela";"1";"conteudo-instrucional";"hac.refs.ficha.instruction.content.leitortela.stepsheading.d1fb0225";"src/plugin/refs/ficha-instruction-content.json:53"
"txt.b3d710b1eb71";"Como utilizar o Plugin";"1";"texto-interface";"hac.views.specifications.html.text.1.3770907a";"src/plugin/views/specifications.html:36"
"txt.a6dd188f9695";"Como utilizar o Plugin: Mobile";"1";"texto-interface";"hac.modules.onboarding.title.l64c12.1317edf6";"src/plugin/modules/onboarding.js:64"
"txt.55505dfb2d8e";"Como utilizar o Plugin: Web";"1";"texto-interface";"hac.modules.onboarding.title.l55c12.b1ab6195";"src/plugin/modules/onboarding.js:55"
"txt.51df1fa8d2f7";"Comparison Table";"1";"vocabulario-lib-mobile";"hac.refs.design.acessivel.mobile.wrapper.generated.componentoptions.20.5dd907de";"src/plugin/refs/design-acessivel-mobile-wrapper.generated.json:35"
"txt.8334f25231ea";"Componente do DSC";"1";"texto-interface";"hac.modules.accessibility.label.text.1.ab9d39bf";"src/plugin/modules/accessibility.js:2011"
"txt.af266683af91";"Componente do DSC (Link)";"1";"texto-interface";"hac.modules.accessibility.collecta11yelementomobiletoggleproperties.push.l2561c69.00bbdbad";"src/plugin/modules/accessibility.js:2561"
"txt.c5cb8135f0c0";"Componente DSC:";"1";"texto-interface";"hac.views.modals.span.text.4.c7bd4129";"src/plugin/views/modals.html:184"
"txt.d9435dc20142";"Componentes detectados";"1";"texto-interface";"hac.views.modals.a11y.batch.summary.groups.title.text.d7976c17";"src/plugin/views/modals.html:1373"
"txt.e95869391197";"Componentes detectados (${groupList.length} grupo${groupList.length === 1 ? '' : 's'}, ${totalItems} ${totalItems === 1 ? 'item' : 'itens'})";"1";"texto-interface";"hac.modules.accessibility.opena11ybatchsummarymodal.textcontent.l6803c31.f35a5772";"src/plugin/modules/accessibility.js:6803"
"txt.b409511cac32";"Concluir seleção e revisar a lista";"1";"acessibilidade";"hac.build.a11y.capture.mini.bar.finish.aria.label.87efeee6";"src/plugin/build.cjs:284"
"txt.49cba01f182f";"Concluir seleção e revisar os ${noun}";"1";"acessibilidade";"hac.modules.core.a11ycapturebarsynctooltips.setattribute.l644c55.08bd540e";"src/plugin/modules/core.js:644"
"txt.c81a3befb704";"Conector atualizado — não foi possível usar o selo real da lib ""Design Acessível"" (modo simplificado).";"1";"mensagem-sistema";"hac.backend.onmessage.notify.l1253c11.42d7f699";"src/plugin/backend/onmessage.js:1253"
"txt.362c93d91536";"Conector atualizado.";"1";"mensagem-sistema";"hac.backend.onmessage.notify.l1252c11.efee37d8";"src/plugin/backend/onmessage.js:1252"
"txt.edfb7624db8f";"Consolidando ${_fichaSectionDisplayName(sectionKey)} no Handoff de Acessibilidade…";"1";"revisar";"hac.modules.handoff.ficha.fichainsertsection.showa11ycanvasloading.l279c74.39956050";"src/plugin/modules/handoff-ficha.js:279"
"txt.a024a5bce260";"Consolidando Handoff de Acessibilidade…";"1";"mensagem-sistema";"hac.modules.handoff.ficha.fichainsertsection.showtoast.l280c13.c0a7331b";"src/plugin/modules/handoff-ficha.js:280"
"txt.b4e1945cad5b";"Construir como lista ordenada.";"1";"texto-interface";"hac.modules.accessibility.descricao.l331c35.371f1d07";"src/plugin/modules/accessibility.js:331"
"txt.b07b75d832eb";"Continuar revisão";"1";"revisar";"hac.modules.accessibility.stopa11ybatchwizard.showsnackbar.l7392c20.85600d50";"src/plugin/modules/accessibility.js:7392"
"txt.3d83a5863db0";"Contorno envolve o elemento com uma moldura. Linha liga um ponto do elemento ao card com um traço.";"1";"texto-interface";"hac.views.modals.p.text.13.60eeda8a";"src/plugin/views/modals.html:635"
"txt.3a667b4ae728";"contorno não desenhado";"1";"mensagem-sistema";"hac.backend.onmessage.notify.l2328c54.8ac5de1e";"src/plugin/backend/onmessage.js:2328"
"txt.6e7164992160";"contorno não desenhado na tela original —";"1";"revisar";"hac.backend.onmessage.literal.l1556c51.651e94be";"src/plugin/backend/onmessage.js:1556"
"txt.5c31d05d4719";"Cópia da tela criada. Siga as instruções acima e clique nos elementos dela (segure shift, ou use marquise, pra marcar vários de uma vez).";"1";"mensagem-sistema";"hac.modules.tab.order.handletabordercopystarted.showtoast.l504c15.f1ec1eb0";"src/plugin/modules/tab-order.js:504"
"txt.460cd16f54e1";"Cópia da tela criada. Siga as instruções acima e clique nos pontos dela (segure shift, ou use marquise, pra marcar vários de uma vez).";"1";"mensagem-sistema";"hac.modules.swipe.path.handleswipepathcopystarted.showtoast.l30c15.fc7c030e";"src/plugin/modules/swipe-path.js:30"
"txt.cf63cddc25f0";"Credit Card Button";"1";"vocabulario-lib-mobile";"hac.refs.design.acessivel.mobile.wrapper.generated.componentoptions.21.a4078b50";"src/plugin/refs/design-acessivel-mobile-wrapper.generated.json:36"
"txt.9869a5a920e9";"Criamos a página do handoff e levamos você até ela. Agora copie e cole aqui as telas que serão documentadas.";"1";"revisar";"hac.modules.accessibility.openhacpageinstructionmodal.l5660c9.9b96ed41";"src/plugin/modules/accessibility.js:5660"
"txt.c71555356c1d";"Criando ${targets.length} especificações…";"1";"revisar";"hac.modules.accessibility.createa11yspecbatch.showa11ycanvasloading.l3585c74.48f31d29";"src/plugin/modules/accessibility.js:3585"
"txt.0a352d953821";"Criando especificação de acessibilidade…";"1";"mensagem-sistema";"hac.modules.accessibility.finisha11yspecconfirm.showtoast.l3808c34.e8a08b6e";"src/plugin/modules/accessibility.js:3808"
"txt.89deeb484e4e";"Criar especificação";"1";"texto-interface";"hac.modules.accessibility.button.2.title.4149b3a5";"src/plugin/modules/accessibility.js:4348"
"txt.db357bcdc139";"Criar especificação de acessibilidade para ${escapeHtml(name)}";"1";"acessibilidade";"hac.modules.accessibility.button.2.aria.label.1133eb78";"src/plugin/modules/accessibility.js:4348"
"txt.db3f4a9f6d48";"Criar especificações";"1";"texto-interface";"hac.modules.accessibility.html.text.3.c02ff6b8";"src/plugin/modules/accessibility.js:4864"
"txt.e57ad5aaedbb";"Criar ordem de leitura";"1";"texto-interface";"hac.modules.accessibility.html.text.2.71975fa3";"src/plugin/modules/accessibility.js:4703"
"txt.c0e0305535e3";"Criar spec";"1";"texto-interface";"hac.modules.accessibility.html.text.2.b19a8b9f";"src/plugin/modules/accessibility.js:4351"
"txt.e981e5871374";"Criar trilha de swipe";"1";"revisar";"hac.modules.swipe.path.handleswipepathcreatefailed.l792c107.8dc7d1c9";"src/plugin/modules/swipe-path.js:792"
"txt.66013b82e44b";"Ctrl + C";"1";"texto-interface";"hac.views.modals.strong.text.5.b35a03c5";"src/plugin/views/modals.html:906"
"txt.ab7780b442b0";"Ctrl + V";"1";"texto-interface";"hac.views.modals.strong.text.6.6db974b7";"src/plugin/views/modals.html:907"
"txt.16fc36470082";"d00095a4988bdd68e25d414856b1293ffeaeea38";"1";"vocabulario-dominio";"hac.backend.platform.profiles.a11y.mobile.instruction.keys.l163c14.a2b6ccd8";"src/plugin/backend/platform-profiles.js:163"
"txt.a48c979197c4";"d103d6403ab8f289c44499cf931de5d08e1c80a2";"1";"vocabulario-dominio";"hac.backend.platform.profiles.a11y.conector.linha.keys.l97c15.5bc2fc3d";"src/plugin/backend/platform-profiles.js:97"
"txt.b06e7d66721f";"da CAIXA. Ela ainda não está acessível neste arquivo.";"1";"texto-interface";"hac.views.modals.html.text.8.2481724a";"src/plugin/views/modals.html:820"
"txt.6f8c57246166";"Da página";"1";"texto-interface";"hac.views.modals.option.text.5.fe08b47a";"src/plugin/views/modals.html:447"
"txt.1c6416158d9b";"dark:text-emerald-400";"1";"revisar";"hac.modules.accessibility.applya11ywizardmodalui.toggle.l7241c31.37bb6a38";"src/plugin/modules/accessibility.js:7241"
"txt.150dc4530095";"dark:text-red-400";"1";"revisar";"hac.modules.tab.order.settabordernarrationbuttonstate.toggle.l1603c24.3ddcd1ff";"src/plugin/modules/tab-order.js:1603"
"txt.5729d5f2bd20";"data-tooltip";"1";"texto-interface";"hac.modules.core.a11ycapturebarsynctooltips.setattribute.l636c26.c0cd7e87";"src/plugin/modules/core.js:636"
"txt.0ae4f5ba6afb";"de —";"1";"texto-interface";"hac.views.modals.a11y.wizard.index.total.text.40effe3a";"src/plugin/views/modals.html:153"
"txt.d712d7346321";"de ${total}";"1";"texto-interface";"hac.modules.accessibility.rendera11ywizardpaginator.textcontent.l7305c44.279cd06d";"src/plugin/modules/accessibility.js:7305"
"txt.2ef640a147ae";"decorativa";"1";"texto-interface";"hac.views.modals.em.text.3.9d36cd3d";"src/plugin/views/modals.html:1546"
"txt.7b308cab01a6";"decorativo";"1";"texto-interface";"hac.views.modals.em.text.1.5d0d944f";"src/plugin/views/modals.html:1545"
"txt.d21e28ab980c";"Definir o título da página como: [insira aqui o título].";"1";"texto-interface";"hac.modules.accessibility.descricao.l376c32.923f39a3";"src/plugin/modules/accessibility.js:376"
"txt.5bb859045866";"dentro de: ${escapeHtml(item.immediateParentName)}";"1";"texto-interface";"hac.modules.accessibility.p.text.1.79ecca88";"src/plugin/modules/accessibility.js:4339"
"txt.c88fe9e2bb9d";"Descartar";"1";"texto-interface";"hac.views.modals.btn.a11y.wizard.discard.text.a6919fc7";"src/plugin/views/modals.html:673"
"txt.4e41d80938b5";"descricao";"1";"texto-interface";"hac.code.filla11ymobileelementoseimagensfields.descricaotexto.l72.a9a60814";"src/plugin/code.js:722"
"txt.16a707657dd2";"Descrição (fixa)";"1";"texto-interface";"hac.modules.accessibility.p.text.1.5cfa9092";"src/plugin/modules/accessibility.js:1888"
"txt.4fb0af830e5c";"Descrição (texto alternativo) *";"1";"texto-interface";"hac.modules.accessibility.label.text.1.077cb7e7";"src/plugin/modules/accessibility.js:1901"
"txt.c3b6e96ae21a";"Deseja trocar de plataforma?";"1";"texto-interface";"hac.modules.accessibility.confirmbacktohome.opena11yconfirmmodal.l6008c12.75c22645";"src/plugin/modules/accessibility.js:6008"
"txt.63caadcb2fc2";"Desenhando 1 de ${list.length}...";"1";"revisar";"hac.modules.tab.order.applytabordertocanvas.showa11ycanvasloading.l1120c48.776d7899";"src/plugin/modules/tab-order.js:1120"
"txt.bc0d6a89e963";"Desenhando a trilha de swipe com os ${items.length} pontos já mapeados na Ordem de Tabulação…";"1";"mensagem-sistema";"hac.modules.swipe.path.startswipepathfromtaborder.ensurea11yprojectoriginthen.l.abf7b208";"src/plugin/modules/swipe-path.js:202"
"txt.a466cc3d8778";"Desenhando trilha de swipe…";"1";"revisar";"hac.modules.swipe.path.applyswipepathtocanvas.showa11ycanvasloading.l716c74.598871f3";"src/plugin/modules/swipe-path.js:716"
"txt.dcabc4e51bb0";"Desenhando trilha…";"1";"texto-interface";"hac.modules.swipe.path.applyswipepathtocanvas.textcontent.l712c50.fb3dda0a";"src/plugin/modules/swipe-path.js:712"
"txt.a718d61fa66e";"Design System (DSC)";"1";"texto-interface";"hac.views.modals.strong.text.9.26878bea";"src/plugin/views/modals.html:1038"
"txt.863be329d064";"Dialog";"1";"vocabulario-dominio";"hac.modules.accessibility.a11y.componente.labels.l410c11.115cb711";"src/plugin/modules/accessibility.js:410"
"txt.5879522ecdd7";"Digital Wallet Button";"1";"vocabulario-lib-mobile";"hac.refs.design.acessivel.mobile.wrapper.generated.componentoptions.23.bb890afd";"src/plugin/refs/design-acessivel-mobile-wrapper.generated.json:38"
"txt.f35d51a7b531";"Dir.";"1";"texto-interface";"hac.views.modals.span.text.8.e680bb1b";"src/plugin/views/modals.html:645"
"txt.ba6a1047aedd";"direita";"1";"vocabulario-dominio";"hac.code.a11y.side.to.orientacao.l1292c61.96f3644f";"src/plugin/code.js:1292"
"txt.338bed38af20";"display/standard";"1";"vocabulario-dominio";"hac.code.a11y.ficha.type.scale.l3751c3.ba0ea1e8";"src/plugin/code.js:3751"
"txt.29482f534934";"display/standard-semibold";"1";"vocabulario-dominio";"hac.code.a11y.ficha.type.scale.l3752c3.10c3c652";"src/plugin/code.js:3752"
"txt.47b3abbb2afc";"Disponível apenas para projetos mobile";"1";"texto-interface";"hac.modules.accessibility.p.text.1.53bb1353";"src/plugin/modules/accessibility.js:4579"
"txt.a0e223d607be";"Disponível quando todas as telas estiverem prontas (faltam ${faltam}).";"1";"revisar";"hac.modules.handoff.ficha.fichaopenafterhandoffmodal.l977c9.82ccd97b";"src/plugin/modules/handoff-ficha.js:977"
"txt.712854e8283e";"Documentação da Tela ${areaNumber} - ${frameLabel}";"1";"revisar";"hac.code.ensuretelatitulocard.characters.l4060c23.85c35895";"src/plugin/code.js:4060"
"txt.bf0fc6d30261";"Documentado";"1";"revisar";"hac.modules.accessibility.applya11ywizardmodalui.l7249c44.5c3dcb9a";"src/plugin/modules/accessibility.js:7249"
"txt.e6425e319dcb";"Documentar outra tela";"1";"texto-interface";"hac.views.modals.span.text.21.9d6216dd";"src/plugin/views/modals.html:1095"
"txt.b1abea254730";"Documente ordem de tabulação e especificação para Leitor de Tela de forma simples, rápida e escalável com o DSC.";"1";"texto-interface";"hac.views.home.p.text.1.112b2a1d";"src/plugin/views/home.html:82"
"txt.2a5796b9006e";"Documento exportado.";"1";"mensagem-sistema";"hac.modules.core.exporthachandoffdoc.showtoast.l341c23.a0a3a016";"src/plugin/modules/core.js:341"
"txt.45cc20f8b88d";"Documento legível com as specs.";"1";"texto-interface";"hac.build.span.text.6.7902834c";"src/plugin/build.cjs:209"
"txt.17663f3a8563";"DotFim";"1";"revisar";"hac.backend.onmessage.name.l2160c25.5ee6fb9c";"src/plugin/backend/onmessage.js:2160"
"txt.3e0cb587c928";"DotInicio";"1";"revisar";"hac.backend.onmessage.name.l2150c27.5edcea2e";"src/plugin/backend/onmessage.js:2150"
"txt.de9a230357dc";"Drawer Panel";"1";"vocabulario-lib-web";"hac.refs.design.acessivel.web.wrapper.generated.componentoptions.16.58915dab";"src/plugin/refs/design-acessivel-web-wrapper.generated.json:81"
"txt.c248441213ee";"Dropdown Combobox";"1";"vocabulario-lib-web";"hac.refs.design.acessivel.web.wrapper.generated.componentoptions.17.e625527d";"src/plugin/refs/design-acessivel-web-wrapper.generated.json:82"
"txt.388a1d8a70a2";"Dropdown Menu List";"1";"vocabulario-lib-web";"hac.refs.design.acessivel.web.wrapper.generated.componentoptions.18.295835ab";"src/plugin/refs/design-acessivel-web-wrapper.generated.json:83"
"txt.5d280f1a5656";"DSC | Android";"1";"texto-interface";"hac.backend.platform.profiles.label.l251c69.5ddd9dd4";"src/plugin/backend/platform-profiles.js:251"
"txt.9b32bf465c35";"DSC | Super App";"1";"texto-interface";"hac.backend.platform.profiles.label.l250c65.022d8043";"src/plugin/backend/platform-profiles.js:250"
"txt.12ca089ea838";"É a sequência lógica que o Leitor de tela (NVDA/VoiceOver/Jaws) percorre nos elementos INTERATIVOS quando o usuário navega com devices como teclados, mouses com botões programáveis ou acionadores.";"1";"conteudo-instrucional";"hac.refs.ficha.instruction.content.tabulacao.web.instructionsbody.c079549b";"src/plugin/refs/ficha-instruction-content.json:28"
"txt.a52a00658a26";"É a sequência lógica que o Leitor de tela (VoiceOver/TalkBack) percorre nos elementos INTERATIVOS quando o usuário navega com outros devices em interfaces de toque como teclados, mouses com botões programáveis ou acionadores .";"1";"conteudo-instrucional";"hac.refs.ficha.instruction.content.tabulacao.instructionsbody.5d718569";"src/plugin/refs/ficha-instruction-content.json:18"
"txt.2bea3e021dfc";"e busque por";"1";"texto-interface";"hac.views.modals.html.text.10.3556fef6";"src/plugin/views/modals.html:824"
"txt.c8cd3532a993";"e precisa de texto alternativo descrevendo o conteúdo.";"1";"texto-interface";"hac.views.modals.html.text.35.65f320a1";"src/plugin/views/modals.html:1546"
"txt.477022c0b896";"É um elemento que ajuda a organizar o conteúdo da página, fornecendo uma estrutura clara e semântica.";"1";"revisar";"hac.code.findtextnodebycurrentvalue.l928c9.2b30a1cd";"src/plugin/code.js:928"
"txt.129a3482b42a";"e30f1468b18340bcce7e6937c9f655c2ebffc372";"1";"vocabulario-dominio";"hac.backend.platform.profiles.a11y.agrupamento.keys.l84c15.d5a18c3a";"src/plugin/backend/platform-profiles.js:84"
"txt.f4d04a003334";"ea54a0cca62bc6d8abee539efe989a18b1e322a7";"1";"vocabulario-dominio";"hac.backend.platform.profiles.a11y.agrupamento.keys.l62c15.acebbbbf";"src/plugin/backend/platform-profiles.js:62"
"txt.b646cf414443";"ED gerais";"1";"revisar";"hac.modules.accessibility.updatea11ydecorativofields.rendera11yfixedtoggles.l3394c.c45ab06d";"src/plugin/modules/accessibility.js:3394"
"txt.49b714fa337e";"ED imagem";"1";"revisar";"hac.modules.accessibility.updatea11ydecorativofields.rendera11yfixedtoggles.l3394c.14b412e5";"src/plugin/modules/accessibility.js:3394"
"txt.07ebbd4d18be";"ed17abfec856f9ca286f6bb4b828319af73f9851";"1";"vocabulario-dominio";"hac.backend.platform.profiles.a11y.agrupamento.keys.l83c15.7dabaaf2";"src/plugin/backend/platform-profiles.js:83"
"txt.43747c58df6a";"edb2b2b5aaabb8649461ceee62307c0d27134982";"1";"vocabulario-dominio";"hac.backend.platform.profiles.a11y.agrupamento.keys.l71c15.e259c44e";"src/plugin/backend/platform-profiles.js:71"
"txt.922e633ddec4";"Editar especificação de acessibilidade";"1";"acessibilidade";"hac.modules.accessibility.button.3.aria.label.4f4dc0b6";"src/plugin/modules/accessibility.js:4106"
"txt.19fb3d9eb45a";"Editar especificação existente";"1";"texto-interface";"hac.views.modals.btn.a11y.modal.edit.duplicate.text.d1c75185";"src/plugin/views/modals.html:198"
"txt.6bee6cf8bc1f";"Editar Trilha de Ordem de Leitura";"1";"texto-interface";"hac.modules.swipe.path.openswipepathreviewmodal.textcontent.l399c40.3f6cf692";"src/plugin/modules/swipe-path.js:399"
"txt.264ad3e78ce4";"EE idiomas";"1";"revisar";"hac.modules.accessibility.updatea11yestruturafields.l3259c58.3d310477";"src/plugin/modules/accessibility.js:3259"
"txt.1d388896db08";"EE marco de navegacao";"1";"revisar";"hac.modules.accessibility.literal.l3260c74.a873ba85";"src/plugin/modules/accessibility.js:3260"
"txt.4d0e9e8f7d54";"ef9578ce7fd51d26cdccc22fbc862bdd716050ce";"1";"vocabulario-dominio";"hac.backend.platform.profiles.a11y.conector.linha.keys.l112c15.fa9999e7";"src/plugin/backend/platform-profiles.js:112"
"txt.1e1c38bb8a8a";"Elemento";"1";"revisar";"hac.modules.accessibility.a11yundocumenteditemhtml.name.l4312c47.748e154b";"src/plugin/modules/accessibility.js:4312"
"txt.ea445cb02593";"Elemento Decorativo (mobile, sem subtipo)";"1";"texto-interface";"hac.views.modals.a11y.decorativo.subtipo.fixed.text.6876d0ce";"src/plugin/views/modals.html:590"
"txt.170bccf48fe2";"elemento fora da tela da área";"1";"revisar";"hac.backend.onmessage.literal.l1465c17.e412c829";"src/plugin/backend/onmessage.js:1465"
"txt.9a3d19f2a92d";"elemento fora do mapa da réplica";"1";"revisar";"hac.backend.onmessage.literal.l1421c36.638448f9";"src/plugin/backend/onmessage.js:1421"
"txt.64ecc9abbdf8";"Elemento não encontrado no canvas — selecione novamente.";"1";"mensagem-sistema";"hac.backend.onmessage.notify.l953c22.781a5bb8";"src/plugin/backend/onmessage.js:953"
"txt.3e7cbab08664";"elemento sem equivalente na réplica";"1";"revisar";"hac.backend.onmessage.literal.l1464c17.fe86f32c";"src/plugin/backend/onmessage.js:1464"
"txt.705f2024b9fa";"Elemento sem nome";"1";"revisar";"hac.modules.tab.order.tabordernarrationphrase.name.l1586c91.9aaf6ace";"src/plugin/modules/tab-order.js:1586"
"txt.221da6c5d77d";"Elementos Decorativos (mobile, sem subtipo)";"1";"revisar";"hac.modules.accessibility.applya11ydecorativooriginlock.l3418c43.2f7bcb7b";"src/plugin/modules/accessibility.js:3418"
"txt.22c7a959b7db";"Elementos Decorativos (sem subtipo)";"1";"revisar";"hac.modules.accessibility.applya11ydecorativooriginlock.l3418c91.560b8565";"src/plugin/modules/accessibility.js:3418"
"txt.ae389a2dd9e8";"Elementos e imagens";"1";"vocabulario-lib-web";"hac.refs.design.acessivel.web.wrapper.generated.wrapper.contentinstancebya11ytype.elemento.name.80edc731";"src/plugin/refs/design-acessivel-web-wrapper.generated.json:18"
"txt.603fcd10779d";"Elementos interativos e imagens, estrutura da página, nível de título e elementos decorativos — cada marcador indica a categoria de acessibilidade documentada naquele ponto da tela.";"1";"revisar";"hac.code.legendfallback.l3617c21.3f2be42b";"src/plugin/code.js:3617"
"txt.a0c929bccd32";"em cada elemento, na ordem em que o teclado deve navegar por eles. Ao concluir a seleção, você pode";"1";"texto-interface";"hac.modules.tab.order.html.text.1.aaf75a8a";"src/plugin/modules/tab-order.js:174"
"txt.33284783b8ba";"em cada ponto, na ordem em que o gesto de swipe deve passar por eles. Ao concluir a seleção, você pode";"1";"texto-interface";"hac.modules.tab.order.html.text.1.ad46c9b7";"src/plugin/modules/tab-order.js:175"
"txt.9ae33ea18305";"Em HTML é necessário atrelar os seguintes atributos ao componente: aria-labelledby, aria-describedby e aria-modal.";"1";"texto-interface";"hac.modules.accessibility.notascodigo.l328c163.a0c81870";"src/plugin/modules/accessibility.js:328"
"txt.fcd7aaccc5fc";"Em HTML utilize o atributo alt="""" com o valor vazio.";"1";"texto-interface";"hac.modules.accessibility.notascodigo.l392c86.615bf705";"src/plugin/modules/accessibility.js:392"
"txt.2d9bf1635998";"Em HTML, identificar o status do componente como ""expandido"" ou ""recolhido"" com aria-expanded. Utilizar aria-labelledby para indicar o elemento que rotula a caixa de combinação e aria-controls para definir que o componente funciona como um pop-up.";"1";"texto-interface";"hac.modules.accessibility.notascodigo.l332c185.be0e5d35";"src/plugin/modules/accessibility.js:332"
"txt.84b42ef74210";"Em HTML, identificar o status do componente como desmarcado com o atributo aria-checked=""false"". Deve-se também inserir aria-label para adicionar um nome acessível ao elemento.";"1";"texto-interface";"hac.modules.accessibility.notascodigo.l327c78.49618932";"src/plugin/modules/accessibility.js:327"
"txt.679e6d8a12ad";"Em HTML, o atributo aria-live=""assertive"" está implícito na função de alerta.";"1";"texto-interface";"hac.modules.accessibility.notascodigo.l334c173.99ce48d6";"src/plugin/modules/accessibility.js:334"
"txt.9299800c5225";"Em HTML, use o atributo lang para declarar o conteúdo circundante como links ou outras partes do texto.";"1";"texto-interface";"hac.modules.accessibility.notascodigo.l355c89.7db680be";"src/plugin/modules/accessibility.js:355"
"txt.76593620dbfc";"em si\npermanecem no DOM como `hidden` (sem label visual, nunca\nclicáveis) só para PRESERVAR DADO HISTÓRICO: _prefillA11ySpecForEdit\n(accessibility.js) precisa continuar achando\n`input[name=""a11y-el-mobile-variant""][value=sub.variant]` pra\nreaplicar corretamente a variante salva de specs mobile ANTIGAS\nque tenham usado ""link""/""texto alternativo"" — se esses";"1";"texto-interface";"hac.views.modals.input.text.1.ace8d7bd";"src/plugin/views/modals.html:367"
"txt.1080c8fd6427";"en-US";"1";"revisar";"hac.modules.tab.order.tabordernarrationadvance.l1648c36.6c99286f";"src/plugin/modules/tab-order.js:1648"
"txt.9a3394a0340f";"ensure-hac-page failed:";"1";"diagnostico-tecnico";"hac.backend.onmessage.error.l662c21.dc8fd294";"src/plugin/backend/onmessage.js:662"
"txt.7bf94bf49f02";"Entendendo as categorias";"1";"texto-interface";"hac.views.modals.a11y.help.modal.title.text.71d6f3ce";"src/plugin/views/modals.html:1431"
"txt.8108a85ad248";"Entendi, adicionar itens";"1";"revisar";"hac.modules.tab.order.opena11yinstructionthenstart.l395c60.3dca47ad";"src/plugin/modules/tab-order.js:395"
"txt.8ccb32f0bfde";"Erro";"1";"revisar";"hac.backend.onmessage.buildfichaswipesection.name.l5348c24.0cb56f31";"src/plugin/backend/onmessage.js:5348"
"txt.9699e2e97451";"Erro ao escanear node:";"1";"diagnostico-tecnico";"hac.backend.dsc.matching.extract.error.l899c21.d96e9af7";"src/plugin/backend/dsc-matching.js:899"
"txt.3a586309b53a";"Erro ao limpar cache";"1";"mensagem-sistema";"hac.backend.onmessage.notify.l615c20.ce89c545";"src/plugin/backend/onmessage.js:615"
"txt.e301da989ee1";"Erro ao limpar o handoff do canvas";"1";"mensagem-sistema";"hac.backend.onmessage.notify.l682c20.293b770a";"src/plugin/backend/onmessage.js:682"
"txt.f1523e7c326d";"Escala da UI: ${Math.round(next * 100)}%";"1";"mensagem-sistema";"hac.modules.core.zoomin.showtoast.l1290c13.6581e60b";"src/plugin/modules/core.js:1290"
"txt.a6cf88fe26a9";"Escala da UI: ${Math.round(prev * 100)}%";"1";"mensagem-sistema";"hac.modules.core.zoomout.showtoast.l1298c13.c46d861b";"src/plugin/modules/core.js:1298"
"txt.ad460c354c6e";"Escolha qual lib o seu projeto se encaixa:";"1";"texto-interface";"hac.views.home.p.text.2.f00aeca8";"src/plugin/views/home.html:88"
"txt.e5258b655bab";"Escuro";"1";"texto-interface";"hac.build.button.text.2.3edbdc91";"src/plugin/build.cjs:165"
"txt.f83b9a9c7005";"Espaçamento de texto";"1";"texto-interface";"hac.build.span.text.1.daf6461a";"src/plugin/build.cjs:170"
"txt.379c4d4bf08b";"Especificação";"1";"texto-interface";"hac.views.modals.strong.text.13.4879ebee";"src/plugin/views/modals.html:1533"
"txt.bfbb654abb01";"Especificação criada e posicionada, travada por padrão. Use o cadeado pra ajustar.";"1";"mensagem-sistema";"hac.modules.messages.showtoast.l337c19.0f01b875";"src/plugin/modules/messages.js:337"
"txt.17dd115f7ec7";"Especificação criada sem o marcador visual (contorno/conector) — não foi possível importá-lo (${_markerImportFailReason}). Revise o destaque manualmente.";"1";"mensagem-sistema";"hac.backend.onmessage.notify.l2330c13.789aa0cd";"src/plugin/backend/onmessage.js:2330"
"txt.e67c1d46224c";"Especificação criada sem o marcador: o elemento não foi encontrado na réplica do Leitor de Tela (${_specMapFailReason}). Nada foi desenhado na tela original.";"1";"mensagem-sistema";"hac.backend.onmessage.notify.l2329c13.1dd48ccd";"src/plugin/backend/onmessage.js:2329"
"txt.f31dd83c8b83";"Especificação de acessibilidade criada.";"1";"mensagem-sistema";"hac.backend.onmessage.notify.l2334c22.ced8258a";"src/plugin/backend/onmessage.js:2334"
"txt.e4a2890befdd";"Especificação destravada. Edite com cuidado e trave novamente ao concluir.";"1";"mensagem-sistema";"hac.modules.accessibility.togglea11yspeclock.showtoast.l7568c7.63140a15";"src/plugin/modules/accessibility.js:7568"
"txt.affa09cc28ce";"Especificação precisa de revisão, clique para verificar";"1";"texto-interface";"hac.modules.accessibility.button.1.title.759324d1";"src/plugin/modules/accessibility.js:4094"
"txt.15ff7df00fa6";"Especificação travada novamente.";"1";"mensagem-sistema";"hac.modules.accessibility.togglea11yspeclock.showtoast.l7567c7.f66c2750";"src/plugin/modules/accessibility.js:7567"
"txt.3cebd82dfed2";"Especificações de Leitor de Tela removidas.";"1";"mensagem-sistema";"hac.modules.accessibility.deletealla11yspecsforareanow.showtoast.l7499c13.8d79c6a4";"src/plugin/modules/accessibility.js:7499"
"txt.157f177f3418";"Especifique a estrutura da página: Utilize o conector Estrutura da Página para marcar a estrutura da página, esses elementos semânticos que estruturam o “esqueleto” de uma interface e indicam as seções de conteúdo e para que servem, exemplos: <header>, <main>, <footer>, etc.";"1";"conteudo-instrucional";"hac.refs.ficha.instruction.content.leitortela.web.steps.2.ea58a43e";"src/plugin/refs/ficha-instruction-content.json:66"
"txt.8f52bb10226d";"Especifique os títulos: Se o elemento que você está documentando for um título, utilize o conector Nível de Título para marcá-lo, a estrutura da interface segue a lógica de H1 até H6. O H1 é o título principal (único por página), seguido por H2, H3 e assim por diante. Essa ordem permite que usuários de leitores de tela entendam o sumário do conteúdo.";"1";"conteudo-instrucional";"hac.refs.ficha.instruction.content.leitortela.web.steps.1.10176e17";"src/plugin/refs/ficha-instruction-content.json:65"
"txt.5409d4481f27";"Especifique os títulos: Se o elemento que você está documentando for um título, utilize o conector Títulos para marcá-lo. No mobile (React Native) não é necessário mapear a hierarquia de níveis como no desktop, todo título usa o mesmo marcador ""H"", sem distinção H1-H6.";"1";"conteudo-instrucional";"hac.refs.ficha.instruction.content.leitortela.steps.1.b5fbe87e";"src/plugin/refs/ficha-instruction-content.json:56"
"txt.c07c75c1d500";"Esq.";"1";"texto-interface";"hac.views.modals.span.text.9.deffb829";"src/plugin/views/modals.html:650"
"txt.3d2a0394f7bd";"esquerda";"1";"vocabulario-dominio";"hac.code.a11y.side.to.orientacao.l1292c42.7239a036";"src/plugin/code.js:1292"
"txt.65f823fc1a3f";"Essa categoria não tem card publicado na lib de acessibilidade desta plataforma. Escolha outra categoria.";"1";"vocabulario-dominio";"hac.backend.onmessage.a11y.fail.messages.l1515c26.4c545893";"src/plugin/backend/onmessage.js:1515"
"txt.001d0766e9bd";"Essa documentação trata-se de como o leitor de tela (VoiceOver/Talkback) deve seguir sequencialmente de forma nativa com a navegação via Swipe, ou seja, sem os atalhos do rotor.";"1";"conteudo-instrucional";"hac.refs.ficha.instruction.content.swipe.instructionsbody.a66401be";"src/plugin/refs/ficha-instruction-content.json:40"
"txt.aece94f83aac";"Essa variação de Estrutura da Página não existe na lib de acessibilidade. Escolha outro tipo ou outra categoria.";"1";"vocabulario-dominio";"hac.backend.onmessage.a11y.fail.messages.l1507c26.4b2f137f";"src/plugin/backend/onmessage.js:1507"
"txt.dd633aa50f70";"Esta categoria foi descontinuada. Remova a especificação e crie-a de novo em outra categoria.";"1";"mensagem-sistema";"hac.modules.accessibility.edita11yspec.showtoast.l7583c15.ad26f735";"src/plugin/modules/accessibility.js:7583"
"txt.a47fc2c6082b";"Está dentro de:";"1";"texto-interface";"hac.views.modals.span.text.3.fed71b3e";"src/plugin/views/modals.html:180"
"txt.30431f040310";"Esta é a página do handoff. Copie e cole aqui as telas que serão documentadas.";"1";"revisar";"hac.modules.accessibility.openhacpageinstructionmodal.l5661c9.db0f03b4";"src/plugin/modules/accessibility.js:5661"
"txt.96b494b0e0ca";"Esta é a sequência marcada no canvas. Arraste para reordenar ou remova um item antes de confirmar. Use ""Adicionar item"" para incluir mais elementos (segure shift e clique, ou use marquise, pra marcar vários de uma vez): eles sempre somam ao final da ordem já existente.";"1";"texto-interface";"hac.views.modals.p.text.42.41733ede";"src/plugin/views/modals.html:1227"
"txt.39930e8f7edd";"Esta é uma busca simples por componentes reconhecidos do DSC: ela pode não pegar tudo. Revise se todos os itens passíveis de especificação desta tela foram de fato documentados.";"1";"texto-interface";"hac.views.modals.span.text.26.fac289ae";"src/plugin/views/modals.html:1362"
"txt.1e9663b0f0fe";"esta especificação";"1";"texto-interface";"hac.modules.accessibility.deletea11yspec.label.l7440c43.7b337a8e";"src/plugin/modules/accessibility.js:7440"
"txt.c7e21c19cb30";"Esta tela ainda não tem Ordem de Tabulação com pelo menos 2 itens. Marque a trilha manualmente.";"1";"mensagem-sistema";"hac.modules.swipe.path.startswipepathfromtaborder.showtoast.l180c15.e16ebabd";"src/plugin/modules/swipe-path.js:180"
"txt.6c3fce2be6af";"Este backup foi gerado em outro arquivo Figma.";"1";"mensagem-sistema";"hac.modules.core.alert.l396c9.7726b5a4";"src/plugin/modules/core.js:396"
"txt.0b86ba14e55e";"Este elemento está dentro de: ${escapeHtml(item.immediateParentName)}";"1";"texto-interface";"hac.modules.accessibility.p.3.title.0dbff961";"src/plugin/modules/accessibility.js:4339"
"txt.96abb55c9f2e";"Este handoff usa qual biblioteca de componentes?";"1";"texto-interface";"hac.views.modals.p.text.15.8c35afe8";"src/plugin/views/modals.html:778"
"txt.df57e359e957";"estrutura";"1";"texto-interface";"hac.modules.accessibility.label.l6817c27.99068909";"src/plugin/modules/accessibility.js:6817"
"txt.3796c80fe412";"Estrutura da Página (${_cleanDscContainingFrameName(g.containingFrame)})";"1";"texto-interface";"hac.modules.accessibility.label.l6817c41.95bdc9b2";"src/plugin/modules/accessibility.js:6817"
"txt.6b4d9f8c8c2e";"Estrutura da Página (${_cleanDscContainingFrameName(match.containingFrame)})";"1";"revisar";"hac.modules.accessibility.a11yundocumenteditemlabel.l4305c41.2140b617";"src/plugin/modules/accessibility.js:4305"
"txt.9385742ccfac";"Estrutura padrão de cada spec";"1";"texto-interface";"hac.views.modals.span.text.28.7dc2e4a1";"src/plugin/views/modals.html:1518"
"txt.0a9e9ed2560f";"Ex: Botão de enviar formulário";"1";"texto-interface";"hac.views.modals.a11y.el.label.placeholder.05544772";"src/plugin/views/modals.html:273"
"txt.b43aa12075e4";"Ex: Home Portal DSC";"1";"texto-interface";"hac.views.modals.a11y.area.label.input.placeholder.d04131ae";"src/plugin/views/modals.html:712"
"txt.317cc4211cf6";"exact+alias";"1";"revisar";"hac.backend.platform.profiles.strategy.l221c30.c4f9c7fb";"src/plugin/backend/platform-profiles.js:221"
"txt.e8b066204de8";"Excluir";"1";"texto-interface";"hac.modules.accessibility.deletealla11yspecsforarea.opena11yconfirmmodal.l7488c19.3d84b43b";"src/plugin/modules/accessibility.js:7488"
"txt.9ef329c81a3b";"Excluir especificações de Leitor de Tela?";"1";"texto-interface";"hac.modules.accessibility.deletealla11yspecsforarea.opena11yconfirmmodal.l7486c12.a827aa91";"src/plugin/modules/accessibility.js:7486"
"txt.a44dfc199cb1";"Expandir todos";"1";"texto-interface";"hac.modules.accessibility.button.text.2.0b9ab69b";"src/plugin/modules/accessibility.js:4877"
"txt.68eefe8343bb";"Exportar para o time (.md)";"1";"texto-interface";"hac.build.span.text.5.661aa837";"src/plugin/build.cjs:208"
"txt.36098906de5a";"Falha ao montar a seção.";"1";"revisar";"hac.backend.onmessage.postmessage.l5693c135.0c83896a";"src/plugin/backend/onmessage.js:5693"
"txt.6b7c240815e3";"Falha ao organizar a réplica no bloco:";"1";"mensagem-sistema";"hac.backend.onmessage.notify.l5059c30.efc28bc3";"src/plugin/backend/onmessage.js:5059"
"txt.19d59e0cfdf4";"Fechar aviso";"1";"acessibilidade";"hac.modules.core.showsnackbar.setattribute.l868c39.99a5bf7e";"src/plugin/modules/core.js:868"
"txt.768cfc58b9f2";"Fechar checklist";"1";"texto-interface";"hac.modules.handoff.ficha.fichacloseareachecklist.opena11yconfirmmodal.l1009c19.485362ef";"src/plugin/modules/handoff-ficha.js:1009"
"txt.3841eacb3049";"Fechar checklist com pendências?";"1";"texto-interface";"hac.modules.handoff.ficha.fichacloseareachecklist.opena11yconfirmmodal.l1007c12.66a98aae";"src/plugin/modules/handoff-ficha.js:1007"
"txt.4431d7996a6d";"Fechar checklist desta tela";"1";"texto-interface";"hac.views.modals.span.text.22.a5ac9e76";"src/plugin/views/modals.html:1101"
"txt.d6dea0502460";"File Upload";"1";"vocabulario-lib-web";"hac.refs.design.acessivel.web.wrapper.generated.componentoptions.19.0db86ce0";"src/plugin/refs/design-acessivel-web-wrapper.generated.json:84"
"txt.f506137313a9";"Finalizar handoff";"1";"texto-interface";"hac.views.modals.span.text.23.e5549964";"src/plugin/views/modals.html:1106"
"txt.2085364450c8";"Finalizar Handoff de Acessibilidade";"1";"texto-interface";"hac.views.modals.html.text.17.b9189621";"src/plugin/views/modals.html:967"
"txt.cf5deebbc97b";"Finalizar marca esta geração do handoff como concluída e inicia uma nova versão. Você pode continuar editando o projeto normalmente depois.";"1";"texto-interface";"hac.views.modals.p.text.22.9976c37a";"src/plugin/views/modals.html:976"
"txt.d5e4d74aa337";"flex-1 min-w-0 flex flex-col gap-1.5";"1";"revisar";"hac.modules.core.showsnackbar.classname.l849c26.a3870ecf";"src/plugin/modules/core.js:849"
"txt.cdf3b5a53aef";"flex-shrink-0 text-slate-400 hover:text-white transition-colors";"1";"revisar";"hac.modules.core.showsnackbar.classname.l869c24.d4160829";"src/plugin/modules/core.js:869"
"txt.b50aae9de20e";"Focar";"1";"texto-interface";"hac.views.modals.span.text.1.a1b507e5";"src/plugin/views/modals.html:130"
"txt.a36afe31ff45";"font-family=""inherit"" font-weight=""800"" font-size=""";"1";"revisar";"hac.modules.accessibility.literal.l272c7.dc4cc35a";"src/plugin/modules/accessibility.js:272"
"txt.a0032e338636";"frame legado adotado não é um container com Auto Layout (tipo inesperado:";"1";"revisar";"hac.code.literal.l3661c25.38e55ef0";"src/plugin/code.js:3661"
"txt.c218e39efa2e";"function";"1";"texto-interface";"hac.modules.accessibility.opena11yconfirmmodal.l6014c31.f7da6ecb";"src/plugin/modules/accessibility.js:6014"
"txt.a8a00f6063b4";"Gabriela Costa";"1";"texto-interface";"hac.views.modals.p.text.25.3aed2651";"src/plugin/views/modals.html:1008"
"txt.73e5fd178eb5";"gabriela.costa@foton.la";"1";"texto-interface";"hac.views.modals.html.text.19.f0853d46";"src/plugin/views/modals.html:1017"
"txt.ec6d9083d77b";"GC";"1";"texto-interface";"hac.views.modals.span.text.17.91081529";"src/plugin/views/modals.html:1006"
"txt.b65e455fe251";"Gerado em ${new Date().toLocaleString('pt-BR')} pelo hac.";"1";"revisar";"hac.modules.core.exporthachandoffdoc.push.l292c12.bfab4620";"src/plugin/modules/core.js:292"
"txt.e57a65c1e243";"gerado na aba Handoff de cada tela, que reúne Descrição e Notas de Código de cada especificação já registrada no canvas.";"1";"texto-interface";"hac.views.modals.html.text.36.9594bd49";"src/plugin/views/modals.html:1547"
"txt.25f6a07fcd48";"Gerais";"1";"texto-interface";"hac.views.modals.option.text.20.cf5c523a";"src/plugin/views/modals.html:578"
"txt.ffa706f1c63f";"Gerar Handoff";"1";"texto-interface";"hac.modules.accessibility.html.text.1.4a298e2c";"src/plugin/modules/accessibility.js:4931"
"txt.ba882ea162c5";"Grupo da área não organizado:";"1";"mensagem-sistema";"hac.backend.onmessage.notify.l4957c28.c803a3b9";"src/plugin/backend/onmessage.js:4957"
"txt.b03cd2605b1d";"Grupo de abas";"1";"vocabulario-dominio";"hac.modules.accessibility.a11y.narration.type.labels.l435c16.9d6a94f9";"src/plugin/modules/accessibility.js:435"
"txt.71e134aeeecd";"Habilite a biblioteca para este arquivo.";"1";"texto-interface";"hac.views.modals.li.text.3.215b2ac6";"src/plugin/views/modals.html:825"
"txt.bb81d8b3b4a5";"HAC - Handoff de Acessibilidade CAIXA";"1";"metadado-plugin";"hac.manifest.name.92429a63";"src/plugin/manifest.json:2"
"txt.e38b04d20b58";"hac — Especificações de Acessibilidade";"1";"vocabulario-dominio";"hac.code.a11y.section.name.l1449c34.e4e3513b";"src/plugin/code.js:1449"
"txt.073a6390812e";"hac — Ficha de Handoff";"1";"vocabulario-dominio";"hac.code.a11y.ficha.section.name.legacy.l3099c40.aaaf4b05";"src/plugin/code.js:3099"
"txt.5424a4a57b30";"hac — Handoff Completo";"1";"vocabulario-dominio";"hac.code.a11y.ficha.section.name.legacy.2.l3100c42.cdd40285";"src/plugin/code.js:3100"
"txt.5e8d656885fd";"hac — Handoff de Acessibilidade";"1";"vocabulario-dominio";"hac.code.a11y.ficha.section.name.l3091c33.e63cfc56";"src/plugin/code.js:3091"
"txt.adbd76a1232d";"hac — Ordem de Tabulação";"1";"vocabulario-dominio";"hac.code.a11y.tab.order.section.name.l1450c37.7f0d60fb";"src/plugin/code.js:1450"
"txt.eb47e4f572a8";"hac — Trilhas de Swipe";"1";"vocabulario-dominio";"hac.code.a11y.swipe.flow.section.name.l1459c45.79696c9f";"src/plugin/code.js:1459"
"txt.506616bd0654";"hac_${projeto}_${stamp}.${ext}";"1";"revisar";"hac.modules.core.hacbackupfilename.l222c10.8c14225c";"src/plugin/modules/core.js:222"
"txt.7f119d42becb";"hac-onboarding-seen";"1";"texto-interface";"hac.backend.onmessage.onboardingseen.l474c65.2c21d5ea";"src/plugin/backend/onmessage.js:474"
"txt.9475341e387d";"hacData:${figma.fileKey}";"1";"revisar";"hac.code.gethacdatastoragekey.l5287c26.c7bffde8";"src/plugin/code.js:5287"
"txt.2f45a9f37a20";"handoff";"1";"texto-interface";"hac.modules.handoff.ficha.fichanextstepafter.label.l355c25.e03f9e72";"src/plugin/modules/handoff-ficha.js:355"
"txt.2571b7914b0b";"Handoff de Acessibilidade";"1";"texto-interface";"hac.views.modals.strong.text.16.4e452888";"src/plugin/views/modals.html:1547"
"txt.90b42f3e8b94";"Handoff de Acessibilidade atualizado.";"1";"mensagem-sistema";"hac.modules.handoff.ficha.fichahandlesectioninserted.showtoast.l405c15.1bcd16b3";"src/plugin/modules/handoff-ficha.js:405"
"txt.729a90682ed8";"Handoff de Acessibilidade completo";"1";"revisar";"hac.modules.handoff.ficha.ficharenderprojectsummary.titulo.l689c42.c6cf71f3";"src/plugin/modules/handoff-ficha.js:689"
"txt.41d3f51f079d";"Handoff de Acessibilidade do projeto";"1";"revisar";"hac.modules.handoff.ficha.ficharenderprojectsummary.titulo.l689c81.1aea177a";"src/plugin/modules/handoff-ficha.js:689"
"txt.e5cca533aa42";"Handoff de Acessibilidade: ${fichaInsertedCount}/${fichaSectionKeys.length} seções inseridas";"1";"texto-interface";"hac.modules.accessibility.span.text.1.e78cad52";"src/plugin/modules/accessibility.js:5187"
"txt.b791376405ee";"Handoff de outro designer";"1";"texto-interface";"hac.modules.accessibility.span.text.1.25a20a0c";"src/plugin/modules/accessibility.js:5756"
"txt.c580df9d834b";"Handoff finalizado: v${msg.version}.";"1";"mensagem-sistema";"hac.modules.messages.showtoast.l668c21.4c6c7444";"src/plugin/modules/messages.js:668"
"txt.28bf1db373aa";"Handoff iniciado em ${timestamp} por ${designerName}";"1";"revisar";"hac.modules.accessibility.rendera11ypriorsessionalert.whenby.l6172c7.e4e42890";"src/plugin/modules/accessibility.js:6172"
"txt.b8a722defbf3";"Handoff já existe neste arquivo";"1";"texto-interface";"hac.views.modals.html.text.11.7a991d4e";"src/plugin/views/modals.html:853"
"txt.e9e65e7a6937";"Handoff já iniciado neste arquivo";"1";"revisar";"hac.modules.accessibility.rendera11ypriorsessionalert.whenby.l6173c7.cd00f22a";"src/plugin/modules/accessibility.js:6173"
"txt.a3254bc61998";"Handoff removido do canvas e cache limpo. Plugin reiniciado.";"1";"mensagem-sistema";"hac.modules.messages.showtoast.l250c21.6bc69575";"src/plugin/modules/messages.js:250"
"txt.8a9b27ae5c9a";"Handoff sem data/autor identificáveis";"1";"revisar";"hac.modules.accessibility.join.l5741c9.13e0d368";"src/plugin/modules/accessibility.js:5741"
"txt.8809edb77f31";"heading";"1";"vocabulario-dominio";"hac.modules.accessibility.a11y.categories.l129c58.660d83dc";"src/plugin/modules/accessibility.js:129"
"txt.7bd3ee44ab85";"https://www.figma.com/design/${profile.fileKey}/${profile.fileName}?node-id=${encodeURIComponent(nodeId)}";"1";"revisar";"hac.modules.accessibility.builda11ycomponentdeeplink.l759c10.636dea0a";"src/plugin/modules/accessibility.js:759"
"txt.941370ed4b58";"Identificar como alert, deve interromper outros processos e anunciar o conteúdo da notificação sem mover o foco para ele.";"1";"texto-interface";"hac.modules.accessibility.descricao.l334c35.dd76e4aa";"src/plugin/modules/accessibility.js:334"
"txt.459656627ce3";"Identificar como checkbox.";"1";"texto-interface";"hac.modules.accessibility.descricao.l327c35.3eed9741";"src/plugin/modules/accessibility.js:327"
"txt.dd8b79cddbde";"Identificar como combobox e ler a quantidade de itens por página, seleção atual e o status do componente como recolhido ou expandido.";"1";"texto-interface";"hac.modules.accessibility.descricao.l332c35.0e1ed514";"src/plugin/modules/accessibility.js:332"
"txt.f468c08493c4";"Identificar como dialog e anunciar o título seguido do conteúdo assim que o componente for apresentado em tela.";"1";"texto-interface";"hac.modules.accessibility.descricao.l328c35.afa76762";"src/plugin/modules/accessibility.js:328"
"txt.b9903f0f5981";"Identificar como link e anunciar que o link abre uma nova janela e direciona o foco para ela.";"1";"texto-interface";"hac.modules.accessibility.descricao.l349c18.921c2fd4";"src/plugin/modules/accessibility.js:349"
"txt.e0c01de5e449";"Identificar como link e ler o seu rótulo visível em tela.";"1";"texto-interface";"hac.modules.accessibility.descricao.l330c35.b23e4fbd";"src/plugin/modules/accessibility.js:330"
"txt.fa065019041d";"Identificar como radio button.";"1";"texto-interface";"hac.modules.accessibility.descricao.l333c35.3bc68b2d";"src/plugin/modules/accessibility.js:333"
"txt.054ab0329291";"Identificar como switch.";"1";"texto-interface";"hac.modules.accessibility.descricao.l336c35.e38be462";"src/plugin/modules/accessibility.js:336"
"txt.0bb97b181b77";"Identificar como table e ler a sua estrutura com a quantidade de linhas e colunas.";"1";"texto-interface";"hac.modules.accessibility.descricao.l337c35.fdc0fa60";"src/plugin/modules/accessibility.js:337"
"txt.507c95bbb949";"Identificar como título de nível 1.";"1";"texto-interface";"hac.modules.accessibility.descricao.l381c24.fa437467";"src/plugin/modules/accessibility.js:381"
"txt.00150951cc70";"Identificar como título de nível 2.";"1";"texto-interface";"hac.modules.accessibility.descricao.l382c24.29d79256";"src/plugin/modules/accessibility.js:382"
"txt.810a1fa51535";"Identificar como título de nível 3.";"1";"texto-interface";"hac.modules.accessibility.descricao.l383c24.d2e80d69";"src/plugin/modules/accessibility.js:383"
"txt.9e90b30d6663";"Identificar como título de nível 4.";"1";"texto-interface";"hac.modules.accessibility.descricao.l384c24.28ff2454";"src/plugin/modules/accessibility.js:384"
"txt.e1bfdd26da13";"Identificar como título de nível 5.";"1";"texto-interface";"hac.modules.accessibility.descricao.l385c24.23c7d449";"src/plugin/modules/accessibility.js:385"
"txt.9034471afd2c";"Identificar como título de nível 6.";"1";"texto-interface";"hac.modules.accessibility.descricao.l386c24.3315ac74";"src/plugin/modules/accessibility.js:386"
"txt.c017f8ad0826";"Identificar como título.";"1";"texto-interface";"hac.modules.accessibility.descricao.l388c26.25c65442";"src/plugin/modules/accessibility.js:388"
"txt.87b2bdad3870";"Idioma de";"1";"texto-interface";"hac.views.modals.label.text.5.db545f04";"src/plugin/views/modals.html:444"
"txt.98c84b5582fd";"Ignore elementos não interativos: Não inclua na seleção textos puramente estáticos, rótulos de campos, imagens decorativas ou botões desativados (disabled).";"1";"conteudo-instrucional";"hac.refs.ficha.instruction.content.tabulacao.steps.2.fea9ad71";"src/plugin/refs/ficha-instruction-content.json:23"
"txt.54a287d96b81";"Ignore elementos não interativos: Não inclua na seleção textos puramente estáticos, rótulos de campos, imagens ou elementos desativados (Disabled).";"1";"conteudo-instrucional";"hac.refs.ficha.instruction.content.tabulacao.web.steps.2.44797d06";"src/plugin/refs/ficha-instruction-content.json:32"
"txt.0e7629279488";"image";"1";"vocabulario-dominio";"hac.modules.accessibility.a11y.categories.l121c66.8378a2c9";"src/plugin/modules/accessibility.js:121"
"txt.8194417f8112";"Indicar a(s) palavras(s) em um idioma.";"1";"texto-interface";"hac.modules.accessibility.descricao.l355c34.881bdcdc";"src/plugin/modules/accessibility.js:355"
"txt.68a82297331a";"Indicar como cabeçalho.";"1";"texto-interface";"hac.modules.accessibility.descricao.l358c28.4a65c6f5";"src/plugin/modules/accessibility.js:358"
"txt.177b4799a54d";"Indicar como navegação.";"1";"texto-interface";"hac.modules.accessibility.descricao.l359c28.e0784d00";"src/plugin/modules/accessibility.js:359"
"txt.c2721138b032";"Indicar como rodapé.";"1";"texto-interface";"hac.modules.accessibility.descricao.l362c28.0f048ef4";"src/plugin/modules/accessibility.js:362"
"txt.429613056dfa";"Indicar como seção.";"1";"texto-interface";"hac.modules.accessibility.descricao.l361c28.3caa3f0f";"src/plugin/modules/accessibility.js:361"
"txt.f69652a36974";"Indicar o conteúdo como principal da página.";"1";"texto-interface";"hac.modules.accessibility.descricao.l360c28.3b3919aa";"src/plugin/modules/accessibility.js:360"
"txt.3561b27c1ccd";"Indicar o idioma predominante da página como: [insira aqui o idioma].";"1";"texto-interface";"hac.modules.accessibility.descricao.l354c34.179084cb";"src/plugin/modules/accessibility.js:354"
"txt.9278fe9049f0";"inferior";"1";"vocabulario-dominio";"hac.code.a11y.side.to.orientacao.l1292c97.de8f2808";"src/plugin/code.js:1292"
"txt.59bd0a3ff43b";"info";"1";"vocabulario-dominio";"hac.modules.accessibility.a11y.legacy.categories.l140c73.bf67a15b";"src/plugin/modules/accessibility.js:140"
"txt.c18ca03e07a2";"Informações Adicionais (descontinuada)";"1";"texto-interface";"hac.modules.accessibility.label.l140c25.9d2db74a";"src/plugin/modules/accessibility.js:140"
"txt.20a37bd92383";"Informe o Label (accessibilityLabel) do elemento.";"1";"mensagem-sistema";"hac.modules.accessibility.finisha11yspecconfirm.showtoast.l3671c17.2e145a8a";"src/plugin/modules/accessibility.js:3671"
"txt.b53478fafb05";"Informe o rótulo da tela.";"1";"mensagem-sistema";"hac.modules.accessibility.confirma11yarea.showtoast.l7842c15.12e94ce7";"src/plugin/modules/accessibility.js:7842"
"txt.3c32a8fc7fcc";"Iniciar Ordem de Tabulação";"1";"texto-interface";"hac.modules.tab.order.html.text.1.5172383f";"src/plugin/modules/tab-order.js:80"
"txt.8a91797a2a4e";"Iniciar Revisão";"1";"texto-interface";"hac.views.modals.btn.a11y.batch.confirm.text.45b18e39";"src/plugin/views/modals.html:1409"
"txt.312b054b1d58";"Iniciar Revisão (${detections.length} ${detections.length === 1 ? 'item' : 'itens'})";"1";"texto-interface";"hac.modules.accessibility.opena11ybatchsummarymodal.textcontent.l6856c30.44c0ea00";"src/plugin/modules/accessibility.js:6856"
"txt.c20d4e37d998";"Initialization error (continuing without saved state):";"1";"diagnostico-tecnico";"hac.backend.onmessage.error.l497c21.1bb57075";"src/plugin/backend/onmessage.js:497"
"txt.2cb551232230";"Input / Chat";"1";"vocabulario-lib-web";"hac.refs.design.acessivel.web.wrapper.generated.componentoptions.24.9ed5e9c3";"src/plugin/refs/design-acessivel-web-wrapper.generated.json:89"
"txt.e5c878ac6900";"Input / Date Field - Form";"1";"vocabulario-lib-web";"hac.refs.design.acessivel.web.wrapper.generated.componentoptions.25.170fdfc5";"src/plugin/refs/design-acessivel-web-wrapper.generated.json:90"
"txt.5a5ede6c9f4d";"Input / Password Field - Form";"1";"vocabulario-lib-web";"hac.refs.design.acessivel.web.wrapper.generated.componentoptions.26.0735ff75";"src/plugin/refs/design-acessivel-web-wrapper.generated.json:91"
"txt.1c0dcad1a466";"Input / Select Field - Form";"1";"vocabulario-lib-web";"hac.refs.design.acessivel.web.wrapper.generated.componentoptions.27.8f890fed";"src/plugin/refs/design-acessivel-web-wrapper.generated.json:92"
"txt.eadfd83e8849";"Input / Text Area - Form";"1";"vocabulario-lib-web";"hac.refs.design.acessivel.web.wrapper.generated.componentoptions.28.8d604eb1";"src/plugin/refs/design-acessivel-web-wrapper.generated.json:93"
"txt.e33f5868c25f";"Input / Text Field - Form";"1";"vocabulario-lib-web";"hac.refs.design.acessivel.web.wrapper.generated.componentoptions.29.a5e3e124";"src/plugin/refs/design-acessivel-web-wrapper.generated.json:94"
"txt.00e5941d725f";"Input / Text Field Form";"1";"vocabulario-lib-mobile";"hac.refs.design.acessivel.mobile.wrapper.generated.componentoptions.31.6201bf8a";"src/plugin/refs/design-acessivel-mobile-wrapper.generated.json:46"
"txt.0dc7eb33e2d1";"Input / Text Field Single";"1";"vocabulario-lib-mobile";"hac.refs.design.acessivel.mobile.wrapper.generated.componentoptions.32.af5bace5";"src/plugin/refs/design-acessivel-mobile-wrapper.generated.json:47"
"txt.286b31e223ba";"Input Chat";"1";"vocabulario-lib-mobile";"hac.refs.design.acessivel.mobile.wrapper.generated.componentoptions.26.63ffffb3";"src/plugin/refs/design-acessivel-mobile-wrapper.generated.json:41"
"txt.b4c639a4fe78";"Input With Chips - Form";"1";"vocabulario-lib-web";"hac.refs.design.acessivel.web.wrapper.generated.componentoptions.34.7d98e6e0";"src/plugin/refs/design-acessivel-web-wrapper.generated.json:99"
"txt.4f494298f9c2";"input, button, select, textarea, a[href], [tabindex]:not([tabindex=""-1""])";"1";"revisar";"hac.modules.core.focusable.selector.l878c28.64806d95";"src/plugin/modules/core.js:878"
"txt.b8c4b68417b8";"Inserir o atributo aria-label em HTML para adicionar um nome acessível e aria-describedby=""IDREF"" referindo-se a legenda para a tabela.";"1";"texto-interface";"hac.modules.accessibility.notascodigo.l337c134.34298103";"src/plugin/modules/accessibility.js:337"
"txt.3fe193277d4a";"Inserir o seguinte accessibilityHint: [explicação sobre o que acontecerá após a ação].";"1";"texto-interface";"hac.modules.accessibility.placeholder.l551c79.79012d31";"src/plugin/modules/accessibility.js:551"
"txt.9523fe8de41e";"Inserir o seguinte texto alternativo no elemento: [insira aqui o texto alternativo].";"1";"texto-interface";"hac.modules.accessibility.descricao.l339c35.564486a5";"src/plugin/modules/accessibility.js:339"
"txt.f89980316a2c";"Insira aqui o texto alternativo da imagem/mídia.";"1";"texto-interface";"hac.modules.accessibility.a11y.el.mobile.alt.descricao.placeholder.1f5b5ceb";"src/plugin/modules/accessibility.js:1904"
"txt.cd43f989bfc0";"Insira seu texto da descrição.";"1";"texto-interface";"hac.modules.accessibility.descricao.l377c32.d82cbd66";"src/plugin/modules/accessibility.js:377"
"txt.3026364c880a";"Insira seu texto da observação.";"1";"revisar";"hac.code.findtextnodebycurrentvalue.l974c72.9274804c";"src/plugin/code.js:974"
"txt.72e9d6d73096";"Insira seu texto de ${escapeHtml(t.label.toLowerCase())}.";"1";"texto-interface";"hac.modules.accessibility.textarea.1.placeholder.17560f4c";"src/plugin/modules/accessibility.js:3096"
"txt.f9a92e282992";"Insira seu texto de observações.";"1";"texto-interface";"hac.views.modals.textarea.1.placeholder.947c7b56";"src/plugin/views/modals.html:335"
"txt.70e01d332dee";"Instruções não inseridas:";"1";"mensagem-sistema";"hac.backend.onmessage.notify.l5085c26.36cd9ead";"src/plugin/backend/onmessage.js:5085"
"txt.811b0fbab025";"Ir para o item número";"1";"acessibilidade";"hac.views.modals.a11y.wizard.index.input.aria.label.af1967cb";"src/plugin/views/modals.html:151"
"txt.e7e13217457e";"Item ${state.currentIndex + 1} de ${state.queue.length}${statusSuffix}";"1";"texto-interface";"hac.modules.accessibility.applya11ywizardmodalui.textcontent.l7238c28.2013483a";"src/plugin/modules/accessibility.js:7238"
"txt.22a478191caf";"Item excluído com sucesso";"1";"mensagem-sistema";"hac.backend.onmessage.notify.l847c20.a9ef7911";"src/plugin/backend/onmessage.js:847"
"txt.a75dca77fc12";"Item já documentado nesta tela, pulado automaticamente.";"1";"mensagem-sistema";"hac.modules.accessibility.finisha11yspecconfirm.showtoast.l3977c17.641d7254";"src/plugin/modules/accessibility.js:3977"
"txt.d3014b69a7e0";"item marcado";"1";"revisar";"hac.modules.core.a11ycaptureminibarupdatecount.noun.l713c18.08f99f24";"src/plugin/modules/core.js:713"
"txt.c7a288650b47";"itens marcados";"1";"revisar";"hac.modules.core.a11ycaptureminibarupdatecount.noun.l713c35.0ac3e785";"src/plugin/modules/core.js:713"
"txt.b6a6ccd8efbb";"Já existe documentação neste arquivo?";"1";"texto-interface";"hac.views.modals.p.text.19.b9900238";"src/plugin/views/modals.html:934"
"txt.2ebba67f1e03";"Já existe uma especificação para este elemento.";"1";"texto-interface";"hac.views.modals.p.text.2.58a03442";"src/plugin/views/modals.html:196"
"txt.0469a76cb6f3";"Já habilitei, tentar de novo";"1";"texto-interface";"hac.views.modals.button.text.5.c54de95a";"src/plugin/views/modals.html:833"
"txt.795f6659391d";"já na réplica";"1";"revisar";"hac.backend.onmessage.findequivalentnodeinclone.via.l1333c61.91c16fdc";"src/plugin/backend/onmessage.js:1333"
"txt.5ca09a1c5b54";"Label (accessibilityLabel)";"1";"texto-interface";"hac.views.modals.label.text.2.95cc1e0c";"src/plugin/views/modals.html:270"
"txt.f1850c0263b5";"label#733:6";"1";"texto-interface";"hac.backend.platform.profiles.label.l142c10.7a00d191";"src/plugin/backend/platform-profiles.js:142"
"txt.671c2b5905aa";"Lado da Guia";"1";"texto-interface";"hac.views.modals.label.text.11.467d6574";"src/plugin/views/modals.html:640"
"txt.94078cac4e46";"Letra";"1";"revisar";"hac.code.tryimporta11ywebwrappercomponent.besteffortsynca11ybadge.9450494f";"src/plugin/code.js:1252"
"txt.ca85f1be2f5c";"Letra#10766:2";"1";"vocabulario-dominio";"hac.code.a11y.agrupamento.letter.prop.key.l1333c14.e7e3822c";"src/plugin/code.js:1333"
"txt.6b5689a11869";"liga um ponto do elemento ao card de detalhamento com um traço, sem contornar a tela, útil quando o elemento é pequeno ou está muito próximo de outros. Os dois são desenhados sobre uma cópia de trabalho do elemento, nunca sobre o frame original do seu design: o original nunca é alterado.";"1";"texto-interface";"hac.views.modals.html.text.31.519d2d1a";"src/plugin/views/modals.html:1534"
"txt.6798a0ca0118";"Limpando cache e canvas…";"1";"revisar";"hac.modules.core.clearplugincanvasandcache.showa11ycanvasloading.l168c74.00673fd7";"src/plugin/modules/core.js:168"
"txt.43b329a12674";"Limpando cache…";"1";"revisar";"hac.modules.core.clearplugincache.showa11ycanvasloading.l147c74.75dbedc8";"src/plugin/modules/core.js:147"
"txt.d851537942fc";"Limpar cache";"1";"texto-interface";"hac.views.modals.html.text.39.a2995593";"src/plugin/views/modals.html:1679"
"txt.0a44e8d124bb";"Limpar completamente o Handoff de Acessibilidade?\n\nIsso removerá o cache do plugin E os itens já inseridos no canvas (selos, réplicas e a Ficha de Handoff) criados por você nesta sessão.\n\nTrabalho de outros designers no mesmo arquivo não é afetado.\n\nEssa ação não pode ser desfeita.";"1";"texto-interface";"hac.modules.core.clearplugincanvasandcache.confirm.l160c5.d67596e9";"src/plugin/modules/core.js:160"
"txt.c06832186d82";"Limpar todo o cache do plugin?\n\nIsso removerá: telas selecionadas, especificações de acessibilidade e ordem de tabulação.\n\nEssa ação não pode ser desfeita.";"1";"texto-interface";"hac.modules.core.clearplugincache.confirm.l139c5.2d96748d";"src/plugin/modules/core.js:139"
"txt.ddb40a12ad53";"Limpar tudo (cache + canvas)";"1";"texto-interface";"hac.views.modals.html.text.40.3575706e";"src/plugin/views/modals.html:1684"
"txt.edf86ff1c8ed";"Link do Componente";"1";"vocabulario-dominio";"hac.modules.accessibility.a11y.toggle.labels.l513c19.e8f8cff9";"src/plugin/modules/accessibility.js:513"
"txt.676912bcb62d";"Link ou nome do componente *";"1";"texto-interface";"hac.modules.accessibility.label.text.3.c236d409";"src/plugin/modules/accessibility.js:2025"
"txt.38b62be4bdda";"List";"1";"vocabulario-dominio";"hac.modules.accessibility.a11y.narration.type.labels.en.l460c11.673f1a75";"src/plugin/modules/accessibility.js:460"
"txt.2948e750fa52";"List Accordion";"1";"vocabulario-lib-mobile";"hac.refs.design.acessivel.mobile.wrapper.generated.componentoptions.34.d2fbb4a7";"src/plugin/refs/design-acessivel-mobile-wrapper.generated.json:49"
"txt.a3ba8a4fa88a";"List Item Funds";"1";"vocabulario-lib-mobile";"hac.refs.design.acessivel.mobile.wrapper.generated.componentoptions.36.bd2e3b11";"src/plugin/refs/design-acessivel-mobile-wrapper.generated.json:51"
"txt.63eff0f6c2da";"List Item Transaction";"1";"vocabulario-lib-mobile";"hac.refs.design.acessivel.mobile.wrapper.generated.componentoptions.37.c3deae85";"src/plugin/refs/design-acessivel-mobile-wrapper.generated.json:52"
"txt.5e91ed6a432f";"list-none bg-white dark:bg-dark-surface rounded-dsc-large border border-gray-100 dark:border-dark-line shadow-dsc-elevation-1 overflow-hidden";"1";"revisar";"hac.modules.accessibility.a11yareaaccordionel.classname.l5142c18.1ebbe796";"src/plugin/modules/accessibility.js:5142"
"txt.7b7dfdd8cfa2";"list-none bg-white dark:bg-dark-surface rounded-dsc-medium border border-amber-200 dark:border-amber-800/40 overflow-hidden";"1";"revisar";"hac.modules.accessibility.a11ysemareaaccordionel.classname.l5205c18.4841a87b";"src/plugin/modules/accessibility.js:5205"
"txt.22d01cec21b0";"Lista";"1";"vocabulario-dominio";"hac.modules.accessibility.a11y.narration.type.labels.l438c11.3f3fc8ff";"src/plugin/modules/accessibility.js:438"
"txt.30dcd2c162e7";"M ${ax1} ${ay1} L ${midX} ${midY} L ${ax2} ${ay2}";"1";"revisar";"hac.backend.onmessage.buildswipepathconnection.data.l4085c60.8afcf199";"src/plugin/backend/onmessage.js:4085"
"txt.f356c0707e98";"M ${from.x} ${from.y} L ${to.x} ${to.y}";"1";"revisar";"hac.backend.onmessage.buildswipepathconnection.data.l4066c59.f2a3f184";"src/plugin/backend/onmessage.js:4066"
"txt.bc28313a8b73";"M ${startPt.x} ${startPt.y} L ${endPt.x} ${endPt.y}";"1";"revisar";"hac.backend.onmessage.data.l2140c68.1748664a";"src/plugin/backend/onmessage.js:2140"
"txt.61f690b26308";"Mais ações desta tela";"1";"acessibilidade";"hac.modules.accessibility.button.1.aria.label.decefb6d";"src/plugin/modules/accessibility.js:5155"
"txt.b8e97d9dd8a0";"Mais espaço entre linhas, letras e palavras";"1";"texto-interface";"hac.build.span.text.2.655d4de8";"src/plugin/build.cjs:171"
"txt.ac9600b38509";"Manutenção";"1";"texto-interface";"hac.views.modals.p.text.61.e1ab1eb6";"src/plugin/views/modals.html:1676"
"txt.44c0921615b3";"Mapeamento Automatizado";"1";"texto-interface";"hac.views.modals.html.text.25.f68be444";"src/plugin/views/modals.html:1325"
"txt.9479a2aaac9f";"Marca esta geração do handoff como concluída e inicia uma nova versão.";"1";"revisar";"hac.modules.handoff.ficha.fichaopenafterhandoffmodal.l976c9.4921c7e1";"src/plugin/modules/handoff-ficha.js:976"
"txt.b63bae2cd5ad";"Marcador";"1";"revisar";"hac.code.name.l5090c23.fba7e08c";"src/plugin/code.js:5090"
"txt.3829486b93ec";"Marco";"1";"texto-interface";"hac.views.modals.label.text.6.f8cdcc4d";"src/plugin/views/modals.html:453"
"txt.252a25667dc7";"Menu";"1";"vocabulario-lib-mobile";"hac.refs.design.acessivel.mobile.wrapper.generated.componentoptions.39.4c1af6e1";"src/plugin/refs/design-acessivel-mobile-wrapper.generated.json:54"
"txt.4c3a98f62d13";"Minimizar — clique no ícone para expandir novamente";"1";"texto-interface";"hac.build.btn.collapse.title.340aeb60";"src/plugin/build.cjs:180"
"txt.60311e5bf8b1";"Minimizar plugin";"1";"acessibilidade";"hac.build.btn.collapse.aria.label.e1a41a2a";"src/plugin/build.cjs:179"
"txt.b3a3726e35f8";"ml-auto shrink-0 text-[12px] font-bold uppercase tracking-wider text-white bg-blue-600 rounded-full px-1.5 py-0.5";"1";"revisar";"hac.modules.accessibility.applya11ymanualmatchtopicker.classname.l1296c23.fc01b54e";"src/plugin/modules/accessibility.js:1296"
"txt.964a3b119be8";"Modal";"1";"vocabulario-lib-web";"hac.refs.design.acessivel.web.wrapper.generated.componentoptions.38.82622b43";"src/plugin/refs/design-acessivel-web-wrapper.generated.json:103"
"txt.7b8120cc9a91";"Modo de marcação";"1";"texto-interface";"hac.views.modals.label.text.10.4b79b7d5";"src/plugin/views/modals.html:622"
"txt.cd0afc06bc5b";"Mostrar as instruções desta etapa";"1";"revisar";"hac.modules.core.a11ycapturebarsynctooltips.t.l635c9.4585db0e";"src/plugin/modules/core.js:635"
"txt.dfa409717894";"Mostrar instruções";"1";"revisar";"hac.modules.core.a11ycapturebarsynctooltips.setattribute.l637c74.8f785804";"src/plugin/modules/core.js:637"
"txt.ade73e8dbeff";"mostrar label#733:0";"1";"vocabulario-dominio";"hac.backend.platform.profiles.a11y.identificacao.tela.props.l141c14.77e61f27";"src/plugin/backend/platform-profiles.js:141"
"txt.09eb4e480802";"Mostrar no canvas";"1";"revisar";"hac.modules.accessibility.rendera11yworkspaceheader.l2813c51.79a1da2e";"src/plugin/modules/accessibility.js:2813"
"txt.d49d7ebab9b7";"na barra lateral do Figma.";"1";"texto-interface";"hac.views.modals.html.text.9.26d32dcd";"src/plugin/views/modals.html:823"
"txt.856c51d1dd95";"Não definida";"1";"revisar";"hac.modules.accessibility.openabouthacmodal.l6091c93.767586ce";"src/plugin/modules/accessibility.js:6091"
"txt.e16d68ee73fe";"não deve ser usado dentro de elementos como";"1";"texto-interface";"hac.modules.accessibility.main.text.1.09059970";"src/plugin/modules/accessibility.js:360"
"txt.668078613420";"Não documentados (${entries.length})";"1";"texto-interface";"hac.modules.accessibility.p.text.1.7d8ccd24";"src/plugin/modules/accessibility.js:4371"
"txt.82277fce5d5f";"Não foi possível abrir ${failedPages.length} página${failedPages.length === 1 ? '' : 's'} durante a busca — o restante do arquivo foi verificado normalmente.";"1";"texto-interface";"hac.modules.accessibility.p.text.1.96ca9461";"src/plugin/modules/accessibility.js:5733"
"txt.4bd3d26624ed";"Não foi possível atualizar o conector.";"1";"mensagem-sistema";"hac.modules.messages.showtoast.l427c70.4e934f1e";"src/plugin/modules/messages.js:427"
"txt.6453e4426024";"Não foi possível atualizar o Handoff de Acessibilidade.";"1";"mensagem-sistema";"hac.modules.handoff.ficha.fichahandlesectioninsertfailed.showtoast.l435c46.e0176da3";"src/plugin/modules/handoff-ficha.js:435"
"txt.5411120453ca";"Não foi possível concluir a busca. Tente novamente.";"1";"texto-interface";"hac.modules.accessibility.p.text.1.0930c049";"src/plugin/modules/accessibility.js:5716"
"txt.b882d8dd1870";"Não foi possível criar a especificação com o card da lib. (";"1";"texto-interface";"hac.backend.onmessage.message.l1525c62.73d0f539";"src/plugin/backend/onmessage.js:1525"
"txt.2f90338e91e4";"Não foi possível criar a especificação: ${(e && e.message) || 'erro desconhecido'}";"1";"mensagem-sistema";"hac.backend.onmessage.notify.l2346c20.148ab30d";"src/plugin/backend/onmessage.js:2346"
"txt.eec8bd257e04";"Não foi possível criar esta especificação. Item pulado.";"1";"mensagem-sistema";"hac.modules.accessibility.then.l3992c22.261864ca";"src/plugin/modules/accessibility.js:3992"
"txt.2cec48624f44";"Não foi possível criar o frame do Handoff de Acessibilidade: ${(e && e.message) || 'erro desconhecido'}";"1";"revisar";"hac.backend.onmessage.postmessage.l5677c19.72fcd0e4";"src/plugin/backend/onmessage.js:5677"
"txt.17c470b7f4df";"não foi possível criar/localizar ""[HAC] Assets do Handoff"" da área";"1";"revisar";"hac.code.getorcreatefichaitensframe.l4299c21.2bc620c0";"src/plugin/code.js:4299"
"txt.da59cc444063";"Não foi possível desenhar nenhum selo. Tente novamente.";"1";"mensagem-sistema";"hac.modules.tab.order.applytabordertocanvas.showtoast.l1142c15.92ee184a";"src/plugin/modules/tab-order.js:1142"
"txt.f4e6b07de653";"Não foi possível desenhar o selo deste item. Remova e adicione novamente.";"1";"mensagem-sistema";"hac.modules.tab.order.handletaborderbadgedrawfailed.showtoast.l971c15.831f6610";"src/plugin/modules/tab-order.js:971"
"txt.857ae348ec93";"Não foi possível encaixar a trilha na cópia de Swipe — ela foi colocada direto no grupo da tela.";"1";"mensagem-sistema";"hac.backend.onmessage.notify.l4227c26.1bf30376";"src/plugin/backend/onmessage.js:4227"
"txt.401c51d8d96c";"Não foi possível encaixar o selo na cópia da Ordem de Tabulação (";"1";"mensagem-sistema";"hac.backend.onmessage.notify.l2679c22.4092e4b8";"src/plugin/backend/onmessage.js:2679"
"txt.c7498ea29504";"Não foi possível gerar a prévia desta tela";"1";"revisar";"hac.code.snapshotcloneintofichasection.characters.l2759c23.d1241772";"src/plugin/code.js:2759"
"txt.d0bd6bce6c7e";"Não foi possível gerar o arquivo.";"1";"mensagem-sistema";"hac.modules.core.downloadfile.showtoast.l206c15.0feeed69";"src/plugin/modules/core.js:206"
"txt.6bc06031c5de";"Não foi possível gerar o backup.";"1";"mensagem-sistema";"hac.modules.core.exporthacbackupjson.showtoast.l275c15.0154035d";"src/plugin/modules/core.js:275"
"txt.dca0f349f2d1";"Não foi possível gerar o documento.";"1";"mensagem-sistema";"hac.modules.core.exporthachandoffdoc.showtoast.l344c15.141a9ccd";"src/plugin/modules/core.js:344"
"txt.71863bb39e12";"Não foi possível identificar a tela para reescanear. Selecione novamente.";"1";"mensagem-sistema";"hac.modules.accessibility.rescana11ybatcharea.showtoast.l6705c15.43449c44";"src/plugin/modules/accessibility.js:6705"
"txt.22338945423c";"Não foi possível importar o selo real da lib ""Design Acessível"" — um marcador provisório foi desenhado no lugar dele.";"1";"mensagem-sistema";"hac.backend.onmessage.createtaborderbadge.notify.l2546c26.5e5578fd";"src/plugin/backend/onmessage.js:2546"
"txt.db7a53cbb97d";"Não foi possível importar o selo real da lib ""Design Acessível"" para a nova direção.";"1";"revisar";"hac.backend.onmessage.postmessage.l1185c104.ed37692f";"src/plugin/backend/onmessage.js:1185"
"txt.a42e120580c3";"Não foi possível ler o arquivo.";"1";"mensagem-sistema";"hac.modules.core.handlehacbackupfilechosen.showtoast.l425c36.b6fa0417";"src/plugin/modules/core.js:425"
"txt.04ae6b3b19e5";"Não foi possível localizar a cópia da tela no canvas. Refaça a trilha.";"1";"mensagem-sistema";"hac.modules.swipe.path.handleswipepathcloneresolved.showtoast.l337c15.8a5c1855";"src/plugin/modules/swipe-path.js:337"
"txt.06103afa8975";"Não foi possível localizar a tela no canvas. Selecione novamente.";"1";"mensagem-sistema";"hac.modules.tab.order.handletabordercloneresolved.showtoast.l627c15.4a0dcdc3";"src/plugin/modules/tab-order.js:627"
"txt.1f005422ec3d";"Não foi possível localizar a tela para retomar. Reescaneie manualmente.";"1";"mensagem-sistema";"hac.modules.accessibility.resumea11ybatchwizardforarea.showtoast.l7415c15.d6792d4b";"src/plugin/modules/accessibility.js:7415"
"txt.396b7f47d602";"Não foi possível localizar/criar a cópia de trabalho para desenhar a trilha — marque a área novamente.";"1";"revisar";"hac.backend.onmessage.buildfichaswipesection.characters.l5356c30.afac0b5e";"src/plugin/backend/onmessage.js:5356"
"txt.d4a05307e9d1";"Não foi possível preparar a edição desta seção.";"1";"mensagem-sistema";"hac.modules.handoff.ficha.fichahandlesectioneditfailed.showtoast.l332c46.52755a95";"src/plugin/modules/handoff-ficha.js:332"
"txt.a9babfe84589";"Não foi possível preparar a réplica de trabalho.";"1";"revisar";"hac.backend.onmessage.postmessage.l5910c104.5f9d4a18";"src/plugin/backend/onmessage.js:5910"
"txt.d4baae140b13";"Não foi possível restaurar o backup.";"1";"mensagem-sistema";"hac.modules.core.showtoast.l422c17.640297ac";"src/plugin/modules/core.js:422"
"txt.5c0a2535f150";"Não identificado";"1";"texto-interface";"hac.modules.accessibility.rendera11ymodaldsccomponentname.innerhtml.l787c46.c8c94450";"src/plugin/modules/accessibility.js:787"
"txt.8ffc07873137";"Navegação por gesto de deslizar (swipe), exclusiva do leitor de tela mobile — trilha direcional de pontos, na ordem em que o gesto percorre a tela.";"1";"revisar";"hac.code.legendfallback.l3610c21.ee59da77";"src/plugin/code.js:3610"
"txt.19a7050a99b1";"Nenhum componente do DSC reconhecido nessa tela. Anote manualmente.";"1";"mensagem-sistema";"hac.modules.accessibility.handlea11ypostareadetectionresult.showtoast.l6626c15.dfa33afc";"src/plugin/modules/accessibility.js:6626"
"txt.69d0ae54ec82";"Nenhum componente encontrado automaticamente. A cópia da tela já está pronta para marcação manual.";"1";"mensagem-sistema";"hac.modules.swipe.path.addswipepathitemsfromlayers.showtoast.l266c15.117d122a";"src/plugin/modules/swipe-path.js:266"
"txt.2c2b42994395";"Nenhum elemento interativo encontrado automaticamente. A cópia da tela já está pronta para marcação manual (""+ Adicionar item"").";"1";"mensagem-sistema";"hac.modules.tab.order.addtaborderitemsfromlayers.showtoast.l1321c15.423bd5a4";"src/plugin/modules/tab-order.js:1321"
"txt.1dcbd3939edf";"Nenhum handoff de acessibilidade encontrado neste arquivo ainda.";"1";"texto-interface";"hac.modules.accessibility.p.text.1.fa8854df";"src/plugin/modules/accessibility.js:5726"
"txt.b05b7726f46a";"Nenhum item ainda. Clique num elemento do canvas para começar.";"1";"texto-interface";"hac.views.modals.a11y.tab.order.pending.empty.text.a2d49e9f";"src/plugin/views/modals.html:1240"
"txt.8dc1bc651d7f";"Nenhum item selecionado. Selecione a Área Marcada no canvas para escanear.";"1";"texto-interface";"hac.backend.onmessage.postmessage.l1284c18.51ea6e3a";"src/plugin/backend/onmessage.js:1284"
"txt.320bbc968291";"Nenhum ponto ainda. Clique num elemento do canvas para começar.";"1";"texto-interface";"hac.views.modals.a11y.swipe.path.pending.empty.text.6c0092ea";"src/plugin/views/modals.html:1300"
"txt.c0059716066f";"Nenhum ponto na Ordem de Leitura para narrar.";"1";"mensagem-sistema";"hac.modules.tab.order.toggleswipenarration.showtoast.l1703c40.73ee80f0";"src/plugin/modules/tab-order.js:1703"
"txt.b9a46d1cd5f5";"Nenhuma especificação foi criada.";"1";"texto-interface";"hac.modules.accessibility.opena11ynocardalert.opena11yconfirmmodal.l6054c111.f5611239";"src/plugin/modules/accessibility.js:6054"
"txt.3758d1d750c7";"Nenhuma especificação nesta tela ainda. Use o botão abaixo.";"1";"texto-interface";"hac.modules.accessibility.p.text.2.be5954a6";"src/plugin/modules/accessibility.js:4861"
"txt.5206e4d0b61f";"Nenhuma ordem de tabulação nesta tela ainda. Use o botão abaixo.";"1";"texto-interface";"hac.modules.accessibility.p.text.2.fa824747";"src/plugin/modules/accessibility.js:4485"
"txt.df511a14ac8b";"Nenhuma tela selecionada";"1";"texto-interface";"hac.modules.accessibility.p.text.1.08311864";"src/plugin/modules/accessibility.js:5372"
"txt.a99c6d7edc72";"Nenhuma trilha de swipe";"1";"revisar";"hac.backend.onmessage.some.l5265c94.826e852a";"src/plugin/backend/onmessage.js:5265"
"txt.6fcec705812e";"Nenhuma trilha de swipe definida para esta área.";"1";"revisar";"hac.backend.onmessage.buildfichaswipesection.characters.l5323c25.807bd465";"src/plugin/backend/onmessage.js:5323"
"txt.375b7276194c";"Nenhuma trilha de swipe nesta tela ainda. Use o botão abaixo.";"1";"texto-interface";"hac.modules.accessibility.p.text.2.54c8831b";"src/plugin/modules/accessibility.js:4700"
"txt.2b74d642b86f";"niveis de titulo";"1";"revisar";"hac.modules.accessibility.updatea11ytitulofields.rendera11yfixedtoggles.l3336c85.fb8b81c1";"src/plugin/modules/accessibility.js:3336"
"txt.c48a70ff6603";"Nível de Título (${(match.suggestedLevel || 'h1').toUpperCase()})";"1";"revisar";"hac.modules.accessibility.a11yundocumenteditemlabel.l4303c38.94e07fcd";"src/plugin/modules/accessibility.js:4303"
"txt.a3dc3f67c440";"Nível#10766:1";"1";"vocabulario-dominio";"hac.code.a11y.agrupamento.letter.prop.key.l1334c11.cdf26f19";"src/plugin/code.js:1334"
"txt.5432a615a866";"No final, o time de dev não recebe um documento à parte: consome direto o";"1";"texto-interface";"hac.views.modals.p.text.60.ee0569a9";"src/plugin/views/modals.html:1547"
"txt.8b0c59502f0c";"nome acesivel";"1";"revisar";"hac.modules.accessibility.normalizea11ytogglename.l495c13.1c055ba0";"src/plugin/modules/accessibility.js:495"
"txt.cea71381ebbb";"nome acessivel";"1";"revisar";"hac.modules.accessibility.normalizea11ytogglename.l495c38.ee60a775";"src/plugin/modules/accessibility.js:495"
"txt.1306e90570b6";"Notas adicionais";"1";"texto-interface";"hac.modules.handoff.ficha.fichabuildspecfields.push.l157c26.26cf47bc";"src/plugin/modules/handoff-ficha.js:157"
"txt.c80765bc0a78";"notas de codigo";"1";"revisar";"hac.modules.accessibility.normalizea11ytogglename.l497c30.90517a34";"src/plugin/modules/accessibility.js:497"
"txt.6883742d7a12";"Nova spec";"1";"texto-interface";"hac.modules.accessibility.span.text.1.8173582e";"src/plugin/modules/accessibility.js:4835"
"txt.a6d56473a3a6";"Nova spec em: ${area.number} ${area.label}";"1";"texto-interface";"hac.modules.accessibility.opena11ycategorypickermodalnow.textcontent.l1183c27.26c1ae36";"src/plugin/modules/accessibility.js:1183"
"txt.efce07b5001f";"Número#10766:0";"1";"vocabulario-dominio";"hac.code.a11y.agrupamento.letter.prop.key.l1332c13.4fafab85";"src/plugin/code.js:1332"
"txt.4b32ccd9e51f";"número#1478:0";"1";"vocabulario-dominio";"hac.backend.platform.profiles.a11y.identificacao.tela.props.l140c11.29b76e89";"src/plugin/backend/platform-profiles.js:140"
"txt.2154781f23da";"O componente """;"1";"vocabulario-dominio";"hac.backend.onmessage.a11y.fail.messages.l1503c32.43ea0596";"src/plugin/backend/onmessage.js:1503"
"txt.4c8bd797317b";"O elemento ""${p && p.nodeName || 'sem nome'}"" não existe mais na cópia da tela — refaça a trilha.";"1";"revisar";"hac.backend.onmessage.template.l4195c29.4f27943e";"src/plugin/backend/onmessage.js:4195"
"txt.1e55d7164196";"O elemento desta área não existe mais no canvas.";"1";"revisar";"hac.backend.onmessage.postmessage.l1127c102.781db67f";"src/plugin/backend/onmessage.js:1127"
"txt.dae188c647a8";"O Handoff de Acessibilidade desta tela não foi encontrado no canvas, talvez tenha sido apagado. Insira uma seção novamente para recriá-lo.";"1";"mensagem-sistema";"hac.modules.handoff.ficha.fichahandlenodenotfound.showtoast.l466c13.2a713aec";"src/plugin/modules/handoff-ficha.js:466"
"txt.71f517badd0f";"O handoff de acessibilidade vira um material próprio, que o time de desenvolvimento consulta sem precisar navegar pelo arquivo de produto. Trabalhar sobre cópias também mantém as telas originais intactas: nada do que o hac desenha aqui — selos, réplicas, fichas — toca o design original.";"1";"texto-interface";"hac.views.modals.p.text.18.45d24c5e";"src/plugin/views/modals.html:921"
"txt.a95f64d3f3bb";"O que você quer fazer agora?";"1";"texto-interface";"hac.views.modals.p.text.41.9a0e5791";"src/plugin/views/modals.html:1091"
"txt.4b6c7519598d";"O selo desta área não foi encontrado no canvas — pode ter sido apagado ou movido.";"1";"revisar";"hac.backend.onmessage.postmessage.l1123c102.16ee3143";"src/plugin/backend/onmessage.js:1123"
"txt.111839d024ae";"o selo não entrou no grupo de selos (appendChild falhou)";"1";"revisar";"hac.backend.onmessage.literal.l2662c27.4a218188";"src/plugin/backend/onmessage.js:2662"
"txt.6ea022c0fa31";"O título de cada cabeçalho do accordion deve ser atrelado em um elemento com a role=""button"", considerar também o status do painel como expandindo ou recolhido com o atributo aria-expanded.";"1";"texto-interface";"hac.modules.accessibility.notascodigo.l324c111.013c377b";"src/plugin/modules/accessibility.js:324"
"txt.cc90477f1481";"Onboarding state save failed:";"1";"diagnostico-tecnico";"hac.backend.onmessage.warn.l591c20.edb3b13d";"src/plugin/backend/onmessage.js:591"
"txt.58061c4d5d3e";"onboarding-modal";"1";"texto-interface";"hac.modules.accessibility.openhacpageinstructionmodal.onboardingel.l5649c48.13134d54";"src/plugin/modules/accessibility.js:5649"
"txt.e8501468eb9b";"Ordem atualizada no canvas.";"1";"mensagem-sistema";"hac.modules.tab.order.updatetabordernumbering.showtoast.l1554c13.0c497954";"src/plugin/modules/tab-order.js:1554"
"txt.a62fa6a5a55f";"Ordem de Leitura | Swipe";"1";"texto-interface";"hac.code.title.l3608c12.b69b20f5";"src/plugin/code.js:3608"
"txt.abf9c03c35ba";"Ordem de Leitura Mobile (Swipe)";"1";"conteudo-instrucional";"hac.refs.ficha.instruction.content.swipe.title.7c2b6e70";"src/plugin/refs/ficha-instruction-content.json:38"
"txt.5f59f2f7487d";"Ordem de leitura removida do plugin e do canvas.";"1";"mensagem-sistema";"hac.modules.swipe.path.deleteswipepathforarea.showtoast.l828c13.c7e286b2";"src/plugin/modules/swipe-path.js:828"
"txt.c32a3718c4b2";"Ordem de tabulação concluída: ${failedCount} ${failedCount === 1 ? 'item falhou' : 'itens falharam'} ao desenhar e ${failedCount === 1 ? 'foi excluído' : 'foram excluídos'}.";"1";"mensagem-sistema";"hac.modules.tab.order.applytabordertocanvas.showtoast.l1164c7.cc13347e";"src/plugin/modules/tab-order.js:1164"
"txt.e213ad1b5d19";"Ordem de tabulação concluída.";"1";"mensagem-sistema";"hac.modules.tab.order.applytabordertocanvas.showtoast.l1165c7.a0587c91";"src/plugin/modules/tab-order.js:1165"
"txt.b919fd632704";"Ordem de tabulação removida do plugin e do canvas.";"1";"mensagem-sistema";"hac.modules.tab.order.deletealltaborderforareanow.showtoast.l1855c13.5ab694af";"src/plugin/modules/tab-order.js:1855"
"txt.bfceeb983cd7";"Origem";"1";"revisar";"hac.backend.onmessage.buildswipepathconnection.name.l4094c22.f8330e6b";"src/plugin/backend/onmessage.js:4094"
"txt.cbf7b5c3c26a";"Os ${items.length} selo${items.length === 1 ? '' : 's'} desta tela serão apagados do plugin e do canvas, inclusive do handoff. Esta ação não pode ser desfeita.";"1";"texto-interface";"hac.modules.tab.order.deletealltaborderforarea.opena11yconfirmmodal.l1827c11.b30d5a76";"src/plugin/modules/tab-order.js:1827"
"txt.22e6632609d5";"Os itens abrem um a um para revisão: nenhum vira especificação sem sua confirmação.";"1";"texto-interface";"hac.views.modals.p.text.44.fe3aae15";"src/plugin/views/modals.html:1351"
"txt.d5f10c9bc837";"ou";"1";"texto-interface";"hac.modules.accessibility.header.text.1.023dc8a1";"src/plugin/modules/accessibility.js:360"
"txt.7834626b9215";"ou usar Mapeamento Automático";"1";"texto-interface";"hac.modules.tab.order.html.text.2.c1f753b2";"src/plugin/modules/tab-order.js:86"
"txt.a4d273c0bcb5";"Outro (${_cleanDscContainingFrameName(g.containingFrame)})";"1";"texto-interface";"hac.modules.accessibility.label.l6816c11.f6609eb0";"src/plugin/modules/accessibility.js:6816"
"txt.4235de1907e0";"Outro (${_cleanDscContainingFrameName(match.containingFrame)})";"1";"revisar";"hac.modules.accessibility.a11yundocumenteditemlabel.l4301c41.abaeccbf";"src/plugin/modules/accessibility.js:4301"
"txt.15cb09b2fe19";"outro designer";"1";"revisar";"hac.modules.accessibility.extractdesignername.extractdesignername.l6114c57.35dacec8";"src/plugin/modules/accessibility.js:6114"
"txt.8c34060da16c";"Overflow Controller";"1";"vocabulario-lib-web";"hac.refs.design.acessivel.web.wrapper.generated.componentoptions.39.d260b9a4";"src/plugin/refs/design-acessivel-web-wrapper.generated.json:104"
"txt.0f9e398b0a47";"Page Controler";"1";"vocabulario-lib-mobile";"hac.refs.design.acessivel.mobile.wrapper.generated.componentoptions.40.57bb757a";"src/plugin/refs/design-acessivel-mobile-wrapper.generated.json:55"
"txt.0929ce84c8bc";"Página: ${escapeHtml(s.pageName || '—')}";"1";"texto-interface";"hac.modules.accessibility.p.text.2.0f0098e6";"src/plugin/modules/accessibility.js:5767"
"txt.008d1d283372";"Paginação";"1";"vocabulario-dominio";"hac.modules.accessibility.a11y.narration.type.labels.l433c14.93baad32";"src/plugin/modules/accessibility.js:433"
"txt.31fbb9d2e0d1";"Pagination";"1";"vocabulario-dominio";"hac.modules.accessibility.a11y.narration.type.labels.en.l455c14.5f160dce";"src/plugin/modules/accessibility.js:455"
"txt.e3964b89e0db";"para começar a documentar cada uma.";"1";"texto-interface";"hac.views.modals.html.text.15.83f6c90a";"src/plugin/views/modals.html:909"
"txt.418c505efd5c";"Para fechar o checklist desta tela, falta: ${missing}.";"1";"mensagem-sistema";"hac.modules.handoff.ficha.fichaafterhandoffclosechecklist.showtoast.l1051c15.b872fc61";"src/plugin/modules/handoff-ficha.js:1051"
"txt.2a1f9c63eca9";"Para questões sobre Design Acessível, suporte técnico e Handoff, disponibilizamos o contato dos especialistas da Vertical. Com eles é possível tirar dúvidas, validar especificações e sugerir melhorias.";"1";"texto-interface";"hac.views.modals.p.text.24.d6c5bc2f";"src/plugin/views/modals.html:1001"
"txt.b28533f7fdbd";"Parágrafo";"1";"revisar";"hac.code.appendparagraph.name.l4832c14.e99eedd2";"src/plugin/code.js:4832"
"txt.124ade04d467";"Passo ${_onboardingCurrentStep + 1} de ${tool.steps.length}";"1";"texto-interface";"hac.modules.onboarding.p.text.1.b910b174";"src/plugin/modules/onboarding.js:314"
"txt.cc2ac2455bf2";"Passo ${i + 1}";"1";"revisar";"hac.code.buildfichalegendcolumn.name.l4886c18.7a446361";"src/plugin/code.js:4886"
"txt.7734a80fedac";"Passos";"1";"revisar";"hac.code.buildfichalegendcolumn.name.l4854c22.682e7491";"src/plugin/code.js:4854"
"txt.3f87a3a3ff7e";"Patricia Regis";"1";"texto-interface";"hac.views.modals.p.text.29.9ff76218";"src/plugin/views/modals.html:1024"
"txt.2c9c8beed807";"patricia.regis@foton.la";"1";"texto-interface";"hac.views.modals.html.text.20.fa16659e";"src/plugin/views/modals.html:1033"
"txt.1481f13d4891";"Pedro Paulo Izidio da Silva";"1";"texto-interface";"hac.views.modals.p.text.37.01c31c14";"src/plugin/views/modals.html:1059"
"txt.60ac3c211b6c";"pedro.izidio@foton.la";"1";"texto-interface";"hac.views.modals.html.text.23.24f2cc2b";"src/plugin/views/modals.html:1068"
"txt.0dbd8e0ed054";"Plataforma do projeto";"1";"texto-interface";"hac.views.modals.dt.text.3.b7153965";"src/plugin/views/modals.html:1660"
"txt.2f54cceef493";"Plataforma do projeto definida como ${origin === 'mobile' ? 'Mobile' : 'Web'}.";"1";"mensagem-sistema";"hac.modules.accessibility.seta11yprojectorigin.showtoast.l5503c15.abac99bc";"src/plugin/modules/accessibility.js:5503"
"txt.8838010128bf";"ponto marcado";"1";"revisar";"hac.modules.core.a11ycaptureminibarupdatecount.noun.l714c18.6567a904";"src/plugin/modules/core.js:714"
"txt.8958387580b7";"pontos marcados";"1";"revisar";"hac.modules.core.a11ycaptureminibarupdatecount.noun.l714c36.0989da02";"src/plugin/modules/core.js:714"
"txt.5719a2434f0a";"Por que uma página separada?";"1";"texto-interface";"hac.views.modals.span.text.15.3e71b500";"src/plugin/views/modals.html:917"
"txt.d2b661e0822e";"position:absolute;left:-6px;top:-3.5px;width:10px;height:10px;border-radius:50%;background:#005ca9;";"1";"revisar";"hac.modules.tab.order.a11yshowdropline.csstext.l1464c23.af01c1aa";"src/plugin/modules/tab-order.js:1464"
"txt.3defc498f4b4";"position:absolute;left:10px;right:6px;top:${Math.round(y - 1.5)}px;height:3px;background:#005ca9;border-radius:2px;pointer-events:none;z-index:5;";"1";"revisar";"hac.modules.tab.order.a11yshowdropline.csstext.l1462c23.6c882b17";"src/plugin/modules/tab-order.js:1462"
"txt.1f1f4c5ea98a";"position:absolute;top:${r.bottom + window.scrollY + 4}px;left:${left + window.scrollX}px;width:192px;z-index:9999;";"1";"revisar";"hac.modules.accessibility.togglea11ycardmenu.csstext.l5020c26.07b509cd";"src/plugin/modules/accessibility.js:5020"
"txt.355c56decc8d";"Possíveis títulos sem token DSC";"1";"texto-interface";"hac.views.modals.a11y.token.review.title.text.c2e53fa3";"src/plugin/views/modals.html:1393"
"txt.3d6f820f2963";"Possíveis títulos sem token DSC (${tokenReviewCandidates.length})";"1";"texto-interface";"hac.modules.accessibility.opena11ybatchsummarymodal.textcontent.l6886c60.75e03a17";"src/plugin/modules/accessibility.js:6886"
"txt.37bde3a55457";"Possível título sem token DSC";"1";"revisar";"hac.modules.accessibility.a11yundocumenteditemlabel.l4299c38.66d45236";"src/plugin/modules/accessibility.js:4299"
"txt.5498d9b96ed2";"PR";"1";"texto-interface";"hac.views.modals.span.text.18.1cdefece";"src/plugin/views/modals.html:1022"
"txt.92e1bf47c1c4";"Pra resolver, vincule um Text Style do DSC no Figma e escaneie de novo.";"1";"texto-interface";"hac.views.modals.span.text.27.83fd1eb0";"src/plugin/views/modals.html:1400"
"txt.cf35cef5f6aa";"Preencher";"1";"revisar";"hac.modules.handoff.ficha.fichabuttonlabel.verb.l76c60.eb537a9f";"src/plugin/modules/handoff-ficha.js:76"
"txt.8db04a17b167";"Preenchido automaticamente a partir do componente do DSC.";"1";"texto-interface";"hac.modules.accessibility.html.text.1.725497ef";"src/plugin/modules/accessibility.js:2032"
"txt.3132422a074c";"Preparando réplica de trabalho…";"1";"revisar";"hac.modules.handoff.ficha.fichaeditsection.showa11ycanvasloading.l312c74.24fb3f62";"src/plugin/modules/handoff-ficha.js:312"
"txt.82c58a664caa";"Processando";"1";"texto-interface";"hac.views.modals.html.text.6.765646e3";"src/plugin/views/modals.html:772"
"txt.9137e1973acc";"Processando…";"1";"revisar";"hac.modules.accessibility.showa11ycanvasloading.l6296c54.1cd52efc";"src/plugin/modules/accessibility.js:6296"
"txt.d645a455d4b4";"Product Card";"1";"vocabulario-lib-mobile";"hac.refs.design.acessivel.mobile.wrapper.generated.componentoptions.42.78be32a0";"src/plugin/refs/design-acessivel-mobile-wrapper.generated.json:57"
"txt.2bc2aef2187b";"Progress List";"1";"vocabulario-lib-web";"hac.refs.design.acessivel.web.wrapper.generated.componentoptions.43.ac39ea03";"src/plugin/refs/design-acessivel-web-wrapper.generated.json:108"
"txt.4059fcbdc2cf";"Próximo";"1";"texto-interface";"hac.modules.onboarding.button.text.2.da37650f";"src/plugin/modules/onboarding.js:299"
"txt.c67f1ee17880";"PS";"1";"texto-interface";"hac.views.modals.span.text.20.ccf4a408";"src/plugin/views/modals.html:1057"
"txt.c697295ffaba";"pt-BR";"1";"revisar";"hac.modules.tab.order.tabordernarrationadvance.l1648c46.f892dde6";"src/plugin/modules/tab-order.js:1648"
"txt.4f89fa87acaa";"Reabrir";"1";"texto-interface";"hac.modules.handoff.ficha.button.text.1.f14979c9";"src/plugin/modules/handoff-ficha.js:833"
"txt.bf334e42bc85";"real\n(logo abaixo, fora desta linha) é MOVIDO pra cá via\nappendChild por _updateA11yMobileObservacoesVisibility quando\nnão há Nome Acessível/Label ocupando o espaço — mesmo padrão\nde realocação já usado pelo campo de texto acessível acima\n(nunca duplica elemento, o checkbox é sempre o mesmo nó).\nAlinhamento vertical (2026-09-24, pedido do usuário:\n""centralize o checkbox na linha""): mt-[1.375rem] compensa a\naltura do";"1";"texto-interface";"hac.views.modals.a11y.el.mobile.observacoes.inline.wrap.text.1950135e";"src/plugin/views/modals.html:295"
"txt.01e1973d6736";"Recolher todos";"1";"texto-interface";"hac.modules.accessibility.button.text.3.dd8f43df";"src/plugin/modules/accessibility.js:4880"
"txt.1a07342f611c";"Remover especificação de acessibilidade";"1";"acessibilidade";"hac.modules.accessibility.button.4.aria.label.50c81276";"src/plugin/modules/accessibility.js:4112"
"txt.adc3d8d9909f";"Remover especificação?";"1";"texto-interface";"hac.modules.accessibility.deletea11yspec.opena11yconfirmmodal.l7442c12.c2227975";"src/plugin/modules/accessibility.js:7442"
"txt.811950a5549b";"Remover especificações?";"1";"texto-interface";"hac.modules.accessibility.deletea11yspecgroup.opena11yconfirmmodal.l4265c12.b21a223f";"src/plugin/modules/accessibility.js:4265"
"txt.64c7c2f02ac2";"Remover ponto da ordem de leitura?";"1";"texto-interface";"hac.modules.swipe.path.deleteswipepathpendingitem.opena11yconfirmmodal.l628c12.d1b8ed81";"src/plugin/modules/swipe-path.js:628"
"txt.8b60029ffcfc";"Repita para telas de outras páginas, se houver — pode colar todas aqui.";"1";"texto-interface";"hac.views.modals.li.text.7.37717c4d";"src/plugin/views/modals.html:908"
"txt.0c4ec162d906";"Réplica de Trabalho — Leitor de Tela";"1";"revisar";"hac.backend.onmessage.ensurecloneworkframe.l2233c73.53a511f7";"src/plugin/backend/onmessage.js:2233"
"txt.749cbb4f4766";"Réplica de Trabalho — Ordem de Tabulação";"1";"revisar";"hac.backend.onmessage.createtaborderbadge.ensurecloneworkframe.l2665c65.d9661398";"src/plugin/backend/onmessage.js:2665"
"txt.52de2996987f";"Réplica de Trabalho — Swipe";"1";"revisar";"hac.backend.onmessage.ensurecloneworkframe.l4224c67.2530aa83";"src/plugin/backend/onmessage.js:4224"
"txt.6cc3fd604475";"Réplica de trabalho pronta. Edite e clique em ""Atualizar Handoff"" quando terminar.";"1";"mensagem-sistema";"hac.modules.handoff.ficha.fichahandlesectioneditready.showtoast.l324c13.794f3a44";"src/plugin/modules/handoff-ficha.js:324"
"txt.b80651a4040d";"réplica do Leitor de Tela não encontrada";"1";"revisar";"hac.backend.onmessage.literal.l1452c54.9973987c";"src/plugin/backend/onmessage.js:1452"
"txt.d0252b048990";"réplica não resolvida (";"1";"revisar";"hac.backend.onmessage.literal.l1436c32.44282763";"src/plugin/backend/onmessage.js:1436"
"txt.2a6d87f86ca2";"Responsáveis pela acessibilidade no DS";"1";"texto-interface";"hac.views.modals.html.text.21.d97c9c2a";"src/plugin/views/modals.html:1038"
"txt.7125a4350ec7";"Responsáveis pelo Suporte do Handoff de Acessibilidade";"1";"texto-interface";"hac.views.modals.html.text.18.0b673dde";"src/plugin/views/modals.html:1003"
"txt.2b3b008c53ac";"Restaurar aqui não é possível: as telas e specs documentadas apontam para elementos que só existem no arquivo de origem, então a documentação restaurada não corresponderia a nada no canvas deste arquivo.";"1";"mensagem-sistema";"hac.modules.core.alert.l397c9.dd6346ba";"src/plugin/modules/core.js:397"
"txt.5fa54994fd4b";"Restaurar backup (.json)";"1";"texto-interface";"hac.build.span.text.7.90859af3";"src/plugin/build.cjs:217"
"txt.4da0298f9b4f";"Restaurar este backup?\n\nConteúdo: ${nAreas} tela(s), ${nSpecs} especificação(ões).\n\n";"1";"texto-interface";"hac.modules.core.confirm.l407c7.a8fa8c47";"src/plugin/modules/core.js:407"
"txt.b6ca8007ec0b";"Restaurável só neste arquivo.";"1";"texto-interface";"hac.build.span.text.4.730eac2d";"src/plugin/build.cjs:201"
"txt.187f4eab64a2";"Revisão concluída: ${discardedCount} ${discardedCount === 1 ? 'item' : 'itens'} descartado${discardedCount === 1 ? '' : 's'}, nenhuma especificação criada.";"1";"mensagem-sistema";"hac.modules.accessibility.advancea11ybatchwizard.showtoast.l7158c17.1335e69f";"src/plugin/modules/accessibility.js:7158"
"txt.7b50c4baf6c6";"Rótulo da tela";"1";"texto-interface";"hac.views.modals.label.text.12.894e3163";"src/plugin/views/modals.html:706"
"txt.4a40c34875ed";"Salvar";"1";"texto-interface";"hac.modules.accessibility.edita11yspec.textcontent.l7607c44.24ea93b8";"src/plugin/modules/accessibility.js:7607"
"txt.6de9e1e88d46";"Salvar / exportar documentação";"1";"texto-interface";"hac.build.btn.hac.backup.menu.title.6a01301c";"src/plugin/build.cjs:190"
"txt.179ba70c27ad";"Salvar, exportar ou importar documentação";"1";"acessibilidade";"hac.build.btn.hac.backup.menu.aria.label.9f33b302";"src/plugin/build.cjs:190"
"txt.2c47230ca8e8";"Salvo automaticamente";"1";"mensagem-sistema";"hac.modules.core.toastsaved.showtoast.l432c13.b2a908c6";"src/plugin/modules/core.js:432"
"txt.84f3f7bc3ee0";"São necessários pelo menos 2 pontos para criar uma trilha de swipe.";"1";"revisar";"hac.backend.onmessage.postmessage.l4167c82.872cff7a";"src/plugin/backend/onmessage.js:4167"
"txt.2b65035526e5";"São necessários pelo menos 2 pontos para desenhar uma trilha de swipe.";"1";"revisar";"hac.backend.onmessage.buildswipepathconnection.l4044c23.47c1b870";"src/plugin/backend/onmessage.js:4044"
"txt.bdece1b04ac0";"Se não encontrar a biblioteca na busca, ela pode não estar publicada para o seu time. Peça a um admin do DSC para compartilhá-la.";"1";"texto-interface";"hac.views.modals.p.text.17.17c27c26";"src/plugin/views/modals.html:827"
"txt.eaad36bafff7";"Search Bar";"1";"vocabulario-lib-mobile";"hac.refs.design.acessivel.mobile.wrapper.generated.componentoptions.45.1935900a";"src/plugin/refs/design-acessivel-mobile-wrapper.generated.json:60"
"txt.a85392aabab1";"Search Results";"1";"vocabulario-lib-web";"hac.refs.design.acessivel.web.wrapper.generated.componentoptions.46.55816493";"src/plugin/refs/design-acessivel-web-wrapper.generated.json:111"
"txt.6477b73b0fab";"Searchbar";"1";"vocabulario-lib-web";"hac.refs.design.acessivel.web.wrapper.generated.componentoptions.45.5971eae9";"src/plugin/refs/design-acessivel-web-wrapper.generated.json:110"
"txt.23091951e0cf";"seed (não remover";"1";"revisar";"hac.code.indexof.l201c53.f4e94ed9";"src/plugin/code.js:201"
"txt.deb2322f3077";"seed (não remover — mantém o grupo vivo)";"1";"revisar";"hac.code.getorcreatecloneoverlaygroup.name.l2573c15.978c3e40";"src/plugin/code.js:2573"
"txt.108e43a90cdc";"Segmento ${i + 1}";"1";"revisar";"hac.backend.onmessage.buildswipepathconnection.name.l4060c19.8594e05b";"src/plugin/backend/onmessage.js:4060"
"txt.8952515fcc8f";"Segure shift e clique (ou use marquise) pra marcar quantos elementos novos precisar. Clique em ""Concluir seleção"" quando terminar.";"1";"mensagem-sistema";"hac.modules.tab.order.starttaborderadditemwait.showtoast.l664c13.8fd0c30b";"src/plugin/modules/tab-order.js:664"
"txt.0d427d7e43fc";"Segure shift e clique (ou use marquise) pra marcar quantos pontos novos precisar. Clique em ""Concluir seleção"" quando terminar.";"1";"mensagem-sistema";"hac.modules.swipe.path.swipepathstartaddpointwait.showtoast.l356c13.bd59e8b8";"src/plugin/modules/swipe-path.js:356"
"txt.a589f57d9a3d";"Seleciona o frame no canvas e clique em ""Atualizar nome"" para recuperar o nome do frame. O marcador criado organiza as specs dessa tela na listagem.";"1";"texto-interface";"hac.views.modals.p.text.14.66c6f938";"src/plugin/views/modals.html:694"
"txt.91bdac27ad01";"Selecionado no canvas";"1";"texto-interface";"hac.views.modals.p.text.1.3bdc45f2";"src/plugin/views/modals.html:35"
"txt.02ecdb02cd7d";"Selecionar";"1";"texto-interface";"hac.views.modals.button.text.3.57ba9bbb";"src/plugin/views/modals.html:733"
"txt.2fbd106d9402";"Selecione a tela de destino.";"1";"mensagem-sistema";"hac.modules.accessibility.starta11ybatchwizard.showtoast.l7057c15.90a0c0ed";"src/plugin/modules/accessibility.js:7057"
"txt.04a78549515a";"Selecione as telas e copie com";"1";"texto-interface";"hac.views.modals.li.text.5.f2424f4b";"src/plugin/views/modals.html:906"
"txt.f357f9a5d61d";"Selecione os componentes interativos e imagens essenciais: Selecione apenas os elementos acionáveis da tela (como botões ativos, links, campos de formulário e seletores) cujo conteúdo seja indispensável para a navegação.";"1";"conteudo-instrucional";"hac.refs.ficha.instruction.content.tabulacao.web.steps.0.3b0569b2";"src/plugin/refs/ficha-instruction-content.json:30"
"txt.2447267ce93c";"Selecione os componentes interativos e imagens essenciais: Selecione apenas os elementos acionáveis da tela (como botões ativos, links, campos de formulário e seletores) e imagens cujo conteúdo seja indispensável para a navegação.";"1";"conteudo-instrucional";"hac.refs.ficha.instruction.content.tabulacao.steps.0.d0ac233f";"src/plugin/refs/ficha-instruction-content.json:21"
"txt.f2faa5694496";"Selecione todos os elementos na tela: Classifique elemento a elemento na tela de forma que demonstre um caminho ao qual o leitor de telas deve percorrer quando navegável nativamente com Basic Swipe.";"1";"conteudo-instrucional";"hac.refs.ficha.instruction.content.swipe.steps.0.53573bc9";"src/plugin/refs/ficha-instruction-content.json:43"
"txt.5bf67520a658";"Selecione um elemento do seu design, não uma estrutura criada pelo hac.";"1";"mensagem-sistema";"hac.backend.onmessage.notify.l960c22.426e2efd";"src/plugin/backend/onmessage.js:960"
"txt.7c6a740ba399";"Selecione um elemento no canvas antes de atualizar o nome.";"1";"mensagem-sistema";"hac.modules.accessibility.then.l7803c17.7684562b";"src/plugin/modules/accessibility.js:7803"
"txt.b1b1e56d54d9";"Selecione um elemento no canvas antes de selecionar a tela.";"1";"mensagem-sistema";"hac.modules.accessibility.then.l7853c17.27db85f0";"src/plugin/modules/accessibility.js:7853"
"txt.49bfb53c31dd";"Selecione um elemento no canvas.";"1";"mensagem-sistema";"hac.backend.onmessage.notify.l1370c24.3a7b61e2";"src/plugin/backend/onmessage.js:1370"
"txt.b298fa6319ba";"Selecione um frame no figma e clique no botão a seguir para iniciar as etapas de preenchimento do handoff.";"1";"texto-interface";"hac.modules.accessibility.p.text.2.50b9e88e";"src/plugin/modules/accessibility.js:5373"
"txt.10d672ccca84";"Selecione uma tela antes de gerar o handoff automatizado.";"1";"mensagem-sistema";"hac.modules.accessibility.opena11ybatchsummarymodal.showtoast.l6761c15.2e588594";"src/plugin/modules/accessibility.js:6761"
"txt.9c6ebf93bed1";"Selecione uma tela antes de iniciar a ordem de tabulação.";"1";"mensagem-sistema";"hac.modules.tab.order.starttabordermanualmode.showtoast.l185c15.990e70a7";"src/plugin/modules/tab-order.js:185"
"txt.e10b3d0be11f";"Selectable Media";"1";"vocabulario-lib-mobile";"hac.refs.design.acessivel.mobile.wrapper.generated.componentoptions.47.6088886a";"src/plugin/refs/design-acessivel-mobile-wrapper.generated.json:62"
"txt.1de812384e75";"Seletor numérico";"1";"vocabulario-dominio";"hac.modules.accessibility.a11y.narration.type.labels.l434c12.a0131008";"src/plugin/modules/accessibility.js:434"
"txt.72a18a36f5ff";"self-start text-blue-400 hover:text-blue-300 font-bold underline transition-colors";"1";"revisar";"hac.modules.core.showsnackbar.classname.l857c27.5fa79869";"src/plugin/modules/core.js:857"
"txt.df2ebb433211";"Selo de Número da Tela";"1";"revisar";"hac.code.buildfichaframeprincipalsection.name.l4450c20.e0808f26";"src/plugin/code.js:4450"
"txt.1b8724c52f45";"Selo de Ordem de Tabulação";"1";"revisar";"hac.backend.onmessage.createtaborderbadge.name.l2549c20.3973f272";"src/plugin/backend/onmessage.js:2549"
"txt.e5e3160e78e5";"Selo não desenhado";"1";"texto-interface";"hac.modules.tab.order.i.2.title.cf72b9a7";"src/plugin/modules/tab-order.js:837"
"txt.797e9f5516f2";"sem area";"1";"revisar";"hac.modules.accessibility.a11ysemareaaccordionel.setattribute.l5207c44.9d87d056";"src/plugin/modules/accessibility.js:5207"
"txt.d3bfc1cdaeb7";"Sem card na lib de acessibilidade";"1";"texto-interface";"hac.modules.accessibility.opena11ynocardalert.opena11yconfirmmodal.l6053c12.4f2eabf8";"src/plugin/modules/accessibility.js:6053"
"txt.c70be135e62c";"Sem categoria";"1";"revisar";"hac.backend.onmessage.postmessage.l2303c39.173c400a";"src/plugin/backend/onmessage.js:2303"
"txt.36ea9d5c16be";"Sem categoria sugerida — escolha abaixo.";"1";"revisar";"hac.modules.accessibility.literal.l1257c49.4711dd2d";"src/plugin/modules/accessibility.js:1257"
"txt.8ba9eddd500a";"Sem estilo do DSC vinculado, a detecção automática não pega.";"1";"texto-interface";"hac.views.modals.p.text.45.33d463e8";"src/plugin/views/modals.html:1398"
"txt.eaf322d97b07";"Sem tela";"1";"texto-interface";"hac.modules.accessibility.p.text.1.3cfd104a";"src/plugin/modules/accessibility.js:5217"
"txt.b91ea52639fa";"Sequência de foco do teclado (tecla Tab) desta tela — cada selo numerado indica a ordem em que o elemento recebe foco.";"1";"revisar";"hac.code.legendfallback.l3603c21.d4fd5de8";"src/plugin/code.js:3603"
"txt.3521f85619fd";"Seta ${i + 1}";"1";"revisar";"hac.backend.onmessage.buildswipepathconnection.name.l4076c20.a6a9e72e";"src/plugin/backend/onmessage.js:4076"
"txt.e0367a1a9074";"Seu handoff";"1";"texto-interface";"hac.modules.accessibility.span.text.1.b7edfb36";"src/plugin/modules/accessibility.js:5755"
"txt.284ec4146af7";"Seu trabalho continuará em uma Section própria — este handoff não será editado por você.";"1";"texto-interface";"hac.modules.accessibility.p.text.1.00862b36";"src/plugin/modules/accessibility.js:5758"
"txt.87694aa313ef";"Seu trabalho fica isolado numa Section própria. Nada do que você fizer sobrescreve o handoff já existente. Combine com a equipe se o objetivo é complementar a mesma documentação.";"1";"texto-interface";"hac.modules.accessibility.p.text.1.1b5c659d";"src/plugin/modules/accessibility.js:6128"
"txt.542ebc9c55cd";"Sheet";"1";"vocabulario-lib-mobile";"hac.refs.design.acessivel.mobile.wrapper.generated.componentoptions.48.92492415";"src/plugin/refs/design-acessivel-mobile-wrapper.generated.json:63"
"txt.9fec3077009b";"Sidebar Menu";"1";"vocabulario-lib-web";"hac.refs.design.acessivel.web.wrapper.generated.componentoptions.48.61e95c7e";"src/plugin/refs/design-acessivel-web-wrapper.generated.json:113"
"txt.0d1e96f34f82";"Skeleton Load";"1";"vocabulario-lib-web";"hac.refs.design.acessivel.web.wrapper.generated.componentoptions.49.a0cd3132";"src/plugin/refs/design-acessivel-web-wrapper.generated.json:114"
"txt.148223182ae0";"Skeleton Load / Shimmer";"1";"vocabulario-lib-mobile";"hac.refs.design.acessivel.mobile.wrapper.generated.componentoptions.49.84f19bbc";"src/plugin/refs/design-acessivel-mobile-wrapper.generated.json:64"
"txt.703c518a2397";"Slider";"1";"vocabulario-lib-mobile";"hac.refs.design.acessivel.mobile.wrapper.generated.componentoptions.50.85d3ad61";"src/plugin/refs/design-acessivel-mobile-wrapper.generated.json:65"
"txt.9ad9b64054d6";"SnapshotForArea";"1";"revisar";"hac.code.snapshotcloneintofichasection.stablekey.l2672c64.850f81e1";"src/plugin/code.js:2672"
"txt.41606c3a47f5";"Só 1 componente encontrado — marque a trilha manualmente (mínimo de 2 pontos).";"1";"mensagem-sistema";"hac.modules.swipe.path.addswipepathitemsfromlayers.showtoast.l270c15.59894fd1";"src/plugin/modules/swipe-path.js:270"
"txt.ad35136fe670";"Sobre o hac — versão, vertical responsável e desenvolvimento";"1";"acessibilidade";"hac.build.button.1.aria.label.8a422fef";"src/plugin/build.cjs:120"
"txt.6325f8c63097";"span";"1";"texto-interface";"hac.modules.core.showsnackbar.textspan.l850c43.0f85636d";"src/plugin/modules/core.js:850"
"txt.ace55f5d31e2";"SpecA11y";"1";"revisar";"hac.backend.onmessage.layertag.l1474c25.c842e3d5";"src/plugin/backend/onmessage.js:1474"
"txt.bfed89e80ea0";"square";"1";"vocabulario-dominio";"hac.modules.accessibility.a11y.legacy.categories.l140c158.ba4e089b";"src/plugin/modules/accessibility.js:140"
"txt.398f2957d902";"Status do Handoff de Acessibilidade desta tela, reunindo o que já foi inserido de cada etapa.";"1";"texto-interface";"hac.modules.accessibility.p.text.1.e84f2717";"src/plugin/modules/accessibility.js:4921"
"txt.69ed43bab563";"Storage save failed (possivelmente falta o plugin ID no manifest):";"1";"diagnostico-tecnico";"hac.backend.onmessage.warn.l582c20.b83da5cf";"src/plugin/backend/onmessage.js:582"
"txt.ab2c2a742cf5";"Substitui a documentação atual. Só no mesmo arquivo de origem.";"1";"texto-interface";"hac.build.span.text.8.eb3b1501";"src/plugin/build.cjs:218"
"txt.0d054fbc4715";"Subtítulo";"1";"revisar";"hac.code.appendheading.name.l4815c14.578b3387";"src/plugin/code.js:4815"
"txt.a3779ccfc4ae";"Sugerido";"1";"texto-interface";"hac.modules.accessibility.applya11ymanualmatchtopicker.textcontent.l1297c25.7ea2718b";"src/plugin/modules/accessibility.js:1297"
"txt.1ed257b49fa5";"Super DSC | Web";"1";"texto-interface";"hac.backend.platform.profiles.label.l219c73.094db497";"src/plugin/backend/platform-profiles.js:219"
"txt.063dcf21f72d";"superior";"1";"vocabulario-dominio";"hac.code.a11y.side.to.orientacao.l1292c77.3d2d086a";"src/plugin/code.js:1292"
"txt.ed4ba1e57d66";"survey-existing-documentation failed:";"1";"diagnostico-tecnico";"hac.backend.onmessage.error.l546c21.5770fdb0";"src/plugin/backend/onmessage.js:546"
"txt.7da2b15f3fd4";"Swap Preview";"1";"vocabulario-lib-mobile";"hac.refs.design.acessivel.mobile.wrapper.generated.componentoptions.53.c9817b50";"src/plugin/refs/design-acessivel-mobile-wrapper.generated.json:68"
"txt.e974602114f1";"Tab";"1";"vocabulario-lib-web";"hac.refs.design.acessivel.web.wrapper.generated.componentoptions.53.814e185d";"src/plugin/refs/design-acessivel-web-wrapper.generated.json:118"
"txt.72777b59d6cf";"tab-order-chevron-";"1";"revisar";"hac.modules.accessibility.foreach.l4183c67.87959ce6";"src/plugin/modules/accessibility.js:4183"
"txt.c3ee137d4f22";"Table";"1";"vocabulario-dominio";"hac.modules.accessibility.a11y.componente.labels.l412c10.7493a757";"src/plugin/modules/accessibility.js:412"
"txt.4dfd1db82c15";"Table / Cell";"1";"vocabulario-lib-web";"hac.refs.design.acessivel.web.wrapper.generated.componentoptions.54.01f89d40";"src/plugin/refs/design-acessivel-web-wrapper.generated.json:119"
"txt.9424fa2a062c";"Table / Header Cell";"1";"vocabulario-lib-web";"hac.refs.design.acessivel.web.wrapper.generated.componentoptions.55.c9e8aed5";"src/plugin/refs/design-acessivel-web-wrapper.generated.json:120"
"txt.296f7e339bd7";"tabOrder";"1";"texto-interface";"hac.modules.core.a11ycapturebarrenderinstructions.contentkey.l591c34.c27c1656";"src/plugin/modules/core.js:591"
"txt.72a26a3e0e42";"Tabs";"1";"vocabulario-lib-mobile";"hac.refs.design.acessivel.mobile.wrapper.generated.componentoptions.55.fe9d7cfc";"src/plugin/refs/design-acessivel-mobile-wrapper.generated.json:70"
"txt.c3d07a1813c2";"Tag inválida. Use o formato 1, 2, 1.1, 1.2...";"1";"mensagem-sistema";"hac.modules.accessibility.finisha11yspecconfirm.showtoast.l3636c17.23c7a496";"src/plugin/modules/accessibility.js:3636"
"txt.7ba2aef9729b";"Tag inválida. Use o formato A, B, A1, A1.1...";"1";"mensagem-sistema";"hac.modules.accessibility.finisha11yspecconfirm.showtoast.l3709c17.2773decb";"src/plugin/modules/accessibility.js:3709"
"txt.f9ada8d50fba";"Tamanho da interface";"1";"texto-interface";"hac.build.hac.pz.scale.label.text.1cbe9bfb";"src/plugin/build.cjs:154"
"txt.dda2356d709d";"Tela → Especificação";"1";"texto-interface";"hac.views.modals.span.text.29.747f768f";"src/plugin/views/modals.html:1529"
"txt.c657c2686d2d";"Tela mapeada para especificação";"1";"texto-interface";"hac.views.modals.label.text.13.2d821921";"src/plugin/views/modals.html:1344"
"txt.b6a22c1ff3fd";"tela original da área não encontrada";"1";"revisar";"hac.backend.onmessage.literal.l1454c54.6bc6ae9b";"src/plugin/backend/onmessage.js:1454"
"txt.a04cc253d578";"Tela reescaneada.";"1";"mensagem-sistema";"hac.modules.accessibility.handlea11ypostareadetectionresult.showtoast.l6572c15.d9bd3ba2";"src/plugin/modules/accessibility.js:6572"
"txt.1e2f2be12c33";"Telas Documentadas (";"1";"texto-interface";"hac.views.specifications.h4.text.1.4b5cd126";"src/plugin/views/specifications.html:79"
"txt.ed63f7c210eb";"Tema";"1";"texto-interface";"hac.build.hac.pz.theme.label.text.54782f0c";"src/plugin/build.cjs:162"
"txt.099460c6fd63";"Text field";"1";"vocabulario-dominio";"hac.modules.accessibility.a11y.narration.type.labels.en.l454c11.50e3044d";"src/plugin/modules/accessibility.js:454"
"txt.126b835a5091";"text-amber-600 dark:text-amber-400";"1";"revisar";"hac.modules.handoff.ficha.fichastatuscolorclass.l759c33.0b5178ea";"src/plugin/modules/handoff-ficha.js:759"
"txt.3b3f59e9ebe6";"text-green-700 dark:text-green-400";"1";"texto-interface";"hac.modules.handoff.ficha.ficharenderprojectsummary.cordotexto.l688c46.b9955884";"src/plugin/modules/handoff-ficha.js:688"
"txt.5c62a250cb7a";"text-slate-500 dark:text-dark-muted";"1";"texto-interface";"hac.modules.handoff.ficha.ficharenderprojectsummary.cordotexto.l688c85.8bbabebf";"src/plugin/modules/handoff-ficha.js:688"
"txt.3bcfe3365c3b";"text/markdown";"1";"revisar";"hac.modules.core.exporthachandoffdoc.downloadfile.l340c70.c745bd51";"src/plugin/modules/core.js:340"
"txt.785ade523ff5";"texto alternativo para imagens";"1";"vocabulario-dominio";"hac.modules.accessibility.a11y.select.to.shortname.l481c11.e85290b5";"src/plugin/modules/accessibility.js:481"
"txt.16c00449a9a3";"Timeline";"1";"vocabulario-lib-mobile";"hac.refs.design.acessivel.mobile.wrapper.generated.componentoptions.57.0e4268a2";"src/plugin/refs/design-acessivel-mobile-wrapper.generated.json:72"
"txt.b9614516e418";"Tipkit Inline";"1";"vocabulario-lib-mobile";"hac.refs.design.acessivel.mobile.wrapper.generated.componentoptions.58.ad55e1fb";"src/plugin/refs/design-acessivel-mobile-wrapper.generated.json:73"
"txt.59dee5ac46d8";"Tipkit Popover";"1";"vocabulario-lib-mobile";"hac.refs.design.acessivel.mobile.wrapper.generated.componentoptions.59.f26f80a4";"src/plugin/refs/design-acessivel-mobile-wrapper.generated.json:74"
"txt.db78ff0a8439";"Tipo";"1";"revisar";"hac.code.filla11ywebestruturafields.findinstancebypropnames.l1210.7fd5abd9";"src/plugin/code.js:1210"
"txt.3c6de1b7dd91";"Title";"1";"revisar";"hac.code.swapinstructioncategorybadges.findall.l4600c104.ac6e3887";"src/plugin/code.js:4600"
"txt.03f920e30be5";"Title Bar";"1";"vocabulario-lib-web";"hac.refs.design.acessivel.web.wrapper.generated.componentoptions.57.f307883f";"src/plugin/refs/design-acessivel-web-wrapper.generated.json:122"
"txt.0e343ae9b593";"title/large-semibold";"1";"vocabulario-dominio";"hac.code.a11y.ficha.type.scale.l3754c3.0f18de9e";"src/plugin/code.js:3754"
"txt.315763090d78";"title/small";"1";"vocabulario-dominio";"hac.code.a11y.ficha.type.scale.l3756c3.1d0f4679";"src/plugin/code.js:3756"
"txt.cf26c4cb18fb";"title/standard";"1";"vocabulario-dominio";"hac.code.a11y.ficha.type.scale.l3755c3.b697eea9";"src/plugin/code.js:3755"
"txt.ffc1a3d7225c";"Título Card";"1";"revisar";"hac.code.ensuretelatitulocard.name.l4006c17.08318010";"src/plugin/code.js:4006"
"txt.db057214ea51";"tmp-${_tabOrderTempIdSeq++}";"1";"revisar";"hac.modules.tab.order.tabordernexttempid.l151c10.c3d3d8fa";"src/plugin/modules/tab-order.js:151"
"txt.a517d81b890f";"tmp-swipe-${_swipePathTempIdSeq++}";"1";"revisar";"hac.modules.swipe.path.swipepathnexttempid.l91c10.27fc9e6c";"src/plugin/modules/swipe-path.js:91"
"txt.2d885aa81d3c";"Toast";"1";"vocabulario-lib-web";"hac.refs.design.acessivel.web.wrapper.generated.componentoptions.58.2ca55260";"src/plugin/refs/design-acessivel-web-wrapper.generated.json:123"
"txt.7ad25902324b";"Toda categoria segue os mesmos campos:";"1";"texto-interface";"hac.views.modals.p.text.57.06811554";"src/plugin/views/modals.html:1522"
"txt.3b896391ac4f";"Todas as bibliotecas do DSC";"1";"texto-interface";"hac.views.modals.p.text.36.0048f729";"src/plugin/views/modals.html:1049"
"txt.bb1a21cf1542";"Todas as especificações do lote nascem dentro desta tela.";"1";"texto-interface";"hac.views.modals.p.text.43.a1a81180";"src/plugin/views/modals.html:1348"
"txt.0e4e8b84ffea";"Todas as telas do projeto têm o checklist de acessibilidade fechado.";"1";"texto-interface";"hac.views.modals.p.text.21.b5ac0821";"src/plugin/views/modals.html:974"
"txt.6db307e09131";"Todas as telas precisam ter o checklist fechado antes de finalizar";"1";"texto-interface";"hac.modules.handoff.ficha.button.1.data.tooltip.9fe8df5a";"src/plugin/modules/handoff-ficha.js:700"
"txt.e5bd72ae4b9a";"Toolbar";"1";"vocabulario-lib-mobile";"hac.refs.design.acessivel.mobile.wrapper.generated.componentoptions.60.c303608d";"src/plugin/refs/design-acessivel-mobile-wrapper.generated.json:75"
"txt.866a6e1892a6";"Top App Bar";"1";"vocabulario-lib-mobile";"hac.refs.design.acessivel.mobile.wrapper.generated.componentoptions.62.e459ea61";"src/plugin/refs/design-acessivel-mobile-wrapper.generated.json:77"
"txt.5e1e5ee98571";"Topo";"1";"texto-interface";"hac.views.modals.span.text.10.ba041002";"src/plugin/views/modals.html:655"
"txt.5403b580b9ce";"Traga as telas para o handoff";"1";"texto-interface";"hac.views.modals.html.text.12.1914a1e6";"src/plugin/views/modals.html:888"
"txt.e56ceaf13da6";"Trilha de navegação";"1";"vocabulario-dominio";"hac.modules.accessibility.a11y.narration.type.labels.l437c15.e070e3ac";"src/plugin/modules/accessibility.js:437"
"txt.fed4a9cee270";"Trilha de Ordem de Leitura (${pointCount} ${pointCount === 1 ? 'ponto' : 'pontos'})";"1";"texto-interface";"hac.modules.accessibility.span.text.2.a70da45d";"src/plugin/modules/accessibility.js:4632"
"txt.9a2fd72527ad";"Trilha de Ordem de Leitura documenta a navegação por gesto de deslizar, exclusiva do leitor de tela mobile.";"1";"texto-interface";"hac.modules.accessibility.p.text.2.c1ddf226";"src/plugin/modules/accessibility.js:4580"
"txt.c51e3fc619d6";"Trilha de swipe atualizada.";"1";"mensagem-sistema";"hac.modules.swipe.path.handleswipepathcreated.showtoast.l761c48.0a61845c";"src/plugin/modules/swipe-path.js:761"
"txt.d3b2fdfb30dc";"Trilha de swipe criada.";"1";"mensagem-sistema";"hac.modules.swipe.path.handleswipepathcreated.showtoast.l761c80.859176b9";"src/plugin/modules/swipe-path.js:761"
"txt.b38aca7dfaea";"Trocar";"1";"texto-interface";"hac.views.modals.button.text.12.2a7884a5";"src/plugin/views/modals.html:1664"
"txt.8583c141f6ff";"Trocar plataforma";"1";"texto-interface";"hac.modules.accessibility.confirmbacktohome.opena11yconfirmmodal.l6010c19.32b3d7b2";"src/plugin/modules/accessibility.js:6010"
"txt.0fa6152aceae";"Um ícone ao lado de um texto que já explica a mesma coisa (ex.: ícone de lixeira ao lado do texto ""Excluir"") é";"1";"texto-interface";"hac.views.modals.p.text.58.2b7635ea";"src/plugin/views/modals.html:1545"
"txt.99bb50a521eb";"Uma imagem que só ilustra/decora a tela (banner, ilustração de fundo) é";"1";"texto-interface";"hac.views.modals.p.text.59.26fd011a";"src/plugin/views/modals.html:1546"
"txt.d5d4cd07616a";"undefined";"1";"texto-interface";"hac.modules.tab.order.rendera11yinstructioncontent.content.l214c58.7e02d738";"src/plugin/modules/tab-order.js:214"
"txt.ff3aed41887d";"undoc-chevron-";"1";"revisar";"hac.modules.accessibility.foreach.l4184c45.50742095";"src/plugin/modules/accessibility.js:4184"
"txt.471e5451c9f0";"Unnamed element";"1";"revisar";"hac.modules.tab.order.tabordernarrationphrase.name.l1586c71.9e9ff2f2";"src/plugin/modules/tab-order.js:1586"
"txt.3f6ecd288d15";"Utilizado para estruturar os cabeçalhos da interface (H1-H6) logicamente. O H1 é o título principal (único por página), seguido por H2, H3 e assim por diante. Essa ordem permite que usuários de leitores de tela entendam o sumário do conteúdo.";"1";"texto-interface";"hac.views.modals.p.text.50.b355b294";"src/plugin/views/modals.html:1478"
"txt.ba09734d0e98";"Utilizado para estruturar os cabeçalhos da interface, permitindo que o leitor de tela navegue diretamente entre os tópicos que foram definidos como títulos de conteúdo.";"1";"texto-interface";"hac.views.modals.p.text.51.6bcb03c6";"src/plugin/views/modals.html:1479"
"txt.7758a88b390c";"Utilizado para marcar elementos semânticos que estruturam o ""esqueleto"" de uma página, indicando as seções de conteúdo e para que servem, exemplos: <header>, <main>, <footer>, etc.";"1";"texto-interface";"hac.views.modals.p.text.49.02fa6dbf";"src/plugin/views/modals.html:1467"
"txt.641a44ee558a";"Utilizado para marcar os elementos que devem ser ignorados pelo leitor de tela, como por exemplo imagens que não passam conteúdo ou função, formas abstratas, divisores ou ícones decorativos.";"1";"texto-interface";"hac.views.modals.p.text.56.e2c63eeb";"src/plugin/views/modals.html:1496"
"txt.c827d57fb67b";"Utilizado para referenciar componentes no DSC Super App, garantir nome acessível aos elementos e descrever textos alternativos nas imagens.";"1";"texto-interface";"hac.views.modals.p.text.54.a6123d04";"src/plugin/views/modals.html:1488"
"txt.6354a66fe035";"Utilizado para referenciar componentes no Super DSC Web, garantir nome acessível aos elementos e descrever textos alternativos nas imagens.";"1";"texto-interface";"hac.views.modals.p.text.53.5c5ee713";"src/plugin/views/modals.html:1487"
"txt.d808f241cd1b";"v(\d+)$";"1";"revisar";"hac.code.match.l1517c104.89aaddb4";"src/plugin/code.js:1517"
"txt.78cc85cc3f52";"Vá até a página onde estão as telas que você quer documentar.";"1";"texto-interface";"hac.views.modals.li.text.4.3aef44a1";"src/plugin/views/modals.html:905"
"txt.e6bd0d144691";"Vá em";"1";"texto-interface";"hac.views.modals.li.text.2.2f0b7e9c";"src/plugin/views/modals.html:824"
"txt.f729581c6d59";"Value Section";"1";"vocabulario-lib-mobile";"hac.refs.design.acessivel.mobile.wrapper.generated.componentoptions.63.5d0da999";"src/plugin/refs/design-acessivel-mobile-wrapper.generated.json:78"
"txt.e50027acb691";"Variante (mobile)";"1";"texto-interface";"hac.views.modals.p.text.4.65c3f3b7";"src/plugin/views/modals.html:383"
"txt.131f2d379004";"Varrendo elementos interativos da tela…";"1";"revisar";"hac.modules.tab.order.confirmgeneratetaborderfromlayers.ensurea11yprojectorigi.41b28591";"src/plugin/modules/tab-order.js:1247"
"txt.e31caea10583";"Varrendo todos os componentes da tela…";"1";"revisar";"hac.modules.swipe.path.confirmgenerateswipepathfromlayers.ensurea11yprojectorig.a7ef8d9e";"src/plugin/modules/swipe-path.js:238"
"txt.5a38a89d35ce";"Ver passo a passo do template oficial${richContent.stepsHeading ? `: ${richContent.stepsHeading}` : ''}";"1";"texto-interface";"hac.modules.onboarding.html.text.1.f774a560";"src/plugin/modules/onboarding.js:207"
"txt.cfa33587adc3";"Verificar";"1";"texto-interface";"hac.modules.accessibility.html.text.3.9f6fd27a";"src/plugin/modules/accessibility.js:4097"
"txt.b721675ebeb7";"Verificar especificação, precisa de revisão";"1";"acessibilidade";"hac.modules.accessibility.button.1.aria.label.97d2de13";"src/plugin/modules/accessibility.js:4094"
"txt.c0fd4beaf49f";"Versão";"1";"texto-interface";"hac.views.modals.dt.text.1.28b8b6a3";"src/plugin/views/modals.html:1651"
"txt.3e9e4e61f091";"Vertical de Acessibilidade";"1";"texto-interface";"hac.views.modals.strong.text.8.9d0aa6b3";"src/plugin/views/modals.html:1003"
"txt.81e7886018e4";"Vertical responsável";"1";"texto-interface";"hac.views.modals.dt.text.2.9a252eb3";"src/plugin/views/modals.html:1655"
"txt.c474d42d9838";"view-home";"1";"texto-interface";"hac.modules.accessibility.opena11yconfirmmodal.l6014c52.6e9fc357";"src/plugin/modules/accessibility.js:6014"
"txt.3cfe63338f14";"Voltar para a lista de telas";"1";"acessibilidade";"hac.views.specifications.button.6.aria.label.e100a653";"src/plugin/views/specifications.html:150"
"txt.99fe52168ad5";"Voltar para a página inicial";"1";"acessibilidade";"hac.views.specifications.button.1.aria.label.9c3934e8";"src/plugin/views/specifications.html:21"
"txt.b343eecba82d";"Voltar para a página inicial abre novamente a escolha entre Web e Mobile. O trabalho já documentado neste arquivo é mantido.";"1";"texto-interface";"hac.modules.accessibility.confirmbacktohome.opena11yconfirmmodal.l6009c11.d7f60045";"src/plugin/modules/accessibility.js:6009"
"txt.3ec88af82a48";"Volte para a página do handoff e cole com";"1";"texto-interface";"hac.views.modals.li.text.6.0c6112cc";"src/plugin/views/modals.html:907"
"txt.06f4312db592";"Wheel Picker";"1";"vocabulario-lib-mobile";"hac.refs.design.acessivel.mobile.wrapper.generated.componentoptions.64.d82e5d4b";"src/plugin/refs/design-acessivel-mobile-wrapper.generated.json:79"
"txt.9a9933c7148d";"xmlns=""http://www.w3.org/2000/svg"" aria-hidden=""true"" focusable=""false"">";"1";"revisar";"hac.modules.accessibility.rendera11ycategorybadgesvg.l276c5.c967e369";"src/plugin/modules/accessibility.js:276"
