"field_id";"canonical_id";"text";"proposed_text";"classification";"kind";"context";"source_file";"source_line";"source_column";"locator";"editable";"generated";"review_status";"notes"
"hac.backend.dsc.matching.a11y.interactive.shortnames.l252c3.1167073e";"txt.7b7fcc78d6cd";"button";"";"vocabulario-dominio";"javascript-string";"A11Y_INTERACTIVE_SHORTNAMES";"src/plugin/backend/dsc-matching.js";"252";"4";"A11Y_INTERACTIVE_SHORTNAMES.l252c3";"yes";"no";"not-reviewed";""
"hac.backend.dsc.matching.a11y.interactive.shortnames.l252c13.bbe2bb16";"txt.57018890029a";"checkbox";"";"vocabulario-dominio";"javascript-string";"A11Y_INTERACTIVE_SHORTNAMES";"src/plugin/backend/dsc-matching.js";"252";"14";"A11Y_INTERACTIVE_SHORTNAMES.l252c13";"yes";"no";"not-reviewed";""
"hac.backend.dsc.matching.a11y.interactive.shortnames.l252c25.1599c297";"txt.ce6bdd437106";"radio button";"";"vocabulario-dominio";"javascript-string";"A11Y_INTERACTIVE_SHORTNAMES";"src/plugin/backend/dsc-matching.js";"252";"26";"A11Y_INTERACTIVE_SHORTNAMES.l252c25";"yes";"no";"not-reviewed";""
"hac.backend.dsc.matching.a11y.interactive.shortnames.l252c41.1cfcede1";"txt.01ba7992f85d";"switch";"";"vocabulario-dominio";"javascript-string";"A11Y_INTERACTIVE_SHORTNAMES";"src/plugin/backend/dsc-matching.js";"252";"42";"A11Y_INTERACTIVE_SHORTNAMES.l252c41";"yes";"no";"not-reviewed";""
"hac.backend.dsc.matching.a11y.interactive.shortnames.l252c51.c0db7485";"txt.66b0c73b3ba6";"inputs";"";"vocabulario-dominio";"javascript-string";"A11Y_INTERACTIVE_SHORTNAMES";"src/plugin/backend/dsc-matching.js";"252";"52";"A11Y_INTERACTIVE_SHORTNAMES.l252c51";"yes";"no";"not-reviewed";""
"hac.backend.dsc.matching.a11y.interactive.shortnames.l253c3.60bcb961";"txt.31b8d545b193";"paginator";"";"vocabulario-dominio";"javascript-string";"A11Y_INTERACTIVE_SHORTNAMES";"src/plugin/backend/dsc-matching.js";"253";"4";"A11Y_INTERACTIVE_SHORTNAMES.l253c3";"yes";"no";"not-reviewed";""
"hac.backend.dsc.matching.a11y.interactive.shortnames.l253c16.13ad9710";"txt.52c8217c245d";"stepper";"";"vocabulario-dominio";"javascript-string";"A11Y_INTERACTIVE_SHORTNAMES";"src/plugin/backend/dsc-matching.js";"253";"17";"A11Y_INTERACTIVE_SHORTNAMES.l253c16";"yes";"no";"not-reviewed";""
"hac.backend.dsc.matching.a11y.interactive.shortnames.l253c27.b81792b6";"txt.3df042c01470";"tab group";"";"vocabulario-dominio";"javascript-string";"A11Y_INTERACTIVE_SHORTNAMES";"src/plugin/backend/dsc-matching.js";"253";"28";"A11Y_INTERACTIVE_SHORTNAMES.l253c27";"yes";"no";"not-reviewed";""
"hac.backend.dsc.matching.a11y.interactive.shortnames.l253c40.79dd15e6";"txt.d1391a0e8e22";"accordion";"";"vocabulario-dominio";"javascript-string";"A11Y_INTERACTIVE_SHORTNAMES";"src/plugin/backend/dsc-matching.js";"253";"41";"A11Y_INTERACTIVE_SHORTNAMES.l253c40";"yes";"no";"not-reviewed";""
"hac.backend.dsc.matching.a11y.interactive.shortnames.l253c53.912db9fb";"txt.6e5ce570b4af";"breadcrumb";"";"vocabulario-dominio";"javascript-string";"A11Y_INTERACTIVE_SHORTNAMES";"src/plugin/backend/dsc-matching.js";"253";"54";"A11Y_INTERACTIVE_SHORTNAMES.l253c53";"yes";"no";"not-reviewed";""
"hac.backend.dsc.matching.a11y.interactive.shortnames.l254c3.e3885f0d";"txt.9aef9ecad0c5";"listas";"";"vocabulario-dominio";"javascript-string";"A11Y_INTERACTIVE_SHORTNAMES";"src/plugin/backend/dsc-matching.js";"254";"4";"A11Y_INTERACTIVE_SHORTNAMES.l254c3";"yes";"no";"not-reviewed";""
"hac.backend.dsc.matching.a11y.interactive.shortnames.l254c13.170b98fc";"txt.4f0aa52d656a";"link";"";"vocabulario-dominio";"javascript-string";"A11Y_INTERACTIVE_SHORTNAMES";"src/plugin/backend/dsc-matching.js";"254";"14";"A11Y_INTERACTIVE_SHORTNAMES.l254c13";"yes";"no";"not-reviewed";""
"hac.backend.dsc.matching.error.l583c25.1bf3673b";"txt.371f7564c70e";"[hac] _a11yScanArea: instância sem match DSC resolvido — não deveria ser descartada silenciosamente.";"";"diagnostico-tecnico";"javascript-string";"error";"src/plugin/backend/dsc-matching.js";"583";"26";"error.l583c25";"yes";"no";"not-reviewed";""
"hac.backend.dsc.matching.extract.error.l710c21.de9b0a0f";"txt.9699e2e97451";"Erro ao escanear node:";"";"diagnostico-tecnico";"javascript-string";"_extract > error";"src/plugin/backend/dsc-matching.js";"710";"22";"_extract > error.l710c21";"yes";"no";"not-reviewed";""
"hac.backend.dsc.matching.error.l710c55.e02a8690";"txt.419800639ec8";"(type=";"";"diagnostico-tecnico";"javascript-string";"error";"src/plugin/backend/dsc-matching.js";"710";"56";"error.l710c55";"yes";"no";"not-reviewed";""
"hac.backend.dsc.matching.error.l710c75.23b45a45";"txt.c4e827148002";", id=";"";"diagnostico-tecnico";"javascript-string";"error";"src/plugin/backend/dsc-matching.js";"710";"76";"error.l710c75";"yes";"no";"not-reviewed";""
"hac.backend.onmessage.onboardingseen.l458c65.487e55e4";"txt.7f119d42becb";"hac-onboarding-seen";"";"texto-interface";"javascript-string";"onboardingSeen";"src/plugin/backend/onmessage.js";"458";"66";"onboardingSeen.l458c65";"yes";"no";"not-reviewed";""
"hac.backend.onmessage.error.l480c21.aa5e7e8c";"txt.c20d4e37d998";"Initialization error (continuing without saved state):";"";"diagnostico-tecnico";"javascript-string";"error";"src/plugin/backend/onmessage.js";"480";"22";"error.l480c21";"yes";"no";"not-reviewed";""
"hac.backend.onmessage.error.l529c21.c86b03d2";"txt.ed4ba1e57d66";"survey-existing-documentation failed:";"";"diagnostico-tecnico";"javascript-string";"error";"src/plugin/backend/onmessage.js";"529";"22";"error.l529c21";"yes";"no";"not-reviewed";""
"hac.backend.onmessage.warn.l564c20.36a63fcf";"txt.69ed43bab563";"Storage save failed (possivelmente falta o plugin ID no manifest):";"";"diagnostico-tecnico";"javascript-string";"warn";"src/plugin/backend/onmessage.js";"564";"21";"warn.l564c20";"yes";"no";"not-reviewed";""
"hac.backend.onmessage.warn.l573c20.c764666a";"txt.cc90477f1481";"Onboarding state save failed:";"";"diagnostico-tecnico";"javascript-string";"warn";"src/plugin/backend/onmessage.js";"573";"21";"warn.l573c20";"yes";"no";"not-reviewed";""
"hac.backend.onmessage.error.l596c21.822ad9a5";"txt.9649c2abc54b";"clear-cache failed:";"";"diagnostico-tecnico";"javascript-string";"error";"src/plugin/backend/onmessage.js";"596";"22";"error.l596c21";"yes";"no";"not-reviewed";""
"hac.backend.onmessage.notify.l597c20.8309396b";"txt.3a586309b53a";"Erro ao limpar cache";"";"mensagem-sistema";"javascript-string";"notify";"src/plugin/backend/onmessage.js";"597";"21";"notify.l597c20";"yes";"no";"not-reviewed";""
"hac.backend.onmessage.error.l644c21.bc067ec9";"txt.9a3394a0340f";"ensure-hac-page failed:";"";"diagnostico-tecnico";"javascript-string";"error";"src/plugin/backend/onmessage.js";"644";"22";"error.l644c21";"yes";"no";"not-reviewed";""
"hac.backend.onmessage.error.l663c21.1521ecad";"txt.ed28e6be17e9";"clear-canvas-and-cache failed:";"";"diagnostico-tecnico";"javascript-string";"error";"src/plugin/backend/onmessage.js";"663";"22";"error.l663c21";"yes";"no";"not-reviewed";""
"hac.backend.onmessage.notify.l664c20.9cd19b82";"txt.e301da989ee1";"Erro ao limpar o handoff do canvas";"";"mensagem-sistema";"javascript-string";"notify";"src/plugin/backend/onmessage.js";"664";"21";"notify.l664c20";"yes";"no";"not-reviewed";""
"hac.backend.onmessage.notify.l829c20.be8b78b6";"txt.22a478191caf";"Item excluído com sucesso";"";"mensagem-sistema";"javascript-string";"notify";"src/plugin/backend/onmessage.js";"829";"21";"notify.l829c20";"yes";"no";"not-reviewed";""
"hac.backend.onmessage.notify.l931c22.f4653f2c";"txt.64ecc9abbdf8";"Elemento não encontrado no canvas — selecione novamente.";"";"mensagem-sistema";"javascript-string";"notify";"src/plugin/backend/onmessage.js";"931";"23";"notify.l931c22";"yes";"no";"not-reviewed";""
"hac.backend.onmessage.notify.l938c22.415b0e62";"txt.5bf67520a658";"Selecione um elemento do seu design, não uma estrutura criada pelo hac.";"";"mensagem-sistema";"javascript-string";"notify";"src/plugin/backend/onmessage.js";"938";"23";"notify.l938c22";"yes";"no";"not-reviewed";""
"hac.backend.onmessage.loadfontasync.l941c49.86cac0ec";"txt.b6708d593ee2";"Inter";"";"configuracao-tecnica";"javascript-string";"loadFontAsync";"src/plugin/backend/onmessage.js";"941";"50";"loadFontAsync.l941c49";"yes";"no";"not-reviewed";""
"hac.backend.onmessage.loadfontasync.l941c65.1a04229c";"txt.c9b76ae79584";"Bold";"";"configuracao-tecnica";"javascript-string";"loadFontAsync";"src/plugin/backend/onmessage.js";"941";"66";"loadFontAsync.l941c65";"yes";"no";"not-reviewed";""
"hac.backend.onmessage.name.l961c22.28e2aad4";"txt.07d892dc8efc";"Selo de Área";"";"revisar";"javascript-string";"name";"src/plugin/backend/onmessage.js";"961";"23";"name.l961c22";"yes";"no";"not-reviewed";""
"hac.backend.onmessage.name.l996c26.c509bd3f";"txt.64c65374dbab";"Label";"";"revisar";"javascript-string";"name";"src/plugin/backend/onmessage.js";"996";"27";"name.l996c26";"yes";"no";"not-reviewed";""
"hac.backend.onmessage.family.l997c40.312a5627";"txt.b6708d593ee2";"Inter";"";"revisar";"javascript-string";"family";"src/plugin/backend/onmessage.js";"997";"41";"family.l997c40";"yes";"no";"not-reviewed";""
"hac.backend.onmessage.style.l997c56.c1ac5184";"txt.c9b76ae79584";"Bold";"";"revisar";"javascript-string";"style";"src/plugin/backend/onmessage.js";"997";"57";"style.l997c56";"yes";"no";"not-reviewed";""
"hac.backend.onmessage.name.l1032c20.5cda7851";"txt.805d74b21706";"${msg.number} · ${msg.label}";"";"revisar";"javascript-template";"name";"src/plugin/backend/onmessage.js";"1032";"21";"name.l1032c20";"no";"no";"not-reviewed";""
"hac.backend.onmessage.setplugindata.l1034c42.d87b1fe4";"txt.758908d4c222";"a11y";"";"revisar";"javascript-string";"setPluginData";"src/plugin/backend/onmessage.js";"1034";"43";"setPluginData.l1034c42";"yes";"no";"not-reviewed";""
"hac.backend.onmessage.notify.l1069c11.194bb5b8";"txt.e7b678eb1edb";"Área marcada.";"";"mensagem-sistema";"javascript-string";"notify";"src/plugin/backend/onmessage.js";"1069";"12";"notify.l1069c11";"yes";"no";"not-reviewed";""
"hac.backend.onmessage.notify.l1070c11.2eb09ef2";"txt.986ef4d5db09";"Área marcada — não foi possível usar o selo real da lib ""Design Acessível"" (modo simplificado).";"";"mensagem-sistema";"javascript-string";"notify";"src/plugin/backend/onmessage.js";"1070";"12";"notify.l1070c11";"yes";"no";"not-reviewed";""
"hac.backend.onmessage.postmessage.l1101c102.1ff36356";"txt.4b6c7519598d";"O selo desta área não foi encontrado no canvas — pode ter sido apagado ou movido.";"";"revisar";"javascript-string";"postMessage";"src/plugin/backend/onmessage.js";"1101";"103";"postMessage.l1101c102";"yes";"no";"not-reviewed";""
"hac.backend.onmessage.postmessage.l1105c102.5c03870a";"txt.1e55d7164196";"O elemento desta área não existe mais no canvas.";"";"revisar";"javascript-string";"postMessage";"src/plugin/backend/onmessage.js";"1105";"103";"postMessage.l1105c102";"yes";"no";"not-reviewed";""
"hac.backend.onmessage.loadfontasync.l1108c49.02a0ca9b";"txt.b6708d593ee2";"Inter";"";"configuracao-tecnica";"javascript-string";"loadFontAsync";"src/plugin/backend/onmessage.js";"1108";"50";"loadFontAsync.l1108c49";"yes";"no";"not-reviewed";""
"hac.backend.onmessage.loadfontasync.l1108c65.22f0cfe4";"txt.c9b76ae79584";"Bold";"";"configuracao-tecnica";"javascript-string";"loadFontAsync";"src/plugin/backend/onmessage.js";"1108";"66";"loadFontAsync.l1108c65";"yes";"no";"not-reviewed";""
"hac.backend.onmessage.error.l1162c25.4e018803";"txt.0ee2a5432eba";"[hac] update-a11y-area-conector: falha ao trocar componente da instância.";"";"diagnostico-tecnico";"javascript-string";"error";"src/plugin/backend/onmessage.js";"1162";"26";"error.l1162c25";"yes";"no";"not-reviewed";""
"hac.backend.onmessage.postmessage.l1163c104.d2b08407";"txt.db7a53cbb97d";"Não foi possível importar o selo real da lib ""Design Acessível"" para a nova direção.";"";"revisar";"javascript-string";"postMessage";"src/plugin/backend/onmessage.js";"1163";"105";"postMessage.l1163c104";"yes";"no";"not-reviewed";""
"hac.backend.onmessage.name.l1188c24.e251af96";"txt.07d892dc8efc";"Selo de Área";"";"revisar";"javascript-string";"name";"src/plugin/backend/onmessage.js";"1188";"25";"name.l1188c24";"yes";"no";"not-reviewed";""
"hac.backend.onmessage.name.l1201c28.4d8c95bb";"txt.64c65374dbab";"Label";"";"revisar";"javascript-string";"name";"src/plugin/backend/onmessage.js";"1201";"29";"name.l1201c28";"yes";"no";"not-reviewed";""
"hac.backend.onmessage.family.l1202c42.62e17acb";"txt.b6708d593ee2";"Inter";"";"revisar";"javascript-string";"family";"src/plugin/backend/onmessage.js";"1202";"43";"family.l1202c42";"yes";"no";"not-reviewed";""
"hac.backend.onmessage.style.l1202c58.2c12e76c";"txt.c9b76ae79584";"Bold";"";"revisar";"javascript-string";"style";"src/plugin/backend/onmessage.js";"1202";"59";"style.l1202c58";"yes";"no";"not-reviewed";""
"hac.backend.onmessage.notify.l1230c11.bc95cf2d";"txt.362c93d91536";"Conector atualizado.";"";"mensagem-sistema";"javascript-string";"notify";"src/plugin/backend/onmessage.js";"1230";"12";"notify.l1230c11";"yes";"no";"not-reviewed";""
"hac.backend.onmessage.notify.l1231c11.f7b14942";"txt.c81a3befb704";"Conector atualizado — não foi possível usar o selo real da lib ""Design Acessível"" (modo simplificado).";"";"mensagem-sistema";"javascript-string";"notify";"src/plugin/backend/onmessage.js";"1231";"12";"notify.l1231c11";"yes";"no";"not-reviewed";""
"hac.backend.onmessage.postmessage.l1259c18.017a2bac";"txt.8dc1bc651d7f";"Nenhum item selecionado. Selecione a Área Marcada no canvas para escanear.";"";"texto-interface";"javascript-string";"postMessage";"src/plugin/backend/onmessage.js";"1259";"19";"postMessage.l1259c18";"yes";"no";"not-reviewed";""
"hac.backend.onmessage.notify.l1304c24.fb8c1eb9";"txt.49bfb53c31dd";"Selecione um elemento no canvas.";"";"mensagem-sistema";"javascript-string";"notify";"src/plugin/backend/onmessage.js";"1304";"25";"notify.l1304c24";"yes";"no";"not-reviewed";""
"hac.backend.onmessage.error.l1351c29.ffcfed13";"txt.0d9782e5a20f";"[hac] create-unified-spec: node não encontrado no clone da área — desenhando sobre o original.";"";"diagnostico-tecnico";"javascript-string";"error";"src/plugin/backend/onmessage.js";"1351";"30";"error.l1351c29";"yes";"no";"not-reviewed";""
"hac.backend.onmessage.error.l1365c25.90d4159f";"txt.2f7a31138adc";"[hac] create-unified-spec: falha ao resolver/criar o clone da área — desenhando sobre o original.";"";"diagnostico-tecnico";"javascript-string";"error";"src/plugin/backend/onmessage.js";"1365";"26";"error.l1365c25";"yes";"no";"not-reviewed";""
"hac.backend.onmessage.layertag.l1373c25.9945bc4f";"txt.ace55f5d31e2";"SpecA11y";"";"revisar";"javascript-string";"_layerTag";"src/plugin/backend/onmessage.js";"1373";"26";"_layerTag.l1373c25";"yes";"no";"not-reviewed";""
"hac.backend.onmessage.name.l1379c25.88b3d5fd";"txt.f0740f301bde";"Spec Notes";"";"revisar";"javascript-string";"name";"src/plugin/backend/onmessage.js";"1379";"26";"name.l1379c25";"yes";"no";"not-reviewed";""
"hac.backend.onmessage.a11y.warned.fallbacks.l1402c19.c7458c9f";"txt.1907b654f7c1";"a11y-elemento-componente-fora-da-base";"";"vocabulario-dominio";"javascript-string";"_A11Y_WARNED_FALLBACKS";"src/plugin/backend/onmessage.js";"1402";"20";"_A11Y_WARNED_FALLBACKS.l1402c19";"yes";"no";"not-reviewed";""
"hac.backend.onmessage.a11y.warned.fallbacks.l1403c32.18b5d2e3";"txt.2154781f23da";"O componente """;"";"vocabulario-dominio";"javascript-string";"_A11Y_WARNED_FALLBACKS";"src/plugin/backend/onmessage.js";"1403";"33";"_A11Y_WARNED_FALLBACKS.l1403c32";"yes";"no";"not-reviewed";""
"hac.backend.onmessage.a11y.warned.fallbacks.l1403c60.1b6e3797";"txt.1436e7890a5c";""" não consta na base de acessibilidade. A especificação foi criada como card genérico.";"";"vocabulario-dominio";"javascript-string";"_A11Y_WARNED_FALLBACKS";"src/plugin/backend/onmessage.js";"1403";"61";"_A11Y_WARNED_FALLBACKS.l1403c60";"yes";"no";"not-reviewed";""
"hac.backend.onmessage.a11y.warned.fallbacks.l1406c19.34dc370f";"txt.05f1edbd7889";"a11y-estrutura-sem-variante-na-base";"";"vocabulario-dominio";"javascript-string";"_A11Y_WARNED_FALLBACKS";"src/plugin/backend/onmessage.js";"1406";"20";"_A11Y_WARNED_FALLBACKS.l1406c19";"yes";"no";"not-reviewed";""
"hac.backend.onmessage.a11y.warned.fallbacks.l1407c26.95ab5847";"txt.875f85385fd1";"Essa variação de Estrutura da Página não existe na base de acessibilidade. A especificação foi criada como card genérico.";"";"vocabulario-dominio";"javascript-string";"_A11Y_WARNED_FALLBACKS";"src/plugin/backend/onmessage.js";"1407";"27";"_A11Y_WARNED_FALLBACKS.l1407c26";"yes";"no";"not-reviewed";""
"hac.backend.onmessage.a11y.warned.fallbacks.l1410c19.d04c5759";"txt.f81609fd9fd9";"a11y-web-set-falhou";"";"vocabulario-dominio";"javascript-string";"_A11Y_WARNED_FALLBACKS";"src/plugin/backend/onmessage.js";"1410";"20";"_A11Y_WARNED_FALLBACKS.l1410c19";"yes";"no";"not-reviewed";""
"hac.backend.onmessage.a11y.warned.fallbacks.l1411c26.8daa97c8";"txt.edb1ad029e68";"A base de acessibilidade mudou e o card não pôde ser preenchido com segurança. A especificação foi criada como card genérico.";"";"vocabulario-dominio";"javascript-string";"_A11Y_WARNED_FALLBACKS";"src/plugin/backend/onmessage.js";"1411";"27";"_A11Y_WARNED_FALLBACKS.l1411c26";"yes";"no";"not-reviewed";""
"hac.backend.onmessage.notify.l1418c22.bf3e8a1d";"txt.ce006fe5658c";"Não foi possível criar a especificação de acessibilidade. (";"";"mensagem-sistema";"javascript-string";"notify";"src/plugin/backend/onmessage.js";"1418";"23";"notify.l1418c22";"yes";"no";"not-reviewed";""
"hac.backend.onmessage.error.l1425c23.4e06d907";"txt.f3789232dbc0";"[hac] create-unified-spec: fallback para card genérico —";"";"diagnostico-tecnico";"javascript-string";"error";"src/plugin/backend/onmessage.js";"1425";"24";"error.l1425c23";"yes";"no";"not-reviewed";""
"hac.backend.onmessage.name.l1431c25.c503de49";"txt.f0740f301bde";"Spec Notes";"";"revisar";"javascript-string";"name";"src/plugin/backend/onmessage.js";"1431";"26";"name.l1431c25";"yes";"no";"not-reviewed";""
"hac.backend.onmessage.name.l1453c26.fdf7f95b";"txt.5e9b60f69165";"Tag";"";"revisar";"javascript-string";"name";"src/plugin/backend/onmessage.js";"1453";"27";"name.l1453c26";"yes";"no";"not-reviewed";""
"hac.backend.onmessage.applyfichatypography.l1470c46.2849ea3f";"txt.315763090d78";"title/small";"";"revisar";"javascript-string";"_applyFichaTypography";"src/plugin/backend/onmessage.js";"1470";"47";"_applyFichaTypography.l1470c46";"yes";"no";"not-reviewed";""
"hac.backend.onmessage.applyfichatypography.l1482c44.18dc6eff";"txt.f4175b9050f0";"label/tiny";"";"revisar";"javascript-string";"_applyFichaTypography";"src/plugin/backend/onmessage.js";"1482";"45";"_applyFichaTypography.l1482c44";"yes";"no";"not-reviewed";""
"hac.backend.onmessage.name.l1489c23.2b92cf34";"txt.14774d6aa548";"Categoria/${opts.categoryLabel}";"";"revisar";"javascript-template";"name";"src/plugin/backend/onmessage.js";"1489";"24";"name.l1489c23";"no";"no";"not-reviewed";""
"hac.backend.onmessage.applyfichatypography.l1503c49.cf5c8d19";"txt.f4175b9050f0";"label/tiny";"";"revisar";"javascript-string";"_applyFichaTypography";"src/plugin/backend/onmessage.js";"1503";"50";"_applyFichaTypography.l1503c49";"yes";"no";"not-reviewed";""
"hac.backend.onmessage.applyfichatypography.l1517c45.44e6cead";"txt.f4175b9050f0";"label/tiny";"";"revisar";"javascript-string";"_applyFichaTypography";"src/plugin/backend/onmessage.js";"1517";"46";"_applyFichaTypography.l1517c45";"yes";"no";"not-reviewed";""
"hac.backend.onmessage.name.l1529c29.08a97bcf";"txt.159f6473ed0a";"Propriedades";"";"revisar";"javascript-string";"name";"src/plugin/backend/onmessage.js";"1529";"30";"name.l1529c29";"yes";"no";"not-reviewed";""
"hac.backend.onmessage.name.l1536c24.08d04081";"txt.1b09d27e817e";"Prop/${p.label}";"";"revisar";"javascript-template";"name";"src/plugin/backend/onmessage.js";"1536";"25";"name.l1536c24";"no";"no";"not-reviewed";""
"hac.backend.onmessage.applyfichatypography.l1551c49.e4bb4330";"txt.f4175b9050f0";"label/tiny";"";"revisar";"javascript-string";"_applyFichaTypography";"src/plugin/backend/onmessage.js";"1551";"50";"_applyFichaTypography.l1551c49";"yes";"no";"not-reviewed";""
"hac.backend.onmessage.applyfichatypography.l1560c47.e7a3b147";"txt.f4175b9050f0";"label/tiny";"";"revisar";"javascript-string";"_applyFichaTypography";"src/plugin/backend/onmessage.js";"1560";"48";"_applyFichaTypography.l1560c47";"yes";"no";"not-reviewed";""
"hac.backend.onmessage.applyfichatypography.l1590c48.aec36bc9";"txt.f4175b9050f0";"label/tiny";"";"revisar";"javascript-string";"_applyFichaTypography";"src/plugin/backend/onmessage.js";"1590";"49";"_applyFichaTypography.l1590c48";"yes";"no";"not-reviewed";""
"hac.backend.onmessage.foreach.l1783c71.810bdb1f";"txt.f1e32b29fc53";"\| ([A-Z]\d*(?:\.\d+)*) \| ([a-z]+)\]";"";"revisar";"javascript-string";"forEach";"src/plugin/backend/onmessage.js";"1783";"72";"forEach.l1783c71";"yes";"no";"not-reviewed";""
"hac.backend.onmessage.find.l1786c110.163b95e7";"txt.f0740f301bde";"Spec Notes";"";"revisar";"javascript-string";"find";"src/plugin/backend/onmessage.js";"1786";"111";"find.l1786c110";"yes";"no";"not-reviewed";""
"hac.backend.onmessage.areacolkey.l1802c47.38d16c05";"txt.d1c3e59933ca";"${opts.a11yAreaId}::${opts.a11yType}";"";"revisar";"javascript-template";"_areaColKey";"src/plugin/backend/onmessage.js";"1802";"48";"_areaColKey.l1802c47";"no";"no";"not-reviewed";""
"hac.backend.onmessage.find.l1809c151.98774885";"txt.f0740f301bde";"Spec Notes";"";"revisar";"javascript-string";"find";"src/plugin/backend/onmessage.js";"1809";"152";"find.l1809c151";"yes";"no";"not-reviewed";""
"hac.backend.onmessage.find.l1859c151.24ac4d0c";"txt.f0740f301bde";"Spec Notes";"";"revisar";"javascript-string";"find";"src/plugin/backend/onmessage.js";"1859";"152";"find.l1859c151";"yes";"no";"not-reviewed";""
"hac.backend.onmessage.find.l2112c123.1650a587";"txt.f0740f301bde";"Spec Notes";"";"revisar";"javascript-string";"find";"src/plugin/backend/onmessage.js";"2112";"124";"find.l2112c123";"yes";"no";"not-reviewed";""
"hac.backend.onmessage.name.l2202c28.3ca3ad04";"txt.ff7fa156a05c";"Conector";"";"revisar";"javascript-string";"name";"src/plugin/backend/onmessage.js";"2202";"29";"name.l2202c28";"yes";"no";"not-reviewed";""
"hac.backend.onmessage.data.l2203c68.55a381f6";"txt.bc28313a8b73";"M ${startPt.x} ${startPt.y} L ${endPt.x} ${endPt.y}";"";"revisar";"javascript-template";"data";"src/plugin/backend/onmessage.js";"2203";"69";"data.l2203c68";"no";"no";"not-reviewed";""
"hac.backend.onmessage.name.l2213c27.bb5a22b1";"txt.3e0cb587c928";"DotInicio";"";"revisar";"javascript-string";"name";"src/plugin/backend/onmessage.js";"2213";"28";"name.l2213c27";"yes";"no";"not-reviewed";""
"hac.backend.onmessage.name.l2223c25.7170fb8f";"txt.17663f3a8563";"DotFim";"";"revisar";"javascript-string";"name";"src/plugin/backend/onmessage.js";"2223";"26";"name.l2223c25";"yes";"no";"not-reviewed";""
"hac.backend.onmessage.name.l2244c24.806676fe";"txt.4080c94b1b15";"[${_layerTag} | ${opts.letter} | ${_specSide}] ${node.name}";"";"revisar";"javascript-template";"name";"src/plugin/backend/onmessage.js";"2244";"25";"name.l2244c24";"no";"no";"not-reviewed";""
"hac.backend.onmessage.setplugindata.l2249c46.cd829509";"txt.758908d4c222";"a11y";"";"revisar";"javascript-string";"setPluginData";"src/plugin/backend/onmessage.js";"2249";"47";"setPluginData.l2249c46";"yes";"no";"not-reviewed";""
"hac.backend.onmessage.getorcreatecloneoverlaygroup.l2286c106.97fa65c5";"txt.d1d6dc5c7bf1";"[Specs de Leitor de Tela]";"";"revisar";"javascript-string";"_getOrCreateCloneOverlayGroup";"src/plugin/backend/onmessage.js";"2286";"107";"_getOrCreateCloneOverlayGroup.l2286c106";"yes";"no";"not-reviewed";""
"hac.backend.onmessage.ensurecloneworkframe.l2289c73.f7c97ca4";"txt.0c4ec162d906";"Réplica de Trabalho — Leitor de Tela";"";"revisar";"javascript-string";"_ensureCloneWorkFrame";"src/plugin/backend/onmessage.js";"2289";"74";"_ensureCloneWorkFrame.l2289c73";"yes";"no";"not-reviewed";""
"hac.backend.onmessage.error.l2291c25.71946c3d";"txt.70d5beb1653b";"[hac] create-unified-spec: reparenting pro grupo overlay falhou, caindo pra Section de sessão.";"";"diagnostico-tecnico";"javascript-string";"error";"src/plugin/backend/onmessage.js";"2291";"26";"error.l2291c25";"yes";"no";"not-reviewed";""
"hac.backend.onmessage.notify.l2303c24.41dbc80d";"txt.d18887b9ba08";"A spec não pôde ser encaixada na réplica desta tela e ficou solta na Section — reabra a tela no plugin e crie a spec de novo.";"";"mensagem-sistema";"javascript-string";"notify";"src/plugin/backend/onmessage.js";"2303";"25";"notify.l2303c24";"yes";"no";"not-reviewed";""
"hac.backend.onmessage.error.l2336c25.6d2544ec";"txt.ea8ef23f8fb7";"[hac] create-unified-spec: falha ao reajustar o tamanho do bloco/Documentação após novo card.";"";"diagnostico-tecnico";"javascript-string";"error";"src/plugin/backend/onmessage.js";"2336";"26";"error.l2336c25";"yes";"no";"not-reviewed";""
"hac.backend.onmessage.postmessage.l2355c39.f7c50f46";"txt.c70be135e62c";"Sem categoria";"";"revisar";"javascript-string";"postMessage";"src/plugin/backend/onmessage.js";"2355";"40";"postMessage.l2355c39";"yes";"no";"not-reviewed";""
"hac.backend.onmessage.notify.l2380c22.86ba7745";"txt.17dd115f7ec7";"Especificação criada sem o marcador visual (contorno/conector) — não foi possível importá-lo (${_markerImportFailReason}). Revise o destaque manualmente.";"";"mensagem-sistema";"javascript-template";"notify";"src/plugin/backend/onmessage.js";"2380";"23";"notify.l2380c22";"no";"no";"not-reviewed";""
"hac.backend.onmessage.notify.l2382c47.037a9438";"txt.658ac050cc39";"Arraste para posicionar.";"";"mensagem-sistema";"javascript-string";"notify";"src/plugin/backend/onmessage.js";"2382";"48";"notify.l2382c47";"yes";"no";"not-reviewed";""
"hac.backend.onmessage.notify.l2384c22.d132ee0e";"txt.f31dd83c8b83";"Especificação de acessibilidade criada.";"";"mensagem-sistema";"javascript-string";"notify";"src/plugin/backend/onmessage.js";"2384";"23";"notify.l2384c22";"yes";"no";"not-reviewed";""
"hac.backend.onmessage.error.l2395c21.324e79be";"txt.874cf9eea542";"[hac] create-unified-spec: falhou.";"";"diagnostico-tecnico";"javascript-string";"error";"src/plugin/backend/onmessage.js";"2395";"22";"error.l2395c21";"yes";"no";"not-reviewed";""
"hac.backend.onmessage.notify.l2396c20.2a736cf0";"txt.2f90338e91e4";"Não foi possível criar a especificação: ${(e && e.message) || 'erro desconhecido'}";"";"mensagem-sistema";"javascript-template";"notify";"src/plugin/backend/onmessage.js";"2396";"21";"notify.l2396c20";"no";"no";"not-reviewed";""
"hac.backend.onmessage.notify.l2449c22.63ee6600";"txt.22469d6a9547";"Tela não encontrada no canvas — selecione novamente.";"";"mensagem-sistema";"javascript-string";"notify";"src/plugin/backend/onmessage.js";"2449";"23";"notify.l2449c22";"yes";"no";"not-reviewed";""
"hac.backend.onmessage.notify.l2454c22.7330ef0d";"txt.d8cd6d6ab93c";"Este elemento não pode ser copiado — selecione a tela sobre um frame/grupo.";"";"mensagem-sistema";"javascript-string";"notify";"src/plugin/backend/onmessage.js";"2454";"23";"notify.l2454c22";"yes";"no";"not-reviewed";""
"hac.backend.onmessage.createtaborderbadge.setproperties.l2574c29.4ed77a72";"txt.9ce3bf3db192";"número#5265:3";"";"revisar";"javascript-string";"_createTabOrderBadge > setProperties";"src/plugin/backend/onmessage.js";"2574";"30";"_createTabOrderBadge > setProperties.l2574c29";"yes";"no";"not-reviewed";""
"hac.backend.onmessage.createtaborderbadge.error.l2582c21.d880e8af";"txt.1c0b3676de64";"[hac] _createTabOrderBadge: falha ao importar selo real, usando fallback procedural.";"";"diagnostico-tecnico";"javascript-string";"_createTabOrderBadge > error";"src/plugin/backend/onmessage.js";"2582";"22";"_createTabOrderBadge > error.l2582c21";"yes";"no";"not-reviewed";""
"hac.backend.onmessage.createtaborderbadge.notify.l2588c26.3bc9e8bb";"txt.22338945423c";"Não foi possível importar o selo real da lib ""Design Acessível"" — um marcador provisório foi desenhado no lugar dele.";"";"mensagem-sistema";"javascript-string";"_createTabOrderBadge > notify";"src/plugin/backend/onmessage.js";"2588";"27";"_createTabOrderBadge > notify.l2588c26";"yes";"no";"not-reviewed";""
"hac.backend.onmessage.createtaborderbadge.name.l2591c20.113fe924";"txt.1b8724c52f45";"Selo de Ordem de Tabulação";"";"revisar";"javascript-string";"_createTabOrderBadge > name";"src/plugin/backend/onmessage.js";"2591";"21";"_createTabOrderBadge > name.l2591c20";"yes";"no";"not-reviewed";""
"hac.backend.onmessage.createtaborderbadge.name.l2619c24.cb9bd313";"txt.413b54cff6a8";"Número";"";"revisar";"javascript-string";"_createTabOrderBadge > name";"src/plugin/backend/onmessage.js";"2619";"25";"_createTabOrderBadge > name.l2619c24";"yes";"no";"not-reviewed";""
"hac.backend.onmessage.family.l2627c40.7d276509";"txt.b6708d593ee2";"Inter";"";"revisar";"javascript-string";"family";"src/plugin/backend/onmessage.js";"2627";"41";"family.l2627c40";"yes";"no";"not-reviewed";""
"hac.backend.onmessage.style.l2627c56.c3bd3322";"txt.c9b76ae79584";"Bold";"";"revisar";"javascript-string";"style";"src/plugin/backend/onmessage.js";"2627";"57";"style.l2627c56";"yes";"no";"not-reviewed";""
"hac.backend.onmessage.createtaborderbadge.error.l2629c23.151c5118";"txt.114702bc3b22";"[hac] _createTabOrderBadge: fonte Inter Bold indisponível, tentando carregar novamente.";"";"diagnostico-tecnico";"javascript-string";"_createTabOrderBadge > error";"src/plugin/backend/onmessage.js";"2629";"24";"_createTabOrderBadge > error.l2629c23";"yes";"no";"not-reviewed";""
"hac.backend.onmessage.loadfontasync.l2630c45.23549984";"txt.b6708d593ee2";"Inter";"";"configuracao-tecnica";"javascript-string";"loadFontAsync";"src/plugin/backend/onmessage.js";"2630";"46";"loadFontAsync.l2630c45";"yes";"no";"not-reviewed";""
"hac.backend.onmessage.loadfontasync.l2630c61.806a761f";"txt.c9b76ae79584";"Bold";"";"configuracao-tecnica";"javascript-string";"loadFontAsync";"src/plugin/backend/onmessage.js";"2630";"62";"loadFontAsync.l2630c61";"yes";"no";"not-reviewed";""
"hac.backend.onmessage.family.l2631c40.f57a3538";"txt.b6708d593ee2";"Inter";"";"revisar";"javascript-string";"family";"src/plugin/backend/onmessage.js";"2631";"41";"family.l2631c40";"yes";"no";"not-reviewed";""
"hac.backend.onmessage.style.l2631c56.7427dd77";"txt.c9b76ae79584";"Bold";"";"revisar";"javascript-string";"style";"src/plugin/backend/onmessage.js";"2631";"57";"style.l2631c56";"yes";"no";"not-reviewed";""
"hac.backend.onmessage.createtaborderbadge.name.l2641c18.2a836d36";"txt.02ac9172143e";"[Selo de Tabulação | ${number}] ${node.name}";"";"revisar";"javascript-template";"_createTabOrderBadge > name";"src/plugin/backend/onmessage.js";"2641";"19";"_createTabOrderBadge > name.l2641c18";"no";"no";"not-reviewed";""
"hac.backend.onmessage.createtaborderbadge.setplugindata.l2643c40.ebf42cee";"txt.758908d4c222";"a11y";"";"revisar";"javascript-string";"_createTabOrderBadge > setPluginData";"src/plugin/backend/onmessage.js";"2643";"41";"_createTabOrderBadge > setPluginData.l2643c40";"yes";"no";"not-reviewed";""
"hac.backend.onmessage.getorcreatecloneoverlaygroup.l2697c108.97e1b415";"txt.a45858ee699d";"[Selos de Tabulação]";"";"revisar";"javascript-string";"_getOrCreateCloneOverlayGroup";"src/plugin/backend/onmessage.js";"2697";"109";"_getOrCreateCloneOverlayGroup.l2697c108";"yes";"no";"not-reviewed";""
"hac.backend.onmessage.literal.l2703c27.bda80f78";"txt.111839d024ae";"o selo não entrou no grupo de selos (appendChild falhou)";"";"revisar";"javascript-string";"";"src/plugin/backend/onmessage.js";"2703";"28";"literal.l2703c27";"yes";"no";"not-reviewed";""
"hac.backend.onmessage.createtaborderbadge.ensurecloneworkframe.l2706c65.dc16624a";"txt.749cbb4f4766";"Réplica de Trabalho — Ordem de Tabulação";"";"revisar";"javascript-string";"_createTabOrderBadge > _ensureCloneWorkFrame";"src/plugin/backend/onmessage.js";"2706";"66";"_createTabOrderBadge > _ensureCloneWorkFrame.l2706c65";"yes";"no";"not-reviewed";""
"hac.backend.onmessage.createtaborderbadge.error.l2716c23.a18122f2";"txt.593af27c8eca";"[hac] _createTabOrderBadge: reparenting pro grupo de selos falhou, caindo pro Grupo da Área.";"";"diagnostico-tecnico";"javascript-string";"_createTabOrderBadge > error";"src/plugin/backend/onmessage.js";"2716";"24";"_createTabOrderBadge > error.l2716c23";"yes";"no";"not-reviewed";""
"hac.backend.onmessage.slice.l2719c63.72822d63";"txt.d7cff8e730ea";"erro desconhecido";"";"revisar";"javascript-string";"slice";"src/plugin/backend/onmessage.js";"2719";"64";"slice.l2719c63";"yes";"no";"not-reviewed";""
"hac.backend.onmessage.notify.l2720c22.11d669bc";"txt.401c51d8d96c";"Não foi possível encaixar o selo na cópia da Ordem de Tabulação (";"";"mensagem-sistema";"javascript-string";"notify";"src/plugin/backend/onmessage.js";"2720";"23";"notify.l2720c22";"yes";"no";"not-reviewed";""
"hac.backend.onmessage.notify.l2720c102.112d96a0";"txt.1c45320efc20";") — ele foi colocado direto no grupo da tela.";"";"mensagem-sistema";"javascript-string";"notify";"src/plugin/backend/onmessage.js";"2720";"103";"notify.l2720c102";"yes";"no";"not-reviewed";""
"hac.backend.onmessage.notify.l2809c24.c5c83525";"txt.22469d6a9547";"Tela não encontrada no canvas — selecione novamente.";"";"mensagem-sistema";"javascript-string";"notify";"src/plugin/backend/onmessage.js";"2809";"25";"notify.l2809c24";"yes";"no";"not-reviewed";""
"hac.backend.onmessage.notify.l2814c24.36095d6d";"txt.d8cd6d6ab93c";"Este elemento não pode ser copiado — selecione a tela sobre um frame/grupo.";"";"mensagem-sistema";"javascript-string";"notify";"src/plugin/backend/onmessage.js";"2814";"25";"notify.l2814c24";"yes";"no";"not-reviewed";""
"hac.backend.onmessage.notify.l2884c22.643053c2";"txt.458f92eeb4f0";"${items.length} elemento${items.length === 1 ? '' : 's'} encontrado${items.length === 1 ? '' : 's'} — revise no modal antes de aplicar.";"";"mensagem-sistema";"javascript-template";"notify";"src/plugin/backend/onmessage.js";"2884";"23";"notify.l2884c22";"no";"no";"not-reviewed";""
"hac.backend.onmessage.error.l2886c23.d7248854";"txt.d28c7f329549";"[hac] generate-tab-order-from-layers falhou:";"";"diagnostico-tecnico";"javascript-string";"error";"src/plugin/backend/onmessage.js";"2886";"24";"error.l2886c23";"yes";"no";"not-reviewed";""
"hac.backend.onmessage.notify.l2887c22.324884a6";"txt.b091d0be17ac";"Não foi possível varrer a tela automaticamente — tente novamente.";"";"mensagem-sistema";"javascript-string";"notify";"src/plugin/backend/onmessage.js";"2887";"23";"notify.l2887c22";"yes";"no";"not-reviewed";""
"hac.backend.onmessage.notify.l2930c24.24bafb00";"txt.22469d6a9547";"Tela não encontrada no canvas — selecione novamente.";"";"mensagem-sistema";"javascript-string";"notify";"src/plugin/backend/onmessage.js";"2930";"25";"notify.l2930c24";"yes";"no";"not-reviewed";""
"hac.backend.onmessage.notify.l2935c24.6a486279";"txt.d8cd6d6ab93c";"Este elemento não pode ser copiado — selecione a tela sobre um frame/grupo.";"";"mensagem-sistema";"javascript-string";"notify";"src/plugin/backend/onmessage.js";"2935";"25";"notify.l2935c24";"yes";"no";"not-reviewed";""
"hac.backend.onmessage.notify.l3013c22.18d1909c";"txt.458f92eeb4f0";"${items.length} elemento${items.length === 1 ? '' : 's'} encontrado${items.length === 1 ? '' : 's'} — revise no modal antes de aplicar.";"";"mensagem-sistema";"javascript-template";"notify";"src/plugin/backend/onmessage.js";"3013";"23";"notify.l3013c22";"no";"no";"not-reviewed";""
"hac.backend.onmessage.error.l3015c23.85552c9d";"txt.996eb972e734";"[hac] generate-swipe-path-from-layers falhou:";"";"diagnostico-tecnico";"javascript-string";"error";"src/plugin/backend/onmessage.js";"3015";"24";"error.l3015c23";"yes";"no";"not-reviewed";""
"hac.backend.onmessage.notify.l3016c22.9bdc735e";"txt.b091d0be17ac";"Não foi possível varrer a tela automaticamente — tente novamente.";"";"mensagem-sistema";"javascript-string";"notify";"src/plugin/backend/onmessage.js";"3016";"23";"notify.l3016c22";"yes";"no";"not-reviewed";""
"hac.backend.onmessage.literal.l3104c15.02b503d3";"txt.c13245c000b6";"number#1478:0";"";"revisar";"javascript-string";"";"src/plugin/backend/onmessage.js";"3104";"16";"literal.l3104c15";"yes";"no";"not-reviewed";""
"hac.backend.onmessage.setproperties.l3105c38.37dd526f";"txt.c13245c000b6";"number#1478:0";"";"revisar";"javascript-string";"setProperties";"src/plugin/backend/onmessage.js";"3105";"39";"setProperties.l3105c38";"yes";"no";"not-reviewed";""
"hac.backend.onmessage.literal.l3106c22.54436e66";"txt.9ce3bf3db192";"número#5265:3";"";"revisar";"javascript-string";"";"src/plugin/backend/onmessage.js";"3106";"23";"literal.l3106c22";"yes";"no";"not-reviewed";""
"hac.backend.onmessage.setproperties.l3107c38.2f0a398f";"txt.9ce3bf3db192";"número#5265:3";"";"revisar";"javascript-string";"setProperties";"src/plugin/backend/onmessage.js";"3107";"39";"setProperties.l3107c38";"yes";"no";"not-reviewed";""
"hac.backend.onmessage.name.l3109c23.7257b2aa";"txt.45d1b0b88ac6";"[Selo de Tabulação | ${entry.number}] ${node.name.replace(/^\[Selo de Tabulação \| \d+\]\s*/, '')}";"";"revisar";"javascript-template";"name";"src/plugin/backend/onmessage.js";"3109";"24";"name.l3109c23";"no";"no";"not-reviewed";""
"hac.backend.onmessage.error.l3112c25.2ee2b6c5";"txt.dd28f3da6920";"[hac] renumber-tab-order-items: falha ao renumerar";"";"diagnostico-tecnico";"javascript-string";"error";"src/plugin/backend/onmessage.js";"3112";"26";"error.l3112c25";"yes";"no";"not-reviewed";""
"hac.backend.onmessage.createtabordercloneforarea.name.l3175c18.4b8510e1";"txt.3b4d61020ddc";"[Ordem de Tabulação] ${root.name}";"";"revisar";"javascript-template";"_createTabOrderCloneForArea > name";"src/plugin/backend/onmessage.js";"3175";"19";"_createTabOrderCloneForArea > name.l3175c18";"no";"no";"not-reviewed";""
"hac.backend.onmessage.createtabordercloneforarea.setplugindata.l3177c40.cfcf8fb2";"txt.758908d4c222";"a11y";"";"revisar";"javascript-string";"_createTabOrderCloneForArea > setPluginData";"src/plugin/backend/onmessage.js";"3177";"41";"_createTabOrderCloneForArea > setPluginData.l3177c40";"yes";"no";"not-reviewed";""
"hac.backend.onmessage.createswipepathcloneforarea.name.l3240c18.4382e674";"txt.3026d250571b";"[Trilha de Swipe] ${root.name}";"";"revisar";"javascript-template";"_createSwipePathCloneForArea > name";"src/plugin/backend/onmessage.js";"3240";"19";"_createSwipePathCloneForArea > name.l3240c18";"no";"no";"not-reviewed";""
"hac.backend.onmessage.createswipepathcloneforarea.setplugindata.l3242c40.fc15cdc7";"txt.758908d4c222";"a11y";"";"revisar";"javascript-string";"_createSwipePathCloneForArea > setPluginData";"src/plugin/backend/onmessage.js";"3242";"41";"_createSwipePathCloneForArea > setPluginData.l3242c40";"yes";"no";"not-reviewed";""
"hac.backend.onmessage.createspeccloneforarea.name.l3319c18.5f98fdd2";"txt.e9e953b13fb0";"[Leitor de Tela] ${root.name}";"";"revisar";"javascript-template";"_createSpecCloneForArea > name";"src/plugin/backend/onmessage.js";"3319";"19";"_createSpecCloneForArea > name.l3319c18";"no";"no";"not-reviewed";""
"hac.backend.onmessage.createspeccloneforarea.setplugindata.l3321c40.00ded940";"txt.758908d4c222";"a11y";"";"revisar";"javascript-string";"_createSpecCloneForArea > setPluginData";"src/plugin/backend/onmessage.js";"3321";"41";"_createSpecCloneForArea > setPluginData.l3321c40";"yes";"no";"not-reviewed";""
"hac.backend.onmessage.notify.l3476c22.a90229cc";"txt.22469d6a9547";"Tela não encontrada no canvas — selecione novamente.";"";"mensagem-sistema";"javascript-string";"notify";"src/plugin/backend/onmessage.js";"3476";"23";"notify.l3476c22";"yes";"no";"not-reviewed";""
"hac.backend.onmessage.notify.l3481c22.ea4e2e77";"txt.d8cd6d6ab93c";"Este elemento não pode ser copiado — selecione a tela sobre um frame/grupo.";"";"mensagem-sistema";"javascript-string";"notify";"src/plugin/backend/onmessage.js";"3481";"23";"notify.l3481c22";"yes";"no";"not-reviewed";""
"hac.backend.onmessage.loadfontasync.l3861c51.fda2ff8d";"txt.b6708d593ee2";"Inter";"";"configuracao-tecnica";"javascript-string";"loadFontAsync";"src/plugin/backend/onmessage.js";"3861";"52";"loadFontAsync.l3861c51";"yes";"no";"not-reviewed";""
"hac.backend.onmessage.loadfontasync.l3861c67.51060ff1";"txt.c9b76ae79584";"Bold";"";"configuracao-tecnica";"javascript-string";"loadFontAsync";"src/plugin/backend/onmessage.js";"3861";"68";"loadFontAsync.l3861c67";"yes";"no";"not-reviewed";""
"hac.backend.onmessage.error.l3867c23.c6f693c0";"txt.2f68015dc151";"[hac] draw-tab-order-badge: falha ao desenhar selo para";"";"diagnostico-tecnico";"javascript-string";"error";"src/plugin/backend/onmessage.js";"3867";"24";"error.l3867c23";"yes";"no";"not-reviewed";""
"hac.backend.onmessage.buildswipepathconnection.l3989c23.308fae97";"txt.2b65035526e5";"São necessários pelo menos 2 pontos para desenhar uma trilha de swipe.";"";"revisar";"javascript-string";"_buildSwipePathConnection";"src/plugin/backend/onmessage.js";"3989";"24";"_buildSwipePathConnection.l3989c23";"yes";"no";"not-reviewed";""
"hac.backend.onmessage.buildswipepathconnection.name.l4005c19.4bcc50e4";"txt.108e43a90cdc";"Segmento ${i + 1}";"";"revisar";"javascript-template";"_buildSwipePathConnection > name";"src/plugin/backend/onmessage.js";"4005";"20";"_buildSwipePathConnection > name.l4005c19";"no";"no";"not-reviewed";""
"hac.backend.onmessage.buildswipepathconnection.data.l4011c59.6260fc4f";"txt.f356c0707e98";"M ${from.x} ${from.y} L ${to.x} ${to.y}";"";"revisar";"javascript-template";"_buildSwipePathConnection > data";"src/plugin/backend/onmessage.js";"4011";"60";"_buildSwipePathConnection > data.l4011c59";"no";"no";"not-reviewed";""
"hac.backend.onmessage.buildswipepathconnection.name.l4021c20.c68d6a06";"txt.3521f85619fd";"Seta ${i + 1}";"";"revisar";"javascript-template";"_buildSwipePathConnection > name";"src/plugin/backend/onmessage.js";"4021";"21";"_buildSwipePathConnection > name.l4021c20";"no";"no";"not-reviewed";""
"hac.backend.onmessage.buildswipepathconnection.data.l4030c60.865a4c62";"txt.30dcd2c162e7";"M ${ax1} ${ay1} L ${midX} ${midY} L ${ax2} ${ay2}";"";"revisar";"javascript-template";"_buildSwipePathConnection > data";"src/plugin/backend/onmessage.js";"4030";"61";"_buildSwipePathConnection > data.l4030c60";"no";"no";"not-reviewed";""
"hac.backend.onmessage.buildswipepathconnection.name.l4039c22.bed964c5";"txt.bfceeb983cd7";"Origem";"";"revisar";"javascript-string";"_buildSwipePathConnection > name";"src/plugin/backend/onmessage.js";"4039";"23";"_buildSwipePathConnection > name.l4039c22";"yes";"no";"not-reviewed";""
"hac.backend.onmessage.buildswipepathconnection.name.l4049c18.0921f168";"txt.26932d9b0b3c";"[hac Swipe] Trilha (${nodes.length} pontos)";"";"revisar";"javascript-template";"_buildSwipePathConnection > name";"src/plugin/backend/onmessage.js";"4049";"19";"_buildSwipePathConnection > name.l4049c18";"no";"no";"not-reviewed";""
"hac.backend.onmessage.buildswipepathconnection.setplugindata.l4051c40.1f7a0934";"txt.758908d4c222";"a11y";"";"revisar";"javascript-string";"_buildSwipePathConnection > setPluginData";"src/plugin/backend/onmessage.js";"4051";"41";"_buildSwipePathConnection > setPluginData.l4051c40";"yes";"no";"not-reviewed";""
"hac.backend.onmessage.postmessage.l4112c82.4ab4a7a8";"txt.84f3f7bc3ee0";"São necessários pelo menos 2 pontos para criar uma trilha de swipe.";"";"revisar";"javascript-string";"postMessage";"src/plugin/backend/onmessage.js";"4112";"83";"postMessage.l4112c82";"yes";"no";"not-reviewed";""
"hac.backend.onmessage.literal.l4126c27.62e276b5";"txt.4985472fb2ec";"A cópia da tela não foi encontrada no canvas — refaça a trilha.";"";"revisar";"javascript-string";"";"src/plugin/backend/onmessage.js";"4126";"28";"literal.l4126c27";"yes";"no";"not-reviewed";""
"hac.backend.onmessage.template.l4140c29.ddb883be";"txt.4c8bd797317b";"O elemento ""${p && p.nodeName || 'sem nome'}"" não existe mais na cópia da tela — refaça a trilha.";"";"revisar";"javascript-template";"";"src/plugin/backend/onmessage.js";"4140";"30";"template.l4140c29";"no";"no";"not-reviewed";""
"hac.backend.onmessage.getorcreatecloneoverlaygroup.l4166c105.b0e6ef00";"txt.1eaeef1c7c7f";"[Trilha de Swipe]";"";"revisar";"javascript-string";"_getOrCreateCloneOverlayGroup";"src/plugin/backend/onmessage.js";"4166";"106";"_getOrCreateCloneOverlayGroup.l4166c105";"yes";"no";"not-reviewed";""
"hac.backend.onmessage.ensurecloneworkframe.l4169c67.4881d3c7";"txt.52de2996987f";"Réplica de Trabalho — Swipe";"";"revisar";"javascript-string";"_ensureCloneWorkFrame";"src/plugin/backend/onmessage.js";"4169";"68";"_ensureCloneWorkFrame.l4169c67";"yes";"no";"not-reviewed";""
"hac.backend.onmessage.error.l4171c27.65f24a60";"txt.38759cee9dcf";"[hac] insert-swipe-path: reparenting pro grupo overlay falhou, caindo pro Grupo da Área.";"";"diagnostico-tecnico";"javascript-string";"error";"src/plugin/backend/onmessage.js";"4171";"28";"error.l4171c27";"yes";"no";"not-reviewed";""
"hac.backend.onmessage.notify.l4172c26.7a05d9f1";"txt.857ae348ec93";"Não foi possível encaixar a trilha na cópia de Swipe — ela foi colocada direto no grupo da tela.";"";"mensagem-sistema";"javascript-string";"notify";"src/plugin/backend/onmessage.js";"4172";"27";"notify.l4172c26";"yes";"no";"not-reviewed";""
"hac.backend.onmessage.error.l4209c23.086568d4";"txt.c697ef1cc339";"[hac] insert-swipe-path falhou:";"";"diagnostico-tecnico";"javascript-string";"error";"src/plugin/backend/onmessage.js";"4209";"24";"error.l4209c23";"yes";"no";"not-reviewed";""
"hac.backend.onmessage.postmessage.l4213c48.88e996cf";"txt.5b0baa481f2b";"Não foi possível criar a trilha de swipe.";"";"revisar";"javascript-string";"postMessage";"src/plugin/backend/onmessage.js";"4213";"49";"postMessage.l4213c48";"yes";"no";"not-reviewed";""
"hac.backend.onmessage.getorcreatefichainstrucoesframe.name.l4466c23.0d1a4014";"txt.b6d28c9201db";"[HAC] Instruções de ${cfg.title}";"";"revisar";"javascript-template";"_getOrCreateFichaInstrucoesFrame > name";"src/plugin/backend/onmessage.js";"4466";"24";"_getOrCreateFichaInstrucoesFrame > name.l4466c23";"no";"no";"not-reviewed";""
"hac.backend.onmessage.getorcreatefichainstrucoesframe.setplugindata.l4495c45.13782131";"txt.758908d4c222";"a11y";"";"revisar";"javascript-string";"_getOrCreateFichaInstrucoesFrame > setPluginData";"src/plugin/backend/onmessage.js";"4495";"46";"_getOrCreateFichaInstrucoesFrame > setPluginData.l4495c45";"yes";"no";"not-reviewed";""
"hac.backend.onmessage.getorcreatefichainstrucoesframe.setplugindata.l4535c43.27e6923f";"txt.758908d4c222";"a11y";"";"revisar";"javascript-string";"_getOrCreateFichaInstrucoesFrame > setPluginData";"src/plugin/backend/onmessage.js";"4535";"44";"_getOrCreateFichaInstrucoesFrame > setPluginData.l4535c43";"yes";"no";"not-reviewed";""
"hac.backend.onmessage.getorcreatefichainstrucoesframe.setplugindata.l4536c60.092b4daf";"txt.a3dd1d5702fc";"${areaId}::${sectionKey}";"";"revisar";"javascript-template";"_getOrCreateFichaInstrucoesFrame > setPluginData";"src/plugin/backend/onmessage.js";"4536";"61";"_getOrCreateFichaInstrucoesFrame > setPluginData.l4536c60";"no";"no";"not-reviewed";""
"hac.backend.onmessage.getorcreatefichahandoffframe.markervalue.l4575c25.c073378c";"txt.a3dd1d5702fc";"${areaId}::${sectionKey}";"";"revisar";"javascript-template";"_getOrCreateFichaHandoffFrame > markerValue";"src/plugin/backend/onmessage.js";"4575";"26";"_getOrCreateFichaHandoffFrame > markerValue.l4575c25";"no";"no";"not-reviewed";""
"hac.backend.onmessage.name.l4580c30.6eefb4b2";"txt.0e5b1341be24";"[HAC] Handoff - ${cfg.title}";"";"revisar";"javascript-template";"name";"src/plugin/backend/onmessage.js";"4580";"31";"name.l4580c30";"no";"no";"not-reviewed";""
"hac.backend.onmessage.getorcreatefichahandoffframe.name.l4587c18.6ba2fca2";"txt.0e5b1341be24";"[HAC] Handoff - ${cfg.title}";"";"revisar";"javascript-template";"_getOrCreateFichaHandoffFrame > name";"src/plugin/backend/onmessage.js";"4587";"19";"_getOrCreateFichaHandoffFrame > name.l4587c18";"no";"no";"not-reviewed";""
"hac.backend.onmessage.getorcreatefichahandoffframe.setplugindata.l4609c40.88193467";"txt.758908d4c222";"a11y";"";"revisar";"javascript-string";"_getOrCreateFichaHandoffFrame > setPluginData";"src/plugin/backend/onmessage.js";"4609";"41";"_getOrCreateFichaHandoffFrame > setPluginData.l4609c40";"yes";"no";"not-reviewed";""
"hac.backend.onmessage.fitfichahandoffframetochildren.error.l4675c21.94088740";"txt.c695b7ef007c";"[hac] _fitFichaHandoffFrameToChildren: falha ao ajustar tamanho (não impede o restante).";"";"diagnostico-tecnico";"javascript-string";"_fitFichaHandoffFrameToChildren > error";"src/plugin/backend/onmessage.js";"4675";"22";"_fitFichaHandoffFrameToChildren > error.l4675c21";"yes";"no";"not-reviewed";""
"hac.backend.onmessage.findlegendforarea.markervalue.l4685c25.03ea4cfa";"txt.a3dd1d5702fc";"${areaId}::${sectionKey}";"";"revisar";"javascript-template";"_findLegendForArea > markerValue";"src/plugin/backend/onmessage.js";"4685";"26";"_findLegendForArea > markerValue.l4685c25";"no";"no";"not-reviewed";""
"hac.backend.onmessage.ensurelegendbesideclone.markervalue.l4763c27.905e59b0";"txt.a3dd1d5702fc";"${areaId}::${sectionKey}";"";"revisar";"javascript-template";"_ensureLegendBesideClone > markerValue";"src/plugin/backend/onmessage.js";"4763";"28";"_ensureLegendBesideClone > markerValue.l4763c27";"no";"no";"not-reviewed";""
"hac.backend.onmessage.ensurelegendbesideclone.family.l4774c19.a7658d47";"txt.6d0ca162d5ad";"Roboto";"";"revisar";"javascript-string";"_ensureLegendBesideClone > family";"src/plugin/backend/onmessage.js";"4774";"20";"_ensureLegendBesideClone > family.l4774c19";"yes";"no";"not-reviewed";""
"hac.backend.onmessage.ensurelegendbesideclone.style.l4774c36.b2c273d5";"txt.5f51efbecdb6";"Regular";"";"revisar";"javascript-string";"_ensureLegendBesideClone > style";"src/plugin/backend/onmessage.js";"4774";"37";"_ensureLegendBesideClone > style.l4774c36";"yes";"no";"not-reviewed";""
"hac.backend.onmessage.ensurelegendbesideclone.family.l4774c59.a51c9451";"txt.6d0ca162d5ad";"Roboto";"";"revisar";"javascript-string";"_ensureLegendBesideClone > family";"src/plugin/backend/onmessage.js";"4774";"60";"_ensureLegendBesideClone > family.l4774c59";"yes";"no";"not-reviewed";""
"hac.backend.onmessage.ensurelegendbesideclone.style.l4774c76.7db90435";"txt.20af41865769";"Medium";"";"revisar";"javascript-string";"_ensureLegendBesideClone > style";"src/plugin/backend/onmessage.js";"4774";"77";"_ensureLegendBesideClone > style.l4774c76";"yes";"no";"not-reviewed";""
"hac.backend.onmessage.ensurelegendbesideclone.family.l4774c98.b8b3c276";"txt.6d0ca162d5ad";"Roboto";"";"revisar";"javascript-string";"_ensureLegendBesideClone > family";"src/plugin/backend/onmessage.js";"4774";"99";"_ensureLegendBesideClone > family.l4774c98";"yes";"no";"not-reviewed";""
"hac.backend.onmessage.ensurelegendbesideclone.style.l4774c115.227107a1";"txt.c9b76ae79584";"Bold";"";"revisar";"javascript-string";"_ensureLegendBesideClone > style";"src/plugin/backend/onmessage.js";"4774";"116";"_ensureLegendBesideClone > style.l4774c115";"yes";"no";"not-reviewed";""
"hac.backend.onmessage.ensurelegendbesideclone.family.l4775c19.5ab34496";"txt.b6708d593ee2";"Inter";"";"revisar";"javascript-string";"_ensureLegendBesideClone > family";"src/plugin/backend/onmessage.js";"4775";"20";"_ensureLegendBesideClone > family.l4775c19";"yes";"no";"not-reviewed";""
"hac.backend.onmessage.ensurelegendbesideclone.style.l4775c35.bc29253f";"txt.5f51efbecdb6";"Regular";"";"revisar";"javascript-string";"_ensureLegendBesideClone > style";"src/plugin/backend/onmessage.js";"4775";"36";"_ensureLegendBesideClone > style.l4775c35";"yes";"no";"not-reviewed";""
"hac.backend.onmessage.ensurelegendbesideclone.family.l4775c58.ca89ecad";"txt.b6708d593ee2";"Inter";"";"revisar";"javascript-string";"_ensureLegendBesideClone > family";"src/plugin/backend/onmessage.js";"4775";"59";"_ensureLegendBesideClone > family.l4775c58";"yes";"no";"not-reviewed";""
"hac.backend.onmessage.ensurelegendbesideclone.style.l4775c74.a0300822";"txt.20af41865769";"Medium";"";"revisar";"javascript-string";"_ensureLegendBesideClone > style";"src/plugin/backend/onmessage.js";"4775";"75";"_ensureLegendBesideClone > style.l4775c74";"yes";"no";"not-reviewed";""
"hac.backend.onmessage.ensurelegendbesideclone.family.l4775c96.fe7940f3";"txt.b6708d593ee2";"Inter";"";"revisar";"javascript-string";"_ensureLegendBesideClone > family";"src/plugin/backend/onmessage.js";"4775";"97";"_ensureLegendBesideClone > family.l4775c96";"yes";"no";"not-reviewed";""
"hac.backend.onmessage.ensurelegendbesideclone.style.l4775c112.4c4401fd";"txt.c9b76ae79584";"Bold";"";"revisar";"javascript-string";"_ensureLegendBesideClone > style";"src/plugin/backend/onmessage.js";"4775";"113";"_ensureLegendBesideClone > style.l4775c112";"yes";"no";"not-reviewed";""
"hac.backend.onmessage.ensurelegendbesideclone.log.l4788c19.2d6dced5";"txt.627553eca767";"[hac][legenda] início";"";"diagnostico-tecnico";"javascript-string";"_ensureLegendBesideClone > log";"src/plugin/backend/onmessage.js";"4788";"20";"_ensureLegendBesideClone > log.l4788c19";"yes";"no";"not-reviewed";""
"hac.backend.onmessage.ensurelegendbesideclone.log.l4790c19.8efd4437";"txt.baea0b23cf07";"[hac][legenda] docFrame";"";"diagnostico-tecnico";"javascript-string";"_ensureLegendBesideClone > log";"src/plugin/backend/onmessage.js";"4790";"20";"_ensureLegendBesideClone > log.l4790c19";"yes";"no";"not-reviewed";""
"hac.backend.onmessage.ensurelegendbesideclone.log.l4792c19.1f2630a5";"txt.cfd295dc7d6d";"[hac][legenda] itensFrame";"";"diagnostico-tecnico";"javascript-string";"_ensureLegendBesideClone > log";"src/plugin/backend/onmessage.js";"4792";"20";"_ensureLegendBesideClone > log.l4792c19";"yes";"no";"not-reviewed";""
"hac.backend.onmessage.ensurelegendbesideclone.log.l4823c21.ab227c48";"txt.9160d538aea1";"[hac][área] reparenting";"";"diagnostico-tecnico";"javascript-string";"_ensureLegendBesideClone > log";"src/plugin/backend/onmessage.js";"4823";"22";"_ensureLegendBesideClone > log.l4823c21";"yes";"no";"not-reviewed";""
"hac.backend.onmessage.log.l4850c23.728d02d8";"txt.d01508c3c34c";"[hac][área] reparentado com sucesso";"";"diagnostico-tecnico";"javascript-string";"log";"src/plugin/backend/onmessage.js";"4850";"24";"log.l4850c23";"yes";"no";"not-reviewed";""
"hac.backend.onmessage.ensurelegendbesideclone.error.l4858c23.da87315e";"txt.ed2b4091041b";"[hac] _ensureLegendBesideClone: falha ao mover o Grupo da Área pra dentro de ""[HAC] Assets do Handoff"".";"";"diagnostico-tecnico";"javascript-string";"_ensureLegendBesideClone > error";"src/plugin/backend/onmessage.js";"4858";"24";"_ensureLegendBesideClone > error.l4858c23";"yes";"no";"not-reviewed";""
"hac.backend.onmessage.notify.l4859c28.7f94bdca";"txt.ba882ea162c5";"Grupo da área não organizado:";"";"mensagem-sistema";"javascript-string";"notify";"src/plugin/backend/onmessage.js";"4859";"29";"notify.l4859c28";"yes";"no";"not-reviewed";""
"hac.backend.onmessage.ensurelegendbesideclone.log.l4863c19.ec228d1d";"txt.fcc1da51f820";"[hac][legenda] bloco";"";"diagnostico-tecnico";"javascript-string";"_ensureLegendBesideClone > log";"src/plugin/backend/onmessage.js";"4863";"20";"_ensureLegendBesideClone > log.l4863c19";"yes";"no";"not-reviewed";""
"hac.backend.onmessage.ensurelegendbesideclone.log.l4876c19.51f65890";"txt.c5e42f49560d";"[hac][legenda] handoffFrame";"";"diagnostico-tecnico";"javascript-string";"_ensureLegendBesideClone > log";"src/plugin/backend/onmessage.js";"4876";"20";"_ensureLegendBesideClone > log.l4876c19";"yes";"no";"not-reviewed";""
"hac.backend.onmessage.error.l4957c25.0e5afeb4";"txt.334a93c5a5e2";"[hac] _ensureLegendBesideClone: reparenting do clone pro FRAME de Handoff falhou.";"";"diagnostico-tecnico";"javascript-string";"error";"src/plugin/backend/onmessage.js";"4957";"26";"error.l4957c25";"yes";"no";"not-reviewed";""
"hac.backend.onmessage.notify.l4958c30.719368eb";"txt.6b7c240815e3";"Falha ao organizar a réplica no bloco:";"";"mensagem-sistema";"javascript-string";"notify";"src/plugin/backend/onmessage.js";"4958";"31";"notify.l4958c30";"yes";"no";"not-reviewed";""
"hac.backend.onmessage.ensurelegendbesideclone.log.l4973c19.a072fa8c";"txt.c97037b145b9";"[hac][legenda] legenda encontrada?";"";"diagnostico-tecnico";"javascript-string";"_ensureLegendBesideClone > log";"src/plugin/backend/onmessage.js";"4973";"20";"_ensureLegendBesideClone > log.l4973c19";"yes";"no";"not-reviewed";""
"hac.backend.onmessage.ensurelegendbesideclone.error.l4980c21.95cb885c";"txt.0aed4d5d9d98";"[hac] _ensureLegendBesideClone: falha ao inserir as instruções ao lado da réplica (não impede o trabalho).";"";"diagnostico-tecnico";"javascript-string";"_ensureLegendBesideClone > error";"src/plugin/backend/onmessage.js";"4980";"22";"_ensureLegendBesideClone > error.l4980c21";"yes";"no";"not-reviewed";""
"hac.backend.onmessage.notify.l4984c26.7273c944";"txt.70e01d332dee";"Instruções não inseridas:";"";"mensagem-sistema";"javascript-string";"notify";"src/plugin/backend/onmessage.js";"4984";"27";"notify.l4984c26";"yes";"no";"not-reviewed";""
"hac.backend.onmessage.buildfichatabulacaosection.getorcreatecloneoverlaygroup..2e10ce80";"txt.a45858ee699d";"[Selos de Tabulação]";"";"revisar";"javascript-string";"_buildFichaTabulacaoSection > _getOrCreateCloneOverlayGroup";"src/plugin/backend/onmessage.js";"5038";"100";"_buildFichaTabulacaoSection > _getOrCreateCloneOverlayGroup.l5038c99";"yes";"no";"not-reviewed";""
"hac.backend.onmessage.loadfontasync.l5089c49.15d45b7c";"txt.b6708d593ee2";"Inter";"";"configuracao-tecnica";"javascript-string";"loadFontAsync";"src/plugin/backend/onmessage.js";"5089";"50";"loadFontAsync.l5089c49";"yes";"no";"not-reviewed";""
"hac.backend.onmessage.loadfontasync.l5089c65.317970bb";"txt.c9b76ae79584";"Bold";"";"configuracao-tecnica";"javascript-string";"loadFontAsync";"src/plugin/backend/onmessage.js";"5089";"66";"loadFontAsync.l5089c65";"yes";"no";"not-reviewed";""
"hac.backend.onmessage.error.l5119c25.bc050288";"txt.8c1909323a65";"[hac] _buildFichaTabulacaoSection: falha ao desenhar selo.";"";"diagnostico-tecnico";"javascript-string";"error";"src/plugin/backend/onmessage.js";"5119";"26";"error.l5119c25";"yes";"no";"not-reviewed";""
"hac.backend.onmessage.buildfichaswipesection.name.l5169c19.207d43a7";"txt.983e755f3854";"Trilha de Swipe";"";"revisar";"javascript-string";"_buildFichaSwipeSection > name";"src/plugin/backend/onmessage.js";"5169";"20";"_buildFichaSwipeSection > name.l5169c19";"yes";"no";"not-reviewed";""
"hac.backend.onmessage.buildfichaswipesection.name.l5192c19.3a086274";"txt.ea631551f556";"Texto";"";"revisar";"javascript-string";"_buildFichaSwipeSection > name";"src/plugin/backend/onmessage.js";"5192";"20";"_buildFichaSwipeSection > name.l5192c19";"yes";"no";"not-reviewed";""
"hac.backend.onmessage.buildfichaswipesection.applyfichatypography.l5200c41.1935c29f";"txt.f4175b9050f0";"label/tiny";"";"revisar";"javascript-string";"_buildFichaSwipeSection > _applyFichaTypography";"src/plugin/backend/onmessage.js";"5200";"42";"_buildFichaSwipeSection > _applyFichaTypography.l5200c41";"yes";"no";"not-reviewed";""
"hac.backend.onmessage.buildfichaswipesection.characters.l5201c25.7aaf0137";"txt.6fcec705812e";"Nenhuma trilha de swipe definida para esta área.";"";"revisar";"javascript-string";"_buildFichaSwipeSection > characters";"src/plugin/backend/onmessage.js";"5201";"26";"_buildFichaSwipeSection > characters.l5201c25";"yes";"no";"not-reviewed";""
"hac.backend.onmessage.buildfichaswipesection.name.l5226c24.7ac48f11";"txt.8ccb32f0bfde";"Erro";"";"revisar";"javascript-string";"_buildFichaSwipeSection > name";"src/plugin/backend/onmessage.js";"5226";"25";"_buildFichaSwipeSection > name.l5226c24";"yes";"no";"not-reviewed";""
"hac.backend.onmessage.buildfichaswipesection.applyfichatypography.l5233c46.2e3f29a6";"txt.f4175b9050f0";"label/tiny";"";"revisar";"javascript-string";"_buildFichaSwipeSection > _applyFichaTypography";"src/plugin/backend/onmessage.js";"5233";"47";"_buildFichaSwipeSection > _applyFichaTypography.l5233c46";"yes";"no";"not-reviewed";""
"hac.backend.onmessage.buildfichaswipesection.characters.l5234c30.b825da01";"txt.396b7f47d602";"Não foi possível localizar/criar a cópia de trabalho para desenhar a trilha — marque a área novamente.";"";"revisar";"javascript-string";"_buildFichaSwipeSection > characters";"src/plugin/backend/onmessage.js";"5234";"31";"_buildFichaSwipeSection > characters.l5234c30";"yes";"no";"not-reviewed";""
"hac.backend.onmessage.buildfichaswipesection.getorcreatecloneoverlaygroup.l527.530b08ca";"txt.1eaeef1c7c7f";"[Trilha de Swipe]";"";"revisar";"javascript-string";"_buildFichaSwipeSection > _getOrCreateCloneOverlayGroup";"src/plugin/backend/onmessage.js";"5277";"93";"_buildFichaSwipeSection > _getOrCreateCloneOverlayGroup.l5277c92";"yes";"no";"not-reviewed";""
"hac.backend.onmessage.buildfichaswipesection.error.l5317c21.67e427aa";"txt.6a700bad118d";"[hac] _buildFichaSwipeSection: reparenting da trilha pro overlay falhou, mantendo solta na página.";"";"diagnostico-tecnico";"javascript-string";"_buildFichaSwipeSection > error";"src/plugin/backend/onmessage.js";"5317";"22";"_buildFichaSwipeSection > error.l5317c21";"yes";"no";"not-reviewed";""
"hac.backend.onmessage.buildfichaleitorsection.getorcreatecloneoverlaygroup.l53.1ec810e8";"txt.d1d6dc5c7bf1";"[Specs de Leitor de Tela]";"";"revisar";"javascript-string";"_buildFichaLeitorSection > _getOrCreateCloneOverlayGroup";"src/plugin/backend/onmessage.js";"5368";"103";"_buildFichaLeitorSection > _getOrCreateCloneOverlayGroup.l5368c102";"yes";"no";"not-reviewed";""
"hac.backend.onmessage.postmessage.l5447c114.da58a3de";"txt.94c8a2bd5f6a";"Dados inválidos.";"";"revisar";"javascript-string";"postMessage";"src/plugin/backend/onmessage.js";"5447";"115";"postMessage.l5447c114";"yes";"no";"not-reviewed";""
"hac.backend.onmessage.postmessage.l5460c19.7b87369a";"txt.1bfec5fd60d4";"O frame original desta área não existe mais no canvas — marque a área novamente.";"";"revisar";"javascript-string";"postMessage";"src/plugin/backend/onmessage.js";"5460";"20";"postMessage.l5460c19";"yes";"no";"not-reviewed";""
"hac.backend.onmessage.error.l5472c23.383f7c3a";"txt.8fdf95bcdbdc";"[hac] insert-ficha-section: falha ao criar/obter o frame do Handoff de Acessibilidade.";"";"diagnostico-tecnico";"javascript-string";"error";"src/plugin/backend/onmessage.js";"5472";"24";"error.l5472c23";"yes";"no";"not-reviewed";""
"hac.backend.onmessage.postmessage.l5475c19.fe40caa9";"txt.2cec48624f44";"Não foi possível criar o frame do Handoff de Acessibilidade: ${(e && e.message) || 'erro desconhecido'}";"";"revisar";"javascript-template";"postMessage";"src/plugin/backend/onmessage.js";"5475";"20";"postMessage.l5475c19";"no";"no";"not-reviewed";""
"hac.backend.onmessage.error.l5490c23.6905ef28";"txt.3d886438c900";"[hac] insert-ficha-section: falha ao montar a seção """;"";"diagnostico-tecnico";"javascript-string";"error";"src/plugin/backend/onmessage.js";"5490";"24";"error.l5490c23";"yes";"no";"not-reviewed";""
"hac.backend.onmessage.postmessage.l5491c135.cb1c6fb1";"txt.36098906de5a";"Falha ao montar a seção.";"";"revisar";"javascript-string";"postMessage";"src/plugin/backend/onmessage.js";"5491";"136";"postMessage.l5491c135";"yes";"no";"not-reviewed";""
"hac.backend.onmessage.error.l5549c23.9bdffb86";"txt.d9f6de9f4359";"[hac] insert-ficha-section: falha ao limpar a réplica de trabalho de """;"";"diagnostico-tecnico";"javascript-string";"error";"src/plugin/backend/onmessage.js";"5549";"24";"error.l5549c23";"yes";"no";"not-reviewed";""
"hac.backend.onmessage.error.l5549c111.79b860b6";"txt.abf0bd17f338";""" (não impede o handoff).";"";"diagnostico-tecnico";"javascript-string";"error";"src/plugin/backend/onmessage.js";"5549";"112";"error.l5549c111";"yes";"no";"not-reviewed";""
"hac.backend.onmessage.error.l5570c23.cac808f9";"txt.c9edb970e618";"[hac] insert-ficha-section: falha ao readequar o tamanho da Section (não impede o handoff).";"";"diagnostico-tecnico";"javascript-string";"error";"src/plugin/backend/onmessage.js";"5570";"24";"error.l5570c23";"yes";"no";"not-reviewed";""
"hac.backend.onmessage.error.l5584c23.4b865188";"txt.a2df4c579975";"[hac] insert-ficha-section: falha ao limpar sinalização de edição (não impede o handoff).";"";"diagnostico-tecnico";"javascript-string";"error";"src/plugin/backend/onmessage.js";"5584";"24";"error.l5584c23";"yes";"no";"not-reviewed";""
"hac.backend.onmessage.nextversion.l5643c27.34be34f7";"txt.008d3163b8c0";"${major + 1}.0";"";"revisar";"javascript-template";"nextVersion";"src/plugin/backend/onmessage.js";"5643";"28";"nextVersion.l5643c27";"no";"no";"not-reviewed";""
"hac.backend.onmessage.replace.l5651c89.75afef59";"txt.e4d1a65960ee";"| v${nextVersion}";"";"revisar";"javascript-template";"replace";"src/plugin/backend/onmessage.js";"5651";"90";"replace.l5651c89";"no";"no";"not-reviewed";""
"hac.backend.onmessage.error.l5657c21.d87ba1ff";"txt.41ea6a5005a8";"[hac] bump-a11y-session-version: falha ao incrementar a versão da Section de sessão (não impede o handoff).";"";"diagnostico-tecnico";"javascript-string";"error";"src/plugin/backend/onmessage.js";"5657";"22";"error.l5657c21";"yes";"no";"not-reviewed";""
"hac.backend.onmessage.postmessage.l5679c112.983b2334";"txt.94c8a2bd5f6a";"Dados inválidos.";"";"revisar";"javascript-string";"postMessage";"src/plugin/backend/onmessage.js";"5679";"113";"postMessage.l5679c112";"yes";"no";"not-reviewed";""
"hac.backend.onmessage.postmessage.l5687c19.a8530fe5";"txt.1bfec5fd60d4";"O frame original desta área não existe mais no canvas — marque a área novamente.";"";"revisar";"javascript-string";"postMessage";"src/plugin/backend/onmessage.js";"5687";"20";"postMessage.l5687c19";"yes";"no";"not-reviewed";""
"hac.backend.onmessage.error.l5705c23.62418eb9";"txt.5b4699a87a8d";"[hac] prepare-ficha-section-edit: falha ao resolver o clone de """;"";"diagnostico-tecnico";"javascript-string";"error";"src/plugin/backend/onmessage.js";"5705";"24";"error.l5705c23";"yes";"no";"not-reviewed";""
"hac.backend.onmessage.postmessage.l5708c104.7e555e45";"txt.a9babfe84589";"Não foi possível preparar a réplica de trabalho.";"";"revisar";"javascript-string";"postMessage";"src/plugin/backend/onmessage.js";"5708";"105";"postMessage.l5708c104";"yes";"no";"not-reviewed";""
"hac.backend.onmessage.error.l5727c23.0bd9732f";"txt.5d534a89d1fa";"[hac] prepare-ficha-section-edit: falha ao sinalizar o bloco final como desatualizado.";"";"diagnostico-tecnico";"javascript-string";"error";"src/plugin/backend/onmessage.js";"5727";"24";"error.l5727c23";"yes";"no";"not-reviewed";""
"hac.backend.platform.profiles.a11y.agrupamento.keys.l63c15.b015835f";"txt.f4d04a003334";"ea54a0cca62bc6d8abee539efe989a18b1e322a7";"";"vocabulario-dominio";"javascript-string";"A11Y_AGRUPAMENTO_KEYS";"src/plugin/backend/platform-profiles.js";"63";"16";"A11Y_AGRUPAMENTO_KEYS.l63c15";"yes";"no";"not-reviewed";""
"hac.backend.platform.profiles.a11y.agrupamento.keys.l64c15.e71927ab";"txt.6ad094855287";"2165d66fcd65d977bc2cdcd86c26d68a07e65eaf";"";"vocabulario-dominio";"javascript-string";"A11Y_AGRUPAMENTO_KEYS";"src/plugin/backend/platform-profiles.js";"64";"16";"A11Y_AGRUPAMENTO_KEYS.l64c15";"yes";"no";"not-reviewed";""
"hac.backend.platform.profiles.a11y.agrupamento.keys.l65c15.82049190";"txt.608a141b0855";"83a72d71793cde67cb11c38df56e8f9bd1cb2acf";"";"vocabulario-dominio";"javascript-string";"A11Y_AGRUPAMENTO_KEYS";"src/plugin/backend/platform-profiles.js";"65";"16";"A11Y_AGRUPAMENTO_KEYS.l65c15";"yes";"no";"not-reviewed";""
"hac.backend.platform.profiles.a11y.agrupamento.keys.l66c15.2e87db67";"txt.60e65f799763";"97c0d6479a58b03397515b664e3d3de64b594706";"";"vocabulario-dominio";"javascript-string";"A11Y_AGRUPAMENTO_KEYS";"src/plugin/backend/platform-profiles.js";"66";"16";"A11Y_AGRUPAMENTO_KEYS.l66c15";"yes";"no";"not-reviewed";""
"hac.backend.platform.profiles.a11y.agrupamento.keys.l69c15.85a719d6";"txt.9a814c5c008c";"1f552b66bc48721b9be3160b02ac6a4762af0086";"";"vocabulario-dominio";"javascript-string";"A11Y_AGRUPAMENTO_KEYS";"src/plugin/backend/platform-profiles.js";"69";"16";"A11Y_AGRUPAMENTO_KEYS.l69c15";"yes";"no";"not-reviewed";""
"hac.backend.platform.profiles.a11y.agrupamento.keys.l70c15.30b6164f";"txt.19b48fe7b41e";"143e04b04c302c1be1b0fe081bb3bf43d0a5a004";"";"vocabulario-dominio";"javascript-string";"A11Y_AGRUPAMENTO_KEYS";"src/plugin/backend/platform-profiles.js";"70";"16";"A11Y_AGRUPAMENTO_KEYS.l70c15";"yes";"no";"not-reviewed";""
"hac.backend.platform.profiles.a11y.agrupamento.keys.l71c15.e259c44e";"txt.0d0df0062eff";"73f5b3d53cd673a4846b60e251e0108805644951";"";"vocabulario-dominio";"javascript-string";"A11Y_AGRUPAMENTO_KEYS";"src/plugin/backend/platform-profiles.js";"71";"16";"A11Y_AGRUPAMENTO_KEYS.l71c15";"yes";"no";"not-reviewed";""
"hac.backend.platform.profiles.a11y.agrupamento.keys.l72c15.8e0cd4e2";"txt.43747c58df6a";"edb2b2b5aaabb8649461ceee62307c0d27134982";"";"vocabulario-dominio";"javascript-string";"A11Y_AGRUPAMENTO_KEYS";"src/plugin/backend/platform-profiles.js";"72";"16";"A11Y_AGRUPAMENTO_KEYS.l72c15";"yes";"no";"not-reviewed";""
"hac.backend.platform.profiles.a11y.agrupamento.keys.l78c15.28aace90";"txt.dfcc2fefc07b";"7b57c21d29e28b96a4b9d040cd77602a583783ac";"";"vocabulario-dominio";"javascript-string";"A11Y_AGRUPAMENTO_KEYS";"src/plugin/backend/platform-profiles.js";"78";"16";"A11Y_AGRUPAMENTO_KEYS.l78c15";"yes";"no";"not-reviewed";""
"hac.backend.platform.profiles.a11y.agrupamento.keys.l79c15.4573a594";"txt.481f2dd4d70e";"b16123a85a77b6f39b134d689e9ba18f966cc949";"";"vocabulario-dominio";"javascript-string";"A11Y_AGRUPAMENTO_KEYS";"src/plugin/backend/platform-profiles.js";"79";"16";"A11Y_AGRUPAMENTO_KEYS.l79c15";"yes";"no";"not-reviewed";""
"hac.backend.platform.profiles.a11y.agrupamento.keys.l80c15.076b4239";"txt.b21fd27495d7";"2bf9e00f39fb195a017a6697177a325121576073";"";"vocabulario-dominio";"javascript-string";"A11Y_AGRUPAMENTO_KEYS";"src/plugin/backend/platform-profiles.js";"80";"16";"A11Y_AGRUPAMENTO_KEYS.l80c15";"yes";"no";"not-reviewed";""
"hac.backend.platform.profiles.a11y.agrupamento.keys.l81c15.0c21cacd";"txt.775be91addcc";"7c9dca5e5312553824b84dfbb602097468be0bc4";"";"vocabulario-dominio";"javascript-string";"A11Y_AGRUPAMENTO_KEYS";"src/plugin/backend/platform-profiles.js";"81";"16";"A11Y_AGRUPAMENTO_KEYS.l81c15";"yes";"no";"not-reviewed";""
"hac.backend.platform.profiles.a11y.agrupamento.keys.l84c15.d5a18c3a";"txt.07ebbd4d18be";"ed17abfec856f9ca286f6bb4b828319af73f9851";"";"vocabulario-dominio";"javascript-string";"A11Y_AGRUPAMENTO_KEYS";"src/plugin/backend/platform-profiles.js";"84";"16";"A11Y_AGRUPAMENTO_KEYS.l84c15";"yes";"no";"not-reviewed";""
"hac.backend.platform.profiles.a11y.agrupamento.keys.l85c15.ffbed8ea";"txt.129a3482b42a";"e30f1468b18340bcce7e6937c9f655c2ebffc372";"";"vocabulario-dominio";"javascript-string";"A11Y_AGRUPAMENTO_KEYS";"src/plugin/backend/platform-profiles.js";"85";"16";"A11Y_AGRUPAMENTO_KEYS.l85c15";"yes";"no";"not-reviewed";""
"hac.backend.platform.profiles.a11y.agrupamento.keys.l86c15.5fbd7870";"txt.4a3df703c787";"517ba6be813cc42c1d296a5e3c7161137aad4488";"";"vocabulario-dominio";"javascript-string";"A11Y_AGRUPAMENTO_KEYS";"src/plugin/backend/platform-profiles.js";"86";"16";"A11Y_AGRUPAMENTO_KEYS.l86c15";"yes";"no";"not-reviewed";""
"hac.backend.platform.profiles.a11y.agrupamento.keys.l87c15.b517a5ae";"txt.cf6e2ae0676c";"2a317e3e61483a5fc0de41424ce82273f4c53a25";"";"vocabulario-dominio";"javascript-string";"A11Y_AGRUPAMENTO_KEYS";"src/plugin/backend/platform-profiles.js";"87";"16";"A11Y_AGRUPAMENTO_KEYS.l87c15";"yes";"no";"not-reviewed";""
"hac.backend.platform.profiles.a11y.conector.linha.keys.l96c15.03c65ff2";"txt.00069ad77e38";"711ff70084002beb5484985790d313785826b041";"";"vocabulario-dominio";"javascript-string";"A11Y_CONECTOR_LINHA_KEYS";"src/plugin/backend/platform-profiles.js";"96";"16";"A11Y_CONECTOR_LINHA_KEYS.l96c15";"yes";"no";"not-reviewed";""
"hac.backend.platform.profiles.a11y.conector.linha.keys.l97c15.5bc2fc3d";"txt.fd4abe175c94";"48c0a893abb2859bf28fe660db2ef5a8ed998389";"";"vocabulario-dominio";"javascript-string";"A11Y_CONECTOR_LINHA_KEYS";"src/plugin/backend/platform-profiles.js";"97";"16";"A11Y_CONECTOR_LINHA_KEYS.l97c15";"yes";"no";"not-reviewed";""
"hac.backend.platform.profiles.a11y.conector.linha.keys.l98c15.13bfafc6";"txt.a48c979197c4";"d103d6403ab8f289c44499cf931de5d08e1c80a2";"";"vocabulario-dominio";"javascript-string";"A11Y_CONECTOR_LINHA_KEYS";"src/plugin/backend/platform-profiles.js";"98";"16";"A11Y_CONECTOR_LINHA_KEYS.l98c15";"yes";"no";"not-reviewed";""
"hac.backend.platform.profiles.a11y.conector.linha.keys.l99c15.823a3c2a";"txt.1e654681ade7";"406b93c17f12ce592b2854a126b67e23c87a97e4";"";"vocabulario-dominio";"javascript-string";"A11Y_CONECTOR_LINHA_KEYS";"src/plugin/backend/platform-profiles.js";"99";"16";"A11Y_CONECTOR_LINHA_KEYS.l99c15";"yes";"no";"not-reviewed";""
"hac.backend.platform.profiles.a11y.conector.linha.keys.l100c17.1546fd9c";"txt.bc2979715730";"5506fa7159f82aa6984493ed9e8ef60372c3dd72";"";"vocabulario-dominio";"javascript-string";"A11Y_CONECTOR_LINHA_KEYS";"src/plugin/backend/platform-profiles.js";"100";"18";"A11Y_CONECTOR_LINHA_KEYS.l100c17";"yes";"no";"not-reviewed";""
"hac.backend.platform.profiles.a11y.conector.linha.keys.l103c15.2fca091f";"txt.cbbf6d1d18c9";"26fa2e6f7f6a16f35054f29cd12de90bbf190ba0";"";"vocabulario-dominio";"javascript-string";"A11Y_CONECTOR_LINHA_KEYS";"src/plugin/backend/platform-profiles.js";"103";"16";"A11Y_CONECTOR_LINHA_KEYS.l103c15";"yes";"no";"not-reviewed";""
"hac.backend.platform.profiles.a11y.conector.linha.keys.l104c15.4b2859b2";"txt.0135c00d3b3e";"9b9aa1cfd2bb4327be1d72bfb125b326b90bc62e";"";"vocabulario-dominio";"javascript-string";"A11Y_CONECTOR_LINHA_KEYS";"src/plugin/backend/platform-profiles.js";"104";"16";"A11Y_CONECTOR_LINHA_KEYS.l104c15";"yes";"no";"not-reviewed";""
"hac.backend.platform.profiles.a11y.conector.linha.keys.l105c15.6f4e34e1";"txt.b2b3c4e2cbcd";"9ab20cfc07ba0de6fe15754d53804d491ab728bf";"";"vocabulario-dominio";"javascript-string";"A11Y_CONECTOR_LINHA_KEYS";"src/plugin/backend/platform-profiles.js";"105";"16";"A11Y_CONECTOR_LINHA_KEYS.l105c15";"yes";"no";"not-reviewed";""
"hac.backend.platform.profiles.a11y.conector.linha.keys.l106c15.0d00c818";"txt.c82813395686";"575e5b4fe3d2be90721a46cad9e30473503684fa";"";"vocabulario-dominio";"javascript-string";"A11Y_CONECTOR_LINHA_KEYS";"src/plugin/backend/platform-profiles.js";"106";"16";"A11Y_CONECTOR_LINHA_KEYS.l106c15";"yes";"no";"not-reviewed";""
"hac.backend.platform.profiles.a11y.conector.linha.keys.l107c17.c4541aee";"txt.43e75b9fa991";"afedf7e06bde8d754bae4309a121b5760723bb96";"";"vocabulario-dominio";"javascript-string";"A11Y_CONECTOR_LINHA_KEYS";"src/plugin/backend/platform-profiles.js";"107";"18";"A11Y_CONECTOR_LINHA_KEYS.l107c17";"yes";"no";"not-reviewed";""
"hac.backend.platform.profiles.a11y.conector.linha.keys.l110c15.6de88ea5";"txt.c70f6278ddb2";"3bda769bd18a3bcb0dedb3691deaa9548644a3dd";"";"vocabulario-dominio";"javascript-string";"A11Y_CONECTOR_LINHA_KEYS";"src/plugin/backend/platform-profiles.js";"110";"16";"A11Y_CONECTOR_LINHA_KEYS.l110c15";"yes";"no";"not-reviewed";""
"hac.backend.platform.profiles.a11y.conector.linha.keys.l111c15.a4600a9f";"txt.67b9fa747064";"19fa60fe8f30a98e26eff0d2d1c75e973a87dfca";"";"vocabulario-dominio";"javascript-string";"A11Y_CONECTOR_LINHA_KEYS";"src/plugin/backend/platform-profiles.js";"111";"16";"A11Y_CONECTOR_LINHA_KEYS.l111c15";"yes";"no";"not-reviewed";""
"hac.backend.platform.profiles.a11y.conector.linha.keys.l112c15.fa9999e7";"txt.0990b134ff00";"bbea0b89885808fb9af379a23573b2f9360f6b88";"";"vocabulario-dominio";"javascript-string";"A11Y_CONECTOR_LINHA_KEYS";"src/plugin/backend/platform-profiles.js";"112";"16";"A11Y_CONECTOR_LINHA_KEYS.l112c15";"yes";"no";"not-reviewed";""
"hac.backend.platform.profiles.a11y.conector.linha.keys.l113c15.aebea22d";"txt.4d0e9e8f7d54";"ef9578ce7fd51d26cdccc22fbc862bdd716050ce";"";"vocabulario-dominio";"javascript-string";"A11Y_CONECTOR_LINHA_KEYS";"src/plugin/backend/platform-profiles.js";"113";"16";"A11Y_CONECTOR_LINHA_KEYS.l113c15";"yes";"no";"not-reviewed";""
"hac.backend.platform.profiles.a11y.conector.linha.keys.l114c17.b3b67d88";"txt.5e91ec20ed97";"938d4f64c6272528b49c22da2cb03cf54c1ddeff";"";"vocabulario-dominio";"javascript-string";"A11Y_CONECTOR_LINHA_KEYS";"src/plugin/backend/platform-profiles.js";"114";"18";"A11Y_CONECTOR_LINHA_KEYS.l114c17";"yes";"no";"not-reviewed";""
"hac.backend.platform.profiles.a11y.conector.linha.keys.l117c15.a7deca0c";"txt.9d63706b3e87";"3bae568e0f46c702d1a34c9d1d7545352f0af488";"";"vocabulario-dominio";"javascript-string";"A11Y_CONECTOR_LINHA_KEYS";"src/plugin/backend/platform-profiles.js";"117";"16";"A11Y_CONECTOR_LINHA_KEYS.l117c15";"yes";"no";"not-reviewed";""
"hac.backend.platform.profiles.a11y.conector.linha.keys.l118c15.32e2c48c";"txt.e0343ba2e047";"7f737bd2821b3360c3a77a256c68a1aa2b43baa0";"";"vocabulario-dominio";"javascript-string";"A11Y_CONECTOR_LINHA_KEYS";"src/plugin/backend/platform-profiles.js";"118";"16";"A11Y_CONECTOR_LINHA_KEYS.l118c15";"yes";"no";"not-reviewed";""
"hac.backend.platform.profiles.a11y.conector.linha.keys.l119c15.ce663340";"txt.ba990411afa8";"79fae2a5d1438938ff3072d3e677196f78c471f8";"";"vocabulario-dominio";"javascript-string";"A11Y_CONECTOR_LINHA_KEYS";"src/plugin/backend/platform-profiles.js";"119";"16";"A11Y_CONECTOR_LINHA_KEYS.l119c15";"yes";"no";"not-reviewed";""
"hac.backend.platform.profiles.a11y.conector.linha.keys.l120c15.46a416b3";"txt.045f46d8cbcf";"b054d91b10030c6aded2df65a801a425e1c1843f";"";"vocabulario-dominio";"javascript-string";"A11Y_CONECTOR_LINHA_KEYS";"src/plugin/backend/platform-profiles.js";"120";"16";"A11Y_CONECTOR_LINHA_KEYS.l120c15";"yes";"no";"not-reviewed";""
"hac.backend.platform.profiles.a11y.conector.linha.keys.l121c17.71c0760f";"txt.eedcea120a06";"7e1c5465b4c1ff00dfb05baaa6bd7aaa2a508829";"";"vocabulario-dominio";"javascript-string";"A11Y_CONECTOR_LINHA_KEYS";"src/plugin/backend/platform-profiles.js";"121";"18";"A11Y_CONECTOR_LINHA_KEYS.l121c17";"yes";"no";"not-reviewed";""
"hac.backend.platform.profiles.a11y.identificacao.tela.keys.l131c15.6cda20b1";"txt.c3c800291032";"30bc07a9462265a9c69b28f2389c25578fec3a75";"";"vocabulario-dominio";"javascript-string";"A11Y_IDENTIFICACAO_TELA_KEYS";"src/plugin/backend/platform-profiles.js";"131";"16";"A11Y_IDENTIFICACAO_TELA_KEYS.l131c15";"yes";"no";"not-reviewed";""
"hac.backend.platform.profiles.a11y.identificacao.tela.keys.l132c15.ee3c45da";"txt.50672290c91f";"bcaca4f76c4fc4f045706fee17d00432f0e1ed5b";"";"vocabulario-dominio";"javascript-string";"A11Y_IDENTIFICACAO_TELA_KEYS";"src/plugin/backend/platform-profiles.js";"132";"16";"A11Y_IDENTIFICACAO_TELA_KEYS.l132c15";"yes";"no";"not-reviewed";""
"hac.backend.platform.profiles.a11y.identificacao.tela.keys.l133c15.f6ea68ea";"txt.6fa11ae68c5b";"ad35c5a35f919c325fac63197f72d80988a99599";"";"vocabulario-dominio";"javascript-string";"A11Y_IDENTIFICACAO_TELA_KEYS";"src/plugin/backend/platform-profiles.js";"133";"16";"A11Y_IDENTIFICACAO_TELA_KEYS.l133c15";"yes";"no";"not-reviewed";""
"hac.backend.platform.profiles.a11y.identificacao.tela.keys.l134c15.0582b921";"txt.be73acf384cf";"c1827f24908f990a0983b0519c2800c302d9f113";"";"vocabulario-dominio";"javascript-string";"A11Y_IDENTIFICACAO_TELA_KEYS";"src/plugin/backend/platform-profiles.js";"134";"16";"A11Y_IDENTIFICACAO_TELA_KEYS.l134c15";"yes";"no";"not-reviewed";""
"hac.backend.platform.profiles.a11y.identificacao.tela.keys.l135c15.c18c3b46";"txt.caa59f57f342";"64dd33125f08835d3561647ebf1a21bd0221b3f1";"";"vocabulario-dominio";"javascript-string";"A11Y_IDENTIFICACAO_TELA_KEYS";"src/plugin/backend/platform-profiles.js";"135";"16";"A11Y_IDENTIFICACAO_TELA_KEYS.l135c15";"yes";"no";"not-reviewed";""
"hac.backend.platform.profiles.a11y.identificacao.tela.props.l141c11.53426119";"txt.4b32ccd9e51f";"número#1478:0";"";"vocabulario-dominio";"javascript-string";"A11Y_IDENTIFICACAO_TELA_PROPS";"src/plugin/backend/platform-profiles.js";"141";"12";"A11Y_IDENTIFICACAO_TELA_PROPS.l141c11";"yes";"no";"not-reviewed";""
"hac.backend.platform.profiles.a11y.identificacao.tela.props.l142c14.26355c49";"txt.ade73e8dbeff";"mostrar label#733:0";"";"vocabulario-dominio";"javascript-string";"A11Y_IDENTIFICACAO_TELA_PROPS";"src/plugin/backend/platform-profiles.js";"142";"15";"A11Y_IDENTIFICACAO_TELA_PROPS.l142c14";"yes";"no";"not-reviewed";""
"hac.backend.platform.profiles.label.l143c10.a356826c";"txt.f1850c0263b5";"label#733:6";"";"texto-interface";"javascript-string";"label";"src/plugin/backend/platform-profiles.js";"143";"11";"label.l143c10";"yes";"no";"not-reviewed";""
"hac.backend.platform.profiles.a11y.ordenacao.item.key.l149c40.a7949243";"txt.917a666d698f";"860c9f70d42c05f23e00c8414df16911d3292cab";"";"vocabulario-dominio";"javascript-string";"A11Y_ORDENACAO_ITEM_KEY";"src/plugin/backend/platform-profiles.js";"149";"41";"A11Y_ORDENACAO_ITEM_KEY.l149c40";"yes";"no";"not-reviewed";""
"hac.backend.platform.profiles.label.l191c12.d1d2a1c8";"txt.ca84d1343b96";"Web";"";"texto-interface";"javascript-string";"label";"src/plugin/backend/platform-profiles.js";"191";"13";"label.l191c12";"yes";"no";"not-reviewed";""
"hac.backend.platform.profiles.setname.l193c16.57499c64";"txt.f5753c7a14f5";"[hac web] Box specs leitor de tela";"";"revisar";"javascript-string";"setName";"src/plugin/backend/platform-profiles.js";"193";"17";"setName.l193c16";"yes";"no";"not-reviewed";""
"hac.backend.platform.profiles.label.l203c81.0d0daff1";"txt.ea37922d1143";"DSC Legado";"";"texto-interface";"javascript-string";"label";"src/plugin/backend/platform-profiles.js";"203";"82";"label.l203c81";"yes";"no";"not-reviewed";""
"hac.backend.platform.profiles.label.l204c73.804f4c3b";"txt.1ed257b49fa5";"Super DSC | Web";"";"texto-interface";"javascript-string";"label";"src/plugin/backend/platform-profiles.js";"204";"74";"label.l204c73";"yes";"no";"not-reviewed";""
"hac.backend.platform.profiles.strategy.l206c30.800be845";"txt.317cc4211cf6";"exact+alias";"";"revisar";"javascript-string";"strategy";"src/plugin/backend/platform-profiles.js";"206";"31";"strategy.l206c30";"yes";"no";"not-reviewed";""
"hac.backend.platform.profiles.label.l220c12.51df451e";"txt.83d6311e87d4";"Mobile";"";"texto-interface";"javascript-string";"label";"src/plugin/backend/platform-profiles.js";"220";"13";"label.l220c12";"yes";"no";"not-reviewed";""
"hac.backend.platform.profiles.setname.l222c16.f1b027d8";"txt.01afd82187e7";"[hac mob] Box specs leitor de tela";"";"revisar";"javascript-string";"setName";"src/plugin/backend/platform-profiles.js";"222";"17";"setName.l222c16";"yes";"no";"not-reviewed";""
"hac.backend.platform.profiles.label.l234c65.08d9e1fd";"txt.9b32bf465c35";"DSC | Super App";"";"texto-interface";"javascript-string";"label";"src/plugin/backend/platform-profiles.js";"234";"66";"label.l234c65";"yes";"no";"not-reviewed";""
"hac.backend.platform.profiles.label.l235c69.eb867c05";"txt.5d280f1a5656";"DSC | Android";"";"texto-interface";"javascript-string";"label";"src/plugin/backend/platform-profiles.js";"235";"70";"label.l235c69";"yes";"no";"not-reviewed";""
"hac.build.button.1.title.92ca7829";"txt.1bfb1079ad87";"Sobre o hac";"";"texto-interface";"html-attribute:title";"button.1";"src/plugin/build.cjs";"120";"66";"button.1.title";"yes";"no";"not-reviewed";""
"hac.build.button.1.aria.label.8a422fef";"txt.ad35136fe670";"Sobre o hac — versão, vertical responsável e desenvolvimento";"";"acessibilidade";"html-attribute:aria-label";"button.1";"src/plugin/build.cjs";"120";"91";"button.1.aria-label";"yes";"no";"not-reviewed";""
"hac.build.h1.text.1.5c01fe41";"txt.5aca2c82a2f4";"HAC";"";"texto-interface";"html-text";"h1";"src/plugin/build.cjs";"138";"102";"h1.text.1";"yes";"no";"not-reviewed";""
"hac.build.btn.zoom.out.title.77b3769f";"txt.1507b47d2173";"Diminuir escala";"";"texto-interface";"html-attribute:title";"btn-zoom-out";"src/plugin/build.cjs";"143";"80";"btn-zoom-out.title";"yes";"no";"not-reviewed";""
"hac.build.btn.zoom.out.aria.label.4b5164b5";"txt.6fb03c575258";"Diminuir escala da interface";"";"acessibilidade";"html-attribute:aria-label";"btn-zoom-out";"src/plugin/build.cjs";"143";"109";"btn-zoom-out.aria-label";"yes";"no";"not-reviewed";""
"hac.build.btn.zoom.in.title.1b07d606";"txt.8318c833736d";"Aumentar escala";"";"texto-interface";"html-attribute:title";"btn-zoom-in";"src/plugin/build.cjs";"147";"78";"btn-zoom-in.title";"yes";"no";"not-reviewed";""
"hac.build.btn.zoom.in.aria.label.a05c0d99";"txt.52e2e6732ef1";"Aumentar escala da interface";"";"acessibilidade";"html-attribute:aria-label";"btn-zoom-in";"src/plugin/build.cjs";"147";"107";"btn-zoom-in.aria-label";"yes";"no";"not-reviewed";""
"hac.build.button.4.title.8992c7c7";"txt.12a70a37366a";"Alternar tema";"";"texto-interface";"html-attribute:title";"button.4";"src/plugin/build.cjs";"151";"48";"button.4.title";"yes";"no";"not-reviewed";""
"hac.build.button.4.aria.label.51c7e6c7";"txt.c2e425566dfc";"Alternar tema claro/escuro";"";"acessibilidade";"html-attribute:aria-label";"button.4";"src/plugin/build.cjs";"151";"75";"button.4.aria-label";"yes";"no";"not-reviewed";""
"hac.build.btn.collapse.aria.label.438fabfe";"txt.60311e5bf8b1";"Minimizar plugin";"";"acessibilidade";"html-attribute:aria-label";"btn-collapse";"src/plugin/build.cjs";"156";"74";"btn-collapse.aria-label";"yes";"no";"not-reviewed";""
"hac.build.btn.collapse.title.c80915f0";"txt.4c3a98f62d13";"Minimizar — clique no ícone para expandir novamente";"";"texto-interface";"html-attribute:title";"btn-collapse";"src/plugin/build.cjs";"157";"18";"btn-collapse.title";"yes";"no";"not-reviewed";""
"hac.build.btn.hac.backup.menu.title.0000d08c";"txt.6de9e1e88d46";"Salvar / exportar documentação";"";"texto-interface";"html-attribute:title";"btn-hac-backup-menu";"src/plugin/build.cjs";"167";"20";"btn-hac-backup-menu.title";"yes";"no";"not-reviewed";""
"hac.build.btn.hac.backup.menu.aria.label.15c5ed33";"txt.179ba70c27ad";"Salvar, exportar ou importar documentação";"";"acessibilidade";"html-attribute:aria-label";"btn-hac-backup-menu";"src/plugin/build.cjs";"167";"64";"btn-hac-backup-menu.aria-label";"yes";"no";"not-reviewed";""
"hac.build.span.text.1.b9c8b8bf";"txt.36f32f5e2c8d";"Baixar backup (.json)";"";"texto-interface";"html-text";"span";"src/plugin/build.cjs";"177";"37";"span.text.1";"yes";"no";"not-reviewed";""
"hac.build.span.text.2.1b4f0556";"txt.b6ca8007ec0b";"Restaurável só neste arquivo.";"";"texto-interface";"html-text";"span";"src/plugin/build.cjs";"178";"134";"span.text.2";"yes";"no";"not-reviewed";""
"hac.build.span.text.3.620f35f3";"txt.68eefe8343bb";"Exportar para o time (.md)";"";"texto-interface";"html-text";"span";"src/plugin/build.cjs";"185";"37";"span.text.3";"yes";"no";"not-reviewed";""
"hac.build.span.text.4.57a5dabb";"txt.45cc20f8b88d";"Documento legível com as specs.";"";"texto-interface";"html-text";"span";"src/plugin/build.cjs";"186";"134";"span.text.4";"yes";"no";"not-reviewed";""
"hac.build.span.text.5.30eeab8e";"txt.5fa54994fd4b";"Restaurar backup (.json)";"";"texto-interface";"html-text";"span";"src/plugin/build.cjs";"194";"37";"span.text.5";"yes";"no";"not-reviewed";""
"hac.build.span.text.6.f6dd04ad";"txt.ab2c2a742cf5";"Substitui a documentação atual. Só no mesmo arquivo de origem.";"";"texto-interface";"html-text";"span";"src/plugin/build.cjs";"195";"134";"span.text.6";"yes";"no";"not-reviewed";""
"hac.build.a11y.capture.mini.bar.count.text.5e112abb";"txt.5db0642c788e";"0 pontos marcados";"";"texto-interface";"html-text";"a11y-capture-mini-bar-count";"src/plugin/build.cjs";"233";"118";"a11y-capture-mini-bar-count.text";"yes";"no";"not-reviewed";""
"hac.build.a11y.capture.mini.bar.help.data.tooltip.021f04a9";"txt.471d569948af";"Recolher as instruções e liberar espaço no canvas";"";"texto-interface";"html-attribute:data-tooltip";"a11y-capture-mini-bar-help";"src/plugin/build.cjs";"250";"25";"a11y-capture-mini-bar-help.data-tooltip";"yes";"no";"not-reviewed";""
"hac.build.a11y.capture.mini.bar.help.aria.label.358ff68f";"txt.009c9ba7c1b4";"Recolher instruções";"";"acessibilidade";"html-attribute:aria-label";"a11y-capture-mini-bar-help";"src/plugin/build.cjs";"251";"23";"a11y-capture-mini-bar-help.aria-label";"yes";"no";"not-reviewed";""
"hac.build.a11y.capture.mini.bar.cancel.aria.label.aff4c0d5";"txt.760c51af8203";"Cancelar seleção e descartar o que foi marcado";"";"acessibilidade";"html-attribute:aria-label";"a11y-capture-mini-bar-cancel";"src/plugin/build.cjs";"256";"23";"a11y-capture-mini-bar-cancel.aria-label";"yes";"no";"not-reviewed";""
"hac.build.a11y.capture.mini.bar.cancel.text.e29c4525";"txt.62b1466cf22e";"Cancelar";"";"texto-interface";"html-text";"a11y-capture-mini-bar-cancel";"src/plugin/build.cjs";"256";"71";"a11y-capture-mini-bar-cancel.text";"yes";"no";"not-reviewed";""
"hac.build.a11y.capture.mini.bar.finish.aria.label.126a4d5c";"txt.b409511cac32";"Concluir seleção e revisar a lista";"";"acessibilidade";"html-attribute:aria-label";"a11y-capture-mini-bar-finish";"src/plugin/build.cjs";"261";"23";"a11y-capture-mini-bar-finish.aria-label";"yes";"no";"not-reviewed";""
"hac.build.a11y.capture.mini.bar.finish.text.035cf2a9";"txt.391f2e4bd258";"Concluir seleção";"";"texto-interface";"html-text";"a11y-capture-mini-bar-finish";"src/plugin/build.cjs";"261";"59";"a11y-capture-mini-bar-finish.text";"yes";"no";"not-reviewed";""
"hac.build.a11y.capture.bar.instructions.title.text.text.0f6cda18";"txt.37066ca9dc6a";"Ordem de Tabulação";"";"texto-interface";"html-text";"a11y-capture-bar-instructions-title-text";"src/plugin/build.cjs";"274";"153";"a11y-capture-bar-instructions-title-text.text";"yes";"no";"not-reviewed";""
"hac.build.a11y.capture.bar.instructions.heading.text.54bbfc5b";"txt.b0da0e72b688";"Instruções sobre o tipo de documentação";"";"texto-interface";"html-text";"a11y-capture-bar-instructions-heading";"src/plugin/build.cjs";"277";"124";"a11y-capture-bar-instructions-heading.text";"yes";"no";"not-reviewed";""
"hac.build.a11y.capture.bar.steps.heading.text.6086c4c2";"txt.b9f77d39a810";"Como fazer";"";"texto-interface";"html-text";"a11y-capture-bar-steps-heading";"src/plugin/build.cjs";"281";"117";"a11y-capture-bar-steps-heading.text";"yes";"no";"not-reviewed";""
"hac.build.div.text.1.5648d12a";"txt.368aee88e068";"${viewHome}\n${viewSpecs}\n${modalsShared}";"";"texto-interface";"html-text";"div";"src/plugin/build.cjs";"287";"56";"div.text.1";"no";"no";"not-reviewed";""
"hac.build.btn.top.title.c654620b";"txt.38e998c3a17b";"Voltar ao topo";"";"texto-interface";"html-attribute:title";"btn-top";"src/plugin/build.cjs";"303";"55";"btn-top.title";"yes";"no";"not-reviewed";""
"hac.build.btn.top.aria.label.3ea8c743";"txt.38e998c3a17b";"Voltar ao topo";"";"acessibilidade";"html-attribute:aria-label";"btn-top";"src/plugin/build.cjs";"303";"83";"btn-top.aria-label";"yes";"no";"not-reviewed";""
"hac.build.script.text.1.d7a0a39a";"txt.46f46d4d4bb1";"{\nif (typeof lucide !== 'undefined') lucide.createIcons();\n});";"";"texto-interface";"html-text";"script";"src/plugin/build.cjs";"387";"42";"script.text.1";"yes";"no";"not-reviewed";""
"hac.code.indexof.l201c53.f4e94ed9";"txt.23091951e0cf";"seed (não remover";"";"revisar";"javascript-string";"indexOf";"src/plugin/code.js";"201";"54";"indexOf.l201c53";"yes";"no";"not-reviewed";""
"hac.code.findone.l543c59.d0280fce";"txt.53b0a1b2fadf";"Number";"";"revisar";"javascript-string";"findOne";"src/plugin/code.js";"543";"60";"findOne.l543c59";"yes";"no";"not-reviewed";""
"hac.code.tryimporta11ymobilewrappercomponent.l611c38.dfc31adf";"txt.adf0171754fc";"a11y-mobile-wrapper-sem-key-de-variante:";"";"revisar";"javascript-string";"_tryImportA11yMobileWrapperComponent";"src/plugin/code.js";"611";"39";"_tryImportA11yMobileWrapperComponent.l611c38";"yes";"no";"not-reviewed";""
"hac.code.filla11ymobileelementoseimagensfields.findnestedinstance.df40bdcb";"txt.e9df693ec666";"Descrição";"";"revisar";"javascript-string";"_fillA11yMobileElementosEImagensFields > _findNestedInstanceWithAnyProp";"src/plugin/code.js";"671";"68";"_fillA11yMobileElementosEImagensFields > _findNestedInstanceWithAnyProp.l671c67";"yes";"no";"not-reviewed";""
"hac.code.filla11ymobileelementoseimagensfields.findnestedinstance.aabf36ca";"txt.73731b9780ed";"Nome acessível";"";"revisar";"javascript-string";"_fillA11yMobileElementosEImagensFields > _findNestedInstanceWithAnyProp";"src/plugin/code.js";"671";"81";"_fillA11yMobileElementosEImagensFields > _findNestedInstanceWithAnyProp.l671c80";"yes";"no";"not-reviewed";""
"hac.code.filla11ymobileelementoseimagensfields.findnestedinstance.fd1bd05f";"txt.fe751aff9198";"Dica Leitor de Tela";"";"revisar";"javascript-string";"_fillA11yMobileElementosEImagensFields > _findNestedInstanceWithAnyProp";"src/plugin/code.js";"671";"99";"_fillA11yMobileElementosEImagensFields > _findNestedInstanceWithAnyProp.l671c98";"yes";"no";"not-reviewed";""
"hac.code.filla11ymobileelementoseimagensfields.findnestedinstance.20ba5325";"txt.349a77d189ca";"Observação";"";"revisar";"javascript-string";"_fillA11yMobileElementosEImagensFields > _findNestedInstanceWithAnyProp";"src/plugin/code.js";"671";"122";"_fillA11yMobileElementosEImagensFields > _findNestedInstanceWithAnyProp.l671c121";"yes";"no";"not-reviewed";""
"hac.code.filla11ymobileelementoseimagensfields.descricaotexto.l68.09f529f2";"txt.4e41d80938b5";"descricao";"";"texto-interface";"javascript-string";"_fillA11yMobileElementosEImagensFields > descricaoTexto";"src/plugin/code.js";"687";"35";"_fillA11yMobileElementosEImagensFields > descricaoTexto.l687c34";"yes";"no";"not-reviewed";""
"hac.code.filla11ymobileelementoseimagensfields.findrawkey.l688c35.d16a5cf5";"txt.e9df693ec666";"Descrição";"";"revisar";"javascript-string";"_fillA11yMobileElementosEImagensFields > findRawKey";"src/plugin/code.js";"688";"36";"_fillA11yMobileElementosEImagensFields > findRawKey.l688c35";"yes";"no";"not-reviewed";""
"hac.code.filla11ymobileelementoseimagensfields.dicatexto.l694c29.16ac05af";"txt.504252eac75e";"accessibilityHint";"";"texto-interface";"javascript-string";"_fillA11yMobileElementosEImagensFields > dicaTexto";"src/plugin/code.js";"694";"30";"_fillA11yMobileElementosEImagensFields > dicaTexto.l694c29";"yes";"no";"not-reviewed";""
"hac.code.filla11ymobileelementoseimagensfields.findrawkey.l695c30.b7f63516";"txt.fe751aff9198";"Dica Leitor de Tela";"";"revisar";"javascript-string";"_fillA11yMobileElementosEImagensFields > findRawKey";"src/plugin/code.js";"695";"31";"_fillA11yMobileElementosEImagensFields > findRawKey.l695c30";"yes";"no";"not-reviewed";""
"hac.code.filla11ymobileelementoseimagensfields.observacaotexto.l7.14a88375";"txt.4e726143bae7";"observacoes";"";"texto-interface";"javascript-string";"_fillA11yMobileElementosEImagensFields > observacaoTexto";"src/plugin/code.js";"701";"36";"_fillA11yMobileElementosEImagensFields > observacaoTexto.l701c35";"yes";"no";"not-reviewed";""
"hac.code.filla11ymobileelementoseimagensfields.findrawkey.l702c36.4a397e13";"txt.349a77d189ca";"Observação";"";"revisar";"javascript-string";"_fillA11yMobileElementosEImagensFields > findRawKey";"src/plugin/code.js";"702";"37";"_fillA11yMobileElementosEImagensFields > findRawKey.l702c36";"yes";"no";"not-reviewed";""
"hac.code.filla11ymobileelementoseimagensfields.nomeacessiveltexto.14dd1a97";"txt.64c65374dbab";"label";"";"texto-interface";"javascript-string";"_fillA11yMobileElementosEImagensFields > nomeAcessivelTexto";"src/plugin/code.js";"710";"39";"_fillA11yMobileElementosEImagensFields > nomeAcessivelTexto.l710c38";"yes";"no";"not-reviewed";""
"hac.code.filla11ymobileelementoseimagensfields.findrawkey.l711c39.759fc7b8";"txt.73731b9780ed";"Nome acessível";"";"revisar";"javascript-string";"_fillA11yMobileElementosEImagensFields > findRawKey";"src/plugin/code.js";"711";"40";"_fillA11yMobileElementosEImagensFields > findRawKey.l711c39";"yes";"no";"not-reviewed";""
"hac.code.syncnestedinstancetext.textokey.l733c92.40e046be";"txt.ea631551f556";"Texto";"";"texto-interface";"javascript-string";"syncNestedInstanceText > textoKey";"src/plugin/code.js";"733";"93";"syncNestedInstanceText > textoKey.l733c92";"yes";"no";"not-reviewed";""
"hac.code.filla11ymobileelementoseimagensfields.syncnestedinstance.f8e436c0";"txt.e9df693ec666";"Descrição";"";"revisar";"javascript-string";"_fillA11yMobileElementosEImagensFields > syncNestedInstanceText";"src/plugin/code.js";"737";"27";"_fillA11yMobileElementosEImagensFields > syncNestedInstanceText.l737c26";"yes";"no";"not-reviewed";""
"hac.code.filla11ymobileelementoseimagensfields.syncnestedinstance.071bbdac";"txt.e1b02384952e";"Dica para Leitor de Tela";"";"revisar";"javascript-string";"_fillA11yMobileElementosEImagensFields > syncNestedInstanceText";"src/plugin/code.js";"738";"27";"_fillA11yMobileElementosEImagensFields > syncNestedInstanceText.l738c26";"yes";"no";"not-reviewed";""
"hac.code.filla11ymobileelementoseimagensfields.syncnestedinstance.daad7633";"txt.c358a1fc1734";"Observações";"";"revisar";"javascript-string";"_fillA11yMobileElementosEImagensFields > syncNestedInstanceText";"src/plugin/code.js";"739";"27";"_fillA11yMobileElementosEImagensFields > syncNestedInstanceText.l739c26";"yes";"no";"not-reviewed";""
"hac.code.filla11ymobileelementoseimagensfields.syncnestedinstance.ed7313d4";"txt.73731b9780ed";"Nome acessível";"";"revisar";"javascript-string";"_fillA11yMobileElementosEImagensFields > syncNestedInstanceText";"src/plugin/code.js";"740";"27";"_fillA11yMobileElementosEImagensFields > syncNestedInstanceText.l740c26";"yes";"no";"not-reviewed";""
"hac.code.filla11ymobileelementoseimagensfields.findnestedinstance.cd715278";"txt.4f0aa52d656a";"Link";"";"revisar";"javascript-string";"_fillA11yMobileElementosEImagensFields > _findNestedInstanceWithAnyProp";"src/plugin/code.js";"749";"73";"_fillA11yMobileElementosEImagensFields > _findNestedInstanceWithAnyProp.l749c72";"yes";"no";"not-reviewed";""
"hac.code.textokey.l756c36.02a15bd2";"txt.ea631551f556";"Texto";"";"texto-interface";"javascript-string";"textoKey";"src/plugin/code.js";"756";"37";"textoKey.l756c36";"yes";"no";"not-reviewed";""
"hac.code.componentereal.l796c34.1c2347b6";"txt.134cd863bd84";"Personalizado";"";"texto-interface";"javascript-string";"_componenteReal";"src/plugin/code.js";"796";"35";"_componenteReal.l796c34";"yes";"no";"not-reviewed";""
"hac.code.filla11ymobileelementoseimagensfields.componentekey.l803.3af657bb";"txt.b997b3fca96a";"Componente";"";"texto-interface";"javascript-string";"_fillA11yMobileElementosEImagensFields > _componenteKey";"src/plugin/code.js";"803";"40";"_fillA11yMobileElementosEImagensFields > _componenteKey.l803c39";"yes";"no";"not-reviewed";""
"hac.code.componentefound.l806c58.4bcd438d";"txt.b997b3fca96a";"Componente";"";"texto-interface";"javascript-string";"componenteFound";"src/plugin/code.js";"806";"59";"componenteFound.l806c58";"yes";"no";"not-reviewed";""
"hac.code.filla11ymobiletitulofields.findnestedinstancewithanyprop.47ff5cc9";"txt.c358a1fc1734";"Observações";"";"revisar";"javascript-string";"_fillA11yMobileTituloFields > _findNestedInstanceWithAnyProp";"src/plugin/code.js";"842";"68";"_fillA11yMobileTituloFields > _findNestedInstanceWithAnyProp.l842c67";"yes";"no";"not-reviewed";""
"hac.code.filla11ymobiletitulofields.observacaotexto.l851c35.b75c6712";"txt.4e726143bae7";"observacoes";"";"texto-interface";"javascript-string";"_fillA11yMobileTituloFields > observacaoTexto";"src/plugin/code.js";"851";"36";"_fillA11yMobileTituloFields > observacaoTexto.l851c35";"yes";"no";"not-reviewed";""
"hac.code.findtextnodebycurrentvalue.l864c9.e9c9c722";"txt.477022c0b896";"É um elemento que ajuda a organizar o conteúdo da página, fornecendo uma estrutura clara e semântica.";"";"revisar";"javascript-string";"_findTextNodeByCurrentValue";"src/plugin/code.js";"864";"10";"_findTextNodeByCurrentValue.l864c9";"yes";"no";"not-reviewed";""
"hac.code.filla11ymobiledecorativofields.findnestedinstancewithany.28db648e";"txt.c358a1fc1734";"Observações";"";"revisar";"javascript-string";"_fillA11yMobileDecorativoFields > _findNestedInstanceWithAnyProp";"src/plugin/code.js";"890";"68";"_fillA11yMobileDecorativoFields > _findNestedInstanceWithAnyProp.l890c67";"yes";"no";"not-reviewed";""
"hac.code.filla11ymobiledecorativofields.observacaotexto.l899c35.f1d935d9";"txt.4e726143bae7";"observacoes";"";"texto-interface";"javascript-string";"_fillA11yMobileDecorativoFields > observacaoTexto";"src/plugin/code.js";"899";"36";"_fillA11yMobileDecorativoFields > observacaoTexto.l899c35";"yes";"no";"not-reviewed";""
"hac.code.findtextnodebycurrentvalue.l910c72.69992694";"txt.3026364c880a";"Insira seu texto da observação.";"";"revisar";"javascript-string";"_findTextNodeByCurrentValue";"src/plugin/code.js";"910";"73";"_findTextNodeByCurrentValue.l910c72";"yes";"no";"not-reviewed";""
"hac.code.setandverifyvariants.l1012c31.f4ea4705";"txt.556ea82eb39a";"${reason}: property ""${name}"" inexistente na instância ""${instance.name}""";"";"revisar";"javascript-template";"_setAndVerifyVariants";"src/plugin/code.js";"1012";"32";"_setAndVerifyVariants.l1012c31";"no";"no";"not-reviewed";""
"hac.code.setandverifyvariants.l1018c21.e587a7c9";"txt.a42744d9102a";"${reason}: ${e && e.message ? e.message : e}";"";"revisar";"javascript-template";"_setAndVerifyVariants";"src/plugin/code.js";"1018";"22";"_setAndVerifyVariants.l1018c21";"no";"no";"not-reviewed";""
"hac.code.setandverifyvariants.l1022c43.2b8b377c";"txt.8898d9a7fdec";"${reason}: ""${key}"" ficou ""${actual}"" em vez de ""${value}""";"";"revisar";"javascript-template";"_setAndVerifyVariants";"src/plugin/code.js";"1022";"44";"_setAndVerifyVariants.l1022c43";"no";"no";"not-reviewed";""
"hac.code.applywebbooleantextfield.textokey.l1038c102.de0dba08";"txt.ea631551f556";"texto";"";"texto-interface";"javascript-string";"_applyWebBooleanTextField > textoKey";"src/plugin/code.js";"1038";"103";"_applyWebBooleanTextField > textoKey.l1038c102";"yes";"no";"not-reviewed";""
"hac.code.filla11ywebelementofields.l1063c21.95102f8a";"txt.af28384f9c91";"a11y-elemento-componente-fora-da-base:";"";"revisar";"javascript-string";"_fillA11yWebElementoFields";"src/plugin/code.js";"1063";"22";"_fillA11yWebElementoFields.l1063c21";"yes";"no";"not-reviewed";""
"hac.code.filla11ywebelementofields.l1063c113.37593ecb";"txt.a015d255b434";"(sem componente)";"";"revisar";"javascript-string";"_fillA11yWebElementoFields";"src/plugin/code.js";"1063";"114";"_fillA11yWebElementoFields.l1063c113";"yes";"no";"not-reviewed";""
"hac.code.filla11ywebelementofields.content.l1066c55.150710b6";"txt.b997b3fca96a";"Componente";"";"texto-interface";"javascript-string";"_fillA11yWebElementoFields > content";"src/plugin/code.js";"1066";"56";"_fillA11yWebElementoFields > content.l1066c55";"yes";"no";"not-reviewed";""
"hac.code.filla11ywebelementofields.l1067c33.c19b42dc";"txt.7d4c9ffc0ba7";"a11y-web-set-falhou: instância de conteúdo com ""Componente"" não encontrada no wrapper";"";"revisar";"javascript-string";"_fillA11yWebElementoFields";"src/plugin/code.js";"1067";"34";"_fillA11yWebElementoFields.l1067c33";"yes";"no";"not-reviewed";""
"hac.code.filla11ywebelementofields.findinstancebypropnames.l1074c.7e451ac7";"txt.2cccdb3dac0d";"Leitor de Tela";"";"revisar";"javascript-string";"_fillA11yWebElementoFields > _findInstanceByPropNames";"src/plugin/code.js";"1074";"61";"_fillA11yWebElementoFields > _findInstanceByPropNames.l1074c60";"yes";"no";"not-reviewed";""
"hac.code.filla11ywebelementofields.findinstancebypropnames.l1074c.4d517f69";"txt.73731b9780ed";"Nome Acessível";"";"revisar";"javascript-string";"_fillA11yWebElementoFields > _findInstanceByPropNames";"src/plugin/code.js";"1074";"79";"_fillA11yWebElementoFields > _findInstanceByPropNames.l1074c78";"yes";"no";"not-reviewed";""
"hac.code.filla11ywebelementofields.findinstancebypropnames.l1074c.256e9253";"txt.c358a1fc1734";"Observações";"";"revisar";"javascript-string";"_fillA11yWebElementoFields > _findInstanceByPropNames";"src/plugin/code.js";"1074";"97";"_fillA11yWebElementoFields > _findInstanceByPropNames.l1074c96";"yes";"no";"not-reviewed";""
"hac.code.filla11ywebelementofields.instancepropkey.l1078c49.cba7d519";"txt.2cccdb3dac0d";"Leitor de Tela";"";"revisar";"javascript-string";"_fillA11yWebElementoFields > _instancePropKey";"src/plugin/code.js";"1078";"50";"_fillA11yWebElementoFields > _instancePropKey.l1078c49";"yes";"no";"not-reviewed";""
"hac.code.filla11ywebelementofields.setandverifyvariants.l1079c44.02a40f4b";"txt.2cccdb3dac0d";"Leitor de Tela";"";"revisar";"javascript-string";"_fillA11yWebElementoFields > _setAndVerifyVariants";"src/plugin/code.js";"1079";"45";"_fillA11yWebElementoFields > _setAndVerifyVariants.l1079c44";"yes";"no";"not-reviewed";""
"hac.code.filla11ywebelementofields.applywebbooleantextfield.l1082.9259996e";"txt.73731b9780ed";"Nome Acessível";"";"revisar";"javascript-string";"_fillA11yWebElementoFields > _applyWebBooleanTextField";"src/plugin/code.js";"1082";"45";"_fillA11yWebElementoFields > _applyWebBooleanTextField.l1082c44";"yes";"no";"not-reviewed";""
"hac.code.filla11ywebelementofields.applywebbooleantextfield.l1083.2ab8624b";"txt.c358a1fc1734";"Observações";"";"revisar";"javascript-string";"_fillA11yWebElementoFields > _applyWebBooleanTextField";"src/plugin/code.js";"1083";"45";"_fillA11yWebElementoFields > _applyWebBooleanTextField.l1083c44";"yes";"no";"not-reviewed";""
"hac.code.filla11ywebtitulofields.l1094c48.b9da72e4";"txt.9b2830889648";"a11y-web-set-falhou: nível de título fora da base:";"";"revisar";"javascript-string";"_fillA11yWebTituloFields";"src/plugin/code.js";"1094";"49";"_fillA11yWebTituloFields.l1094c48";"yes";"no";"not-reviewed";""
"hac.code.filla11ywebtitulofields.l1097c33.d1071f0f";"txt.2f6f6f0e92c7";"a11y-web-set-falhou: instância """;"";"revisar";"javascript-string";"_fillA11yWebTituloFields";"src/plugin/code.js";"1097";"34";"_fillA11yWebTituloFields.l1097c33";"yes";"no";"not-reviewed";""
"hac.code.filla11ywebtitulofields.l1097c84.467962e8";"txt.850995bed081";""" não encontrada no wrapper";"";"revisar";"javascript-string";"_fillA11yWebTituloFields";"src/plugin/code.js";"1097";"85";"_fillA11yWebTituloFields.l1097c84";"yes";"no";"not-reviewed";""
"hac.code.filla11ywebtitulofields.setandverifyvariants.l1098c36.d48af24b";"txt.e716f916ba0f";"Nível";"";"revisar";"javascript-string";"_fillA11yWebTituloFields > _setAndVerifyVariants";"src/plugin/code.js";"1098";"37";"_fillA11yWebTituloFields > _setAndVerifyVariants.l1098c36";"yes";"no";"not-reviewed";""
"hac.code.filla11ywebdecorativofields.l1107c33.4d68dedd";"txt.2f6f6f0e92c7";"a11y-web-set-falhou: instância """;"";"revisar";"javascript-string";"_fillA11yWebDecorativoFields";"src/plugin/code.js";"1107";"34";"_fillA11yWebDecorativoFields.l1107c33";"yes";"no";"not-reviewed";""
"hac.code.filla11ywebdecorativofields.l1107c84.dc66ff9a";"txt.850995bed081";""" não encontrada no wrapper";"";"revisar";"javascript-string";"_fillA11yWebDecorativoFields";"src/plugin/code.js";"1107";"85";"_fillA11yWebDecorativoFields.l1107c84";"yes";"no";"not-reviewed";""
"hac.code.filla11ywebdecorativofields.applywebbooleantextfield.l11.f92626e2";"txt.c358a1fc1734";"Observações";"";"revisar";"javascript-string";"_fillA11yWebDecorativoFields > _applyWebBooleanTextField";"src/plugin/code.js";"1108";"39";"_fillA11yWebDecorativoFields > _applyWebBooleanTextField.l1108c38";"yes";"no";"not-reviewed";""
"hac.code.idiomas.l1117c54.c82fcf4c";"txt.113cff8ac7ee";"Idioma";"";"revisar";"javascript-string";"idiomas";"src/plugin/code.js";"1117";"55";"idiomas.l1117c54";"yes";"no";"not-reviewed";""
"hac.code.web.estrutura.variacao.by.form.l1117c64.73a82135";"txt.60329fb0364b";"marco de navegacao";"";"revisar";"javascript-string";"_WEB_ESTRUTURA_VARIACAO_BY_FORM";"src/plugin/code.js";"1117";"65";"_WEB_ESTRUTURA_VARIACAO_BY_FORM.l1117c64";"yes";"no";"not-reviewed";""
"hac.code.marco.de.navegacao.l1117c86.7a301dce";"txt.f745de63440f";"Marco de navegação";"";"revisar";"javascript-string";"marco de navegacao";"src/plugin/code.js";"1117";"87";"marco de navegacao.l1117c86";"yes";"no";"not-reviewed";""
"hac.code.web.estrutura.variacao.by.form.l1117c108.e29dca08";"txt.661a49c01068";"titulo da pagina";"";"revisar";"javascript-string";"_WEB_ESTRUTURA_VARIACAO_BY_FORM";"src/plugin/code.js";"1117";"109";"_WEB_ESTRUTURA_VARIACAO_BY_FORM.l1117c108";"yes";"no";"not-reviewed";""
"hac.code.titulo.da.pagina.l1117c128.20034430";"txt.dead91f968b4";"Título da Página";"";"revisar";"javascript-string";"titulo da pagina";"src/plugin/code.js";"1117";"129";"titulo da pagina.l1117c128";"yes";"no";"not-reviewed";""
"hac.code.web.estrutura.idioma.tipo.by.form.l1118c46.1285d62e";"txt.8dd5ae3334cc";"da pagina";"";"revisar";"javascript-string";"_WEB_ESTRUTURA_IDIOMA_TIPO_BY_FORM";"src/plugin/code.js";"1118";"47";"_WEB_ESTRUTURA_IDIOMA_TIPO_BY_FORM.l1118c46";"yes";"no";"not-reviewed";""
"hac.code.da.pagina.l1118c59.b4bc1fdb";"txt.fe34fd93c8e7";"Página";"";"revisar";"javascript-string";"da pagina";"src/plugin/code.js";"1118";"60";"da pagina.l1118c59";"yes";"no";"not-reviewed";""
"hac.code.web.estrutura.idioma.tipo.by.form.l1118c69.e364a84b";"txt.a84778a25727";"das partes";"";"revisar";"javascript-string";"_WEB_ESTRUTURA_IDIOMA_TIPO_BY_FORM";"src/plugin/code.js";"1118";"70";"_WEB_ESTRUTURA_IDIOMA_TIPO_BY_FORM.l1118c69";"yes";"no";"not-reviewed";""
"hac.code.das.partes.l1118c83.1e87dd73";"txt.3653c5dfa95b";"Parte";"";"revisar";"javascript-string";"das partes";"src/plugin/code.js";"1118";"84";"das partes.l1118c83";"yes";"no";"not-reviewed";""
"hac.code.filla11ywebestruturafields.l1125c21.ce2f06c4";"txt.b92e8731db94";"a11y-estrutura-sem-variante-na-base:";"";"revisar";"javascript-string";"_fillA11yWebEstruturaFields";"src/plugin/code.js";"1125";"22";"_fillA11yWebEstruturaFields.l1125c21";"yes";"no";"not-reviewed";""
"hac.code.filla11ywebestruturafields.l1130c20.41a7714c";"txt.f745de63440f";"Marco de navegação";"";"revisar";"javascript-string";"_fillA11yWebEstruturaFields";"src/plugin/code.js";"1130";"21";"_fillA11yWebEstruturaFields.l1130c20";"yes";"no";"not-reviewed";""
"hac.code.filla11ywebestruturafields.l1132c32.d24f165c";"txt.e0d23f43765d";"a11y-estrutura-sem-variante-na-base: marco de navegação """;"";"revisar";"javascript-string";"_fillA11yWebEstruturaFields";"src/plugin/code.js";"1132";"33";"_fillA11yWebEstruturaFields.l1132c32";"yes";"no";"not-reviewed";""
"hac.code.filla11ywebestruturafields.l1133c27.ab0439aa";"txt.113cff8ac7ee";"Idioma";"";"revisar";"javascript-string";"_fillA11yWebEstruturaFields";"src/plugin/code.js";"1133";"28";"_fillA11yWebEstruturaFields.l1133c27";"yes";"no";"not-reviewed";""
"hac.code.literal.l1135c67.a382ed89";"txt.985698de41d4";"a11y-estrutura-sem-variante-na-base: idioma """;"";"revisar";"javascript-string";"";"src/plugin/code.js";"1135";"68";"literal.l1135c67";"yes";"no";"not-reviewed";""
"hac.code.filla11ywebestruturafields.l1140c33.9fe32f1d";"txt.2f6f6f0e92c7";"a11y-web-set-falhou: instância """;"";"revisar";"javascript-string";"_fillA11yWebEstruturaFields";"src/plugin/code.js";"1140";"34";"_fillA11yWebEstruturaFields.l1140c33";"yes";"no";"not-reviewed";""
"hac.code.filla11ywebestruturafields.l1140c84.b15c0224";"txt.850995bed081";""" não encontrada no wrapper";"";"revisar";"javascript-string";"_fillA11yWebEstruturaFields";"src/plugin/code.js";"1140";"85";"_fillA11yWebEstruturaFields.l1140c84";"yes";"no";"not-reviewed";""
"hac.code.filla11ywebestruturafields.setandverifyvariants.l1141c36.c1be3e56";"txt.7d20d5a7e6bd";"Variação";"";"revisar";"javascript-string";"_fillA11yWebEstruturaFields > _setAndVerifyVariants";"src/plugin/code.js";"1141";"37";"_fillA11yWebEstruturaFields > _setAndVerifyVariants.l1141c36";"yes";"no";"not-reviewed";""
"hac.code.filla11ywebestruturafields.findinstancebypropnames.l1146.49ffb1ad";"txt.db78ff0a8439";"Tipo";"";"revisar";"javascript-string";"_fillA11yWebEstruturaFields > _findInstanceByPropNames";"src/plugin/code.js";"1146";"55";"_fillA11yWebEstruturaFields > _findInstanceByPropNames.l1146c54";"yes";"no";"not-reviewed";""
"hac.code.filla11ywebestruturafields.l1147c33.9703ca81";"txt.15ead3ea45f3";"a11y-web-set-falhou: instância com ""Tipo"" não encontrada em """;"";"revisar";"javascript-string";"_fillA11yWebEstruturaFields";"src/plugin/code.js";"1147";"34";"_fillA11yWebEstruturaFields.l1147c33";"yes";"no";"not-reviewed";""
"hac.code.filla11ywebestruturafields.l1149c22.92360d60";"txt.113cff8ac7ee";"Idioma";"";"revisar";"javascript-string";"_fillA11yWebEstruturaFields";"src/plugin/code.js";"1149";"23";"_fillA11yWebEstruturaFields.l1149c22";"yes";"no";"not-reviewed";""
"hac.code.filla11ywebestruturafields.applywebbooleantextfield.l115.afbef5b8";"txt.c358a1fc1734";"Observações";"";"revisar";"javascript-string";"_fillA11yWebEstruturaFields > _applyWebBooleanTextField";"src/plugin/code.js";"1150";"50";"_fillA11yWebEstruturaFields > _applyWebBooleanTextField.l1150c49";"yes";"no";"not-reviewed";""
"hac.code.literal.l1175c23.6d13a111";"txt.508dc8fb4e20";"a11y-web-set-falhou: categoria sem preenchimento:";"";"revisar";"javascript-string";"";"src/plugin/code.js";"1175";"24";"literal.l1175c23";"yes";"no";"not-reviewed";""
"hac.code.tryimporta11ywebwrappercomponent.besteffortsynca11ybadge.bb2f8baa";"txt.413b54cff6a8";"Número";"";"revisar";"javascript-string";"_tryImportA11yWebWrapperComponent > _bestEffortSyncA11yBadgeLetter";"src/plugin/code.js";"1188";"82";"_tryImportA11yWebWrapperComponent > _bestEffortSyncA11yBadgeLetter.l1188c81";"yes";"no";"not-reviewed";""
"hac.code.tryimporta11ywebwrappercomponent.besteffortsynca11ybadge.a357ea3e";"txt.e716f916ba0f";"Nível";"";"revisar";"javascript-string";"_tryImportA11yWebWrapperComponent > _bestEffortSyncA11yBadgeLetter";"src/plugin/code.js";"1188";"92";"_tryImportA11yWebWrapperComponent > _bestEffortSyncA11yBadgeLetter.l1188c91";"yes";"no";"not-reviewed";""
"hac.code.tryimporta11ywebwrappercomponent.besteffortsynca11ybadge.b211165d";"txt.94078cac4e46";"Letra";"";"revisar";"javascript-string";"_tryImportA11yWebWrapperComponent > _bestEffortSyncA11yBadgeLetter";"src/plugin/code.js";"1188";"101";"_tryImportA11yWebWrapperComponent > _bestEffortSyncA11yBadgeLetter.l1188c100";"yes";"no";"not-reviewed";""
"hac.code.tryimporta11ycomponent.l1204c33.0e0b0f8d";"txt.3e4661439e3e";"a11y-sem-wrapper-no-perfil:";"";"revisar";"javascript-string";"_tryImportA11yComponent";"src/plugin/code.js";"1204";"34";"_tryImportA11yComponent.l1204c33";"yes";"no";"not-reviewed";""
"hac.code.a11y.side.to.orientacao.l1228c42.87ffefe3";"txt.3d2a0394f7bd";"esquerda";"";"vocabulario-dominio";"javascript-string";"_A11Y_SIDE_TO_ORIENTACAO";"src/plugin/code.js";"1228";"43";"_A11Y_SIDE_TO_ORIENTACAO.l1228c42";"yes";"no";"not-reviewed";""
"hac.code.a11y.side.to.orientacao.l1228c61.3c73b2c7";"txt.ba6a1047aedd";"direita";"";"vocabulario-dominio";"javascript-string";"_A11Y_SIDE_TO_ORIENTACAO";"src/plugin/code.js";"1228";"62";"_A11Y_SIDE_TO_ORIENTACAO.l1228c61";"yes";"no";"not-reviewed";""
"hac.code.a11y.side.to.orientacao.l1228c77.652e3033";"txt.063dcf21f72d";"superior";"";"vocabulario-dominio";"javascript-string";"_A11Y_SIDE_TO_ORIENTACAO";"src/plugin/code.js";"1228";"78";"_A11Y_SIDE_TO_ORIENTACAO.l1228c77";"yes";"no";"not-reviewed";""
"hac.code.a11y.side.to.orientacao.l1228c97.8b7bb2e5";"txt.9278fe9049f0";"inferior";"";"vocabulario-dominio";"javascript-string";"_A11Y_SIDE_TO_ORIENTACAO";"src/plugin/code.js";"1228";"98";"_A11Y_SIDE_TO_ORIENTACAO.l1228c97";"yes";"no";"not-reviewed";""
"hac.code.a11y.agrupamento.letter.prop.key.l1268c13.691491a2";"txt.efce07b5001f";"Número#10766:0";"";"vocabulario-dominio";"javascript-string";"A11Y_AGRUPAMENTO_LETTER_PROP_KEY";"src/plugin/code.js";"1268";"14";"A11Y_AGRUPAMENTO_LETTER_PROP_KEY.l1268c13";"yes";"no";"not-reviewed";""
"hac.code.a11y.agrupamento.letter.prop.key.l1269c14.a1cf4046";"txt.ca85f1be2f5c";"Letra#10766:2";"";"vocabulario-dominio";"javascript-string";"A11Y_AGRUPAMENTO_LETTER_PROP_KEY";"src/plugin/code.js";"1269";"15";"A11Y_AGRUPAMENTO_LETTER_PROP_KEY.l1269c14";"yes";"no";"not-reviewed";""
"hac.code.a11y.agrupamento.letter.prop.key.l1270c11.092683f9";"txt.a3dc3f67c440";"Nível#10766:1";"";"vocabulario-dominio";"javascript-string";"A11Y_AGRUPAMENTO_LETTER_PROP_KEY";"src/plugin/code.js";"1270";"12";"A11Y_AGRUPAMENTO_LETTER_PROP_KEY.l1270c11";"yes";"no";"not-reviewed";""
"hac.code.tryimporta11yagrupamento.l1276c34.20eb0477";"txt.8a95476d9e79";"a11y-agrupamento-tipo-desconhecido:";"";"revisar";"javascript-string";"_tryImportA11yAgrupamento";"src/plugin/code.js";"1276";"35";"_tryImportA11yAgrupamento.l1276c34";"yes";"no";"not-reviewed";""
"hac.code.tryimporta11yagrupamento.l1278c29.d34a083b";"txt.d48e5f0b9189";"a11y-agrupamento-orientacao-desconhecida:";"";"revisar";"javascript-string";"_tryImportA11yAgrupamento";"src/plugin/code.js";"1278";"30";"_tryImportA11yAgrupamento.l1278c29";"yes";"no";"not-reviewed";""
"hac.code.tryimporta11yagrupamento.name.l1282c19.9962bf7c";"txt.c1d5e706dff4";"Agrupamento";"";"revisar";"javascript-string";"_tryImportA11yAgrupamento > name";"src/plugin/code.js";"1282";"20";"_tryImportA11yAgrupamento > name.l1282c19";"yes";"no";"not-reviewed";""
"hac.code.findone.l1303c82.5895ee85";"txt.53b0a1b2fadf";"Number";"";"revisar";"javascript-string";"findOne";"src/plugin/code.js";"1303";"83";"findOne.l1303c82";"yes";"no";"not-reviewed";""
"hac.code.tryimporta11yconectorlinha.l1330c34.32208241";"txt.346bf352e6a3";"a11y-conector-linha-tipo-desconhecido:";"";"revisar";"javascript-string";"_tryImportA11yConectorLinha";"src/plugin/code.js";"1330";"35";"_tryImportA11yConectorLinha.l1330c34";"yes";"no";"not-reviewed";""
"hac.code.tryimporta11yconectorlinha.l1332c29.d3391c53";"txt.a0a459be3420";"a11y-conector-linha-orientacao-desconhecida:";"";"revisar";"javascript-string";"_tryImportA11yConectorLinha";"src/plugin/code.js";"1332";"30";"_tryImportA11yConectorLinha.l1332c29";"yes";"no";"not-reviewed";""
"hac.code.tryimporta11yconectorlinha.name.l1336c19.019d7957";"txt.ff7fa156a05c";"Conector";"";"revisar";"javascript-string";"_tryImportA11yConectorLinha > name";"src/plugin/code.js";"1336";"20";"_tryImportA11yConectorLinha > name.l1336c19";"yes";"no";"not-reviewed";""
"hac.code.findone.l1359c82.b0465828";"txt.53b0a1b2fadf";"Number";"";"revisar";"javascript-string";"findOne";"src/plugin/code.js";"1359";"83";"findOne.l1359c82";"yes";"no";"not-reviewed";""
"hac.code.a11y.section.name.l1385c34.4e6d8fa2";"txt.e38b04d20b58";"hac — Especificações de Acessibilidade";"";"vocabulario-dominio";"javascript-string";"A11Y_SECTION_NAME";"src/plugin/code.js";"1385";"35";"A11Y_SECTION_NAME.l1385c34";"yes";"no";"not-reviewed";""
"hac.code.a11y.tab.order.section.name.l1386c37.2dec0be5";"txt.adbd76a1232d";"hac — Ordem de Tabulação";"";"vocabulario-dominio";"javascript-string";"A11Y_TAB_ORDER_SECTION_NAME";"src/plugin/code.js";"1386";"38";"A11Y_TAB_ORDER_SECTION_NAME.l1386c37";"yes";"no";"not-reviewed";""
"hac.code.a11y.swipe.flow.section.name.l1395c45.e8d1b996";"txt.eb47e4f572a8";"hac — Trilhas de Swipe";"";"vocabulario-dominio";"javascript-string";"A11Y_SWIPE_FLOW_SECTION_NAME";"src/plugin/code.js";"1395";"46";"A11Y_SWIPE_FLOW_SECTION_NAME.l1395c45";"yes";"no";"not-reviewed";""
"hac.code.extracta11ysectionversionsuffix.match.l1435c107.e17a4691";"txt.5502bdccd80b";"( v\d+)$";"";"revisar";"javascript-string";"_extractA11ySectionVersionSuffix > match";"src/plugin/code.js";"1435";"108";"_extractA11ySectionVersionSuffix > match.l1435c107";"yes";"no";"not-reviewed";""
"hac.code.match.l1453c104.aab258f8";"txt.d808f241cd1b";"v(\d+)$";"";"revisar";"javascript-string";"match";"src/plugin/code.js";"1453";"105";"match.l1453c104";"yes";"no";"not-reviewed";""
"hac.code.computenexta11ysectionname.l1456c10.a26de60c";"txt.5638779c9625";"${A11Y_SECTION_NAME} v${maxVersion + 1}";"";"revisar";"javascript-template";"_computeNextA11ySectionName";"src/plugin/code.js";"1456";"11";"_computeNextA11ySectionName.l1456c10";"no";"no";"not-reviewed";""
"hac.code.hac.page.name.l1489c30.425b2004";"txt.08568181969f";"👐 | HAC - Handoff de Acessibilidade CAIXA";"";"revisar";"javascript-string";"HAC_PAGE_NAME";"src/plugin/code.js";"1489";"31";"HAC_PAGE_NAME.l1489c30";"yes";"no";"not-reviewed";""
"hac.code.getorcreatea11ysessionsection.timestamp.l1642c24.efb42265";"txt.5ac84328b832";"${_pad(_now.getDate())}/${_pad(_now.getMonth() + 1)}/${_now.getFullYear()} ${_pad(_now.getHours())}:${_pad(_now.getMinutes())}";"";"revisar";"javascript-template";"_getOrCreateA11ySessionSection > _timestamp";"src/plugin/code.js";"1642";"25";"_getOrCreateA11ySessionSection > _timestamp.l1642c24";"no";"no";"not-reviewed";""
"hac.code.getorcreatea11ysessionsection.name.l1651c20.d0d85a65";"txt.97bcba071f28";"[HAC] Handoff de Acessibilidade | ${_timestamp} | ${designerName || 'Designer não identificado'} | rascunho";"";"revisar";"javascript-template";"_getOrCreateA11ySessionSection > name";"src/plugin/code.js";"1651";"21";"_getOrCreateA11ySessionSection > name.l1651c20";"no";"no";"not-reviewed";""
"hac.code.countareagroups.l1741c50.3eccadb7";"txt.758908d4c222";"a11y";"";"revisar";"javascript-string";"_countAreaGroups";"src/plugin/code.js";"1741";"51";"_countAreaGroups.l1741c50";"yes";"no";"not-reviewed";""
"hac.code.push.l1860c39.3c16220c";"txt.92601ed7e85c";"Tela";"";"revisar";"javascript-string";"push";"src/plugin/code.js";"1860";"40";"push.l1860c39";"yes";"no";"not-reviewed";""
"hac.code.reparentintosection.error.l1954c19.41e1ef4c";"txt.62f89bb4e100";"[hac] _reparentIntoSection: falhou, node ficou solto na página.";"";"diagnostico-tecnico";"javascript-string";"_reparentIntoSection > error";"src/plugin/code.js";"1954";"20";"_reparentIntoSection > error.l1954c19";"yes";"no";"not-reviewed";""
"hac.code.fitsectiontochildren.error.l2070c19.06da77e9";"txt.000ecce054ff";"[hac] _fitSectionToChildren: falhou ao redimensionar a Section.";"";"diagnostico-tecnico";"javascript-string";"_fitSectionToChildren > error";"src/plugin/code.js";"2070";"20";"_fitSectionToChildren > error.l2070c19";"yes";"no";"not-reviewed";""
"hac.code.loadfontasync.l2124c47.2c3ff4d9";"txt.b6708d593ee2";"Inter";"";"configuracao-tecnica";"javascript-string";"loadFontAsync";"src/plugin/code.js";"2124";"48";"loadFontAsync.l2124c47";"yes";"no";"not-reviewed";""
"hac.code.loadfontasync.l2124c63.05c14fd2";"txt.c9b76ae79584";"Bold";"";"configuracao-tecnica";"javascript-string";"loadFontAsync";"src/plugin/code.js";"2124";"64";"loadFontAsync.l2124c63";"yes";"no";"not-reviewed";""
"hac.code.ensurecloneworkframe.desativada.name.l2166c24.80c611e2";"txt.6ee24edf053d";"[Moldura] ${title}";"";"revisar";"javascript-template";"_ensureCloneWorkFrame_DESATIVADA > name";"src/plugin/code.js";"2166";"25";"_ensureCloneWorkFrame_DESATIVADA > name.l2166c24";"no";"no";"not-reviewed";""
"hac.code.ensurecloneworkframe.desativada.setplugindata.l2173c46.19c23a15";"txt.758908d4c222";"a11y";"";"revisar";"javascript-string";"_ensureCloneWorkFrame_DESATIVADA > setPluginData";"src/plugin/code.js";"2173";"47";"_ensureCloneWorkFrame_DESATIVADA > setPluginData.l2173c46";"yes";"no";"not-reviewed";""
"hac.code.ensurecloneworkframe.desativada.name.l2196c24.ba398d8c";"txt.aa107ced97cf";"[Título] ${title}";"";"revisar";"javascript-template";"_ensureCloneWorkFrame_DESATIVADA > name";"src/plugin/code.js";"2196";"25";"_ensureCloneWorkFrame_DESATIVADA > name.l2196c24";"no";"no";"not-reviewed";""
"hac.code.ensurecloneworkframe.desativada.setplugindata.l2198c46.31a40b88";"txt.758908d4c222";"a11y";"";"revisar";"javascript-string";"_ensureCloneWorkFrame_DESATIVADA > setPluginData";"src/plugin/code.js";"2198";"47";"_ensureCloneWorkFrame_DESATIVADA > setPluginData.l2198c46";"yes";"no";"not-reviewed";""
"hac.code.family.l2209c42.3175fc14";"txt.b6708d593ee2";"Inter";"";"revisar";"javascript-string";"family";"src/plugin/code.js";"2209";"43";"family.l2209c42";"yes";"no";"not-reviewed";""
"hac.code.style.l2209c58.6c181050";"txt.c9b76ae79584";"Bold";"";"revisar";"javascript-string";"style";"src/plugin/code.js";"2209";"59";"style.l2209c58";"yes";"no";"not-reviewed";""
"hac.code.ensurecloneworkframe.desativada.error.l2221c19.71e84177";"txt.07e620b5bc1c";"[hac] _ensureCloneWorkFrame: falhou, moldura visual não aplicada (não afeta o trabalho real).";"";"diagnostico-tecnico";"javascript-string";"_ensureCloneWorkFrame_DESATIVADA > error";"src/plugin/code.js";"2221";"20";"_ensureCloneWorkFrame_DESATIVADA > error.l2221c19";"yes";"no";"not-reviewed";""
"hac.code.reparentintoareagroup.error.l2273c19.42a3e050";"txt.c1f509dee244";"[hac] _reparentIntoAreaGroup: falhou, node ficou solto na página.";"";"diagnostico-tecnico";"javascript-string";"_reparentIntoAreaGroup > error";"src/plugin/code.js";"2273";"20";"_reparentIntoAreaGroup > error.l2273c19";"yes";"no";"not-reviewed";""
"hac.code.rescuelegacyoverlaynestedinsideclone.error.l2336c19.54ab2aa0";"txt.9ce8a6e74dd5";"[hac] _rescueLegacyOverlayNestedInsideClone: falhou ao resgatar overlay legado, mantendo aninhado.";"";"diagnostico-tecnico";"javascript-string";"_rescueLegacyOverlayNestedInsideClone > error";"src/plugin/code.js";"2336";"20";"_rescueLegacyOverlayNestedInsideClone > error.l2336c19";"yes";"no";"not-reviewed";""
"hac.code.getplugindata.l2410c44.049e2e33";"txt.ebd517a24e9c";"ForArea";"";"revisar";"javascript-string";"getPluginData";"src/plugin/code.js";"2410";"45";"getPluginData.l2410c44";"yes";"no";"not-reviewed";""
"hac.code.setplugindata.l2459c52.11e4f44b";"txt.ebd517a24e9c";"ForArea";"";"revisar";"javascript-string";"setPluginData";"src/plugin/code.js";"2459";"53";"setPluginData.l2459c52";"yes";"no";"not-reviewed";""
"hac.code.getorcreatecloneoverlaygroup.name.l2483c22.a8593136";"txt.2cab5fa854e5";"${namePrefix} ${clone.name}";"";"revisar";"javascript-template";"_getOrCreateCloneOverlayGroup > name";"src/plugin/code.js";"2483";"23";"_getOrCreateCloneOverlayGroup > name.l2483c22";"no";"no";"not-reviewed";""
"hac.code.setplugindata.l2486c53.167f967a";"txt.ebd517a24e9c";"ForArea";"";"revisar";"javascript-string";"setPluginData";"src/plugin/code.js";"2486";"54";"setPluginData.l2486c53";"yes";"no";"not-reviewed";""
"hac.code.getorcreatecloneoverlaygroup.name.l2509c15.184df53c";"txt.deb2322f3077";"seed (não remover — mantém o grupo vivo)";"";"revisar";"javascript-string";"_getOrCreateCloneOverlayGroup > name";"src/plugin/code.js";"2509";"16";"_getOrCreateCloneOverlayGroup > name.l2509c15";"yes";"no";"not-reviewed";""
"hac.code.getorcreatecloneoverlaygroup.name.l2520c23.08674602";"txt.2cab5fa854e5";"${namePrefix} ${clone.name}";"";"revisar";"javascript-template";"_getOrCreateCloneOverlayGroup > name";"src/plugin/code.js";"2520";"24";"_getOrCreateCloneOverlayGroup > name.l2520c23";"no";"no";"not-reviewed";""
"hac.code.getorcreatecloneoverlaygroup.setplugindata.l2522c45.67bc7aaa";"txt.758908d4c222";"a11y";"";"revisar";"javascript-string";"_getOrCreateCloneOverlayGroup > setPluginData";"src/plugin/code.js";"2522";"46";"_getOrCreateCloneOverlayGroup > setPluginData.l2522c45";"yes";"no";"not-reviewed";""
"hac.code.getorcreatecloneoverlaygroup.setplugindata.l2526c58.0c838387";"txt.ebd517a24e9c";"ForArea";"";"revisar";"javascript-string";"_getOrCreateCloneOverlayGroup > setPluginData";"src/plugin/code.js";"2526";"59";"_getOrCreateCloneOverlayGroup > setPluginData.l2526c58";"yes";"no";"not-reviewed";""
"hac.code.snapshotcloneintofichasection.stablekey.l2608c64.2e20e8af";"txt.9ad9b64054d6";"SnapshotForArea";"";"revisar";"javascript-string";"_snapshotCloneIntoFichaSection > stableKey";"src/plugin/code.js";"2608";"65";"_snapshotCloneIntoFichaSection > stableKey.l2608c64";"yes";"no";"not-reviewed";""
"hac.code.snapshotcloneintofichasection.error.l2676c19.d5b2427d";"txt.b4d50763b611";"[hac] _snapshotCloneIntoFichaSection: exportAsync falhou, usando placeholder.";"";"diagnostico-tecnico";"javascript-string";"_snapshotCloneIntoFichaSection > error";"src/plugin/code.js";"2676";"20";"_snapshotCloneIntoFichaSection > error.l2676c19";"yes";"no";"not-reviewed";""
"hac.code.snapshotcloneintofichasection.l2678c24.1d2c254f";"txt.cac616d77d08";"[Snapshot indisponível]";"";"revisar";"javascript-string";"_snapshotCloneIntoFichaSection";"src/plugin/code.js";"2678";"25";"_snapshotCloneIntoFichaSection.l2678c24";"yes";"no";"not-reviewed";""
"hac.code.snapshotcloneintofichasection.name.l2694c17.a459ee59";"txt.ea631551f556";"Texto";"";"revisar";"javascript-string";"_snapshotCloneIntoFichaSection > name";"src/plugin/code.js";"2694";"18";"_snapshotCloneIntoFichaSection > name.l2694c17";"yes";"no";"not-reviewed";""
"hac.code.snapshotcloneintofichasection.characters.l2695c23.fc1d0bb7";"txt.c7498ea29504";"Não foi possível gerar a prévia desta tela";"";"revisar";"javascript-string";"_snapshotCloneIntoFichaSection > characters";"src/plugin/code.js";"2695";"24";"_snapshotCloneIntoFichaSection > characters.l2695c23";"yes";"no";"not-reviewed";""
"hac.code.snapshotcloneintofichasection.applyfichatypography.l2700.3aff4470";"txt.f4175b9050f0";"label/tiny";"";"revisar";"javascript-string";"_snapshotCloneIntoFichaSection > _applyFichaTypography";"src/plugin/code.js";"2700";"40";"_snapshotCloneIntoFichaSection > _applyFichaTypography.l2700c39";"yes";"no";"not-reviewed";""
"hac.code.a11y.ficha.section.name.l3027c33.446a7986";"txt.5e8d656885fd";"hac — Handoff de Acessibilidade";"";"vocabulario-dominio";"javascript-string";"A11Y_FICHA_SECTION_NAME";"src/plugin/code.js";"3027";"34";"A11Y_FICHA_SECTION_NAME.l3027c33";"yes";"no";"not-reviewed";""
"hac.code.a11y.ficha.section.name.legacy.l3035c40.30f4dbf3";"txt.073a6390812e";"hac — Ficha de Handoff";"";"vocabulario-dominio";"javascript-string";"A11Y_FICHA_SECTION_NAME_LEGACY";"src/plugin/code.js";"3035";"41";"A11Y_FICHA_SECTION_NAME_LEGACY.l3035c40";"yes";"no";"not-reviewed";""
"hac.code.a11y.ficha.section.name.legacy.2.l3036c42.6a43de0d";"txt.5424a4a57b30";"hac — Handoff Completo";"";"vocabulario-dominio";"javascript-string";"A11Y_FICHA_SECTION_NAME_LEGACY_2";"src/plugin/code.js";"3036";"43";"A11Y_FICHA_SECTION_NAME_LEGACY_2.l3036c42";"yes";"no";"not-reviewed";""
"hac.code.findfreetabordercopyposition.error.l3410c19.c3237acb";"txt.5ea2c48aac68";"[hac] _findFreeTabOrderCopyPosition: falhou em _collectA11yOccupiedBounds";"";"diagnostico-tecnico";"javascript-string";"_findFreeTabOrderCopyPosition > error";"src/plugin/code.js";"3410";"20";"_findFreeTabOrderCopyPosition > error.l3410c19";"yes";"no";"not-reviewed";""
"hac.code.name.l3536c11.dc76764e";"txt.f5c80bbf7309";"[HAC] Ordem de Tabulação";"";"revisar";"javascript-string";"name";"src/plugin/code.js";"3536";"12";"name.l3536c11";"yes";"no";"not-reviewed";""
"hac.code.title.l3537c12.6a74bed6";"txt.37066ca9dc6a";"Ordem de Tabulação";"";"texto-interface";"javascript-string";"title";"src/plugin/code.js";"3537";"13";"title.l3537c12";"yes";"no";"not-reviewed";""
"hac.code.legendfallback.l3539c21.cea0f9ce";"txt.b91ea52639fa";"Sequência de foco do teclado (tecla Tab) desta tela — cada selo numerado indica a ordem em que o elemento recebe foco.";"";"revisar";"javascript-string";"legendFallback";"src/plugin/code.js";"3539";"22";"legendFallback.l3539c21";"yes";"no";"not-reviewed";""
"hac.code.legendtitle.l3540c18.a46fc81a";"txt.37066ca9dc6a";"Ordem de Tabulação";"";"revisar";"javascript-string";"legendTitle";"src/plugin/code.js";"3540";"19";"legendTitle.l3540c18";"yes";"no";"not-reviewed";""
"hac.code.name.l3543c11.9d76f634";"txt.2e728afefe3f";"[HAC] Ordem de Leitura | Swipe";"";"revisar";"javascript-string";"name";"src/plugin/code.js";"3543";"12";"name.l3543c11";"yes";"no";"not-reviewed";""
"hac.code.title.l3544c12.30f02e98";"txt.a62fa6a5a55f";"Ordem de Leitura | Swipe";"";"texto-interface";"javascript-string";"title";"src/plugin/code.js";"3544";"13";"title.l3544c12";"yes";"no";"not-reviewed";""
"hac.code.legendfallback.l3546c21.cb4a009a";"txt.8ffc07873137";"Navegação por gesto de deslizar (swipe), exclusiva do leitor de tela mobile — trilha direcional de pontos, na ordem em que o gesto percorre a tela.";"";"revisar";"javascript-string";"legendFallback";"src/plugin/code.js";"3546";"22";"legendFallback.l3546c21";"yes";"no";"not-reviewed";""
"hac.code.legendtitle.l3547c18.b294a510";"txt.983e755f3854";"Trilha de Swipe";"";"revisar";"javascript-string";"legendTitle";"src/plugin/code.js";"3547";"19";"legendTitle.l3547c18";"yes";"no";"not-reviewed";""
"hac.code.name.l3550c11.d5844665";"txt.ad223cb325a8";"[HAC] Leitor de Tela";"";"revisar";"javascript-string";"name";"src/plugin/code.js";"3550";"12";"name.l3550c11";"yes";"no";"not-reviewed";""
"hac.code.title.l3551c12.1bb42265";"txt.2cccdb3dac0d";"Leitor de Tela";"";"texto-interface";"javascript-string";"title";"src/plugin/code.js";"3551";"13";"title.l3551c12";"yes";"no";"not-reviewed";""
"hac.code.legendfallback.l3553c21.b239c90a";"txt.3672364746c4";"Elementos e imagens, estrutura da página, nível de título, elemento decorativo e informações adicionais — cada marcador indica a categoria de acessibilidade documentada naquele ponto da tela.";"";"revisar";"javascript-string";"legendFallback";"src/plugin/code.js";"3553";"22";"legendFallback.l3553c21";"yes";"no";"not-reviewed";""
"hac.code.legendtitle.l3554c18.eeb84e5e";"txt.a6e1b0f8df14";"Especificações para Leitor de Tela";"";"revisar";"javascript-string";"legendTitle";"src/plugin/code.js";"3554";"19";"legendTitle.l3554c18";"yes";"no";"not-reviewed";""
"hac.code.name.l3570c28.b9c7a42d";"txt.dcfdca98edce";"[HAC] Documentação";"";"revisar";"javascript-string";"name";"src/plugin/code.js";"3570";"29";"name.l3570c28";"yes";"no";"not-reviewed";""
"hac.code.literal.l3597c25.0ff5a181";"txt.a0032e338636";"frame legado adotado não é um container com Auto Layout (tipo inesperado:";"";"revisar";"javascript-string";"";"src/plugin/code.js";"3597";"26";"literal.l3597c25";"yes";"no";"not-reviewed";""
"hac.code.createorgetfichaframe.name.l3599c22.0bdcc88d";"txt.dcfdca98edce";"[HAC] Documentação";"";"revisar";"javascript-string";"_createOrGetFichaFrame > name";"src/plugin/code.js";"3599";"23";"_createOrGetFichaFrame > name.l3599c22";"yes";"no";"not-reviewed";""
"hac.code.createorgetfichaframe.error.l3614c21.8381b02c";"txt.f868932bd4ef";"[hac] _createOrGetFichaFrame: falha ao migrar frames antigos (cria um Documentação novo).";"";"diagnostico-tecnico";"javascript-string";"_createOrGetFichaFrame > error";"src/plugin/code.js";"3614";"22";"_createOrGetFichaFrame > error.l3614c21";"yes";"no";"not-reviewed";""
"hac.code.createorgetfichaframe.name.l3632c21.96970ef2";"txt.dcfdca98edce";"[HAC] Documentação";"";"revisar";"javascript-string";"_createOrGetFichaFrame > name";"src/plugin/code.js";"3632";"22";"_createOrGetFichaFrame > name.l3632c21";"yes";"no";"not-reviewed";""
"hac.code.createorgetfichaframe.setplugindata.l3661c43.8039f6cb";"txt.758908d4c222";"a11y";"";"revisar";"javascript-string";"_createOrGetFichaFrame > setPluginData";"src/plugin/code.js";"3661";"44";"_createOrGetFichaFrame > setPluginData.l3661c43";"yes";"no";"not-reviewed";""
"hac.code.a11y.ficha.type.scale.l3687c3.615630a0";"txt.338bed38af20";"display/standard";"";"vocabulario-dominio";"javascript-string";"A11Y_FICHA_TYPE_SCALE";"src/plugin/code.js";"3687";"4";"A11Y_FICHA_TYPE_SCALE.l3687c3";"yes";"no";"not-reviewed";""
"hac.code.a11y.ficha.type.scale.l3688c3.eaf59a43";"txt.29482f534934";"display/standard-semibold";"";"vocabulario-dominio";"javascript-string";"A11Y_FICHA_TYPE_SCALE";"src/plugin/code.js";"3688";"4";"A11Y_FICHA_TYPE_SCALE.l3688c3";"yes";"no";"not-reviewed";""
"hac.code.a11y.ficha.type.scale.l3689c3.64f6a0a0";"txt.c60c915d7e74";"title/large";"";"vocabulario-dominio";"javascript-string";"A11Y_FICHA_TYPE_SCALE";"src/plugin/code.js";"3689";"4";"A11Y_FICHA_TYPE_SCALE.l3689c3";"yes";"no";"not-reviewed";""
"hac.code.a11y.ficha.type.scale.l3690c3.3ea522b4";"txt.0e343ae9b593";"title/large-semibold";"";"vocabulario-dominio";"javascript-string";"A11Y_FICHA_TYPE_SCALE";"src/plugin/code.js";"3690";"4";"A11Y_FICHA_TYPE_SCALE.l3690c3";"yes";"no";"not-reviewed";""
"hac.code.a11y.ficha.type.scale.l3691c3.36a81d65";"txt.cf26c4cb18fb";"title/standard";"";"vocabulario-dominio";"javascript-string";"A11Y_FICHA_TYPE_SCALE";"src/plugin/code.js";"3691";"4";"A11Y_FICHA_TYPE_SCALE.l3691c3";"yes";"no";"not-reviewed";""
"hac.code.a11y.ficha.type.scale.l3692c3.2fe42245";"txt.315763090d78";"title/small";"";"vocabulario-dominio";"javascript-string";"A11Y_FICHA_TYPE_SCALE";"src/plugin/code.js";"3692";"4";"A11Y_FICHA_TYPE_SCALE.l3692c3";"yes";"no";"not-reviewed";""
"hac.code.a11y.ficha.type.scale.l3693c3.c82bc4ea";"txt.8b0fb63e9665";"body/large";"";"vocabulario-dominio";"javascript-string";"A11Y_FICHA_TYPE_SCALE";"src/plugin/code.js";"3693";"4";"A11Y_FICHA_TYPE_SCALE.l3693c3";"yes";"no";"not-reviewed";""
"hac.code.a11y.ficha.type.scale.l3694c3.820ddcae";"txt.41552333cf2c";"label/standard";"";"vocabulario-dominio";"javascript-string";"A11Y_FICHA_TYPE_SCALE";"src/plugin/code.js";"3694";"4";"A11Y_FICHA_TYPE_SCALE.l3694c3";"yes";"no";"not-reviewed";""
"hac.code.a11y.ficha.type.scale.l3695c3.c7818bca";"txt.309eb159d51a";"body/standard";"";"vocabulario-dominio";"javascript-string";"A11Y_FICHA_TYPE_SCALE";"src/plugin/code.js";"3695";"4";"A11Y_FICHA_TYPE_SCALE.l3695c3";"yes";"no";"not-reviewed";""
"hac.code.a11y.ficha.type.scale.l3696c3.8fc0e1f2";"txt.1b3a181b688f";"label/small";"";"vocabulario-dominio";"javascript-string";"A11Y_FICHA_TYPE_SCALE";"src/plugin/code.js";"3696";"4";"A11Y_FICHA_TYPE_SCALE.l3696c3";"yes";"no";"not-reviewed";""
"hac.code.a11y.ficha.type.scale.l3697c3.3935b288";"txt.da1c0625ca8f";"body/small";"";"vocabulario-dominio";"javascript-string";"A11Y_FICHA_TYPE_SCALE";"src/plugin/code.js";"3697";"4";"A11Y_FICHA_TYPE_SCALE.l3697c3";"yes";"no";"not-reviewed";""
"hac.code.a11y.ficha.type.scale.l3698c3.e5aa5c92";"txt.f4175b9050f0";"label/tiny";"";"vocabulario-dominio";"javascript-string";"A11Y_FICHA_TYPE_SCALE";"src/plugin/code.js";"3698";"4";"A11Y_FICHA_TYPE_SCALE.l3698c3";"yes";"no";"not-reviewed";""
"hac.code.a11yrobotostyleforweight.l3705c29.1303a741";"txt.c9b76ae79584";"Bold";"";"revisar";"javascript-string";"_a11yRobotoStyleForWeight";"src/plugin/code.js";"3705";"30";"_a11yRobotoStyleForWeight.l3705c29";"yes";"no";"not-reviewed";""
"hac.code.a11yrobotostyleforweight.l3706c29.c153d577";"txt.20af41865769";"Medium";"";"revisar";"javascript-string";"_a11yRobotoStyleForWeight";"src/plugin/code.js";"3706";"30";"_a11yRobotoStyleForWeight.l3706c29";"yes";"no";"not-reviewed";""
"hac.code.a11yrobotostyleforweight.l3707c29.b267d56a";"txt.20af41865769";"Medium";"";"revisar";"javascript-string";"_a11yRobotoStyleForWeight";"src/plugin/code.js";"3707";"30";"_a11yRobotoStyleForWeight.l3707c29";"yes";"no";"not-reviewed";""
"hac.code.a11yrobotostyleforweight.l3708c10.40ec4420";"txt.5f51efbecdb6";"Regular";"";"revisar";"javascript-string";"_a11yRobotoStyleForWeight";"src/plugin/code.js";"3708";"11";"_a11yRobotoStyleForWeight.l3708c10";"yes";"no";"not-reviewed";""
"hac.code.applyfichatypography.token.l3724c75.9d02d1da";"txt.309eb159d51a";"body/standard";"";"revisar";"javascript-string";"_applyFichaTypography > token";"src/plugin/code.js";"3724";"76";"_applyFichaTypography > token.l3724c75";"yes";"no";"not-reviewed";""
"hac.code.applyfichatypography.family.l3727c28.b240abdb";"txt.6d0ca162d5ad";"Roboto";"";"revisar";"javascript-string";"_applyFichaTypography > family";"src/plugin/code.js";"3727";"29";"_applyFichaTypography > family.l3727c28";"yes";"no";"not-reviewed";""
"hac.code.applyfichatypography.interstyle.l3734c40.faaaafd8";"txt.c9b76ae79584";"Bold";"";"revisar";"javascript-string";"_applyFichaTypography > interStyle";"src/plugin/code.js";"3734";"41";"_applyFichaTypography > interStyle.l3734c40";"yes";"no";"not-reviewed";""
"hac.code.interstyle.l3734c66.a0b9d07e";"txt.20af41865769";"Medium";"";"revisar";"javascript-string";"interStyle";"src/plugin/code.js";"3734";"67";"interStyle.l3734c66";"yes";"no";"not-reviewed";""
"hac.code.interstyle.l3734c77.f987a03b";"txt.5f51efbecdb6";"Regular";"";"revisar";"javascript-string";"interStyle";"src/plugin/code.js";"3734";"78";"interStyle.l3734c77";"yes";"no";"not-reviewed";""
"hac.code.applyfichatypography.family.l3735c26.4a66d611";"txt.b6708d593ee2";"Inter";"";"revisar";"javascript-string";"_applyFichaTypography > family";"src/plugin/code.js";"3735";"27";"_applyFichaTypography > family.l3735c26";"yes";"no";"not-reviewed";""
"hac.code.getorcreatefichaareagroup.framelabel.l3822c79.f5a8157c";"txt.c3b1be261959";"Área";"";"texto-interface";"javascript-string";"_getOrCreateFichaAreaGroup > frameLabel";"src/plugin/code.js";"3822";"80";"_getOrCreateFichaAreaGroup > frameLabel.l3822c79";"yes";"no";"not-reviewed";""
"hac.code.name.l3830c28.081a0374";"txt.4d9c59b757f7";"Tela ${areaNumber} - ${frameLabel}";"";"revisar";"javascript-template";"name";"src/plugin/code.js";"3830";"29";"name.l3830c28";"no";"no";"not-reviewed";""
"hac.code.getorcreatefichaareagroup.name.l3837c20.c3fb2b54";"txt.4d9c59b757f7";"Tela ${areaNumber} - ${frameLabel}";"";"revisar";"javascript-template";"_getOrCreateFichaAreaGroup > name";"src/plugin/code.js";"3837";"21";"_getOrCreateFichaAreaGroup > name.l3837c20";"no";"no";"not-reviewed";""
"hac.code.getorcreatefichaareagroup.setplugindata.l3858c42.7f5a489c";"txt.758908d4c222";"a11y";"";"revisar";"javascript-string";"_getOrCreateFichaAreaGroup > setPluginData";"src/plugin/code.js";"3858";"43";"_getOrCreateFichaAreaGroup > setPluginData.l3858c42";"yes";"no";"not-reviewed";""
"hac.code.ensuretelatitulocard.framelabel.l3927c79.bb2a5eca";"txt.c3b1be261959";"Área";"";"texto-interface";"javascript-string";"_ensureTelaTituloCard > frameLabel";"src/plugin/code.js";"3927";"80";"_ensureTelaTituloCard > frameLabel.l3927c79";"yes";"no";"not-reviewed";""
"hac.code.ensuretelatitulocard.name.l3942c17.12224e60";"txt.ffc1a3d7225c";"Título Card";"";"revisar";"javascript-string";"_ensureTelaTituloCard > name";"src/plugin/code.js";"3942";"18";"_ensureTelaTituloCard > name.l3942c17";"yes";"no";"not-reviewed";""
"hac.code.ensuretelatitulocard.setplugindata.l3950c39.93188426";"txt.758908d4c222";"a11y";"";"revisar";"javascript-string";"_ensureTelaTituloCard > setPluginData";"src/plugin/code.js";"3950";"40";"_ensureTelaTituloCard > setPluginData.l3950c39";"yes";"no";"not-reviewed";""
"hac.code.ensuretelatitulocard.name.l3978c19.b290b736";"txt.52be39b3e4be";"Título do bloco";"";"revisar";"javascript-string";"_ensureTelaTituloCard > name";"src/plugin/code.js";"3978";"20";"_ensureTelaTituloCard > name.l3978c19";"yes";"no";"not-reviewed";""
"hac.code.ensuretelatitulocard.applyfichatypography.l3985c39.8bf23651";"txt.41552333cf2c";"label/standard";"";"revisar";"javascript-string";"_ensureTelaTituloCard > _applyFichaTypography";"src/plugin/code.js";"3985";"40";"_ensureTelaTituloCard > _applyFichaTypography.l3985c39";"yes";"no";"not-reviewed";""
"hac.code.ensuretelatitulocard.characters.l3986c23.38fb441e";"txt.712854e8283e";"Documentação da Tela ${areaNumber} - ${frameLabel}";"";"revisar";"javascript-template";"_ensureTelaTituloCard > characters";"src/plugin/code.js";"3986";"24";"_ensureTelaTituloCard > characters.l3986c23";"no";"no";"not-reviewed";""
"hac.code.synctelatitulocardwidth.error.l4082c19.3ed9f0fc";"txt.70d941c48e07";"[hac] _syncTelaTituloCardWidth: falha ao sincronizar largura do título (não impede o restante).";"";"diagnostico-tecnico";"javascript-string";"_syncTelaTituloCardWidth > error";"src/plugin/code.js";"4082";"20";"_syncTelaTituloCardWidth > error.l4082c19";"yes";"no";"not-reviewed";""
"hac.code.createfichaitensframe.name.l4092c21.f83c4a90";"txt.dffe30daf241";"[HAC] Assets do Handoff";"";"revisar";"javascript-string";"_createFichaItensFrame > name";"src/plugin/code.js";"4092";"22";"_createFichaItensFrame > name.l4092c21";"yes";"no";"not-reviewed";""
"hac.code.getorcreatefichaitensframe.l4225c21.116451a4";"txt.17c470b7f4df";"não foi possível criar/localizar ""[HAC] Assets do Handoff"" da área";"";"revisar";"javascript-string";"_getOrCreateFichaItensFrame";"src/plugin/code.js";"4225";"22";"_getOrCreateFichaItensFrame.l4225c21";"yes";"no";"not-reviewed";""
"hac.code.getorcreatefichaitensframe.l4225c104.ce356c86";"txt.4496e33a2ddc";"(sem id)";"";"revisar";"javascript-string";"_getOrCreateFichaItensFrame";"src/plugin/code.js";"4225";"105";"_getOrCreateFichaItensFrame.l4225c104";"yes";"no";"not-reviewed";""
"hac.code.getorcreatefichaitensframe.name.l4247c43.1579a0f1";"txt.dffe30daf241";"[HAC] Assets do Handoff";"";"revisar";"javascript-string";"_getOrCreateFichaItensFrame > name";"src/plugin/code.js";"4247";"44";"_getOrCreateFichaItensFrame > name.l4247c43";"yes";"no";"not-reviewed";""
"hac.code.buildfichaframeprincipalsection.name.l4306c20.f1520a5e";"txt.9f3108cbf44d";"[HAC] Frame Principal";"";"revisar";"javascript-string";"_buildFichaFramePrincipalSection > name";"src/plugin/code.js";"4306";"21";"_buildFichaFramePrincipalSection > name.l4306c20";"yes";"no";"not-reviewed";""
"hac.code.buildfichaframeprincipalsection.name.l4320c21.99dd5b26";"txt.9e9ca95a700c";"[Nome do Frame]";"";"revisar";"javascript-string";"_buildFichaFramePrincipalSection > name";"src/plugin/code.js";"4320";"22";"_buildFichaFramePrincipalSection > name.l4320c21";"yes";"no";"not-reviewed";""
"hac.code.buildfichaframeprincipalsection.l4321c84.cca46f72";"txt.c3b1be261959";"Área";"";"revisar";"javascript-string";"_buildFichaFramePrincipalSection";"src/plugin/code.js";"4321";"85";"_buildFichaFramePrincipalSection.l4321c84";"yes";"no";"not-reviewed";""
"hac.code.buildfichaframeprincipalsection.applyfichatypography.l43.3886b887";"txt.1b3a181b688f";"label/small";"";"revisar";"javascript-string";"_buildFichaFramePrincipalSection > _applyFichaTypography";"src/plugin/code.js";"4327";"44";"_buildFichaFramePrincipalSection > _applyFichaTypography.l4327c43";"yes";"no";"not-reviewed";""
"hac.code.buildfichaframeprincipalsection.name.l4335c24.9990ae34";"txt.9f3108cbf44d";"[HAC] Frame Principal";"";"revisar";"javascript-string";"_buildFichaFramePrincipalSection > name";"src/plugin/code.js";"4335";"25";"_buildFichaFramePrincipalSection > name.l4335c24";"yes";"no";"not-reviewed";""
"hac.code.buildfichaframeprincipalsection.name.l4376c20.7bcafffc";"txt.df2ebb433211";"Selo de Número da Tela";"";"revisar";"javascript-string";"_buildFichaFramePrincipalSection > name";"src/plugin/code.js";"4376";"21";"_buildFichaFramePrincipalSection > name.l4376c20";"yes";"no";"not-reviewed";""
"hac.code.appendfichablocktitle.name.l4541c12.a46be540";"txt.52be39b3e4be";"Título do bloco";"";"revisar";"javascript-string";"_appendFichaBlockTitle > name";"src/plugin/code.js";"4541";"13";"_appendFichaBlockTitle > name.l4541c12";"yes";"no";"not-reviewed";""
"hac.code.appendfichablocktitle.applyfichatypography.l4560c34.127263a9";"txt.c60c915d7e74";"title/large";"";"revisar";"javascript-string";"_appendFichaBlockTitle > _applyFichaTypography";"src/plugin/code.js";"4560";"35";"_appendFichaBlockTitle > _applyFichaTypography.l4560c34";"yes";"no";"not-reviewed";""
"hac.code.buildfichalegendcolumn.name.l4619c14.a0ad62e8";"txt.10ec6d3e3278";"Legenda";"";"revisar";"javascript-string";"_buildFichaLegendColumn > name";"src/plugin/code.js";"4619";"15";"_buildFichaLegendColumn > name.l4619c14";"yes";"no";"not-reviewed";""
"hac.code.buildfichalegendcolumn.name.l4657c20.25b46197";"txt.8a1be36de69d";"Título";"";"revisar";"javascript-string";"_buildFichaLegendColumn > name";"src/plugin/code.js";"4657";"21";"_buildFichaLegendColumn > name.l4657c20";"yes";"no";"not-reviewed";""
"hac.code.buildfichalegendcolumn.applyfichatypography.l4665c42.d988f3d5";"txt.1b3a181b688f";"label/small";"";"revisar";"javascript-string";"_buildFichaLegendColumn > _applyFichaTypography";"src/plugin/code.js";"4665";"43";"_buildFichaLegendColumn > _applyFichaTypography.l4665c42";"yes";"no";"not-reviewed";""
"hac.code.buildfichalegendcolumn.name.l4678c21.d7f70f16";"txt.e9df693ec666";"Descrição";"";"revisar";"javascript-string";"_buildFichaLegendColumn > name";"src/plugin/code.js";"4678";"22";"_buildFichaLegendColumn > name.l4678c21";"yes";"no";"not-reviewed";""
"hac.code.buildfichalegendcolumn.applyfichatypography.l4686c43.38921100";"txt.f4175b9050f0";"label/tiny";"";"revisar";"javascript-string";"_buildFichaLegendColumn > _applyFichaTypography";"src/plugin/code.js";"4686";"44";"_buildFichaLegendColumn > _applyFichaTypography.l4686c43";"yes";"no";"not-reviewed";""
"hac.code.appendheading.name.l4700c14.254e34e3";"txt.0d054fbc4715";"Subtítulo";"";"revisar";"javascript-string";"appendHeading > name";"src/plugin/code.js";"4700";"15";"appendHeading > name.l4700c14";"yes";"no";"not-reviewed";""
"hac.code.appendheading.applyfichatypography.l4707c36.752d9083";"txt.f4175b9050f0";"label/tiny";"";"revisar";"javascript-string";"appendHeading > _applyFichaTypography";"src/plugin/code.js";"4707";"37";"appendHeading > _applyFichaTypography.l4707c36";"yes";"no";"not-reviewed";""
"hac.code.appendparagraph.name.l4717c14.b5adcf3d";"txt.b28533f7fdbd";"Parágrafo";"";"revisar";"javascript-string";"appendParagraph > name";"src/plugin/code.js";"4717";"15";"appendParagraph > name.l4717c14";"yes";"no";"not-reviewed";""
"hac.code.appendparagraph.applyfichatypography.l4725c36.1af9d93b";"txt.f4175b9050f0";"label/tiny";"";"revisar";"javascript-string";"appendParagraph > _applyFichaTypography";"src/plugin/code.js";"4725";"37";"appendParagraph > _applyFichaTypography.l4725c36";"yes";"no";"not-reviewed";""
"hac.code.buildfichalegendcolumn.name.l4739c22.e8cd6b14";"txt.7734a80fedac";"Passos";"";"revisar";"javascript-string";"_buildFichaLegendColumn > name";"src/plugin/code.js";"4739";"23";"_buildFichaLegendColumn > name.l4739c22";"yes";"no";"not-reviewed";""
"hac.code.buildfichalegendcolumn.name.l4771c18.8cc4402f";"txt.cc2ac2455bf2";"Passo ${i + 1}";"";"revisar";"javascript-template";"_buildFichaLegendColumn > name";"src/plugin/code.js";"4771";"19";"_buildFichaLegendColumn > name.l4771c18";"no";"no";"not-reviewed";""
"hac.code.buildfichalegendcolumn.name.l4792c21.5d9df411";"txt.413b54cff6a8";"Número";"";"revisar";"javascript-string";"_buildFichaLegendColumn > name";"src/plugin/code.js";"4792";"22";"_buildFichaLegendColumn > name.l4792c21";"yes";"no";"not-reviewed";""
"hac.code.buildfichalegendcolumn.characters.l4797c27.8453d9e3";"txt.cfd479c03f8b";"${i + 1}.";"";"revisar";"javascript-template";"_buildFichaLegendColumn > characters";"src/plugin/code.js";"4797";"28";"_buildFichaLegendColumn > characters.l4797c27";"no";"no";"not-reviewed";""
"hac.code.buildfichalegendcolumn.applyfichatypography.l4801c43.997b4b06";"txt.f4175b9050f0";"label/tiny";"";"revisar";"javascript-string";"_buildFichaLegendColumn > _applyFichaTypography";"src/plugin/code.js";"4801";"44";"_buildFichaLegendColumn > _applyFichaTypography.l4801c43";"yes";"no";"not-reviewed";""
"hac.code.name.l4873c22.98ba0f71";"txt.adac3846b477";"Badge";"";"revisar";"javascript-string";"name";"src/plugin/code.js";"4873";"23";"name.l4873c22";"yes";"no";"not-reviewed";""
"hac.code.buildfichalegendcolumn.name.l4882c19.6391f6f3";"txt.ea631551f556";"Texto";"";"revisar";"javascript-string";"_buildFichaLegendColumn > name";"src/plugin/code.js";"4882";"20";"_buildFichaLegendColumn > name.l4882c19";"yes";"no";"not-reviewed";""
"hac.code.buildfichalegendcolumn.applyfichatypography.l4890c41.afbb0df3";"txt.f4175b9050f0";"label/tiny";"";"revisar";"javascript-string";"_buildFichaLegendColumn > _applyFichaTypography";"src/plugin/code.js";"4890";"42";"_buildFichaLegendColumn > _applyFichaTypography.l4890c41";"yes";"no";"not-reviewed";""
"hac.code.buildfichalegendcolumn.name.l4909c23.40d71a7b";"txt.3685e330ec52";"Assets";"";"revisar";"javascript-string";"_buildFichaLegendColumn > name";"src/plugin/code.js";"4909";"24";"_buildFichaLegendColumn > name.l4909c23";"yes";"no";"not-reviewed";""
"hac.code.buildfichalegendcolumn.name.l4934c18.de6d8a75";"txt.a435646c795b";"Asset ${i + 1}";"";"revisar";"javascript-template";"_buildFichaLegendColumn > name";"src/plugin/code.js";"4934";"19";"_buildFichaLegendColumn > name.l4934c18";"no";"no";"not-reviewed";""
"hac.code.name.l4975c23.48a9387f";"txt.b63bae2cd5ad";"Marcador";"";"revisar";"javascript-string";"name";"src/plugin/code.js";"4975";"24";"name.l4975c23";"yes";"no";"not-reviewed";""
"hac.code.buildfichalegendcolumn.name.l4982c22.de8d3dd0";"txt.ea631551f556";"Texto";"";"revisar";"javascript-string";"_buildFichaLegendColumn > name";"src/plugin/code.js";"4982";"23";"_buildFichaLegendColumn > name.l4982c22";"yes";"no";"not-reviewed";""
"hac.code.buildfichalegendcolumn.name.l5007c20.e2a07951";"txt.64c65374dbab";"Label";"";"revisar";"javascript-string";"_buildFichaLegendColumn > name";"src/plugin/code.js";"5007";"21";"_buildFichaLegendColumn > name.l5007c20";"yes";"no";"not-reviewed";""
"hac.code.buildfichalegendcolumn.applyfichatypography.l5014c42.30c80bf0";"txt.f4175b9050f0";"label/tiny";"";"revisar";"javascript-string";"_buildFichaLegendColumn > _applyFichaTypography";"src/plugin/code.js";"5014";"43";"_buildFichaLegendColumn > _applyFichaTypography.l5014c42";"yes";"no";"not-reviewed";""
"hac.code.name.l5022c21.65b2bde2";"txt.e9df693ec666";"Descrição";"";"revisar";"javascript-string";"name";"src/plugin/code.js";"5022";"22";"name.l5022c21";"yes";"no";"not-reviewed";""
"hac.code.applyfichatypography.l5030c43.f568ba46";"txt.f4175b9050f0";"label/tiny";"";"revisar";"javascript-string";"_applyFichaTypography";"src/plugin/code.js";"5030";"44";"_applyFichaTypography.l5030c43";"yes";"no";"not-reviewed";""
"hac.code.buildfichainstructiononlylegendcolumn.name.l5067c14.e9f613f0";"txt.10ec6d3e3278";"Legenda";"";"revisar";"javascript-string";"_buildFichaInstructionOnlyLegendColumn > name";"src/plugin/code.js";"5067";"15";"_buildFichaInstructionOnlyLegendColumn > name.l5067c14";"yes";"no";"not-reviewed";""
"hac.code.buildfichainstructiononlylegendcolumn.name.l5087c20.c56fd1a9";"txt.8a1be36de69d";"Título";"";"revisar";"javascript-string";"_buildFichaInstructionOnlyLegendColumn > name";"src/plugin/code.js";"5087";"21";"_buildFichaInstructionOnlyLegendColumn > name.l5087c20";"yes";"no";"not-reviewed";""
"hac.code.buildfichainstructiononlylegendcolumn.applyfichatypograp.15b70d19";"txt.1b3a181b688f";"label/small";"";"revisar";"javascript-string";"_buildFichaInstructionOnlyLegendColumn > _applyFichaTypography";"src/plugin/code.js";"5089";"43";"_buildFichaInstructionOnlyLegendColumn > _applyFichaTypography.l5089c42";"yes";"no";"not-reviewed";""
"hac.code.buildfichainstructiononlylegendcolumn.name.l5097c21.6a7b48e9";"txt.e9df693ec666";"Descrição";"";"revisar";"javascript-string";"_buildFichaInstructionOnlyLegendColumn > name";"src/plugin/code.js";"5097";"22";"_buildFichaInstructionOnlyLegendColumn > name.l5097c21";"yes";"no";"not-reviewed";""
"hac.code.buildfichainstructiononlylegendcolumn.applyfichatypograp.8206447d";"txt.f4175b9050f0";"label/tiny";"";"revisar";"javascript-string";"_buildFichaInstructionOnlyLegendColumn > _applyFichaTypography";"src/plugin/code.js";"5099";"44";"_buildFichaInstructionOnlyLegendColumn > _applyFichaTypography.l5099c43";"yes";"no";"not-reviewed";""
"hac.code.gethacdatastoragekey.l5172c26.4516e3ec";"txt.9475341e387d";"hacData:${figma.fileKey}";"";"revisar";"javascript-template";"_getHacDataStorageKey";"src/plugin/code.js";"5172";"27";"_getHacDataStorageKey.l5172c26";"no";"no";"not-reviewed";""
"hac.code.writehacdatatodocument.setsharedplugindata.l5220c44.daa58696";"txt.e436b6833a82";"${HAC_DOC_KEY_PREFIX}:${i}";"";"revisar";"javascript-template";"_writeHacDataToDocument > setSharedPluginData";"src/plugin/code.js";"5220";"45";"_writeHacDataToDocument > setSharedPluginData.l5220c44";"no";"no";"not-reviewed";""
"hac.code.parseint.l5225c68.37b8ae77";"txt.6b097de23b94";"${HAC_DOC_KEY_PREFIX}:count";"";"revisar";"javascript-template";"parseInt";"src/plugin/code.js";"5225";"69";"parseInt.l5225c68";"no";"no";"not-reviewed";""
"hac.code.writehacdatatodocument.setsharedplugindata.l5227c44.7d7019f6";"txt.e436b6833a82";"${HAC_DOC_KEY_PREFIX}:${i}";"";"revisar";"javascript-template";"_writeHacDataToDocument > setSharedPluginData";"src/plugin/code.js";"5227";"45";"_writeHacDataToDocument > setSharedPluginData.l5227c44";"no";"no";"not-reviewed";""
"hac.code.writehacdatatodocument.setsharedplugindata.l5229c42.99b790a1";"txt.6b097de23b94";"${HAC_DOC_KEY_PREFIX}:count";"";"revisar";"javascript-template";"_writeHacDataToDocument > setSharedPluginData";"src/plugin/code.js";"5229";"43";"_writeHacDataToDocument > setSharedPluginData.l5229c42";"no";"no";"not-reviewed";""
"hac.code.writehacdatatodocument.setsharedplugindata.l5230c42.db0c2aaa";"txt.5e1d9a2bed2a";"${HAC_DOC_KEY_PREFIX}:savedAt";"";"revisar";"javascript-template";"_writeHacDataToDocument > setSharedPluginData";"src/plugin/code.js";"5230";"43";"_writeHacDataToDocument > setSharedPluginData.l5230c42";"no";"no";"not-reviewed";""
"hac.code.writehacdatatodocument.warn.l5233c18.ce1ca85e";"txt.20160e185c0e";"[hac] backup no documento falhou (clientStorage segue como fonte principal):";"";"diagnostico-tecnico";"javascript-string";"_writeHacDataToDocument > warn";"src/plugin/code.js";"5233";"19";"_writeHacDataToDocument > warn.l5233c18";"yes";"no";"not-reviewed";""
"hac.code.parseint.l5245c65.cf15400f";"txt.6b097de23b94";"${HAC_DOC_KEY_PREFIX}:count";"";"revisar";"javascript-template";"parseInt";"src/plugin/code.js";"5245";"66";"parseInt.l5245c65";"no";"no";"not-reviewed";""
"hac.code.getsharedplugindata.l5249c58.87fda2cf";"txt.e436b6833a82";"${HAC_DOC_KEY_PREFIX}:${i}";"";"revisar";"javascript-template";"getSharedPluginData";"src/plugin/code.js";"5249";"59";"getSharedPluginData.l5249c58";"no";"no";"not-reviewed";""
"hac.code.readhacdatafromdocument.warn.l5258c18.3e220aa8";"txt.8f2b6ce0b9db";"[hac] backup no documento ilegível (ignorado):";"";"diagnostico-tecnico";"javascript-string";"_readHacDataFromDocument > warn";"src/plugin/code.js";"5258";"19";"_readHacDataFromDocument > warn.l5258c18";"yes";"no";"not-reviewed";""
"hac.code.parseint.l5270c65.e7736fd8";"txt.6b097de23b94";"${HAC_DOC_KEY_PREFIX}:count";"";"revisar";"javascript-template";"parseInt";"src/plugin/code.js";"5270";"66";"parseInt.l5270c65";"no";"no";"not-reviewed";""
"hac.code.clearhacdatafromdocument.setsharedplugindata.l5272c44.d2d66aef";"txt.e436b6833a82";"${HAC_DOC_KEY_PREFIX}:${i}";"";"revisar";"javascript-template";"_clearHacDataFromDocument > setSharedPluginData";"src/plugin/code.js";"5272";"45";"_clearHacDataFromDocument > setSharedPluginData.l5272c44";"no";"no";"not-reviewed";""
"hac.code.clearhacdatafromdocument.setsharedplugindata.l5274c42.de823e09";"txt.6b097de23b94";"${HAC_DOC_KEY_PREFIX}:count";"";"revisar";"javascript-template";"_clearHacDataFromDocument > setSharedPluginData";"src/plugin/code.js";"5274";"43";"_clearHacDataFromDocument > setSharedPluginData.l5274c42";"no";"no";"not-reviewed";""
"hac.code.clearhacdatafromdocument.setsharedplugindata.l5275c42.405e19f3";"txt.5e1d9a2bed2a";"${HAC_DOC_KEY_PREFIX}:savedAt";"";"revisar";"javascript-template";"_clearHacDataFromDocument > setSharedPluginData";"src/plugin/code.js";"5275";"43";"_clearHacDataFromDocument > setSharedPluginData.l5275c42";"no";"no";"not-reviewed";""
"hac.code.clearhacdatafromdocument.warn.l5277c18.cc9bf120";"txt.4ca7d48e2585";"[hac] falha ao limpar o backup do documento:";"";"diagnostico-tecnico";"javascript-string";"_clearHacDataFromDocument > warn";"src/plugin/code.js";"5277";"19";"_clearHacDataFromDocument > warn.l5277c18";"yes";"no";"not-reviewed";""
"hac.code.warn.l5330c22.779efb01";"txt.9752fedf3f83";"[hac] falha ao remover Section de sessão do canvas:";"";"diagnostico-tecnico";"javascript-string";"warn";"src/plugin/code.js";"5330";"23";"warn.l5330c22";"yes";"no";"not-reviewed";""
"hac.manifest.name.92429a63";"txt.bb81d8b3b4a5";"HAC - Handoff de Acessibilidade CAIXA";"";"metadado-plugin";"json-value";"name";"src/plugin/manifest.json";"2";"12";"name";"yes";"no";"not-reviewed";""
"hac.modules.accessibility.label.l119c25.94932508";"txt.ae389a2dd9e8";"Elementos e Imagens";"";"texto-interface";"javascript-string";"label";"src/plugin/modules/accessibility.js";"119";"26";"label.l119c25";"yes";"no";"not-reviewed";""
"hac.modules.accessibility.a11y.categories.l119c58.0bc4cb81";"txt.0e7629279488";"image";"";"vocabulario-dominio";"javascript-string";"A11Y_CATEGORIES";"src/plugin/modules/accessibility.js";"119";"59";"A11Y_CATEGORIES.l119c58";"yes";"no";"not-reviewed";""
"hac.modules.accessibility.a11y.categories.l119c76.99097c3e";"txt.08e7046e28d4";"#FCBE05";"";"vocabulario-dominio";"javascript-string";"A11Y_CATEGORIES";"src/plugin/modules/accessibility.js";"119";"77";"A11Y_CATEGORIES.l119c76";"yes";"no";"not-reviewed";""
"hac.modules.accessibility.a11y.categories.l119c98.9226662a";"txt.a11a78848cc0";"#8D6A03";"";"vocabulario-dominio";"javascript-string";"A11Y_CATEGORIES";"src/plugin/modules/accessibility.js";"119";"99";"A11Y_CATEGORIES.l119c98";"yes";"no";"not-reviewed";""
"hac.modules.accessibility.a11y.categories.l119c115.7ae4487d";"txt.66b680f80945";"#FFF6DC";"";"vocabulario-dominio";"javascript-string";"A11Y_CATEGORIES";"src/plugin/modules/accessibility.js";"119";"116";"A11Y_CATEGORIES.l119c115";"yes";"no";"not-reviewed";""
"hac.modules.accessibility.a11y.categories.l119c146.dbe614b2";"txt.00b7b8118efd";"circle";"";"vocabulario-dominio";"javascript-string";"A11Y_CATEGORIES";"src/plugin/modules/accessibility.js";"119";"147";"A11Y_CATEGORIES.l119c146";"yes";"no";"not-reviewed";""
"hac.modules.accessibility.label.l120c25.07ffbee8";"txt.2fb75ee3e5ab";"Estrutura da Página";"";"texto-interface";"javascript-string";"label";"src/plugin/modules/accessibility.js";"120";"26";"label.l120c25";"yes";"no";"not-reviewed";""
"hac.modules.accessibility.a11y.categories.l120c58.72178609";"txt.4e3e01b9af84";"star";"";"vocabulario-dominio";"javascript-string";"A11Y_CATEGORIES";"src/plugin/modules/accessibility.js";"120";"59";"A11Y_CATEGORIES.l120c58";"yes";"no";"not-reviewed";""
"hac.modules.accessibility.a11y.categories.l120c76.31f99c2e";"txt.c2b94bf2aa76";"#EF765E";"";"vocabulario-dominio";"javascript-string";"A11Y_CATEGORIES";"src/plugin/modules/accessibility.js";"120";"77";"A11Y_CATEGORIES.l120c76";"yes";"no";"not-reviewed";""
"hac.modules.accessibility.a11y.categories.l120c98.b442c5c3";"txt.afbe1bef20de";"#A75342";"";"vocabulario-dominio";"javascript-string";"A11Y_CATEGORIES";"src/plugin/modules/accessibility.js";"120";"99";"A11Y_CATEGORIES.l120c98";"yes";"no";"not-reviewed";""
"hac.modules.accessibility.a11y.categories.l120c115.d82a4915";"txt.8e56e6ced28b";"#FDEAE6";"";"vocabulario-dominio";"javascript-string";"A11Y_CATEGORIES";"src/plugin/modules/accessibility.js";"120";"116";"A11Y_CATEGORIES.l120c115";"yes";"no";"not-reviewed";""
"hac.modules.accessibility.a11y.categories.l120c146.1d30645c";"txt.4e3e01b9af84";"star";"";"vocabulario-dominio";"javascript-string";"A11Y_CATEGORIES";"src/plugin/modules/accessibility.js";"120";"147";"A11Y_CATEGORIES.l120c146";"yes";"no";"not-reviewed";""
"hac.modules.accessibility.label.l127c25.b4deb6c8";"txt.91e5dc8c41f2";"Nível de Título";"";"texto-interface";"javascript-string";"label";"src/plugin/modules/accessibility.js";"127";"26";"label.l127c25";"yes";"no";"not-reviewed";""
"hac.modules.accessibility.a11y.categories.l127c58.0d55f123";"txt.8809edb77f31";"heading";"";"vocabulario-dominio";"javascript-string";"A11Y_CATEGORIES";"src/plugin/modules/accessibility.js";"127";"59";"A11Y_CATEGORIES.l127c58";"yes";"no";"not-reviewed";""
"hac.modules.accessibility.a11y.categories.l127c76.7987bd21";"txt.ffc45303c7a9";"#AFCA0B";"";"vocabulario-dominio";"javascript-string";"A11Y_CATEGORIES";"src/plugin/modules/accessibility.js";"127";"77";"A11Y_CATEGORIES.l127c76";"yes";"no";"not-reviewed";""
"hac.modules.accessibility.a11y.categories.l127c115.39891de4";"txt.69f3c7fff787";"#F5F9DA";"";"vocabulario-dominio";"javascript-string";"A11Y_CATEGORIES";"src/plugin/modules/accessibility.js";"127";"116";"A11Y_CATEGORIES.l127c115";"yes";"no";"not-reviewed";""
"hac.modules.accessibility.a11y.categories.l127c145.cf281b17";"txt.00b7b8118efd";"circle";"";"vocabulario-dominio";"javascript-string";"A11Y_CATEGORIES";"src/plugin/modules/accessibility.js";"127";"146";"A11Y_CATEGORIES.l127c145";"yes";"no";"not-reviewed";""
"hac.modules.accessibility.label.l128c25.fe51d4d8";"txt.51c2f95692b8";"Elemento Decorativo";"";"texto-interface";"javascript-string";"label";"src/plugin/modules/accessibility.js";"128";"26";"label.l128c25";"yes";"no";"not-reviewed";""
"hac.modules.accessibility.a11y.categories.l128c58.2966bc5c";"txt.2580d49ff406";"ban";"";"vocabulario-dominio";"javascript-string";"A11Y_CATEGORIES";"src/plugin/modules/accessibility.js";"128";"59";"A11Y_CATEGORIES.l128c58";"yes";"no";"not-reviewed";""
"hac.modules.accessibility.a11y.categories.l128c76.9046efea";"txt.209efe9dcca8";"#D93636";"";"vocabulario-dominio";"javascript-string";"A11Y_CATEGORIES";"src/plugin/modules/accessibility.js";"128";"77";"A11Y_CATEGORIES.l128c76";"yes";"no";"not-reviewed";""
"hac.modules.accessibility.a11y.categories.l128c98.5183944c";"txt.b3ffbe970cc6";"#C33131";"";"vocabulario-dominio";"javascript-string";"A11Y_CATEGORIES";"src/plugin/modules/accessibility.js";"128";"99";"A11Y_CATEGORIES.l128c98";"yes";"no";"not-reviewed";""
"hac.modules.accessibility.a11y.categories.l128c115.4e79b37d";"txt.d7a635061a71";"#FBE4E4";"";"vocabulario-dominio";"javascript-string";"A11Y_CATEGORIES";"src/plugin/modules/accessibility.js";"128";"116";"A11Y_CATEGORIES.l128c115";"yes";"no";"not-reviewed";""
"hac.modules.accessibility.a11y.categories.l128c145.29452c1f";"txt.00b7b8118efd";"circle";"";"vocabulario-dominio";"javascript-string";"A11Y_CATEGORIES";"src/plugin/modules/accessibility.js";"128";"146";"A11Y_CATEGORIES.l128c145";"yes";"no";"not-reviewed";""
"hac.modules.accessibility.label.l138c25.3b6a9db7";"txt.c18ca03e07a2";"Informações Adicionais (descontinuada)";"";"texto-interface";"javascript-string";"label";"src/plugin/modules/accessibility.js";"138";"26";"label.l138c25";"yes";"no";"not-reviewed";""
"hac.modules.accessibility.a11y.legacy.categories.l138c73.88c18da3";"txt.59bd0a3ff43b";"info";"";"vocabulario-dominio";"javascript-string";"A11Y_LEGACY_CATEGORIES";"src/plugin/modules/accessibility.js";"138";"74";"A11Y_LEGACY_CATEGORIES.l138c73";"yes";"no";"not-reviewed";""
"hac.modules.accessibility.a11y.legacy.categories.l138c88.1298db16";"txt.0d49b2fc5ba0";"#F39200";"";"vocabulario-dominio";"javascript-string";"A11Y_LEGACY_CATEGORIES";"src/plugin/modules/accessibility.js";"138";"89";"A11Y_LEGACY_CATEGORIES.l138c88";"yes";"no";"not-reviewed";""
"hac.modules.accessibility.a11y.legacy.categories.l138c110.ce057ae3";"txt.a934c6fd0830";"#A06000";"";"vocabulario-dominio";"javascript-string";"A11Y_LEGACY_CATEGORIES";"src/plugin/modules/accessibility.js";"138";"111";"A11Y_LEGACY_CATEGORIES.l138c110";"yes";"no";"not-reviewed";""
"hac.modules.accessibility.a11y.legacy.categories.l138c127.2b52bc34";"txt.32fc9bb72852";"#FEF1DE";"";"vocabulario-dominio";"javascript-string";"A11Y_LEGACY_CATEGORIES";"src/plugin/modules/accessibility.js";"138";"128";"A11Y_LEGACY_CATEGORIES.l138c127";"yes";"no";"not-reviewed";""
"hac.modules.accessibility.a11y.legacy.categories.l138c158.4e7ace6e";"txt.bfed89e80ea0";"square";"";"vocabulario-dominio";"javascript-string";"A11Y_LEGACY_CATEGORIES";"src/plugin/modules/accessibility.js";"138";"159";"A11Y_LEGACY_CATEGORIES.l138c158";"yes";"no";"not-reviewed";""
"hac.modules.accessibility.a11y.badge.text.color.dark.l159c36.84825e47";"txt.4d6d95a572c6";"#22292E";"";"vocabulario-dominio";"javascript-string";"A11Y_BADGE_TEXT_COLOR_DARK";"src/plugin/modules/accessibility.js";"159";"37";"A11Y_BADGE_TEXT_COLOR_DARK.l159c36";"yes";"no";"not-reviewed";""
"hac.modules.accessibility.a11y.badge.text.color.light.l160c37.65f30b4b";"txt.c659d630ce0a";"#FFFFFF";"";"vocabulario-dominio";"javascript-string";"A11Y_BADGE_TEXT_COLOR_LIGHT";"src/plugin/modules/accessibility.js";"160";"38";"A11Y_BADGE_TEXT_COLOR_LIGHT.l160c37";"yes";"no";"not-reviewed";""
"hac.modules.accessibility.a11y.category.label.mobile.overrides.l169c11.e8593a5b";"txt.d3e75bbc154a";"Títulos";"";"vocabulario-dominio";"javascript-string";"A11Y_CATEGORY_LABEL_MOBILE_OVERRIDES";"src/plugin/modules/accessibility.js";"169";"12";"A11Y_CATEGORY_LABEL_MOBILE_OVERRIDES.l169c11";"yes";"no";"not-reviewed";""
"hac.modules.accessibility.literal.l233c16.a540a86e";"txt.d76048580edd";"<polygon points=""";"";"revisar";"javascript-string";"";"src/plugin/modules/accessibility.js";"233";"17";"literal.l233c16";"yes";"no";"not-reviewed";""
"hac.modules.accessibility.literal.l238c16.fad9edfd";"txt.a1cd91f1e656";"<rect x=""";"";"revisar";"javascript-string";"";"src/plugin/modules/accessibility.js";"238";"17";"literal.l238c16";"yes";"no";"not-reviewed";""
"hac.modules.accessibility.literal.l240c16.a69f6c10";"txt.d49c1da031a3";"<circle cx=""";"";"revisar";"javascript-string";"";"src/plugin/modules/accessibility.js";"240";"17";"literal.l240c16";"yes";"no";"not-reviewed";""
"hac.modules.accessibility.literal.l269c18.32f2b0e1";"txt.47393ae39971";"<text x=""";"";"revisar";"javascript-string";"";"src/plugin/modules/accessibility.js";"269";"19";"literal.l269c18";"yes";"no";"not-reviewed";""
"hac.modules.accessibility.literal.l269c52.d752a0c5";"txt.538d64f1dfbc";""" text-anchor=""middle"" dominant-baseline=""central""";"";"revisar";"javascript-string";"";"src/plugin/modules/accessibility.js";"269";"53";"literal.l269c52";"yes";"no";"not-reviewed";""
"hac.modules.accessibility.literal.l270c7.2bb218ef";"txt.a36afe31ff45";"font-family=""inherit"" font-weight=""800"" font-size=""";"";"revisar";"javascript-string";"";"src/plugin/modules/accessibility.js";"270";"8";"literal.l270c7";"yes";"no";"not-reviewed";""
"hac.modules.accessibility.literal.l273c10.2cdd910b";"txt.4052a2af05c4";"<svg width=""";"";"revisar";"javascript-string";"";"src/plugin/modules/accessibility.js";"273";"11";"literal.l273c10";"yes";"no";"not-reviewed";""
"hac.modules.accessibility.rendera11ycategorybadgesvg.l274c5.ce97055f";"txt.9a9933c7148d";"xmlns=""http://www.w3.org/2000/svg"" aria-hidden=""true"" focusable=""false"">";"";"revisar";"javascript-string";"renderA11yCategoryBadgeSvg";"src/plugin/modules/accessibility.js";"274";"6";"renderA11yCategoryBadgeSvg.l274c5";"yes";"no";"not-reviewed";""
"hac.modules.accessibility.literal.l303c10.4f58553d";"txt.d49c1da031a3";"<circle cx=""";"";"revisar";"javascript-string";"";"src/plugin/modules/accessibility.js";"303";"11";"literal.l303c10";"yes";"no";"not-reviewed";""
"hac.modules.accessibility.literal.l303c62.80ea999a";"txt.eed65ecf2ef6";""" fill=""none"" stroke=""#FFFFFF"" stroke-width=""";"";"revisar";"javascript-string";"";"src/plugin/modules/accessibility.js";"303";"63";"literal.l303c62";"yes";"no";"not-reviewed";""
"hac.modules.accessibility.literal.l304c5.c7a35333";"txt.014cd00be96b";"<line x1=""";"";"revisar";"javascript-string";"";"src/plugin/modules/accessibility.js";"304";"6";"literal.l304c5";"yes";"no";"not-reviewed";""
"hac.modules.accessibility.a11ybaniconsvg.l304c109.13582d3e";"txt.6427ea7aa748";""" stroke=""#FFFFFF"" stroke-width=""";"";"revisar";"javascript-string";"_a11yBanIconSvg";"src/plugin/modules/accessibility.js";"304";"110";"_a11yBanIconSvg.l304c109";"yes";"no";"not-reviewed";""
"hac.modules.accessibility.a11ybaniconsvg.l304c161.82b7f0af";"txt.90de090c60d3";""" stroke-linecap=""round""/>";"";"revisar";"javascript-string";"_a11yBanIconSvg";"src/plugin/modules/accessibility.js";"304";"162";"_a11yBanIconSvg.l304c161";"yes";"no";"not-reviewed";""
"hac.modules.accessibility.descricao.l322c35.b76c2e66";"txt.6948a1e634f2";"Identificar como button e ler o seu rótulo visível em tela.";"";"texto-interface";"javascript-string";"descricao";"src/plugin/modules/accessibility.js";"322";"36";"descricao.l322c35";"yes";"no";"not-reviewed";""
"hac.modules.accessibility.notascodigo.l322c111.7431d797";"txt.6ea022c0fa31";"O título de cada cabeçalho do accordion deve ser atrelado em um elemento com a role=""button"", considerar também o status do painel como expandindo ou recolhido com o atributo aria-expanded.";"";"texto-interface";"javascript-string";"notasCodigo";"src/plugin/modules/accessibility.js";"322";"112";"notasCodigo.l322c111";"yes";"no";"not-reviewed";""
"hac.modules.accessibility.descricao.l323c35.b34f23c2";"txt.b07c61f8c249";"Agrupar e identificar como link, deve ler o seu rótulo visível em tela.";"";"texto-interface";"javascript-string";"descricao";"src/plugin/modules/accessibility.js";"323";"36";"descricao.l323c35";"yes";"no";"not-reviewed";""
"hac.modules.accessibility.descricao.l324c35.089ff468";"txt.6948a1e634f2";"Identificar como button e ler o seu rótulo visível em tela.";"";"texto-interface";"javascript-string";"descricao";"src/plugin/modules/accessibility.js";"324";"36";"descricao.l324c35";"yes";"no";"not-reviewed";""
"hac.modules.accessibility.descricao.l325c35.86d44e69";"txt.459656627ce3";"Identificar como checkbox.";"";"texto-interface";"javascript-string";"descricao";"src/plugin/modules/accessibility.js";"325";"36";"descricao.l325c35";"yes";"no";"not-reviewed";""
"hac.modules.accessibility.notascodigo.l325c78.802e16cd";"txt.84b42ef74210";"Em HTML, identificar o status do componente como desmarcado com o atributo aria-checked=""false"". Deve-se também inserir aria-label para adicionar um nome acessível ao elemento.";"";"texto-interface";"javascript-string";"notasCodigo";"src/plugin/modules/accessibility.js";"325";"79";"notasCodigo.l325c78";"yes";"no";"not-reviewed";""
"hac.modules.accessibility.descricao.l326c35.1d4f8d92";"txt.f468c08493c4";"Identificar como dialog e anunciar o título seguido do conteúdo assim que o componente for apresentado em tela.";"";"texto-interface";"javascript-string";"descricao";"src/plugin/modules/accessibility.js";"326";"36";"descricao.l326c35";"yes";"no";"not-reviewed";""
"hac.modules.accessibility.notascodigo.l326c163.d1ae093b";"txt.9ae33ea18305";"Em HTML é necessário atrelar os seguintes atributos ao componente: aria-labelledby, aria-describedby e aria-modal.";"";"texto-interface";"javascript-string";"notasCodigo";"src/plugin/modules/accessibility.js";"326";"164";"notasCodigo.l326c163";"yes";"no";"not-reviewed";""
"hac.modules.accessibility.descricao.l327c35.3eed9741";"txt.4fa4e05b23ae";"Agrupar e identificar como textbox.";"";"texto-interface";"javascript-string";"descricao";"src/plugin/modules/accessibility.js";"327";"36";"descricao.l327c35";"yes";"no";"not-reviewed";""
"hac.modules.accessibility.descricao.l328c35.afa76762";"txt.e0c01de5e449";"Identificar como link e ler o seu rótulo visível em tela.";"";"texto-interface";"javascript-string";"descricao";"src/plugin/modules/accessibility.js";"328";"36";"descricao.l328c35";"yes";"no";"not-reviewed";""
"hac.modules.accessibility.descricao.l329c35.70a9f8e5";"txt.b4e1945cad5b";"Construir como lista ordenada.";"";"texto-interface";"javascript-string";"descricao";"src/plugin/modules/accessibility.js";"329";"36";"descricao.l329c35";"yes";"no";"not-reviewed";""
"hac.modules.accessibility.descricao.l330c35.b23e4fbd";"txt.dd8b79cddbde";"Identificar como combobox e ler a quantidade de itens por página, seleção atual e o status do componente como recolhido ou expandido.";"";"texto-interface";"javascript-string";"descricao";"src/plugin/modules/accessibility.js";"330";"36";"descricao.l330c35";"yes";"no";"not-reviewed";""
"hac.modules.accessibility.notascodigo.l330c185.be9afd43";"txt.2d9bf1635998";"Em HTML, identificar o status do componente como ""expandido"" ou ""recolhido"" com aria-expanded. Utilizar aria-labelledby para indicar o elemento que rotula a caixa de combinação e aria-controls para definir que o componente funciona como um pop-up.";"";"texto-interface";"javascript-string";"notasCodigo";"src/plugin/modules/accessibility.js";"330";"186";"notasCodigo.l330c185";"yes";"no";"not-reviewed";""
"hac.modules.accessibility.a11y.content.l331c7.e44b68ab";"txt.ce6bdd437106";"radio button";"";"vocabulario-dominio";"javascript-string";"A11Y_CONTENT";"src/plugin/modules/accessibility.js";"331";"8";"A11Y_CONTENT.l331c7";"yes";"no";"not-reviewed";""
"hac.modules.accessibility.descricao.l331c35.371f1d07";"txt.fa065019041d";"Identificar como radio button.";"";"texto-interface";"javascript-string";"descricao";"src/plugin/modules/accessibility.js";"331";"36";"descricao.l331c35";"yes";"no";"not-reviewed";""
"hac.modules.accessibility.notascodigo.l331c82.860a1b0b";"txt.cee0ea370308";"Identificar o status do componente como marcado ou desmarcado com o atributo aria-checked=""true"" ou ""false"". Deve-se também, inserir aria-label para adicionar um nome acessível ao elemento.";"";"texto-interface";"javascript-string";"notasCodigo";"src/plugin/modules/accessibility.js";"331";"83";"notasCodigo.l331c82";"yes";"no";"not-reviewed";""
"hac.modules.accessibility.descricao.l332c35.0e1ed514";"txt.941370ed4b58";"Identificar como alert, deve interromper outros processos e anunciar o conteúdo da notificação sem mover o foco para ele.";"";"texto-interface";"javascript-string";"descricao";"src/plugin/modules/accessibility.js";"332";"36";"descricao.l332c35";"yes";"no";"not-reviewed";""
"hac.modules.accessibility.notascodigo.l332c173.fd318b65";"txt.679e6d8a12ad";"Em HTML, o atributo aria-live=""assertive"" está implícito na função de alerta.";"";"texto-interface";"javascript-string";"notasCodigo";"src/plugin/modules/accessibility.js";"332";"174";"notasCodigo.l332c173";"yes";"no";"not-reviewed";""
"hac.modules.accessibility.descricao.l333c35.3bc68b2d";"txt.a2cb6e25b562";"Agrupar e identificar como tab. Deve-se ler o seu rótulo visível junto de sua localização no grupo. A exemplo: ""1 de 3"". Também considerar o status do elemento como ""selecionado"".";"";"texto-interface";"javascript-string";"descricao";"src/plugin/modules/accessibility.js";"333";"36";"descricao.l333c35";"yes";"no";"not-reviewed";""
"hac.modules.accessibility.notascodigo.l333c231.7b4f7991";"txt.8f9dca34022a";"Em HTML, deve ser fornecido a role=""tablist"" por padrão, role=""tab"" quando selecionado e role=""tabpanel"" quando expandindo. O atributo aria-selected é definido automaticamente com base na alteração da seleção.";"";"texto-interface";"javascript-string";"notasCodigo";"src/plugin/modules/accessibility.js";"333";"232";"notasCodigo.l333c231";"yes";"no";"not-reviewed";""
"hac.modules.accessibility.descricao.l334c35.dd76e4aa";"txt.054ab0329291";"Identificar como switch.";"";"texto-interface";"javascript-string";"descricao";"src/plugin/modules/accessibility.js";"334";"36";"descricao.l334c35";"yes";"no";"not-reviewed";""
"hac.modules.accessibility.notascodigo.l334c76.145e6750";"txt.cee0ea370308";"Identificar o status do componente como marcado ou desmarcado com o atributo aria-checked=""true"" ou ""false"". Deve-se também, inserir aria-label para adicionar um nome acessível ao elemento.";"";"texto-interface";"javascript-string";"notasCodigo";"src/plugin/modules/accessibility.js";"334";"77";"notasCodigo.l334c76";"yes";"no";"not-reviewed";""
"hac.modules.accessibility.descricao.l335c35.36e86f83";"txt.0bb97b181b77";"Identificar como table e ler a sua estrutura com a quantidade de linhas e colunas.";"";"texto-interface";"javascript-string";"descricao";"src/plugin/modules/accessibility.js";"335";"36";"descricao.l335c35";"yes";"no";"not-reviewed";""
"hac.modules.accessibility.notascodigo.l335c134.8999f925";"txt.b8c4b68417b8";"Inserir o atributo aria-label em HTML para adicionar um nome acessível e aria-describedby=""IDREF"" referindo-se a legenda para a tabela.";"";"texto-interface";"javascript-string";"notasCodigo";"src/plugin/modules/accessibility.js";"335";"135";"notasCodigo.l335c134";"yes";"no";"not-reviewed";""
"hac.modules.accessibility.a11y.content.l336c7.85f6f236";"txt.3df042c01470";"tab group";"";"vocabulario-dominio";"javascript-string";"A11Y_CONTENT";"src/plugin/modules/accessibility.js";"336";"8";"A11Y_CONTENT.l336c7";"yes";"no";"not-reviewed";""
"hac.modules.accessibility.descricao.l336c35.e38be462";"txt.8d7c84a0be19";"Agrupar e identificar como tab. Deve-se ler o seu rótulo visível junto de sua localização no grupo. A exemplo: ""1 de 3"". Também considerar o status do componente quando estiver ""selecionado"".";"";"texto-interface";"javascript-string";"descricao";"src/plugin/modules/accessibility.js";"336";"36";"descricao.l336c35";"yes";"no";"not-reviewed";""
"hac.modules.accessibility.notascodigo.l336c243.2fb367f1";"txt.8f9dca34022a";"Em HTML, deve ser fornecido a role=""tablist"" por padrão, role=""tab"" quando selecionado e role=""tabpanel"" quando expandindo. O atributo aria-selected é definido automaticamente com base na alteração da seleção.";"";"texto-interface";"javascript-string";"notasCodigo";"src/plugin/modules/accessibility.js";"336";"244";"notasCodigo.l336c243";"yes";"no";"not-reviewed";""
"hac.modules.accessibility.descricao.l337c35.fdc0fa60";"txt.9523fe8de41e";"Inserir o seguinte texto alternativo no elemento: [insira aqui o texto alternativo].";"";"texto-interface";"javascript-string";"descricao";"src/plugin/modules/accessibility.js";"337";"36";"descricao.l337c35";"yes";"no";"not-reviewed";""
"hac.modules.accessibility.notascodigo.l337c136.87137cd4";"txt.1efe3c1be007";"Insira seu texto com as anotações necessárias para o pessoal de desenvolvimento.";"";"texto-interface";"javascript-string";"notasCodigo";"src/plugin/modules/accessibility.js";"337";"137";"notasCodigo.l337c136";"yes";"no";"not-reviewed";""
"hac.modules.accessibility.descricao.l347c18.6bd4bf2c";"txt.b9903f0f5981";"Identificar como link e anunciar que o link abre uma nova janela e direciona o foco para ela.";"";"texto-interface";"javascript-string";"descricao";"src/plugin/modules/accessibility.js";"347";"19";"descricao.l347c18";"yes";"no";"not-reviewed";""
"hac.modules.accessibility.a11y.content.l352c7.42c30b47";"txt.8dd5ae3334cc";"da pagina";"";"vocabulario-dominio";"javascript-string";"A11Y_CONTENT";"src/plugin/modules/accessibility.js";"352";"8";"A11Y_CONTENT.l352c7";"yes";"no";"not-reviewed";""
"hac.modules.accessibility.descricao.l352c34.34b49141";"txt.3561b27c1ccd";"Indicar o idioma predominante da página como: [insira aqui o idioma].";"";"texto-interface";"javascript-string";"descricao";"src/plugin/modules/accessibility.js";"352";"35";"descricao.l352c34";"yes";"no";"not-reviewed";""
"hac.modules.accessibility.html.text.1.43cade2b";"txt.eca2465a25b0";". Para inglês:";"";"texto-interface";"html-text";"html";"src/plugin/modules/accessibility.js";"352";"249";"html.text.1";"yes";"no";"not-reviewed";""
"hac.modules.accessibility.html.text.2.73ecbc9f";"txt.9cc611ed4229";". Para espanhol:";"";"texto-interface";"html-text";"html";"src/plugin/modules/accessibility.js";"352";"280";"html.text.2";"yes";"no";"not-reviewed";""
"hac.modules.accessibility.a11y.content.l353c7.c90c2159";"txt.a84778a25727";"das partes";"";"vocabulario-dominio";"javascript-string";"A11Y_CONTENT";"src/plugin/modules/accessibility.js";"353";"8";"A11Y_CONTENT.l353c7";"yes";"no";"not-reviewed";""
"hac.modules.accessibility.descricao.l353c34.cdca0f04";"txt.8194417f8112";"Indicar a(s) palavras(s) em um idioma.";"";"texto-interface";"javascript-string";"descricao";"src/plugin/modules/accessibility.js";"353";"35";"descricao.l353c34";"yes";"no";"not-reviewed";""
"hac.modules.accessibility.notascodigo.l353c89.82ffaa50";"txt.9299800c5225";"Em HTML, use o atributo lang para declarar o conteúdo circundante como links ou outras partes do texto.";"";"texto-interface";"javascript-string";"notasCodigo";"src/plugin/modules/accessibility.js";"353";"90";"notasCodigo.l353c89";"yes";"no";"not-reviewed";""
"hac.modules.accessibility.descricao.l356c28.87125ead";"txt.68a82297331a";"Indicar como cabeçalho.";"";"texto-interface";"javascript-string";"descricao";"src/plugin/modules/accessibility.js";"356";"29";"descricao.l356c28";"yes";"no";"not-reviewed";""
"hac.modules.accessibility.descricao.l357c28.91eb7bb0";"txt.177b4799a54d";"Indicar como navegação.";"";"texto-interface";"javascript-string";"descricao";"src/plugin/modules/accessibility.js";"357";"29";"descricao.l357c28";"yes";"no";"not-reviewed";""
"hac.modules.accessibility.descricao.l358c28.4a65c6f5";"txt.f69652a36974";"Indicar o conteúdo como principal da página.";"";"texto-interface";"javascript-string";"descricao";"src/plugin/modules/accessibility.js";"358";"29";"descricao.l358c28";"yes";"no";"not-reviewed";""
"hac.modules.accessibility.main.text.1.9f95412a";"txt.e16d68ee73fe";"não deve ser usado dentro de elementos como";"";"texto-interface";"html-text";"main";"src/plugin/modules/accessibility.js";"358";"104";"main.text.1";"yes";"no";"not-reviewed";""
"hac.modules.accessibility.header.text.1.d1e4c216";"txt.d5f10c9bc837";"ou";"";"texto-interface";"html-text";"header";"src/plugin/modules/accessibility.js";"358";"187";"header.text.1";"yes";"no";"not-reviewed";""
"hac.modules.accessibility.descricao.l359c28.e0784d00";"txt.429613056dfa";"Indicar como seção.";"";"texto-interface";"javascript-string";"descricao";"src/plugin/modules/accessibility.js";"359";"29";"descricao.l359c28";"yes";"no";"not-reviewed";""
"hac.modules.accessibility.descricao.l360c28.3b3919aa";"txt.c2721138b032";"Indicar como rodapé.";"";"texto-interface";"javascript-string";"descricao";"src/plugin/modules/accessibility.js";"360";"29";"descricao.l360c28";"yes";"no";"not-reviewed";""
"hac.modules.accessibility.notacodigo.l368c29.9fdd693a";"txt.c14ab5875cee";"accessibilityRole=""header""";"";"texto-interface";"javascript-string";"notaCodigo";"src/plugin/modules/accessibility.js";"368";"30";"notaCodigo.l368c29";"yes";"no";"not-reviewed";""
"hac.modules.accessibility.notacodigo.l369c29.5f8f139a";"txt.6ef4e2685985";"accessibilityRole=""menu"" (ou ""navigation"" nas plataformas/bibliotecas que suportarem o role customizado)";"";"texto-interface";"javascript-string";"notaCodigo";"src/plugin/modules/accessibility.js";"369";"30";"notaCodigo.l369c29";"yes";"no";"not-reviewed";""
"hac.modules.accessibility.descricao.l374c32.41b47a0b";"txt.d21e28ab980c";"Definir o título da página como: [insira aqui o título].";"";"texto-interface";"javascript-string";"descricao";"src/plugin/modules/accessibility.js";"374";"33";"descricao.l374c32";"yes";"no";"not-reviewed";""
"hac.modules.accessibility.descricao.l375c32.631fa18f";"txt.cd43f989bfc0";"Insira seu texto da descrição.";"";"texto-interface";"javascript-string";"descricao";"src/plugin/modules/accessibility.js";"375";"33";"descricao.l375c32";"yes";"no";"not-reviewed";""
"hac.modules.accessibility.notascodigo.l375c79.04afc0ae";"txt.1efe3c1be007";"Insira seu texto com as anotações necessárias para o pessoal de desenvolvimento.";"";"texto-interface";"javascript-string";"notasCodigo";"src/plugin/modules/accessibility.js";"375";"80";"notasCodigo.l375c79";"yes";"no";"not-reviewed";""
"hac.modules.accessibility.descricao.l379c24.3e1a1f22";"txt.507c95bbb949";"Identificar como título de nível 1.";"";"texto-interface";"javascript-string";"descricao";"src/plugin/modules/accessibility.js";"379";"25";"descricao.l379c24";"yes";"no";"not-reviewed";""
"hac.modules.accessibility.descricao.l380c24.68bcb7fb";"txt.00150951cc70";"Identificar como título de nível 2.";"";"texto-interface";"javascript-string";"descricao";"src/plugin/modules/accessibility.js";"380";"25";"descricao.l380c24";"yes";"no";"not-reviewed";""
"hac.modules.accessibility.descricao.l381c24.fa437467";"txt.810a1fa51535";"Identificar como título de nível 3.";"";"texto-interface";"javascript-string";"descricao";"src/plugin/modules/accessibility.js";"381";"25";"descricao.l381c24";"yes";"no";"not-reviewed";""
"hac.modules.accessibility.descricao.l382c24.29d79256";"txt.9e90b30d6663";"Identificar como título de nível 4.";"";"texto-interface";"javascript-string";"descricao";"src/plugin/modules/accessibility.js";"382";"25";"descricao.l382c24";"yes";"no";"not-reviewed";""
"hac.modules.accessibility.descricao.l383c24.d2e80d69";"txt.e1bfdd26da13";"Identificar como título de nível 5.";"";"texto-interface";"javascript-string";"descricao";"src/plugin/modules/accessibility.js";"383";"25";"descricao.l383c24";"yes";"no";"not-reviewed";""
"hac.modules.accessibility.descricao.l384c24.28ff2454";"txt.9034471afd2c";"Identificar como título de nível 6.";"";"texto-interface";"javascript-string";"descricao";"src/plugin/modules/accessibility.js";"384";"25";"descricao.l384c24";"yes";"no";"not-reviewed";""
"hac.modules.accessibility.descricao.l386c26.3f117e46";"txt.c017f8ad0826";"Identificar como título.";"";"texto-interface";"javascript-string";"descricao";"src/plugin/modules/accessibility.js";"386";"27";"descricao.l386c26";"yes";"no";"not-reviewed";""
"hac.modules.accessibility.notacodigo.l386c66.2c06c483";"txt.c14ab5875cee";"accessibilityRole=""header""";"";"texto-interface";"javascript-string";"notaCodigo";"src/plugin/modules/accessibility.js";"386";"67";"notaCodigo.l386c66";"yes";"no";"not-reviewed";""
"hac.modules.accessibility.descricao.l389c26.f906ffca";"txt.7d252c113f2b";"Não deve ser anunciado pelo Leitor de Tela.";"";"texto-interface";"javascript-string";"descricao";"src/plugin/modules/accessibility.js";"389";"27";"descricao.l389c26";"yes";"no";"not-reviewed";""
"hac.modules.accessibility.notascodigo.l389c86.3030681d";"txt.1efe3c1be007";"Insira seu texto com as anotações necessárias para o pessoal de desenvolvimento.";"";"texto-interface";"javascript-string";"notasCodigo";"src/plugin/modules/accessibility.js";"389";"87";"notasCodigo.l389c86";"yes";"no";"not-reviewed";""
"hac.modules.accessibility.descricao.l390c26.ac683195";"txt.7d252c113f2b";"Não deve ser anunciado pelo Leitor de Tela.";"";"texto-interface";"javascript-string";"descricao";"src/plugin/modules/accessibility.js";"390";"27";"descricao.l390c26";"yes";"no";"not-reviewed";""
"hac.modules.accessibility.notascodigo.l390c86.a0c2ae46";"txt.fcd7aaccc5fc";"Em HTML utilize o atributo alt="""" com o valor vazio.";"";"texto-interface";"javascript-string";"notasCodigo";"src/plugin/modules/accessibility.js";"390";"87";"notasCodigo.l390c86";"yes";"no";"not-reviewed";""
"hac.modules.accessibility.descricao.l400c24.909d3fbe";"txt.7d252c113f2b";"Não deve ser anunciado pelo Leitor de Tela.";"";"texto-interface";"javascript-string";"descricao";"src/plugin/modules/accessibility.js";"400";"25";"descricao.l400c24";"yes";"no";"not-reviewed";""
"hac.modules.accessibility.a11y.componente.labels.l407c14.bf81a3c7";"txt.d1391a0e8e22";"Accordion";"";"vocabulario-dominio";"javascript-string";"A11Y_COMPONENTE_LABELS";"src/plugin/modules/accessibility.js";"407";"15";"A11Y_COMPONENTE_LABELS.l407c14";"yes";"no";"not-reviewed";""
"hac.modules.accessibility.a11y.componente.labels.l407c39.c3a4ee2f";"txt.6e5ce570b4af";"Breadcrumb";"";"vocabulario-dominio";"javascript-string";"A11Y_COMPONENTE_LABELS";"src/plugin/modules/accessibility.js";"407";"40";"A11Y_COMPONENTE_LABELS.l407c39";"yes";"no";"not-reviewed";""
"hac.modules.accessibility.a11y.componente.labels.l407c61.36b65dd6";"txt.7b7fcc78d6cd";"Button";"";"vocabulario-dominio";"javascript-string";"A11Y_COMPONENTE_LABELS";"src/plugin/modules/accessibility.js";"407";"62";"A11Y_COMPONENTE_LABELS.l407c61";"yes";"no";"not-reviewed";""
"hac.modules.accessibility.a11y.componente.labels.l407c81.0b08f392";"txt.57018890029a";"Checkbox";"";"vocabulario-dominio";"javascript-string";"A11Y_COMPONENTE_LABELS";"src/plugin/modules/accessibility.js";"407";"82";"A11Y_COMPONENTE_LABELS.l407c81";"yes";"no";"not-reviewed";""
"hac.modules.accessibility.a11y.componente.labels.l408c11.1232a640";"txt.863be329d064";"Dialog";"";"vocabulario-dominio";"javascript-string";"A11Y_COMPONENTE_LABELS";"src/plugin/modules/accessibility.js";"408";"12";"A11Y_COMPONENTE_LABELS.l408c11";"yes";"no";"not-reviewed";""
"hac.modules.accessibility.a11y.componente.labels.l408c29.10db9379";"txt.66b0c73b3ba6";"Inputs";"";"vocabulario-dominio";"javascript-string";"A11Y_COMPONENTE_LABELS";"src/plugin/modules/accessibility.js";"408";"30";"A11Y_COMPONENTE_LABELS.l408c29";"yes";"no";"not-reviewed";""
"hac.modules.accessibility.a11y.componente.labels.l408c45.73134ffd";"txt.4f0aa52d656a";"Link";"";"vocabulario-dominio";"javascript-string";"A11Y_COMPONENTE_LABELS";"src/plugin/modules/accessibility.js";"408";"46";"A11Y_COMPONENTE_LABELS.l408c45";"yes";"no";"not-reviewed";""
"hac.modules.accessibility.a11y.componente.labels.l408c61.5a47307c";"txt.9aef9ecad0c5";"Listas";"";"vocabulario-dominio";"javascript-string";"A11Y_COMPONENTE_LABELS";"src/plugin/modules/accessibility.js";"408";"62";"A11Y_COMPONENTE_LABELS.l408c61";"yes";"no";"not-reviewed";""
"hac.modules.accessibility.a11y.componente.labels.l408c82.c3a05636";"txt.31b8d545b193";"Paginator";"";"vocabulario-dominio";"javascript-string";"A11Y_COMPONENTE_LABELS";"src/plugin/modules/accessibility.js";"408";"83";"A11Y_COMPONENTE_LABELS.l408c82";"yes";"no";"not-reviewed";""
"hac.modules.accessibility.a11y.componente.labels.l409c3.72904bb4";"txt.ce6bdd437106";"radio button";"";"vocabulario-dominio";"javascript-string";"A11Y_COMPONENTE_LABELS";"src/plugin/modules/accessibility.js";"409";"4";"A11Y_COMPONENTE_LABELS.l409c3";"yes";"no";"not-reviewed";""
"hac.modules.accessibility.a11y.componente.labels.l409c19.1a492dfa";"txt.ce6bdd437106";"Radio Button";"";"vocabulario-dominio";"javascript-string";"A11Y_COMPONENTE_LABELS";"src/plugin/modules/accessibility.js";"409";"20";"A11Y_COMPONENTE_LABELS.l409c19";"yes";"no";"not-reviewed";""
"hac.modules.accessibility.a11y.componente.labels.l409c45.789e30ca";"txt.2e642905cfc3";"Snackbar";"";"vocabulario-dominio";"javascript-string";"A11Y_COMPONENTE_LABELS";"src/plugin/modules/accessibility.js";"409";"46";"A11Y_COMPONENTE_LABELS.l409c45";"yes";"no";"not-reviewed";""
"hac.modules.accessibility.a11y.componente.labels.l409c66.2d1f808c";"txt.52c8217c245d";"Stepper";"";"vocabulario-dominio";"javascript-string";"A11Y_COMPONENTE_LABELS";"src/plugin/modules/accessibility.js";"409";"67";"A11Y_COMPONENTE_LABELS.l409c66";"yes";"no";"not-reviewed";""
"hac.modules.accessibility.a11y.componente.labels.l409c85.23e9e219";"txt.01ba7992f85d";"Switch";"";"vocabulario-dominio";"javascript-string";"A11Y_COMPONENTE_LABELS";"src/plugin/modules/accessibility.js";"409";"86";"A11Y_COMPONENTE_LABELS.l409c85";"yes";"no";"not-reviewed";""
"hac.modules.accessibility.a11y.componente.labels.l410c10.6db1c286";"txt.c3ee137d4f22";"Table";"";"vocabulario-dominio";"javascript-string";"A11Y_COMPONENTE_LABELS";"src/plugin/modules/accessibility.js";"410";"11";"A11Y_COMPONENTE_LABELS.l410c10";"yes";"no";"not-reviewed";""
"hac.modules.accessibility.a11y.componente.labels.l410c19.9b736b09";"txt.3df042c01470";"tab group";"";"vocabulario-dominio";"javascript-string";"A11Y_COMPONENTE_LABELS";"src/plugin/modules/accessibility.js";"410";"20";"A11Y_COMPONENTE_LABELS.l410c19";"yes";"no";"not-reviewed";""
"hac.modules.accessibility.a11y.componente.labels.l410c32.c0eb53e7";"txt.3df042c01470";"Tab Group";"";"vocabulario-dominio";"javascript-string";"A11Y_COMPONENTE_LABELS";"src/plugin/modules/accessibility.js";"410";"33";"A11Y_COMPONENTE_LABELS.l410c32";"yes";"no";"not-reviewed";""
"hac.modules.accessibility.a11y.componente.labels.l410c53.07d07094";"txt.f854270eaca9";"Imagem";"";"vocabulario-dominio";"javascript-string";"A11Y_COMPONENTE_LABELS";"src/plugin/modules/accessibility.js";"410";"54";"A11Y_COMPONENTE_LABELS.l410c53";"yes";"no";"not-reviewed";""
"hac.modules.accessibility.a11y.narration.type.labels.l426c11.28a5135a";"txt.1e0c49248dbd";"Botão";"";"vocabulario-dominio";"javascript-string";"A11Y_NARRATION_TYPE_LABELS";"src/plugin/modules/accessibility.js";"426";"12";"A11Y_NARRATION_TYPE_LABELS.l426c11";"yes";"no";"not-reviewed";""
"hac.modules.accessibility.a11y.narration.type.labels.l427c13.314f1933";"txt.efb9a6673b57";"Caixa de seleção";"";"vocabulario-dominio";"javascript-string";"A11Y_NARRATION_TYPE_LABELS";"src/plugin/modules/accessibility.js";"427";"14";"A11Y_NARRATION_TYPE_LABELS.l427c13";"yes";"no";"not-reviewed";""
"hac.modules.accessibility.a11y.narration.type.labels.l428c3.a981efed";"txt.ce6bdd437106";"radio button";"";"vocabulario-dominio";"javascript-string";"A11Y_NARRATION_TYPE_LABELS";"src/plugin/modules/accessibility.js";"428";"4";"A11Y_NARRATION_TYPE_LABELS.l428c3";"yes";"no";"not-reviewed";""
"hac.modules.accessibility.a11y.narration.type.labels.l428c19.2d17de00";"txt.4ac31442a15d";"Botão de opção";"";"vocabulario-dominio";"javascript-string";"A11Y_NARRATION_TYPE_LABELS";"src/plugin/modules/accessibility.js";"428";"20";"A11Y_NARRATION_TYPE_LABELS.l428c19";"yes";"no";"not-reviewed";""
"hac.modules.accessibility.a11y.narration.type.labels.l429c11.1a169068";"txt.f91a661a4629";"Alternador";"";"vocabulario-dominio";"javascript-string";"A11Y_NARRATION_TYPE_LABELS";"src/plugin/modules/accessibility.js";"429";"12";"A11Y_NARRATION_TYPE_LABELS.l429c11";"yes";"no";"not-reviewed";""
"hac.modules.accessibility.a11y.narration.type.labels.l430c11.1fe8e9f5";"txt.3431ac9a25f5";"Campo de texto";"";"vocabulario-dominio";"javascript-string";"A11Y_NARRATION_TYPE_LABELS";"src/plugin/modules/accessibility.js";"430";"12";"A11Y_NARRATION_TYPE_LABELS.l430c11";"yes";"no";"not-reviewed";""
"hac.modules.accessibility.a11y.narration.type.labels.l431c14.6d827ecf";"txt.008d1d283372";"Paginação";"";"vocabulario-dominio";"javascript-string";"A11Y_NARRATION_TYPE_LABELS";"src/plugin/modules/accessibility.js";"431";"15";"A11Y_NARRATION_TYPE_LABELS.l431c14";"yes";"no";"not-reviewed";""
"hac.modules.accessibility.a11y.narration.type.labels.l432c12.ef0436ef";"txt.1de812384e75";"Seletor numérico";"";"vocabulario-dominio";"javascript-string";"A11Y_NARRATION_TYPE_LABELS";"src/plugin/modules/accessibility.js";"432";"13";"A11Y_NARRATION_TYPE_LABELS.l432c12";"yes";"no";"not-reviewed";""
"hac.modules.accessibility.a11y.narration.type.labels.l433c3.4cab9b61";"txt.3df042c01470";"tab group";"";"vocabulario-dominio";"javascript-string";"A11Y_NARRATION_TYPE_LABELS";"src/plugin/modules/accessibility.js";"433";"4";"A11Y_NARRATION_TYPE_LABELS.l433c3";"yes";"no";"not-reviewed";""
"hac.modules.accessibility.a11y.narration.type.labels.l433c16.0f88c099";"txt.b03cd2605b1d";"Grupo de abas";"";"vocabulario-dominio";"javascript-string";"A11Y_NARRATION_TYPE_LABELS";"src/plugin/modules/accessibility.js";"433";"17";"A11Y_NARRATION_TYPE_LABELS.l433c16";"yes";"no";"not-reviewed";""
"hac.modules.accessibility.a11y.narration.type.labels.l434c14.c4a4e1d4";"txt.e51e41ebce76";"Acordeão";"";"vocabulario-dominio";"javascript-string";"A11Y_NARRATION_TYPE_LABELS";"src/plugin/modules/accessibility.js";"434";"15";"A11Y_NARRATION_TYPE_LABELS.l434c14";"yes";"no";"not-reviewed";""
"hac.modules.accessibility.a11y.narration.type.labels.l435c15.339f787d";"txt.e56ceaf13da6";"Trilha de navegação";"";"vocabulario-dominio";"javascript-string";"A11Y_NARRATION_TYPE_LABELS";"src/plugin/modules/accessibility.js";"435";"16";"A11Y_NARRATION_TYPE_LABELS.l435c15";"yes";"no";"not-reviewed";""
"hac.modules.accessibility.a11y.narration.type.labels.l436c11.2940526c";"txt.22d01cec21b0";"Lista";"";"vocabulario-dominio";"javascript-string";"A11Y_NARRATION_TYPE_LABELS";"src/plugin/modules/accessibility.js";"436";"12";"A11Y_NARRATION_TYPE_LABELS.l436c11";"yes";"no";"not-reviewed";""
"hac.modules.accessibility.a11y.narration.type.labels.l437c9.9c8a4c67";"txt.4f0aa52d656a";"Link";"";"vocabulario-dominio";"javascript-string";"A11Y_NARRATION_TYPE_LABELS";"src/plugin/modules/accessibility.js";"437";"10";"A11Y_NARRATION_TYPE_LABELS.l437c9";"yes";"no";"not-reviewed";""
"hac.modules.accessibility.a11y.narration.type.labels.l438c10.c25588cd";"txt.ea631551f556";"Texto";"";"vocabulario-dominio";"javascript-string";"A11Y_NARRATION_TYPE_LABELS";"src/plugin/modules/accessibility.js";"438";"11";"A11Y_NARRATION_TYPE_LABELS.l438c10";"yes";"no";"not-reviewed";""
"hac.modules.accessibility.a11y.narration.type.labels.en.l448c11.05602825";"txt.7b7fcc78d6cd";"Button";"";"vocabulario-dominio";"javascript-string";"A11Y_NARRATION_TYPE_LABELS_EN";"src/plugin/modules/accessibility.js";"448";"12";"A11Y_NARRATION_TYPE_LABELS_EN.l448c11";"yes";"no";"not-reviewed";""
"hac.modules.accessibility.a11y.narration.type.labels.en.l449c13.b37809b6";"txt.57018890029a";"Checkbox";"";"vocabulario-dominio";"javascript-string";"A11Y_NARRATION_TYPE_LABELS_EN";"src/plugin/modules/accessibility.js";"449";"14";"A11Y_NARRATION_TYPE_LABELS_EN.l449c13";"yes";"no";"not-reviewed";""
"hac.modules.accessibility.a11y.narration.type.labels.en.l450c3.2e7ae41e";"txt.ce6bdd437106";"radio button";"";"vocabulario-dominio";"javascript-string";"A11Y_NARRATION_TYPE_LABELS_EN";"src/plugin/modules/accessibility.js";"450";"4";"A11Y_NARRATION_TYPE_LABELS_EN.l450c3";"yes";"no";"not-reviewed";""
"hac.modules.accessibility.a11y.narration.type.labels.en.l450c19.3a956c1d";"txt.ce6bdd437106";"Radio button";"";"vocabulario-dominio";"javascript-string";"A11Y_NARRATION_TYPE_LABELS_EN";"src/plugin/modules/accessibility.js";"450";"20";"A11Y_NARRATION_TYPE_LABELS_EN.l450c19";"yes";"no";"not-reviewed";""
"hac.modules.accessibility.a11y.narration.type.labels.en.l451c11.8a7d9b97";"txt.01ba7992f85d";"Switch";"";"vocabulario-dominio";"javascript-string";"A11Y_NARRATION_TYPE_LABELS_EN";"src/plugin/modules/accessibility.js";"451";"12";"A11Y_NARRATION_TYPE_LABELS_EN.l451c11";"yes";"no";"not-reviewed";""
"hac.modules.accessibility.a11y.narration.type.labels.en.l452c11.35621290";"txt.099460c6fd63";"Text field";"";"vocabulario-dominio";"javascript-string";"A11Y_NARRATION_TYPE_LABELS_EN";"src/plugin/modules/accessibility.js";"452";"12";"A11Y_NARRATION_TYPE_LABELS_EN.l452c11";"yes";"no";"not-reviewed";""
"hac.modules.accessibility.a11y.narration.type.labels.en.l453c14.efa9a4a5";"txt.31fbb9d2e0d1";"Pagination";"";"vocabulario-dominio";"javascript-string";"A11Y_NARRATION_TYPE_LABELS_EN";"src/plugin/modules/accessibility.js";"453";"15";"A11Y_NARRATION_TYPE_LABELS_EN.l453c14";"yes";"no";"not-reviewed";""
"hac.modules.accessibility.a11y.narration.type.labels.en.l454c12.601c26d6";"txt.52c8217c245d";"Stepper";"";"vocabulario-dominio";"javascript-string";"A11Y_NARRATION_TYPE_LABELS_EN";"src/plugin/modules/accessibility.js";"454";"13";"A11Y_NARRATION_TYPE_LABELS_EN.l454c12";"yes";"no";"not-reviewed";""
"hac.modules.accessibility.a11y.narration.type.labels.en.l455c3.4656e1a4";"txt.3df042c01470";"tab group";"";"vocabulario-dominio";"javascript-string";"A11Y_NARRATION_TYPE_LABELS_EN";"src/plugin/modules/accessibility.js";"455";"4";"A11Y_NARRATION_TYPE_LABELS_EN.l455c3";"yes";"no";"not-reviewed";""
"hac.modules.accessibility.a11y.narration.type.labels.en.l455c16.520bd8ed";"txt.3df042c01470";"Tab group";"";"vocabulario-dominio";"javascript-string";"A11Y_NARRATION_TYPE_LABELS_EN";"src/plugin/modules/accessibility.js";"455";"17";"A11Y_NARRATION_TYPE_LABELS_EN.l455c16";"yes";"no";"not-reviewed";""
"hac.modules.accessibility.a11y.narration.type.labels.en.l456c14.99beecc2";"txt.d1391a0e8e22";"Accordion";"";"vocabulario-dominio";"javascript-string";"A11Y_NARRATION_TYPE_LABELS_EN";"src/plugin/modules/accessibility.js";"456";"15";"A11Y_NARRATION_TYPE_LABELS_EN.l456c14";"yes";"no";"not-reviewed";""
"hac.modules.accessibility.a11y.narration.type.labels.en.l457c15.d93be4e5";"txt.6e5ce570b4af";"Breadcrumb";"";"vocabulario-dominio";"javascript-string";"A11Y_NARRATION_TYPE_LABELS_EN";"src/plugin/modules/accessibility.js";"457";"16";"A11Y_NARRATION_TYPE_LABELS_EN.l457c15";"yes";"no";"not-reviewed";""
"hac.modules.accessibility.a11y.narration.type.labels.en.l458c11.2f015da9";"txt.38b62be4bdda";"List";"";"vocabulario-dominio";"javascript-string";"A11Y_NARRATION_TYPE_LABELS_EN";"src/plugin/modules/accessibility.js";"458";"12";"A11Y_NARRATION_TYPE_LABELS_EN.l458c11";"yes";"no";"not-reviewed";""
"hac.modules.accessibility.a11y.narration.type.labels.en.l459c9.ad9eda51";"txt.4f0aa52d656a";"Link";"";"vocabulario-dominio";"javascript-string";"A11Y_NARRATION_TYPE_LABELS_EN";"src/plugin/modules/accessibility.js";"459";"10";"A11Y_NARRATION_TYPE_LABELS_EN.l459c9";"yes";"no";"not-reviewed";""
"hac.modules.accessibility.a11y.narration.type.labels.en.l460c10.b970a0b6";"txt.372ea08cab33";"Text";"";"vocabulario-dominio";"javascript-string";"A11Y_NARRATION_TYPE_LABELS_EN";"src/plugin/modules/accessibility.js";"460";"11";"A11Y_NARRATION_TYPE_LABELS_EN.l460c10";"yes";"no";"not-reviewed";""
"hac.modules.accessibility.a11y.select.to.shortname.l479c11.80d840d0";"txt.785ade523ff5";"texto alternativo para imagens";"";"vocabulario-dominio";"javascript-string";"_A11Y_SELECT_TO_SHORTNAME";"src/plugin/modules/accessibility.js";"479";"12";"_A11Y_SELECT_TO_SHORTNAME.l479c11";"yes";"no";"not-reviewed";""
"hac.modules.accessibility.normalizea11ytogglename.l493c13.ff2b617c";"txt.8b0c59502f0c";"nome acesivel";"";"revisar";"javascript-string";"_normalizeA11yToggleName";"src/plugin/modules/accessibility.js";"493";"14";"_normalizeA11yToggleName.l493c13";"yes";"no";"not-reviewed";""
"hac.modules.accessibility.normalizea11ytogglename.l493c38.15f24c29";"txt.cea71381ebbb";"nome acessivel";"";"revisar";"javascript-string";"_normalizeA11yToggleName";"src/plugin/modules/accessibility.js";"493";"39";"_normalizeA11yToggleName.l493c38";"yes";"no";"not-reviewed";""
"hac.modules.accessibility.normalizea11ytogglename.l495c30.096d2ff7";"txt.c80765bc0a78";"notas de codigo";"";"revisar";"javascript-string";"_normalizeA11yToggleName";"src/plugin/modules/accessibility.js";"495";"31";"_normalizeA11yToggleName.l495c30";"yes";"no";"not-reviewed";""
"hac.modules.accessibility.nomeacessivel.l502c18.b681a053";"txt.73731b9780ed";"Nome Acessível";"";"acessibilidade";"javascript-string";"nomeAcessivel";"src/plugin/modules/accessibility.js";"502";"19";"nomeAcessivel.l502c18";"yes";"no";"not-reviewed";""
"hac.modules.accessibility.observacoes.l503c16.9cfccab9";"txt.c358a1fc1734";"Observações";"";"texto-interface";"javascript-string";"observacoes";"src/plugin/modules/accessibility.js";"503";"17";"observacoes.l503c16";"yes";"no";"not-reviewed";""
"hac.modules.accessibility.a11y.toggle.labels.l504c10.c51472d6";"txt.8904c1be0349";"Notas de Código";"";"vocabulario-dominio";"javascript-string";"A11Y_TOGGLE_LABELS";"src/plugin/modules/accessibility.js";"504";"11";"A11Y_TOGGLE_LABELS.l504c10";"yes";"no";"not-reviewed";""
"hac.modules.accessibility.a11y.toggle.labels.l510c22.f344aed2";"txt.e1b02384952e";"Dica para Leitor de Tela";"";"vocabulario-dominio";"javascript-string";"A11Y_TOGGLE_LABELS";"src/plugin/modules/accessibility.js";"510";"23";"A11Y_TOGGLE_LABELS.l510c22";"yes";"no";"not-reviewed";""
"hac.modules.accessibility.a11y.toggle.labels.l511c19.d271bce6";"txt.edf86ff1c8ed";"Link do Componente";"";"vocabulario-dominio";"javascript-string";"A11Y_TOGGLE_LABELS";"src/plugin/modules/accessibility.js";"511";"20";"A11Y_TOGGLE_LABELS.l511c19";"yes";"no";"not-reviewed";""
"hac.modules.accessibility.a11y.mobile.only.toggles.l549c10.9fdde1ac";"txt.504252eac75e";"accessibilityHint";"";"vocabulario-dominio";"javascript-string";"A11Y_MOBILE_ONLY_TOGGLES";"src/plugin/modules/accessibility.js";"549";"11";"A11Y_MOBILE_ONLY_TOGGLES.l549c10";"yes";"no";"not-reviewed";""
"hac.modules.accessibility.label.l549c38.aa2f17d5";"txt.e1b02384952e";"Dica para Leitor de Tela";"";"texto-interface";"javascript-string";"label";"src/plugin/modules/accessibility.js";"549";"39";"label.l549c38";"yes";"no";"not-reviewed";""
"hac.modules.accessibility.placeholder.l549c79.50d3b3c9";"txt.3fe193277d4a";"Inserir o seguinte accessibilityHint: [explicação sobre o que acontecerá após a ação].";"";"texto-interface";"javascript-string";"placeholder";"src/plugin/modules/accessibility.js";"549";"80";"placeholder.l549c79";"yes";"no";"not-reviewed";""
"hac.modules.accessibility.a11y.elemento.mobile.variants.l565c15.91eb9338";"txt.b997b3fca96a";"componente";"";"vocabulario-dominio";"javascript-string";"A11Y_ELEMENTO_MOBILE_VARIANTS";"src/plugin/modules/accessibility.js";"565";"16";"A11Y_ELEMENTO_MOBILE_VARIANTS.l565c15";"yes";"no";"not-reviewed";""
"hac.modules.accessibility.a11y.elemento.mobile.variants.l566c9.6271e747";"txt.4f0aa52d656a";"link";"";"vocabulario-dominio";"javascript-string";"A11Y_ELEMENTO_MOBILE_VARIANTS";"src/plugin/modules/accessibility.js";"566";"10";"A11Y_ELEMENTO_MOBILE_VARIANTS.l566c9";"yes";"no";"not-reviewed";""
"hac.modules.accessibility.a11y.elemento.mobile.variants.l567c21.d3e88c64";"txt.e3e04b6d486a";"texto alternativo";"";"vocabulario-dominio";"javascript-string";"A11Y_ELEMENTO_MOBILE_VARIANTS";"src/plugin/modules/accessibility.js";"567";"22";"A11Y_ELEMENTO_MOBILE_VARIANTS.l567c21";"yes";"no";"not-reviewed";""
"hac.modules.accessibility.a11y.mobile.link.url.placeholder.l590c42.02b7e644";"txt.357e2510f97b";"[insira aqui o link do componente]. Se o componente não estiver na lista acima, escreva o nome real dele aqui: é assim que a vertical de a11y sabe que falta mapear esse componente na lib.";"";"vocabulario-dominio";"javascript-string";"A11Y_MOBILE_LINK_URL_PLACEHOLDER";"src/plugin/modules/accessibility.js";"590";"43";"A11Y_MOBILE_LINK_URL_PLACEHOLDER.l590c42";"yes";"no";"not-reviewed";""
"hac.modules.accessibility.a11y.ui.profiles.l679c13.3c27a93f";"txt.83d6311e87d4";"mobile";"";"vocabulario-dominio";"javascript-string";"A11Y_UI_PROFILES";"src/plugin/modules/accessibility.js";"679";"14";"A11Y_UI_PROFILES.l679c13";"yes";"no";"not-reviewed";""
"hac.modules.accessibility.a11y.ui.profiles.l709c13.d4d68c97";"txt.ca84d1343b96";"web";"";"vocabulario-dominio";"javascript-string";"A11Y_UI_PROFILES";"src/plugin/modules/accessibility.js";"709";"14";"A11Y_UI_PROFILES.l709c13";"yes";"no";"not-reviewed";""
"hac.modules.accessibility.builda11ycomponentdeeplink.l757c10.1addf487";"txt.7bd3ee44ab85";"https://www.figma.com/design/${profile.fileKey}/${profile.fileName}?node-id=${encodeURIComponent(nodeId)}";"";"revisar";"javascript-template";"_buildA11yComponentDeepLink";"src/plugin/modules/accessibility.js";"757";"11";"_buildA11yComponentDeepLink.l757c10";"no";"no";"not-reviewed";""
"hac.modules.accessibility.rendera11ymodaldsccomponentname.innerhtml.l785c46.e69a4f16";"txt.5c0a2535f150";"Não identificado";"";"texto-interface";"javascript-string";"_renderA11yModalDscComponentName > innerHTML";"src/plugin/modules/accessibility.js";"785";"47";"_renderA11yModalDscComponentName > innerHTML.l785c46";"yes";"no";"not-reviewed";""
"hac.modules.accessibility.a.1.title.734a5341";"txt.a06047ec46a0";"Abrir componente na lib DSC";"";"texto-interface";"html-attribute:title";"a.1";"src/plugin/modules/accessibility.js";"791";"99";"a.1.title";"yes";"no";"not-reviewed";""
"hac.modules.accessibility.synca11ymobilelinkurllockstate.value.l827c37.006f7b6e";"txt.134cd863bd84";"Personalizado";"";"revisar";"javascript-string";"_syncA11yMobileLinkUrlLockState > value";"src/plugin/modules/accessibility.js";"827";"38";"_syncA11yMobileLinkUrlLockState > value.l827c37";"yes";"no";"not-reviewed";""
"hac.modules.accessibility.synca11ymobilelinkurllockstate.toggle.l830c28.a3ebd805";"txt.9502405a74ea";"dark:bg-dark-bg";"";"revisar";"javascript-string";"_syncA11yMobileLinkUrlLockState > toggle";"src/plugin/modules/accessibility.js";"830";"29";"_syncA11yMobileLinkUrlLockState > toggle.l830c28";"yes";"no";"not-reviewed";""
"hac.modules.accessibility.linkcomponente.l870c36.4c806f8b";"txt.00b415f9ca7e";"linkComponente";"";"texto-interface";"javascript-string";"linkComponente";"src/plugin/modules/accessibility.js";"870";"37";"linkComponente.l870c36";"yes";"no";"not-reviewed";""
"hac.modules.accessibility.a11y.variant.blocklist.l898c42.b75923c5";"txt.b997b3fca96a";"componente";"";"vocabulario-dominio";"javascript-string";"_A11Y_VARIANT_BLOCKLIST";"src/plugin/modules/accessibility.js";"898";"43";"_A11Y_VARIANT_BLOCKLIST.l898c42";"yes";"no";"not-reviewed";""
"hac.modules.accessibility.a11y.variant.blocklist.l898c56.46f38d43";"txt.c85743c8ea4a";"variante";"";"vocabulario-dominio";"javascript-string";"_A11Y_VARIANT_BLOCKLIST";"src/plugin/modules/accessibility.js";"898";"57";"_A11Y_VARIANT_BLOCKLIST.l898c56";"yes";"no";"not-reviewed";""
"hac.modules.accessibility.opena11ycategorypickermodal.textcontent.l1072c48.a0ab2dc5";"txt.438f5ae0e533";"Entendi, começar seleção";"";"texto-interface";"javascript-string";"openA11yCategoryPickerModal > textContent";"src/plugin/modules/accessibility.js";"1072";"49";"openA11yCategoryPickerModal > textContent.l1072c48";"yes";"no";"not-reviewed";""
"hac.modules.accessibility.opena11ycategorypickermodalafterinstruction.showa11ycanv.e89a071a";"txt.ea159cba06ca";"Preparando a réplica de trabalho…";"";"revisar";"javascript-string";"_openA11yCategoryPickerModalAfterInstruction > showA11yCanvasLoading";"src/plugin/modules/accessibility.js";"1111";"77";"_openA11yCategoryPickerModalAfterInstruction > showA11yCanvasLoading.l1111c76";"yes";"no";"not-reviewed";""
"hac.modules.accessibility.opena11ycategorypickermodalafterinstruction.matchtoken.l.f779d53d";"txt.9ff739445100";"a11y-manual-match-";"";"revisar";"javascript-string";"_openA11yCategoryPickerModalAfterInstruction > matchToken";"src/plugin/modules/accessibility.js";"1126";"23";"_openA11yCategoryPickerModalAfterInstruction > matchToken.l1126c22";"yes";"no";"not-reviewed";""
"hac.modules.accessibility.opena11ycategorypickermodalafterinstruction.token.l1133c.5f40a542";"txt.f1c08e6a9d91";"a11y-lib-check-";"";"revisar";"javascript-string";"_openA11yCategoryPickerModalAfterInstruction > token";"src/plugin/modules/accessibility.js";"1133";"18";"_openA11yCategoryPickerModalAfterInstruction > token.l1133c17";"yes";"no";"not-reviewed";""
"hac.modules.accessibility.opena11ywizardcategorypickermodal.label.l1145c41.2be15c0f";"txt.b222bed76136";"a11y-category-picker-area-label";"";"texto-interface";"javascript-string";"openA11yWizardCategoryPickerModal > label";"src/plugin/modules/accessibility.js";"1145";"42";"openA11yWizardCategoryPickerModal > label.l1145c41";"yes";"no";"not-reviewed";""
"hac.modules.accessibility.opena11ywizardcategorypickermodal.titletext.l1147c45.ab3e3c61";"txt.b8fa3c909b57";"a11y-category-picker-title-text";"";"texto-interface";"javascript-string";"openA11yWizardCategoryPickerModal > titleText";"src/plugin/modules/accessibility.js";"1147";"46";"openA11yWizardCategoryPickerModal > titleText.l1147c45";"yes";"no";"not-reviewed";""
"hac.modules.accessibility.opena11ywizardcategorypickermodal.textcontent.l1148c42.30ca4dc2";"txt.9841cc325608";"Alterar Especificação";"";"texto-interface";"javascript-string";"openA11yWizardCategoryPickerModal > textContent";"src/plugin/modules/accessibility.js";"1148";"43";"openA11yWizardCategoryPickerModal > textContent.l1148c42";"yes";"no";"not-reviewed";""
"hac.modules.accessibility.foreach.l1162c41.dc034b30";"txt.e06be46b04d3";"a11y-category-btn-";"";"revisar";"javascript-string";"forEach";"src/plugin/modules/accessibility.js";"1162";"42";"forEach.l1162c41";"yes";"no";"not-reviewed";""
"hac.modules.accessibility.applya11ycategorypickeroriginfilter.titulolabelel.l1168c.46e7bf87";"txt.d4d8b835fefd";"a11y-category-btn-titulo-label";"";"texto-interface";"javascript-string";"_applyA11yCategoryPickerOriginFilter > tituloLabelEl";"src/plugin/modules/accessibility.js";"1168";"50";"_applyA11yCategoryPickerOriginFilter > tituloLabelEl.l1168c49";"yes";"no";"not-reviewed";""
"hac.modules.accessibility.opena11ycategorypickermodalnow.label.l1177c41.ec6d2022";"txt.b222bed76136";"a11y-category-picker-area-label";"";"texto-interface";"javascript-string";"_openA11yCategoryPickerModalNow > label";"src/plugin/modules/accessibility.js";"1177";"42";"_openA11yCategoryPickerModalNow > label.l1177c41";"yes";"no";"not-reviewed";""
"hac.modules.accessibility.opena11ycategorypickermodalnow.textcontent.l1181c27.7975b367";"txt.a6d56473a3a6";"Nova spec em: ${area.number} ${area.label}";"";"texto-interface";"javascript-template";"_openA11yCategoryPickerModalNow > textContent";"src/plugin/modules/accessibility.js";"1181";"28";"_openA11yCategoryPickerModalNow > textContent.l1181c27";"no";"no";"not-reviewed";""
"hac.modules.accessibility.opena11ycategorypickermodalnow.titletext.l1187c45.348773ea";"txt.b8fa3c909b57";"a11y-category-picker-title-text";"";"texto-interface";"javascript-string";"_openA11yCategoryPickerModalNow > titleText";"src/plugin/modules/accessibility.js";"1187";"46";"_openA11yCategoryPickerModalNow > titleText.l1187c45";"yes";"no";"not-reviewed";""
"hac.modules.accessibility.opena11ycategorypickermodalnow.textcontent.l1188c42.05b52fb0";"txt.de843bb6dfcf";"Nova especificação";"";"texto-interface";"javascript-string";"_openA11yCategoryPickerModalNow > textContent";"src/plugin/modules/accessibility.js";"1188";"43";"_openA11yCategoryPickerModalNow > textContent.l1188c42";"yes";"no";"not-reviewed";""
"hac.modules.accessibility.applya11ymanualmatchtopicker.foreach.l1220c66.500d2df9";"txt.df92e65cf391";"dark:bg-blue-900/20";"";"revisar";"javascript-string";"_applyA11yManualMatchToPicker > forEach";"src/plugin/modules/accessibility.js";"1220";"67";"_applyA11yManualMatchToPicker > forEach.l1220c66";"yes";"no";"not-reviewed";""
"hac.modules.accessibility.applya11ymanualmatchtopicker.statuswrap.l1233c46.b1db677c";"txt.e7a407df6e25";"a11y-category-picker-selection-status";"";"texto-interface";"javascript-string";"_applyA11yManualMatchToPicker > statusWrap";"src/plugin/modules/accessibility.js";"1233";"47";"_applyA11yManualMatchToPicker > statusWrap.l1233c46";"yes";"no";"not-reviewed";""
"hac.modules.accessibility.applya11ymanualmatchtopicker.statusname.l1234c46.12ff0e8a";"txt.8e66dc8426f5";"a11y-category-picker-selection-name";"";"texto-interface";"javascript-string";"_applyA11yManualMatchToPicker > statusName";"src/plugin/modules/accessibility.js";"1234";"47";"_applyA11yManualMatchToPicker > statusName.l1234c46";"yes";"no";"not-reviewed";""
"hac.modules.accessibility.applya11ymanualmatchtopicker.statushint.l1235c46.cecf5855";"txt.0bb5148d5565";"a11y-category-picker-selection-hint";"";"texto-interface";"javascript-string";"_applyA11yManualMatchToPicker > statusHint";"src/plugin/modules/accessibility.js";"1235";"47";"_applyA11yManualMatchToPicker > statusHint.l1235c46";"yes";"no";"not-reviewed";""
"hac.modules.accessibility.framelabel.l1246c11.d78b92e9";"txt.eaa22717bd21";"— ${result.match.containingFrame}";"";"texto-interface";"javascript-template";"frameLabel";"src/plugin/modules/accessibility.js";"1246";"12";"frameLabel.l1246c11";"no";"no";"not-reviewed";""
"hac.modules.accessibility.literal.l1255c49.0a44fbc2";"txt.36ea9d5c16be";"Sem categoria sugerida — escolha abaixo.";"";"revisar";"javascript-string";"";"src/plugin/modules/accessibility.js";"1255";"50";"literal.l1255c49";"yes";"no";"not-reviewed";""
"hac.modules.accessibility.applya11ymanualmatchtopicker.getelementbyid.l1276c39.92c7c988";"txt.e06be46b04d3";"a11y-category-btn-";"";"revisar";"javascript-string";"_applyA11yManualMatchToPicker > getElementById";"src/plugin/modules/accessibility.js";"1276";"40";"_applyA11yManualMatchToPicker > getElementById.l1276c39";"yes";"no";"not-reviewed";""
"hac.modules.accessibility.applya11ymanualmatchtopicker.add.l1279c64.2e057cf4";"txt.df92e65cf391";"dark:bg-blue-900/20";"";"revisar";"javascript-string";"_applyA11yManualMatchToPicker > add";"src/plugin/modules/accessibility.js";"1279";"65";"_applyA11yManualMatchToPicker > add.l1279c64";"yes";"no";"not-reviewed";""
"hac.modules.accessibility.applya11ymanualmatchtopicker.classname.l1282c23.b01524cd";"txt.b3a3726e35f8";"ml-auto shrink-0 text-[12px] font-bold uppercase tracking-wider text-white bg-blue-600 rounded-full px-1.5 py-0.5";"";"revisar";"javascript-string";"_applyA11yManualMatchToPicker > className";"src/plugin/modules/accessibility.js";"1282";"24";"_applyA11yManualMatchToPicker > className.l1282c23";"yes";"no";"not-reviewed";""
"hac.modules.accessibility.applya11ymanualmatchtopicker.textcontent.l1283c25.69e97214";"txt.a3779ccfc4ae";"Sugerido";"";"texto-interface";"javascript-string";"_applyA11yManualMatchToPicker > textContent";"src/plugin/modules/accessibility.js";"1283";"26";"_applyA11yManualMatchToPicker > textContent.l1283c25";"yes";"no";"not-reviewed";""
"hac.modules.accessibility.retrya11ylibrarycheck.token.l1304c17.974683f9";"txt.f1c08e6a9d91";"a11y-lib-check-";"";"revisar";"javascript-string";"retryA11yLibraryCheck > token";"src/plugin/modules/accessibility.js";"1304";"18";"retryA11yLibraryCheck > token.l1304c17";"yes";"no";"not-reviewed";""
"hac.modules.accessibility.a11y.tag.input.id.l1350c13.9281c53a";"txt.5e6932f2a8b6";"a11y-el-tag-input";"";"vocabulario-dominio";"javascript-string";"A11Y_TAG_INPUT_ID";"src/plugin/modules/accessibility.js";"1350";"14";"A11Y_TAG_INPUT_ID.l1350c13";"yes";"no";"not-reviewed";""
"hac.modules.accessibility.a11y.tag.input.id.l1351c14.e7ae9fa8";"txt.25613ad2333c";"a11y-estrutura-tag-input";"";"vocabulario-dominio";"javascript-string";"A11Y_TAG_INPUT_ID";"src/plugin/modules/accessibility.js";"1351";"15";"A11Y_TAG_INPUT_ID.l1351c14";"yes";"no";"not-reviewed";""
"hac.modules.accessibility.a11y.tag.error.id.l1354c13.9d89570a";"txt.78d3e3c53f9b";"a11y-el-tag-error";"";"vocabulario-dominio";"javascript-string";"A11Y_TAG_ERROR_ID";"src/plugin/modules/accessibility.js";"1354";"14";"A11Y_TAG_ERROR_ID.l1354c13";"yes";"no";"not-reviewed";""
"hac.modules.accessibility.a11y.tag.error.id.l1355c14.1ef4129f";"txt.00e82bd44cd8";"a11y-estrutura-tag-error";"";"vocabulario-dominio";"javascript-string";"A11Y_TAG_ERROR_ID";"src/plugin/modules/accessibility.js";"1355";"15";"A11Y_TAG_ERROR_ID.l1355c14";"yes";"no";"not-reviewed";""
"hac.modules.accessibility.opena11ymodal.a11yorigin.l1375c57.09523e92";"txt.ca84d1343b96";"web";"";"vocabulario-dominio";"javascript-string";"openA11yModal > a11yOrigin";"src/plugin/modules/accessibility.js";"1375";"58";"openA11yModal > a11yOrigin.l1375c57";"yes";"no";"not-reviewed";""
"hac.modules.accessibility.opena11ymodal.textcontent.l1412c54.89d4a2f8";"txt.1ce04f516b65";"Aplicar";"";"texto-interface";"javascript-string";"openA11yModal > textContent";"src/plugin/modules/accessibility.js";"1412";"55";"openA11yModal > textContent.l1412c54";"yes";"no";"not-reviewed";""
"hac.modules.accessibility.opena11ymodal.arealabelel.l1428c47.9221d26d";"txt.636baf4f0a05";"a11y-modal-area-label";"";"texto-interface";"javascript-string";"openA11yModal > areaLabelEl";"src/plugin/modules/accessibility.js";"1428";"48";"openA11yModal > areaLabelEl.l1428c47";"yes";"no";"not-reviewed";""
"hac.modules.accessibility.opena11ymodal.textcontent.l1432c33.be5974a2";"txt.673dbcaea2e3";"Área: ${area.number} ${area.label}";"";"texto-interface";"javascript-template";"openA11yModal > textContent";"src/plugin/modules/accessibility.js";"1432";"34";"openA11yModal > textContent.l1432c33";"no";"no";"not-reviewed";""
"hac.modules.accessibility.opena11ymodal.l1468c80.b0ba39b6";"txt.5e40d99cdc7d";"Especificação de Acessibilidade";"";"revisar";"javascript-string";"openA11yModal";"src/plugin/modules/accessibility.js";"1468";"81";"openA11yModal.l1468c80";"yes";"no";"not-reviewed";""
"hac.modules.accessibility.opena11ymodal.l1541c73.fa499784";"txt.60329fb0364b";"marco de navegacao";"";"revisar";"javascript-string";"openA11yModal";"src/plugin/modules/accessibility.js";"1541";"74";"openA11yModal.l1541c73";"yes";"no";"not-reviewed";""
"hac.modules.accessibility.opena11ymodal.value.l1543c46.7d395e1c";"txt.8dd5ae3334cc";"da pagina";"";"revisar";"javascript-string";"openA11yModal > value";"src/plugin/modules/accessibility.js";"1543";"47";"openA11yModal > value.l1543c46";"yes";"no";"not-reviewed";""
"hac.modules.accessibility.updatea11ycharcounter.l1605c31.3fb116b2";"txt.7f71d2480a75";"${len}/${max}";"";"revisar";"javascript-template";"updateA11yCharCounter";"src/plugin/modules/accessibility.js";"1605";"32";"updateA11yCharCounter.l1605c31";"no";"no";"not-reviewed";""
"hac.modules.accessibility.updatea11ycharcounterel.l1618c33.618de2d2";"txt.7f71d2480a75";"${len}/${max}";"";"revisar";"javascript-template";"updateA11yCharCounterEl";"src/plugin/modules/accessibility.js";"1618";"34";"updateA11yCharCounterEl.l1618c33";"no";"no";"not-reviewed";""
"hac.modules.accessibility.span.text.1.fe999f4a";"txt.fdcedf805d4d";"0/${max}";"";"texto-interface";"html-text";"span";"src/plugin/modules/accessibility.js";"1864";"131";"span.text.1";"no";"no";"not-reviewed";""
"hac.modules.accessibility.p.text.1.1d7ba56a";"txt.16a707657dd2";"Descrição (fixa)";"";"texto-interface";"html-text";"p";"src/plugin/modules/accessibility.js";"1874";"119";"p.text.1";"yes";"no";"not-reviewed";""
"hac.modules.accessibility.label.text.1.46811a34";"txt.4fb0af830e5c";"Descrição (texto alternativo) *";"";"texto-interface";"html-text";"label";"src/plugin/modules/accessibility.js";"1887";"161";"label.text.1";"yes";"no";"not-reviewed";""
"hac.modules.accessibility.a11y.el.mobile.alt.descricao.placeholder.bb62403a";"txt.f89980316a2c";"Insira aqui o texto alternativo da imagem/mídia.";"";"texto-interface";"html-attribute:placeholder";"a11y-el-mobile-alt-descricao";"src/plugin/modules/accessibility.js";"1890";"91";"a11y-el-mobile-alt-descricao.placeholder";"yes";"no";"not-reviewed";""
"hac.modules.accessibility.join.l1986c54.77cc90a4";"txt.134cd863bd84";"Personalizado";"";"revisar";"javascript-string";"join";"src/plugin/modules/accessibility.js";"1986";"55";"join.l1986c54";"yes";"no";"not-reviewed";""
"hac.modules.accessibility.map.l1988c86.9b8e89f2";"txt.134cd863bd84";"Personalizado";"";"revisar";"javascript-string";"map";"src/plugin/modules/accessibility.js";"1988";"87";"map.l1988c86";"yes";"no";"not-reviewed";""
"hac.modules.accessibility.rendera11yelementomobilefields.classname.l1993c25.6f1f4b08";"txt.510b17283cf3";"bg-gray-50 dark:bg-dark-bg border border-gray-200 dark:border-dark-line rounded-dsc-medium p-3 space-y-2";"";"revisar";"javascript-string";"_renderA11yElementoMobileFields > className";"src/plugin/modules/accessibility.js";"1993";"26";"_renderA11yElementoMobileFields > className.l1993c25";"yes";"no";"not-reviewed";""
"hac.modules.accessibility.label.text.1.af83aaec";"txt.8334f25231ea";"Componente do DSC";"";"texto-interface";"html-text";"label";"src/plugin/modules/accessibility.js";"1997";"169";"label.text.1";"yes";"no";"not-reviewed";""
"hac.modules.accessibility.label.text.2.e4c4e02b";"txt.2cccdb3dac0d";"Leitor de Tela";"";"texto-interface";"html-text";"label";"src/plugin/modules/accessibility.js";"2004";"186";"label.text.2";"yes";"no";"not-reviewed";""
"hac.modules.accessibility.label.text.3.dedc3532";"txt.676912bcb62d";"Link ou nome do componente *";"";"texto-interface";"html-text";"label";"src/plugin/modules/accessibility.js";"2011";"156";"label.text.3";"yes";"no";"not-reviewed";""
"hac.modules.accessibility.html.text.1.dd9a5322";"txt.8db04a17b167";"Preenchido automaticamente a partir do componente do DSC.";"";"texto-interface";"html-text";"html";"src/plugin/modules/accessibility.js";"2018";"57";"html.text.1";"yes";"no";"not-reviewed";""
"hac.modules.accessibility.a11ymobilecomponenthasnomeacessivel.a11ymobilecomponenth.04125127";"txt.73731b9780ed";"Nome Acessível";"";"revisar";"javascript-string";"_a11yMobileComponentHasNomeAcessivel > _a11yMobileComponentHasToggle";"src/plugin/modules/accessibility.js";"2129";"41";"_a11yMobileComponentHasNomeAcessivel > _a11yMobileComponentHasToggle.l2129c40";"yes";"no";"not-reviewed";""
"hac.modules.accessibility.a11ymobilecomponenthastoggle.l2175c30.bb63ca38";"txt.73731b9780ed";"Nome Acessível";"";"revisar";"javascript-string";"_a11yMobileComponentHasToggle";"src/plugin/modules/accessibility.js";"2175";"31";"_a11yMobileComponentHasToggle.l2175c30";"yes";"no";"not-reviewed";""
"hac.modules.accessibility.a11ymobilecomponenthastoggle.l2183c25.a74573de";"txt.73731b9780ed";"Nome Acessível";"";"revisar";"javascript-string";"_a11yMobileComponentHasToggle";"src/plugin/modules/accessibility.js";"2183";"26";"_a11yMobileComponentHasToggle.l2183c25";"yes";"no";"not-reviewed";""
"hac.modules.accessibility.reseta11ymobilenomeacessivelslot.labelwrap.l2244c45.fc1a972d";"txt.d79fcb33a5ad";"a11y-el-label-wrap";"";"texto-interface";"javascript-string";"_resetA11yMobileNomeAcessivelSlot > labelWrap";"src/plugin/modules/accessibility.js";"2244";"46";"_resetA11yMobileNomeAcessivelSlot > labelWrap.l2244c45";"yes";"no";"not-reviewed";""
"hac.modules.accessibility.reseta11ymobilenomeacessivelslot.labelwrapheading.l2245c.ff830b4b";"txt.82a4e694e9ed";"a11y-el-label-wrap-heading";"";"texto-interface";"javascript-string";"_resetA11yMobileNomeAcessivelSlot > labelWrapHeading";"src/plugin/modules/accessibility.js";"2245";"53";"_resetA11yMobileNomeAcessivelSlot > labelWrapHeading.l2245c52";"yes";"no";"not-reviewed";""
"hac.modules.accessibility.updatea11ymobilenomeacessivelvisibility.labelwrap.l2256c.1b79f8f1";"txt.d79fcb33a5ad";"a11y-el-label-wrap";"";"texto-interface";"javascript-string";"_updateA11yMobileNomeAcessivelVisibility > labelWrap";"src/plugin/modules/accessibility.js";"2256";"46";"_updateA11yMobileNomeAcessivelVisibility > labelWrap.l2256c45";"yes";"no";"not-reviewed";""
"hac.modules.accessibility.updatea11ymobilenomeacessivelvisibility.labelwrapheading.a23a7597";"txt.82a4e694e9ed";"a11y-el-label-wrap-heading";"";"texto-interface";"javascript-string";"_updateA11yMobileNomeAcessivelVisibility > labelWrapHeading";"src/plugin/modules/accessibility.js";"2257";"53";"_updateA11yMobileNomeAcessivelVisibility > labelWrapHeading.l2257c52";"yes";"no";"not-reviewed";""
"hac.modules.accessibility.updatea11ymobileobservacoesvisibility.textareawrap.l2324.e0389c42";"txt.44f18d945337";"a11y-el-mobile-observacoes-textarea-wrap";"";"texto-interface";"javascript-string";"_updateA11yMobileObservacoesVisibility > textareaWrap";"src/plugin/modules/accessibility.js";"2324";"49";"_updateA11yMobileObservacoesVisibility > textareaWrap.l2324c48";"yes";"no";"not-reviewed";""
"hac.modules.accessibility.updatea11ymobileobservacoesvisibility.a11ymobilecomponen.69248941";"txt.c358a1fc1734";"Observações";"";"revisar";"javascript-string";"_updateA11yMobileObservacoesVisibility > _a11yMobileComponentHasToggle";"src/plugin/modules/accessibility.js";"2327";"46";"_updateA11yMobileObservacoesVisibility > _a11yMobileComponentHasToggle.l2327c45";"yes";"no";"not-reviewed";""
"hac.modules.accessibility.synca11ymobileobservacoesplacement.labelwrap.l2361c45.2788a1b3";"txt.d79fcb33a5ad";"a11y-el-label-wrap";"";"texto-interface";"javascript-string";"_syncA11yMobileObservacoesPlacement > labelWrap";"src/plugin/modules/accessibility.js";"2361";"46";"_syncA11yMobileObservacoesPlacement > labelWrap.l2361c45";"yes";"no";"not-reviewed";""
"hac.modules.accessibility.synca11ymobileobservacoesplacement.labelnalinhadatag.l23.6c9b2e7d";"txt.99d72c7fc3e2";"hidden";"";"texto-interface";"javascript-string";"_syncA11yMobileObservacoesPlacement > labelNaLinhaDaTag";"src/plugin/modules/accessibility.js";"2374";"39";"_syncA11yMobileObservacoesPlacement > labelNaLinhaDaTag.l2374c38";"yes";"no";"not-reviewed";""
"hac.modules.accessibility.updatea11ymobilelabelvisibility.labelwrap.l2461c45.6dcef6e5";"txt.d79fcb33a5ad";"a11y-el-label-wrap";"";"texto-interface";"javascript-string";"_updateA11yMobileLabelVisibility > labelWrap";"src/plugin/modules/accessibility.js";"2461";"46";"_updateA11yMobileLabelVisibility > labelWrap.l2461c45";"yes";"no";"not-reviewed";""
"hac.modules.accessibility.updatea11ymobilelabelvisibility.labelinput.l2463c46.0311ed83";"txt.9d62150a8bd9";"a11y-el-label";"";"texto-interface";"javascript-string";"_updateA11yMobileLabelVisibility > labelInput";"src/plugin/modules/accessibility.js";"2463";"47";"_updateA11yMobileLabelVisibility > labelInput.l2463c46";"yes";"no";"not-reviewed";""
"hac.modules.accessibility.collecta11yelementomobiletoggleproperties.push.l2541c44.68846f9b";"txt.e9df693ec666";"Descrição";"";"texto-interface";"javascript-string";"_collectA11yElementoMobileToggleProperties > push";"src/plugin/modules/accessibility.js";"2541";"45";"_collectA11yElementoMobileToggleProperties > push.l2541c44";"yes";"no";"not-reviewed";""
"hac.modules.accessibility.collecta11yelementomobiletoggleproperties.push.l2547c69.51d24eb5";"txt.af266683af91";"Componente do DSC (Link)";"";"texto-interface";"javascript-string";"_collectA11yElementoMobileToggleProperties > push";"src/plugin/modules/accessibility.js";"2547";"70";"_collectA11yElementoMobileToggleProperties > push.l2547c69";"yes";"no";"not-reviewed";""
"hac.modules.accessibility.collecta11yelementomobiletoggleproperties.push.l2560c47.7002bb7a";"txt.2cccdb3dac0d";"Leitor de Tela";"";"texto-interface";"javascript-string";"_collectA11yElementoMobileToggleProperties > push";"src/plugin/modules/accessibility.js";"2560";"48";"_collectA11yElementoMobileToggleProperties > push.l2560c47";"yes";"no";"not-reviewed";""
"hac.modules.accessibility.labelinput.l2600c50.1c31f39c";"txt.9d62150a8bd9";"a11y-el-label";"";"texto-interface";"javascript-string";"labelInput";"src/plugin/modules/accessibility.js";"2600";"51";"labelInput.l2600c50";"yes";"no";"not-reviewed";""
"hac.modules.accessibility.foreach.l2637c53.19ec91e8";"txt.134cd863bd84";"Personalizado";"";"revisar";"javascript-string";"forEach";"src/plugin/modules/accessibility.js";"2637";"54";"forEach.l2637c53";"yes";"no";"not-reviewed";""
"hac.modules.accessibility.onesc.key.l2684c42.5e8fc187";"txt.cdecabe1520a";"Escape";"";"revisar";"javascript-string";"onEsc > key";"src/plugin/modules/accessibility.js";"2684";"43";"onEsc > key.l2684c42";"yes";"no";"not-reviewed";""
"hac.modules.accessibility.rendera11yworkspaceheader.l2767c34.078a962f";"txt.acfd078f4611";"${area.number ? area.number + ' · ' : ''}${area.label || 'Tela'}";"";"revisar";"javascript-template";"_renderA11yWorkspaceHeader";"src/plugin/modules/accessibility.js";"2767";"35";"_renderA11yWorkspaceHeader.l2767c34";"no";"no";"not-reviewed";""
"hac.modules.accessibility.rendera11yworkspaceheader.l2767c103.cc6f3369";"txt.92601ed7e85c";"Tela";"";"revisar";"javascript-string";"_renderA11yWorkspaceHeader";"src/plugin/modules/accessibility.js";"2767";"104";"_renderA11yWorkspaceHeader.l2767c103";"yes";"no";"not-reviewed";""
"hac.modules.accessibility.rendera11yworkspaceheader.l2799c51.81e8131b";"txt.09eb4e480802";"Mostrar no canvas";"";"revisar";"javascript-string";"_renderA11yWorkspaceHeader";"src/plugin/modules/accessibility.js";"2799";"52";"_renderA11yWorkspaceHeader.l2799c51";"yes";"no";"not-reviewed";""
"hac.modules.accessibility.rendera11yworkspaceheader.l2799c74.10411396";"txt.deb0ae418ba9";"Ocultar/Mostrar no canvas";"";"revisar";"javascript-string";"_renderA11yWorkspaceHeader";"src/plugin/modules/accessibility.js";"2799";"75";"_renderA11yWorkspaceHeader.l2799c74";"yes";"no";"not-reviewed";""
"hac.modules.accessibility.onesc.key.l2823c42.28b92ea1";"txt.cdecabe1520a";"Escape";"";"revisar";"javascript-string";"onEsc > key";"src/plugin/modules/accessibility.js";"2823";"43";"onEsc > key.l2823c42";"yes";"no";"not-reviewed";""
"hac.modules.accessibility.applya11yworkspacetabstyles.foreach.l2866c26.7d70a0d9";"txt.dd9ba5600702";"dark:text-blue-400";"";"revisar";"javascript-string";"_applyA11yWorkspaceTabStyles > forEach";"src/plugin/modules/accessibility.js";"2866";"27";"_applyA11yWorkspaceTabStyles > forEach.l2866c26";"yes";"no";"not-reviewed";""
"hac.modules.accessibility.applya11yworkspacetabstyles.foreach.l2869c26.70b3a84e";"txt.1a422188de26";"dark:text-dark-muted";"";"revisar";"javascript-string";"_applyA11yWorkspaceTabStyles > forEach";"src/plugin/modules/accessibility.js";"2869";"27";"_applyA11yWorkspaceTabStyles > forEach.l2869c26";"yes";"no";"not-reviewed";""
"hac.modules.accessibility.edita11yduplicatespecfrommodal.warningel.l2946c45.7a71cd00";"txt.47f03e92d4fc";"a11y-modal-duplicate-warning";"";"texto-interface";"javascript-string";"_editA11yDuplicateSpecFromModal > warningEl";"src/plugin/modules/accessibility.js";"2946";"46";"_editA11yDuplicateSpecFromModal > warningEl.l2946c45";"yes";"no";"not-reviewed";""
"hac.modules.accessibility.prefilla11ycomponentname.warningel.l2995c45.c412a8db";"txt.47f03e92d4fc";"a11y-modal-duplicate-warning";"";"texto-interface";"javascript-string";"prefillA11yComponentName > warningEl";"src/plugin/modules/accessibility.js";"2995";"46";"prefillA11yComponentName > warningEl.l2995c45";"yes";"no";"not-reviewed";""
"hac.modules.accessibility.filla11ylabelifempty.labelinput.l3024c46.604e4312";"txt.9d62150a8bd9";"a11y-el-label";"";"texto-interface";"javascript-string";"_fillA11yLabelIfEmpty > labelInput";"src/plugin/modules/accessibility.js";"3024";"47";"_fillA11yLabelIfEmpty > labelInput.l3024c46";"yes";"no";"not-reviewed";""
"hac.modules.accessibility.rendera11ytogglerows.foreach.l3070c21.f4b0a82a";"txt.cb712f6c75e8";"bg-gray-50 dark:bg-dark-bg border border-gray-200 dark:border-dark-line rounded-dsc-medium overflow-hidden";"";"revisar";"javascript-string";"_renderA11yToggleRows > forEach";"src/plugin/modules/accessibility.js";"3070";"22";"_renderA11yToggleRows > forEach.l3070c21";"yes";"no";"not-reviewed";""
"hac.modules.accessibility.textarea.1.placeholder.f706de53";"txt.72e9d6d73096";"Insira seu texto de ${escapeHtml(t.label.toLowerCase())}.";"";"texto-interface";"html-attribute:placeholder";"textarea.1";"src/plugin/modules/accessibility.js";"3079";"83";"textarea.1.placeholder";"no";"no";"not-reviewed";""
"hac.modules.accessibility.span.text.1.9217fc3b";"txt.fdcedf805d4d";"0/${max}";"";"texto-interface";"html-text";"span";"src/plugin/modules/accessibility.js";"3082";"131";"span.text.1";"no";"no";"not-reviewed";""
"hac.modules.accessibility.a11y.web.estrutura.form.variacao.l3135c44.851ad5ad";"txt.c369fb5dee00";"idiomas";"";"vocabulario-dominio";"javascript-string";"A11Y_WEB_ESTRUTURA_FORM_VARIACAO";"src/plugin/modules/accessibility.js";"3135";"45";"A11Y_WEB_ESTRUTURA_FORM_VARIACAO.l3135c44";"yes";"no";"not-reviewed";""
"hac.modules.accessibility.a11y.web.estrutura.form.variacao.l3135c55.0630d27b";"txt.113cff8ac7ee";"Idioma";"";"vocabulario-dominio";"javascript-string";"A11Y_WEB_ESTRUTURA_FORM_VARIACAO";"src/plugin/modules/accessibility.js";"3135";"56";"A11Y_WEB_ESTRUTURA_FORM_VARIACAO.l3135c55";"yes";"no";"not-reviewed";""
"hac.modules.accessibility.a11y.web.estrutura.form.variacao.l3135c65.c1d41213";"txt.60329fb0364b";"marco de navegacao";"";"vocabulario-dominio";"javascript-string";"A11Y_WEB_ESTRUTURA_FORM_VARIACAO";"src/plugin/modules/accessibility.js";"3135";"66";"A11Y_WEB_ESTRUTURA_FORM_VARIACAO.l3135c65";"yes";"no";"not-reviewed";""
"hac.modules.accessibility.a11y.web.estrutura.form.variacao.l3135c87.fefc12fb";"txt.f745de63440f";"Marco de navegação";"";"vocabulario-dominio";"javascript-string";"A11Y_WEB_ESTRUTURA_FORM_VARIACAO";"src/plugin/modules/accessibility.js";"3135";"88";"A11Y_WEB_ESTRUTURA_FORM_VARIACAO.l3135c87";"yes";"no";"not-reviewed";""
"hac.modules.accessibility.a11y.web.estrutura.form.variacao.l3135c109.9e41e170";"txt.661a49c01068";"titulo da pagina";"";"vocabulario-dominio";"javascript-string";"A11Y_WEB_ESTRUTURA_FORM_VARIACAO";"src/plugin/modules/accessibility.js";"3135";"110";"A11Y_WEB_ESTRUTURA_FORM_VARIACAO.l3135c109";"yes";"no";"not-reviewed";""
"hac.modules.accessibility.a11y.web.estrutura.form.variacao.l3135c129.8ff821ed";"txt.dead91f968b4";"Título da Página";"";"vocabulario-dominio";"javascript-string";"A11Y_WEB_ESTRUTURA_FORM_VARIACAO";"src/plugin/modules/accessibility.js";"3135";"130";"A11Y_WEB_ESTRUTURA_FORM_VARIACAO.l3135c129";"yes";"no";"not-reviewed";""
"hac.modules.accessibility.a11y.web.estrutura.form.idioma.tipo.l3136c47.7043dbb1";"txt.8dd5ae3334cc";"da pagina";"";"vocabulario-dominio";"javascript-string";"A11Y_WEB_ESTRUTURA_FORM_IDIOMA_TIPO";"src/plugin/modules/accessibility.js";"3136";"48";"A11Y_WEB_ESTRUTURA_FORM_IDIOMA_TIPO.l3136c47";"yes";"no";"not-reviewed";""
"hac.modules.accessibility.a11y.web.estrutura.form.idioma.tipo.l3136c60.3cf378a9";"txt.fe34fd93c8e7";"Página";"";"vocabulario-dominio";"javascript-string";"A11Y_WEB_ESTRUTURA_FORM_IDIOMA_TIPO";"src/plugin/modules/accessibility.js";"3136";"61";"A11Y_WEB_ESTRUTURA_FORM_IDIOMA_TIPO.l3136c60";"yes";"no";"not-reviewed";""
"hac.modules.accessibility.a11y.web.estrutura.form.idioma.tipo.l3136c70.e4458ba5";"txt.a84778a25727";"das partes";"";"vocabulario-dominio";"javascript-string";"A11Y_WEB_ESTRUTURA_FORM_IDIOMA_TIPO";"src/plugin/modules/accessibility.js";"3136";"71";"A11Y_WEB_ESTRUTURA_FORM_IDIOMA_TIPO.l3136c70";"yes";"no";"not-reviewed";""
"hac.modules.accessibility.a11y.web.estrutura.form.idioma.tipo.l3136c84.cf7181e4";"txt.3653c5dfa95b";"Parte";"";"vocabulario-dominio";"javascript-string";"A11Y_WEB_ESTRUTURA_FORM_IDIOMA_TIPO";"src/plugin/modules/accessibility.js";"3136";"85";"A11Y_WEB_ESTRUTURA_FORM_IDIOMA_TIPO.l3136c84";"yes";"no";"not-reviewed";""
"hac.modules.accessibility.updatea11yestruturafields.toggle.l3188c63.1a7d98ee";"txt.60329fb0364b";"marco de navegacao";"";"revisar";"javascript-string";"updateA11yEstruturaFields > toggle";"src/plugin/modules/accessibility.js";"3188";"64";"updateA11yEstruturaFields > toggle.l3188c63";"yes";"no";"not-reviewed";""
"hac.modules.accessibility.updatea11yestruturafields.l3194c62.81d9de62";"txt.8dd5ae3334cc";"da pagina";"";"revisar";"javascript-string";"updateA11yEstruturaFields";"src/plugin/modules/accessibility.js";"3194";"63";"updateA11yEstruturaFields.l3194c62";"yes";"no";"not-reviewed";""
"hac.modules.accessibility.updatea11yestruturafields.l3195c22.ea589126";"txt.60329fb0364b";"marco de navegacao";"";"revisar";"javascript-string";"updateA11yEstruturaFields";"src/plugin/modules/accessibility.js";"3195";"23";"updateA11yEstruturaFields.l3195c22";"yes";"no";"not-reviewed";""
"hac.modules.accessibility.updatea11yestruturafields.l3210c22.94cf5f7e";"txt.661a49c01068";"titulo da pagina";"";"revisar";"javascript-string";"updateA11yEstruturaFields";"src/plugin/modules/accessibility.js";"3210";"23";"updateA11yEstruturaFields.l3210c22";"yes";"no";"not-reviewed";""
"hac.modules.accessibility.updatea11yestruturafields.toggle.l3221c32.75b39a40";"txt.9502405a74ea";"dark:bg-dark-bg";"";"revisar";"javascript-string";"updateA11yEstruturaFields > toggle";"src/plugin/modules/accessibility.js";"3221";"33";"updateA11yEstruturaFields > toggle.l3221c32";"yes";"no";"not-reviewed";""
"hac.modules.accessibility.updatea11yestruturafields.l3242c58.062f5464";"txt.264ad3e78ce4";"EE idiomas";"";"revisar";"javascript-string";"updateA11yEstruturaFields";"src/plugin/modules/accessibility.js";"3242";"59";"updateA11yEstruturaFields.l3242c58";"yes";"no";"not-reviewed";""
"hac.modules.accessibility.updatea11yestruturafields.l3243c24.de24953a";"txt.60329fb0364b";"marco de navegacao";"";"revisar";"javascript-string";"updateA11yEstruturaFields";"src/plugin/modules/accessibility.js";"3243";"25";"updateA11yEstruturaFields.l3243c24";"yes";"no";"not-reviewed";""
"hac.modules.accessibility.literal.l3243c74.e6f3aaaa";"txt.1d388896db08";"EE marco de navegacao";"";"revisar";"javascript-string";"";"src/plugin/modules/accessibility.js";"3243";"75";"literal.l3243c74";"yes";"no";"not-reviewed";""
"hac.modules.accessibility.updatea11ytitulofields.rendera11yfixedtoggles.l3319c85.9ed70f08";"txt.2b74d642b86f";"niveis de titulo";"";"revisar";"javascript-string";"updateA11yTituloFields > _renderA11yFixedToggles";"src/plugin/modules/accessibility.js";"3319";"86";"updateA11yTituloFields > _renderA11yFixedToggles.l3319c85";"yes";"no";"not-reviewed";""
"hac.modules.accessibility.updatea11ydecorativofields.rendera11yfixedtoggles.l3377c.d4020e5e";"txt.49b714fa337e";"ED imagem";"";"revisar";"javascript-string";"updateA11yDecorativoFields > _renderA11yFixedToggles";"src/plugin/modules/accessibility.js";"3377";"122";"updateA11yDecorativoFields > _renderA11yFixedToggles.l3377c121";"yes";"no";"not-reviewed";""
"hac.modules.accessibility.updatea11ydecorativofields.rendera11yfixedtoggles.l3377c.fcb0e19a";"txt.b646cf414443";"ED gerais";"";"revisar";"javascript-string";"updateA11yDecorativoFields > _renderA11yFixedToggles";"src/plugin/modules/accessibility.js";"3377";"136";"updateA11yDecorativoFields > _renderA11yFixedToggles.l3377c135";"yes";"no";"not-reviewed";""
"hac.modules.accessibility.applya11ydecorativooriginlock.l3401c43.82b30b7f";"txt.ea445cb02593";"Elemento Decorativo (mobile, sem subtipo)";"";"revisar";"javascript-string";"_applyA11yDecorativoOriginLock";"src/plugin/modules/accessibility.js";"3401";"44";"_applyA11yDecorativoOriginLock.l3401c43";"yes";"no";"not-reviewed";""
"hac.modules.accessibility.applya11ydecorativooriginlock.l3401c89.c8c17c64";"txt.3b48f1480d32";"Elemento Decorativo (sem subtipo)";"";"revisar";"javascript-string";"_applyA11yDecorativoOriginLock";"src/plugin/modules/accessibility.js";"3401";"90";"_applyA11yDecorativoOriginLock.l3401c89";"yes";"no";"not-reviewed";""
"hac.modules.accessibility.cleandsccontainingframename.l3492c36.6fe3251f";"txt.b997b3fca96a";"Componente";"";"revisar";"javascript-string";"_cleanDscContainingFrameName";"src/plugin/modules/accessibility.js";"3492";"37";"_cleanDscContainingFrameName.l3492c36";"yes";"no";"not-reviewed";""
"hac.modules.accessibility.finisha11yspecconfirm.showtoast.l3593c17.001effed";"txt.c3d07a1813c2";"Tag inválida. Use o formato 1, 2, 1.1, 1.2...";"";"mensagem-sistema";"javascript-string";"_finishA11ySpecConfirm > showToast";"src/plugin/modules/accessibility.js";"3593";"18";"_finishA11ySpecConfirm > showToast.l3593c17";"yes";"no";"not-reviewed";""
"hac.modules.accessibility.finisha11yspecconfirm.label.l3597c21.ed12c5b9";"txt.9d62150a8bd9";"a11y-el-label";"";"texto-interface";"javascript-string";"_finishA11ySpecConfirm > label";"src/plugin/modules/accessibility.js";"3597";"22";"_finishA11ySpecConfirm > label.l3597c21";"yes";"no";"not-reviewed";""
"hac.modules.accessibility.finisha11yspecconfirm.showtoast.l3628c17.c923ab4e";"txt.20a37bd92383";"Informe o Label (accessibilityLabel) do elemento.";"";"mensagem-sistema";"javascript-string";"_finishA11ySpecConfirm > showToast";"src/plugin/modules/accessibility.js";"3628";"18";"_finishA11ySpecConfirm > showToast.l3628c17";"yes";"no";"not-reviewed";""
"hac.modules.accessibility.filter.l3636c54.e3c04883";"txt.64c65374dbab";"Label";"";"texto-interface";"javascript-string";"filter";"src/plugin/modules/accessibility.js";"3636";"55";"filter.l3636c54";"yes";"no";"not-reviewed";""
"hac.modules.accessibility.filter.l3637c59.a1b70cb2";"txt.e9df693ec666";"Descrição";"";"texto-interface";"javascript-string";"filter";"src/plugin/modules/accessibility.js";"3637";"60";"filter.l3637c59";"yes";"no";"not-reviewed";""
"hac.modules.accessibility.componenteopcao.l3657c66.69ed59cc";"txt.134cd863bd84";"Personalizado";"";"texto-interface";"javascript-string";"componenteOpcao";"src/plugin/modules/accessibility.js";"3657";"67";"componenteOpcao.l3657c66";"yes";"no";"not-reviewed";""
"hac.modules.accessibility.unshift.l3660c56.3b3ea46c";"txt.b997b3fca96a";"Componente";"";"texto-interface";"javascript-string";"unshift";"src/plugin/modules/accessibility.js";"3660";"57";"unshift.l3660c56";"yes";"no";"not-reviewed";""
"hac.modules.accessibility.finisha11yspecconfirm.showtoast.l3666c17.341bcc3f";"txt.7ba2aef9729b";"Tag inválida. Use o formato A, B, A1, A1.1...";"";"mensagem-sistema";"javascript-string";"_finishA11ySpecConfirm > showToast";"src/plugin/modules/accessibility.js";"3666";"18";"_finishA11ySpecConfirm > showToast.l3666c17";"yes";"no";"not-reviewed";""
"hac.modules.accessibility.label.l3674c34.5384efe3";"txt.e9df693ec666";"Descrição";"";"texto-interface";"javascript-string";"label";"src/plugin/modules/accessibility.js";"3674";"35";"label.l3674c34";"yes";"no";"not-reviewed";""
"hac.modules.accessibility.push.l3677c51.e9bd032c";"txt.e626b601a40b";"Nota de Código";"";"texto-interface";"javascript-string";"push";"src/plugin/modules/accessibility.js";"3677";"52";"push.l3677c51";"yes";"no";"not-reviewed";""
"hac.modules.accessibility.literal.l3685c26.54e9545c";"txt.60329fb0364b";"marco de navegacao";"";"revisar";"javascript-string";"";"src/plugin/modules/accessibility.js";"3685";"27";"literal.l3685c26";"yes";"no";"not-reviewed";""
"hac.modules.accessibility.literal.l3686c79.7397a57b";"txt.8dd5ae3334cc";"da pagina";"";"revisar";"javascript-string";"";"src/plugin/modules/accessibility.js";"3686";"80";"literal.l3686c79";"yes";"no";"not-reviewed";""
"hac.modules.accessibility.label.l3698c34.d59d05e3";"txt.e9df693ec666";"Descrição";"";"texto-interface";"javascript-string";"label";"src/plugin/modules/accessibility.js";"3698";"35";"label.l3698c34";"yes";"no";"not-reviewed";""
"hac.modules.accessibility.push.l3702c85.eada55cb";"txt.e626b601a40b";"Nota de Código";"";"texto-interface";"javascript-string";"push";"src/plugin/modules/accessibility.js";"3702";"86";"push.l3702c85";"yes";"no";"not-reviewed";""
"hac.modules.accessibility.label.l3729c34.1adf2807";"txt.e9df693ec666";"Descrição";"";"texto-interface";"javascript-string";"label";"src/plugin/modules/accessibility.js";"3729";"35";"label.l3729c34";"yes";"no";"not-reviewed";""
"hac.modules.accessibility.push.l3731c83.3765d8f3";"txt.e626b601a40b";"Nota de Código";"";"texto-interface";"javascript-string";"push";"src/plugin/modules/accessibility.js";"3731";"84";"push.l3731c83";"yes";"no";"not-reviewed";""
"hac.modules.accessibility.finisha11yspecconfirm.showtoast.l3765c34.73c2c169";"txt.0a352d953821";"Criando especificação de acessibilidade…";"";"mensagem-sistema";"javascript-string";"_finishA11ySpecConfirm > showToast";"src/plugin/modules/accessibility.js";"3765";"35";"_finishA11ySpecConfirm > showToast.l3765c34";"yes";"no";"not-reviewed";""
"hac.modules.accessibility.finisha11yspecconfirm.showtoast.l3934c17.652cbda3";"txt.a75dca77fc12";"Item já documentado nesta tela, pulado automaticamente.";"";"mensagem-sistema";"javascript-string";"_finishA11ySpecConfirm > showToast";"src/plugin/modules/accessibility.js";"3934";"18";"_finishA11ySpecConfirm > showToast.l3934c17";"yes";"no";"not-reviewed";""
"hac.modules.accessibility.then.l3949c22.9207a96a";"txt.eec8bd257e04";"Não foi possível criar esta especificação. Item pulado.";"";"mensagem-sistema";"javascript-string";"then";"src/plugin/modules/accessibility.js";"3949";"23";"then.l3949c22";"yes";"no";"not-reviewed";""
"hac.modules.accessibility.finisha11yspecconfirm.showa11ycanvasloading.l3965c76.08b5e4bd";"txt.053dc9a4a52e";"Salvando especificação…";"";"revisar";"javascript-string";"_finishA11ySpecConfirm > showA11yCanvasLoading";"src/plugin/modules/accessibility.js";"3965";"77";"_finishA11ySpecConfirm > showA11yCanvasLoading.l3965c76";"yes";"no";"not-reviewed";""
"hac.modules.accessibility.a11yspecitemhtml.label.l3991c63.283303d7";"txt.2319af1437e6";"Acessibilidade";"";"texto-interface";"javascript-string";"_a11ySpecItemHtml > label";"src/plugin/modules/accessibility.js";"3991";"64";"_a11ySpecItemHtml > label.l3991c63";"yes";"no";"not-reviewed";""
"hac.modules.accessibility.div.text.1.767c7248";"txt.6f0891bb5bcc";"${showCategoryChip ? `";"";"texto-interface";"html-text";"div";"src/plugin/modules/accessibility.js";"4028";"73";"div.text.1";"no";"no";"not-reviewed";""
"hac.modules.accessibility.html.text.1.c0a26fdf";"txt.7df02761d9bc";"` : ''}\n${spec.a11ySourceLib ? `";"";"texto-interface";"html-text";"html";"src/plugin/modules/accessibility.js";"4032";"20";"html.text.1";"no";"no";"not-reviewed";""
"hac.modules.accessibility.html.text.2.f40f7cee";"txt.2dfe1ba2013c";"` : ''}\n${dscComponentLabel ? `";"";"texto-interface";"html-text";"html";"src/plugin/modules/accessibility.js";"4036";"20";"html.text.2";"no";"no";"not-reviewed";""
"hac.modules.accessibility.html.text.3.58be4108";"txt.ad1fe8cc6943";"` : ''}\n${spec.needsReview ? `";"";"texto-interface";"html-text";"html";"src/plugin/modules/accessibility.js";"4040";"20";"html.text.3";"no";"no";"not-reviewed";""
"hac.modules.accessibility.button.1.title.ea1fe549";"txt.affa09cc28ce";"Especificação precisa de revisão, clique para verificar";"";"texto-interface";"html-attribute:title";"button.1";"src/plugin/modules/accessibility.js";"4042";"42";"button.1.title";"yes";"no";"not-reviewed";""
"hac.modules.accessibility.button.1.aria.label.1d47e234";"txt.b721675ebeb7";"Verificar especificação, precisa de revisão";"";"acessibilidade";"html-attribute:aria-label";"button.1";"src/plugin/modules/accessibility.js";"4042";"111";"button.1.aria-label";"yes";"no";"not-reviewed";""
"hac.modules.accessibility.html.text.4.24e3b65c";"txt.cfa33587adc3";"Verificar";"";"texto-interface";"html-text";"html";"src/plugin/modules/accessibility.js";"4045";"71";"html.text.4";"yes";"no";"not-reviewed";""
"hac.modules.accessibility.button.2.title.8469816f";"txt.d9ccd1b3adc7";"Focar no elemento no canvas";"";"texto-interface";"html-attribute:title";"button.2";"src/plugin/modules/accessibility.js";"4049";"38";"button.2.title";"yes";"no";"not-reviewed";""
"hac.modules.accessibility.button.2.aria.label.dc256f7f";"txt.d9ccd1b3adc7";"Focar no elemento no canvas";"";"acessibilidade";"html-attribute:aria-label";"button.2";"src/plugin/modules/accessibility.js";"4049";"79";"button.2.aria-label";"yes";"no";"not-reviewed";""
"hac.modules.accessibility.button.3.title.6c0da328";"txt.a2642cd684be";"${isHidden ? 'Mostrar' : 'Ocultar'} no canvas";"";"texto-interface";"html-attribute:title";"button.3";"src/plugin/modules/accessibility.js";"4054";"38";"button.3.title";"no";"no";"not-reviewed";""
"hac.modules.accessibility.button.3.aria.label.0ec7faf7";"txt.a2642cd684be";"${isHidden ? 'Mostrar' : 'Ocultar'} no canvas";"";"acessibilidade";"html-attribute:aria-label";"button.3";"src/plugin/modules/accessibility.js";"4054";"97";"button.3.aria-label";"no";"no";"not-reviewed";""
"hac.modules.accessibility.button.5.title.cecbc167";"txt.c9c43bc17ce2";"Editar";"";"texto-interface";"html-attribute:title";"button.5";"src/plugin/modules/accessibility.js";"4064";"38";"button.5.title";"yes";"no";"not-reviewed";""
"hac.modules.accessibility.button.5.aria.label.12a4fd8b";"txt.922e633ddec4";"Editar especificação de acessibilidade";"";"acessibilidade";"html-attribute:aria-label";"button.5";"src/plugin/modules/accessibility.js";"4064";"58";"button.5.aria-label";"yes";"no";"not-reviewed";""
"hac.modules.accessibility.button.6.title.0c06b3db";"txt.72c3b1c9dbd5";"Remover";"";"texto-interface";"html-attribute:title";"button.6";"src/plugin/modules/accessibility.js";"4069";"38";"button.6.title";"yes";"no";"not-reviewed";""
"hac.modules.accessibility.button.6.aria.label.5346ba1a";"txt.1a07342f611c";"Remover especificação de acessibilidade";"";"acessibilidade";"html-attribute:aria-label";"button.6";"src/plugin/modules/accessibility.js";"4069";"59";"button.6.aria-label";"yes";"no";"not-reviewed";""
"hac.modules.accessibility.div.text.2.f4b8de8c";"txt.42b7b0731f68";"{\nconst isLink = p.key === 'linkComponente' && /^https?:\/\//.test(String(p.value || ''));\nconst valueHtml = isLink\n? `";"";"texto-interface";"html-text";"div";"src/plugin/modules/accessibility.js";"4077";"25";"div.text.2";"yes";"no";"not-reviewed";""
"hac.modules.accessibility.a.1.title.1c95c7c6";"txt.4b1f1df12c9d";"Abrir componente no Figma";"";"texto-interface";"html-attribute:title";"a.1";"src/plugin/modules/accessibility.js";"4080";"98";"a.1.title";"yes";"no";"not-reviewed";""
"hac.modules.accessibility.html.text.5.c91519cb";"txt.deae101cd52f";"`;\nreturn `";"";"texto-interface";"html-text";"html";"src/plugin/modules/accessibility.js";"4081";"189";"html.text.5";"yes";"no";"not-reviewed";""
"hac.modules.accessibility.html.text.6.18cfee3e";"txt.d078a4e91e58";"`;\n}).join('')}";"";"texto-interface";"html-text";"html";"src/plugin/modules/accessibility.js";"4086";"17";"html.text.6";"yes";"no";"not-reviewed";""
"hac.modules.accessibility.togglea11yareaaccordion.l4105c53.75449b45";"txt.14214c0e9311";"rotate(180deg)";"";"revisar";"javascript-string";"toggleA11yAreaAccordion";"src/plugin/modules/accessibility.js";"4105";"54";"toggleA11yAreaAccordion.l4105c53";"yes";"no";"not-reviewed";""
"hac.modules.accessibility.togglea11yareaaccordion.l4105c72.16488673";"txt.595c37b5a24b";"rotate(0deg)";"";"revisar";"javascript-string";"toggleA11yAreaAccordion";"src/plugin/modules/accessibility.js";"4105";"73";"toggleA11yAreaAccordion.l4105c72";"yes";"no";"not-reviewed";""
"hac.modules.accessibility.foreach.l4137c46.0b7aedf0";"txt.86854534aa16";"tab-order-body-";"";"revisar";"javascript-string";"forEach";"src/plugin/modules/accessibility.js";"4137";"47";"forEach.l4137c46";"yes";"no";"not-reviewed";""
"hac.modules.accessibility.foreach.l4137c67.5e335b43";"txt.72777b59d6cf";"tab-order-chevron-";"";"revisar";"javascript-string";"forEach";"src/plugin/modules/accessibility.js";"4137";"68";"forEach.l4137c67";"yes";"no";"not-reviewed";""
"hac.modules.accessibility.foreach.l4138c28.4e9ac498";"txt.bde578267f0f";"undoc-body-";"";"revisar";"javascript-string";"forEach";"src/plugin/modules/accessibility.js";"4138";"29";"forEach.l4138c28";"yes";"no";"not-reviewed";""
"hac.modules.accessibility.foreach.l4138c45.c0b82045";"txt.ff3aed41887d";"undoc-chevron-";"";"revisar";"javascript-string";"forEach";"src/plugin/modules/accessibility.js";"4138";"46";"forEach.l4138c45";"yes";"no";"not-reviewed";""
"hac.modules.accessibility.foreach.l4141c53.49576378";"txt.14214c0e9311";"rotate(180deg)";"";"revisar";"javascript-string";"forEach";"src/plugin/modules/accessibility.js";"4141";"54";"forEach.l4141c53";"yes";"no";"not-reviewed";""
"hac.modules.accessibility.foreach.l4141c72.6eefbdae";"txt.595c37b5a24b";"rotate(0deg)";"";"revisar";"javascript-string";"forEach";"src/plugin/modules/accessibility.js";"4141";"73";"forEach.l4141c72";"yes";"no";"not-reviewed";""
"hac.modules.accessibility.a11ysetallsubaccordions.foreach.l4142c28.055c3ab3";"txt.86854534aa16";"tab-order-body-";"";"revisar";"javascript-string";"_a11ySetAllSubaccordions > forEach";"src/plugin/modules/accessibility.js";"4142";"29";"_a11ySetAllSubaccordions > forEach.l4142c28";"yes";"no";"not-reviewed";""
"hac.modules.accessibility.a11ysetallsubaccordions.foreach.l4145c35.14321fe5";"txt.bde578267f0f";"undoc-body-";"";"revisar";"javascript-string";"_a11ySetAllSubaccordions > forEach";"src/plugin/modules/accessibility.js";"4145";"36";"_a11ySetAllSubaccordions > forEach.l4145c35";"yes";"no";"not-reviewed";""
"hac.modules.accessibility.togglea11ycategoryaccordion.l4169c53.38d4146f";"txt.14214c0e9311";"rotate(180deg)";"";"revisar";"javascript-string";"toggleA11yCategoryAccordion";"src/plugin/modules/accessibility.js";"4169";"54";"toggleA11yCategoryAccordion.l4169c53";"yes";"no";"not-reviewed";""
"hac.modules.accessibility.togglea11ycategoryaccordion.l4169c72.eb1a6f17";"txt.595c37b5a24b";"rotate(0deg)";"";"revisar";"javascript-string";"toggleA11yCategoryAccordion";"src/plugin/modules/accessibility.js";"4169";"73";"toggleA11yCategoryAccordion.l4169c72";"yes";"no";"not-reviewed";""
"hac.modules.accessibility.p.text.1.8d022f52";"txt.5cb41b7e9ee1";"${escapeHtml(categoryLabel)} (${catSpecs.length})";"";"texto-interface";"html-text";"p";"src/plugin/modules/accessibility.js";"4190";"138";"p.text.1";"no";"no";"not-reviewed";""
"hac.modules.accessibility.body.uid.text.5681a28f";"txt.98e615545516";"_a11ySpecItemHtml(spec, false)).join('')}";"";"texto-interface";"html-text";"body-${uid}";"src/plugin/modules/accessibility.js";"4194";"31";"body-${uid}.text";"yes";"no";"not-reviewed";""
"hac.modules.accessibility.togglea11yundocumentedaccordion.l4213c53.b434e91f";"txt.14214c0e9311";"rotate(180deg)";"";"revisar";"javascript-string";"toggleA11yUndocumentedAccordion";"src/plugin/modules/accessibility.js";"4213";"54";"toggleA11yUndocumentedAccordion.l4213c53";"yes";"no";"not-reviewed";""
"hac.modules.accessibility.togglea11yundocumentedaccordion.l4213c72.a25c6e2d";"txt.595c37b5a24b";"rotate(0deg)";"";"revisar";"javascript-string";"toggleA11yUndocumentedAccordion";"src/plugin/modules/accessibility.js";"4213";"73";"toggleA11yUndocumentedAccordion.l4213c72";"yes";"no";"not-reviewed";""
"hac.modules.accessibility.a11yundocumenteditemlabel.l4221c38.5447d7de";"txt.37bde3a55457";"Possível título sem token DSC";"";"revisar";"javascript-string";"_a11yUndocumentedItemLabel";"src/plugin/modules/accessibility.js";"4221";"39";"_a11yUndocumentedItemLabel.l4221c38";"yes";"no";"not-reviewed";""
"hac.modules.accessibility.a11yundocumenteditemlabel.l4223c41.71cc2a05";"txt.4235de1907e0";"Outro (${_cleanDscContainingFrameName(match.containingFrame)})";"";"revisar";"javascript-template";"_a11yUndocumentedItemLabel";"src/plugin/modules/accessibility.js";"4223";"42";"_a11yUndocumentedItemLabel.l4223c41";"no";"no";"not-reviewed";""
"hac.modules.accessibility.a11yundocumenteditemlabel.l4225c38.080ea2ca";"txt.c48a70ff6603";"Nível de Título (${(match.suggestedLevel || 'h1').toUpperCase()})";"";"revisar";"javascript-template";"_a11yUndocumentedItemLabel";"src/plugin/modules/accessibility.js";"4225";"39";"_a11yUndocumentedItemLabel.l4225c38";"no";"no";"not-reviewed";""
"hac.modules.accessibility.a11yundocumenteditemlabel.l4226c42.bbb89650";"txt.51c2f95692b8";"Elemento Decorativo";"";"revisar";"javascript-string";"_a11yUndocumentedItemLabel";"src/plugin/modules/accessibility.js";"4226";"43";"_a11yUndocumentedItemLabel.l4226c42";"yes";"no";"not-reviewed";""
"hac.modules.accessibility.a11yundocumenteditemlabel.l4227c41.5d5de7b6";"txt.6b4d9f8c8c2e";"Estrutura da Página (${_cleanDscContainingFrameName(match.containingFrame)})";"";"revisar";"javascript-template";"_a11yUndocumentedItemLabel";"src/plugin/modules/accessibility.js";"4227";"42";"_a11yUndocumentedItemLabel.l4227c41";"no";"no";"not-reviewed";""
"hac.modules.accessibility.a11yundocumenteditemhtml.name.l4234c47.ff3c7506";"txt.1e1c38bb8a8a";"Elemento";"";"revisar";"javascript-string";"_a11yUndocumentedItemHtml > name";"src/plugin/modules/accessibility.js";"4234";"48";"_a11yUndocumentedItemHtml > name.l4234c47";"yes";"no";"not-reviewed";""
"hac.modules.accessibility.html.text.1.5a662cb9";"txt.52865608ff3e";"${item.immediateParentName ? `";"";"texto-interface";"html-text";"html";"src/plugin/modules/accessibility.js";"4253";"137";"html.text.1";"no";"no";"not-reviewed";""
"hac.modules.accessibility.p.3.title.6ea4281c";"txt.0b86ba14e55e";"Este elemento está dentro de: ${escapeHtml(item.immediateParentName)}";"";"texto-interface";"html-attribute:title";"p.3";"src/plugin/modules/accessibility.js";"4261";"127";"p.3.title";"no";"no";"not-reviewed";""
"hac.modules.accessibility.p.text.1.774409a7";"txt.5bb859045866";"dentro de: ${escapeHtml(item.immediateParentName)}";"";"texto-interface";"html-text";"p";"src/plugin/modules/accessibility.js";"4261";"198";"p.text.1";"no";"no";"not-reviewed";""
"hac.modules.accessibility.button.1.title.d9cbf68b";"txt.08f002c56c5f";"Focar no canvas";"";"texto-interface";"html-attribute:title";"button.1";"src/plugin/modules/accessibility.js";"4265";"36";"button.1.title";"yes";"no";"not-reviewed";""
"hac.modules.accessibility.button.1.aria.label.906d2a3c";"txt.08f002c56c5f";"Focar no canvas";"";"acessibilidade";"html-attribute:aria-label";"button.1";"src/plugin/modules/accessibility.js";"4265";"65";"button.1.aria-label";"yes";"no";"not-reviewed";""
"hac.modules.accessibility.button.2.title.8d274922";"txt.89deeb484e4e";"Criar especificação";"";"texto-interface";"html-attribute:title";"button.2";"src/plugin/modules/accessibility.js";"4270";"36";"button.2.title";"yes";"no";"not-reviewed";""
"hac.modules.accessibility.button.2.aria.label.9b391d9b";"txt.db357bcdc139";"Criar especificação de acessibilidade para ${escapeHtml(name)}";"";"acessibilidade";"html-attribute:aria-label";"button.2";"src/plugin/modules/accessibility.js";"4270";"69";"button.2.aria-label";"no";"no";"not-reviewed";""
"hac.modules.accessibility.html.text.2.105e2964";"txt.c0e0305535e3";"Criar spec";"";"texto-interface";"html-text";"html";"src/plugin/modules/accessibility.js";"4273";"51";"html.text.2";"yes";"no";"not-reviewed";""
"hac.modules.accessibility.a11yundocumentedaccordionel.chevronstyle.l4284c33.50f46dcc";"txt.14214c0e9311";"rotate(180deg)";"";"revisar";"javascript-string";"_a11yUndocumentedAccordionEl > chevronStyle";"src/plugin/modules/accessibility.js";"4284";"34";"_a11yUndocumentedAccordionEl > chevronStyle.l4284c33";"yes";"no";"not-reviewed";""
"hac.modules.accessibility.a11yundocumentedaccordionel.chevronstyle.l4284c52.32b2fad1";"txt.595c37b5a24b";"rotate(0deg)";"";"revisar";"javascript-string";"_a11yUndocumentedAccordionEl > chevronStyle";"src/plugin/modules/accessibility.js";"4284";"53";"_a11yUndocumentedAccordionEl > chevronStyle.l4284c52";"yes";"no";"not-reviewed";""
"hac.modules.accessibility.p.text.1.f1303b1f";"txt.668078613420";"Não documentados (${entries.length})";"";"texto-interface";"html-text";"p";"src/plugin/modules/accessibility.js";"4293";"137";"p.text.1";"no";"no";"not-reviewed";""
"hac.modules.accessibility.undoc.body.uid.text.342a573b";"txt.e8b66e20ada4";"_a11yUndocumentedItemHtml(areaId, entry)).join('')}";"";"texto-interface";"html-text";"undoc-body-${uid}";"src/plugin/modules/accessibility.js";"4297";"31";"undoc-body-${uid}.text";"yes";"no";"not-reviewed";""
"hac.modules.accessibility.a11yworkspacetabtabulacao.uid.l4319c15.c4f00322";"txt.3e776e04f5a2";"workspace-${area.id}";"";"revisar";"javascript-template";"_a11yWorkspaceTabTabulacao > uid";"src/plugin/modules/accessibility.js";"4319";"16";"_a11yWorkspaceTabTabulacao > uid.l4319c15";"no";"no";"not-reviewed";""
"hac.modules.accessibility.a11yworkspacetabtabulacao.ulid.l4320c16.447e60d2";"txt.9a81cd4a26ac";"tab-order-list-${uid}";"";"revisar";"javascript-template";"_a11yWorkspaceTabTabulacao > ulId";"src/plugin/modules/accessibility.js";"4320";"17";"_a11yWorkspaceTabTabulacao > ulId.l4320c16";"no";"no";"not-reviewed";""
"hac.modules.accessibility.button.1.data.tooltip.7d2b1443";"txt.31e194f20825";"Instruções sobre esta documentação";"";"texto-interface";"html-attribute:data-tooltip";"button.1";"src/plugin/modules/accessibility.js";"4353";"19";"button.1.data-tooltip";"yes";"no";"not-reviewed";""
"hac.modules.accessibility.button.1.aria.label.b768890b";"txt.31e194f20825";"Instruções sobre esta documentação";"";"acessibilidade";"html-attribute:aria-label";"button.1";"src/plugin/modules/accessibility.js";"4353";"67";"button.1.aria-label";"yes";"no";"not-reviewed";""
"hac.modules.accessibility.div.text.1.0849dd69";"txt.431732d1afe9";"${hasManualItems ? '' : `";"";"texto-interface";"html-text";"div";"src/plugin/modules/accessibility.js";"4358";"49";"div.text.1";"no";"no";"not-reviewed";""
"hac.modules.accessibility.p.text.1.8002258e";"txt.f513d52538d0";"Antes de começar, veja como documentar corretamente.";"";"texto-interface";"html-text";"p";"src/plugin/modules/accessibility.js";"4371";"116";"p.text.1";"yes";"no";"not-reviewed";""
"hac.modules.accessibility.button.text.1.6dc4f4b2";"txt.283b693313b1";"Ver instruções";"";"texto-interface";"html-text";"button";"src/plugin/modules/accessibility.js";"4373";"148";"button.text.1";"yes";"no";"not-reviewed";""
"hac.modules.accessibility.html.text.1.ffa29776";"txt.87a966b2880c";"`}\n${hasManualItems ? `";"";"texto-interface";"html-text";"html";"src/plugin/modules/accessibility.js";"4376";"13";"html.text.1";"no";"no";"not-reviewed";""
"hac.modules.accessibility.span.text.1.cfa3d52c";"txt.11d2d329846b";"Adicionar itens";"";"texto-interface";"html-text";"span";"src/plugin/modules/accessibility.js";"4389";"34";"span.text.1";"yes";"no";"not-reviewed";""
"hac.modules.accessibility.button.3.data.tooltip.4e3ab2a1";"txt.fa640e3522d3";"Apagar todos os selos desta tela e recomeçar a ordem do zero";"";"texto-interface";"html-attribute:data-tooltip";"button.3";"src/plugin/modules/accessibility.js";"4392";"25";"button.3.data-tooltip";"yes";"no";"not-reviewed";""
"hac.modules.accessibility.button.3.aria.label.5eba0d97";"txt.d403f07bac51";"Apagar toda a ordem de tabulação desta tela";"";"acessibilidade";"html-attribute:aria-label";"button.3";"src/plugin/modules/accessibility.js";"4392";"99";"button.3.aria-label";"yes";"no";"not-reviewed";""
"hac.modules.accessibility.p.text.2.d7e7a0df";"txt.5206e4d0b61f";"Nenhuma ordem de tabulação nesta tela ainda. Use o botão abaixo.";"";"texto-interface";"html-text";"p";"src/plugin/modules/accessibility.js";"4407";"116";"p.text.2";"yes";"no";"not-reviewed";""
"hac.modules.accessibility.html.text.2.59f1558d";"txt.8ee77246e09e";"Criar ordem de tabulação";"";"texto-interface";"html-text";"html";"src/plugin/modules/accessibility.js";"4410";"84";"html.text.2";"yes";"no";"not-reviewed";""
"hac.modules.accessibility.html.text.3.0da2bd47";"txt.fb1ddad5904e";"${A11Y_AUTO_MAPPING_HIDDEN_TABULACAO ? '' : `";"";"texto-interface";"html-text";"html";"src/plugin/modules/accessibility.js";"4412";"18";"html.text.3";"no";"no";"not-reviewed";""
"hac.modules.accessibility.html.text.4.35636272";"txt.59ce6b82ca8a";"Mapeamento Automático";"";"texto-interface";"html-text";"html";"src/plugin/modules/accessibility.js";"4416";"80";"html.text.4";"yes";"no";"not-reviewed";""
"hac.modules.accessibility.html.text.5.2e974a42";"txt.6ab50dc0cfcd";"${hasManualItems ? `";"";"texto-interface";"html-text";"html";"src/plugin/modules/accessibility.js";"4420";"80";"html.text.5";"no";"no";"not-reviewed";""
"hac.modules.accessibility.span.text.2.c2292401";"txt.96c2d4288e78";"Simular leitura";"";"texto-interface";"html-text";"span";"src/plugin/modules/accessibility.js";"4426";"34";"span.text.2";"yes";"no";"not-reviewed";""
"hac.modules.accessibility.tab.order.narration.lang.uid.title.5bc0d839";"txt.bd23d9ab6e8e";"Idioma da narração";"";"texto-interface";"html-attribute:title";"tab-order-narration-lang-${uid}";"src/plugin/modules/accessibility.js";"4441";"61";"tab-order-narration-lang-${uid}.title";"yes";"no";"not-reviewed";""
"hac.modules.accessibility.tab.order.narration.lang.uid.aria.label.e3356496";"txt.bd23d9ab6e8e";"Idioma da narração";"";"acessibilidade";"html-attribute:aria-label";"tab-order-narration-lang-${uid}";"src/plugin/modules/accessibility.js";"4441";"93";"tab-order-narration-lang-${uid}.aria-label";"yes";"no";"not-reviewed";""
"hac.modules.accessibility.option.text.1.e96e1fa1";"txt.bc811258ae9f";"PT";"";"texto-interface";"html-text";"option";"src/plugin/modules/accessibility.js";"4443";"39";"option.text.1";"yes";"no";"not-reviewed";""
"hac.modules.accessibility.option.text.2.024022ec";"txt.094b0fe0e302";"EN";"";"texto-interface";"html-text";"option";"src/plugin/modules/accessibility.js";"4444";"30";"option.text.2";"yes";"no";"not-reviewed";""
"hac.modules.accessibility.tab.order.narration.rate.uid.title.36b088f5";"txt.87a372254e20";"Velocidade da narração";"";"texto-interface";"html-attribute:title";"tab-order-narration-rate-${uid}";"src/plugin/modules/accessibility.js";"4451";"61";"tab-order-narration-rate-${uid}.title";"yes";"no";"not-reviewed";""
"hac.modules.accessibility.tab.order.narration.rate.uid.aria.label.e718b180";"txt.87a372254e20";"Velocidade da narração";"";"acessibilidade";"html-attribute:aria-label";"tab-order-narration-rate-${uid}";"src/plugin/modules/accessibility.js";"4451";"97";"tab-order-narration-rate-${uid}.aria-label";"yes";"no";"not-reviewed";""
"hac.modules.accessibility.option.text.3.d2a787cb";"txt.6fe62d0dd7db";"1x";"";"texto-interface";"html-text";"option";"src/plugin/modules/accessibility.js";"4453";"29";"option.text.3";"yes";"no";"not-reviewed";""
"hac.modules.accessibility.option.text.4.c92bb093";"txt.50dd3c97c87b";"1.5x";"";"texto-interface";"html-text";"option";"src/plugin/modules/accessibility.js";"4454";"40";"option.text.4";"yes";"no";"not-reviewed";""
"hac.modules.accessibility.option.text.5.4710a050";"txt.8b48f47fb234";"2x";"";"texto-interface";"html-text";"option";"src/plugin/modules/accessibility.js";"4455";"29";"option.text.5";"yes";"no";"not-reviewed";""
"hac.modules.accessibility.option.text.6.a3f180d1";"txt.fe2dff9f9c56";"2.5x";"";"texto-interface";"html-text";"option";"src/plugin/modules/accessibility.js";"4456";"31";"option.text.6";"yes";"no";"not-reviewed";""
"hac.modules.accessibility.html.text.6.856dc364";"txt.d52cb5b262f0";"` : ''}\n${hasManualItems ? `";"";"texto-interface";"html-text";"html";"src/plugin/modules/accessibility.js";"4458";"13";"html.text.6";"no";"no";"not-reviewed";""
"hac.modules.accessibility.html.text.7.bfe9d317";"txt.f8906248d08b";"Atualizar";"";"texto-interface";"html-text";"html";"src/plugin/modules/accessibility.js";"4473";"80";"html.text.7";"yes";"no";"not-reviewed";""
"hac.modules.accessibility.html.text.8.2f8954f5";"txt.a5c604d6104b";"` : ''}\n${typeof _fichaInsertButtonHtml === 'function' ? _fichaInsertButtonHtml(area, 'tabulacao', hasManualItems) : ''}";"";"texto-interface";"html-text";"html";"src/plugin/modules/accessibility.js";"4475";"16";"html.text.8";"no";"no";"not-reviewed";""
"hac.modules.accessibility.p.text.1.83c63b7f";"txt.47b3abbb2afc";"Disponível apenas para projetos mobile";"";"texto-interface";"html-text";"p";"src/plugin/modules/accessibility.js";"4501";"116";"p.text.1";"yes";"no";"not-reviewed";""
"hac.modules.accessibility.p.text.2.03d777e8";"txt.9a2fd72527ad";"Trilha de Ordem de Leitura documenta a navegação por gesto de deslizar, exclusiva do leitor de tela mobile.";"";"texto-interface";"html-text";"p";"src/plugin/modules/accessibility.js";"4502";"111";"p.text.2";"yes";"no";"not-reviewed";""
"hac.modules.accessibility.button.1.data.tooltip.ddeca5b1";"txt.31e194f20825";"Instruções sobre esta documentação";"";"texto-interface";"html-attribute:data-tooltip";"button.1";"src/plugin/modules/accessibility.js";"4526";"19";"button.1.data-tooltip";"yes";"no";"not-reviewed";""
"hac.modules.accessibility.button.1.aria.label.bc2e615f";"txt.31e194f20825";"Instruções sobre esta documentação";"";"acessibilidade";"html-attribute:aria-label";"button.1";"src/plugin/modules/accessibility.js";"4526";"67";"button.1.aria-label";"yes";"no";"not-reviewed";""
"hac.modules.accessibility.div.text.1.bd70c035";"txt.5983362f5128";"${existingPath ? `";"";"texto-interface";"html-text";"div";"src/plugin/modules/accessibility.js";"4531";"49";"div.text.1";"no";"no";"not-reviewed";""
"hac.modules.accessibility.span.text.1.6a7e2a05";"txt.2629163bf164";"Adicionar ponto";"";"texto-interface";"html-text";"span";"src/plugin/modules/accessibility.js";"4544";"34";"span.text.1";"yes";"no";"not-reviewed";""
"hac.modules.accessibility.button.2.data.tooltip.7ee48744";"txt.d374aa9bdbf5";"Remover trilha de swipe desta tela";"";"texto-interface";"html-attribute:data-tooltip";"button.2";"src/plugin/modules/accessibility.js";"4547";"25";"button.2.data-tooltip";"yes";"no";"not-reviewed";""
"hac.modules.accessibility.button.2.aria.label.3ddc730a";"txt.d374aa9bdbf5";"Remover trilha de swipe desta tela";"";"acessibilidade";"html-attribute:aria-label";"button.2";"src/plugin/modules/accessibility.js";"4547";"73";"button.2.aria-label";"yes";"no";"not-reviewed";""
"hac.modules.accessibility.span.text.2.01562735";"txt.fed4a9cee270";"Trilha de Ordem de Leitura (${pointCount} ${pointCount === 1 ? 'ponto' : 'pontos'})";"";"texto-interface";"html-text";"span";"src/plugin/modules/accessibility.js";"4554";"118";"span.text.2";"no";"no";"not-reviewed";""
"hac.modules.accessibility.p.text.1.a51cc4d9";"txt.f513d52538d0";"Antes de começar, veja como documentar corretamente.";"";"texto-interface";"html-text";"p";"src/plugin/modules/accessibility.js";"4578";"116";"p.text.1";"yes";"no";"not-reviewed";""
"hac.modules.accessibility.button.text.1.c842776d";"txt.283b693313b1";"Ver instruções";"";"texto-interface";"html-text";"button";"src/plugin/modules/accessibility.js";"4580";"148";"button.text.1";"yes";"no";"not-reviewed";""
"hac.modules.accessibility.html.text.1.deaa485b";"txt.f024706758c4";"`}\n${existingPath ? '' : `";"";"texto-interface";"html-text";"html";"src/plugin/modules/accessibility.js";"4583";"13";"html.text.1";"no";"no";"not-reviewed";""
"hac.modules.accessibility.p.text.2.5be16878";"txt.375b7276194c";"Nenhuma trilha de swipe nesta tela ainda. Use o botão abaixo.";"";"texto-interface";"html-text";"p";"src/plugin/modules/accessibility.js";"4601";"116";"p.text.2";"yes";"no";"not-reviewed";""
"hac.modules.accessibility.html.text.2.a3037ce4";"txt.e57ad5aaedbb";"Criar ordem de leitura";"";"texto-interface";"html-text";"html";"src/plugin/modules/accessibility.js";"4604";"87";"html.text.2";"yes";"no";"not-reviewed";""
"hac.modules.accessibility.html.text.3.6c420fff";"txt.6e6d6a72cb6d";"${A11Y_AUTO_MAPPING_HIDDEN_SWIPE ? '' : `";"";"texto-interface";"html-text";"html";"src/plugin/modules/accessibility.js";"4606";"18";"html.text.3";"no";"no";"not-reviewed";""
"hac.modules.accessibility.html.text.4.771df94f";"txt.59ce6b82ca8a";"Mapeamento Automático";"";"texto-interface";"html-text";"html";"src/plugin/modules/accessibility.js";"4610";"80";"html.text.4";"yes";"no";"not-reviewed";""
"hac.modules.accessibility.html.text.5.db20fab9";"txt.b44a1c29112e";"`}\n${typeof _fichaInsertButtonHtml === 'function' ? _fichaInsertButtonHtml(area, 'swipe', !!existingPath) : ''}";"";"texto-interface";"html-text";"html";"src/plugin/modules/accessibility.js";"4613";"13";"html.text.5";"no";"no";"not-reviewed";""
"hac.modules.accessibility.a11yworkspacetableitordetela.uid.l4643c15.bd90deb0";"txt.3e776e04f5a2";"workspace-${area.id}";"";"revisar";"javascript-template";"_a11yWorkspaceTabLeitorDeTela > uid";"src/plugin/modules/accessibility.js";"4643";"16";"_a11yWorkspaceTabLeitorDeTela > uid.l4643c15";"no";"no";"not-reviewed";""
"hac.modules.accessibility.join.l4657c22.41487581";"txt.5de6cbb2d080";"${uid}-cat-${catKey}";"";"revisar";"javascript-template";"join";"src/plugin/modules/accessibility.js";"4657";"23";"join.l4657c22";"no";"no";"not-reviewed";""
"hac.modules.accessibility.html.text.1.7250c2b5";"txt.a7f9bbb191d1";"${hasManualSpecs ? '' : `";"";"texto-interface";"html-text";"html";"src/plugin/modules/accessibility.js";"4704";"48";"html.text.1";"no";"no";"not-reviewed";""
"hac.modules.accessibility.p.text.1.7640ccf1";"txt.f513d52538d0";"Antes de começar, veja como documentar corretamente.";"";"texto-interface";"html-text";"p";"src/plugin/modules/accessibility.js";"4712";"116";"p.text.1";"yes";"no";"not-reviewed";""
"hac.modules.accessibility.button.text.1.6dbe3e42";"txt.283b693313b1";"Ver instruções";"";"texto-interface";"html-text";"button";"src/plugin/modules/accessibility.js";"4714";"148";"button.text.1";"yes";"no";"not-reviewed";""
"hac.modules.accessibility.html.text.2.5139c338";"txt.2284b069a818";"${hasManualSpecs ? `";"";"texto-interface";"html-text";"html";"src/plugin/modules/accessibility.js";"4725";"54";"html.text.2";"no";"no";"not-reviewed";""
"hac.modules.accessibility.button.2.data.tooltip.86b00325";"txt.31e194f20825";"Instruções sobre esta documentação";"";"texto-interface";"html-attribute:data-tooltip";"button.2";"src/plugin/modules/accessibility.js";"4729";"25";"button.2.data-tooltip";"yes";"no";"not-reviewed";""
"hac.modules.accessibility.button.2.aria.label.65d75149";"txt.31e194f20825";"Instruções sobre esta documentação";"";"acessibilidade";"html-attribute:aria-label";"button.2";"src/plugin/modules/accessibility.js";"4729";"73";"button.2.aria-label";"yes";"no";"not-reviewed";""
"hac.modules.accessibility.span.text.1.9effdcbb";"txt.6883742d7a12";"Nova spec";"";"texto-interface";"html-text";"span";"src/plugin/modules/accessibility.js";"4736";"34";"span.text.1";"yes";"no";"not-reviewed";""
"hac.modules.accessibility.button.4.data.tooltip.df0f3043";"txt.60482d72f132";"Excluir todas as especificações de Leitor de Tela desta tela";"";"texto-interface";"html-attribute:data-tooltip";"button.4";"src/plugin/modules/accessibility.js";"4744";"25";"button.4.data-tooltip";"yes";"no";"not-reviewed";""
"hac.modules.accessibility.button.4.aria.label.941f3fd0";"txt.60482d72f132";"Excluir todas as especificações de Leitor de Tela desta tela";"";"acessibilidade";"html-attribute:aria-label";"button.4";"src/plugin/modules/accessibility.js";"4744";"99";"button.4.aria-label";"yes";"no";"not-reviewed";""
"hac.modules.accessibility.p.text.2.cbb7296d";"txt.3758d1d750c7";"Nenhuma especificação nesta tela ainda. Use o botão abaixo.";"";"texto-interface";"html-text";"p";"src/plugin/modules/accessibility.js";"4762";"116";"p.text.2";"yes";"no";"not-reviewed";""
"hac.modules.accessibility.html.text.3.a6bf95fd";"txt.db3f4a9f6d48";"Criar especificações";"";"texto-interface";"html-text";"html";"src/plugin/modules/accessibility.js";"4765";"76";"html.text.3";"yes";"no";"not-reviewed";""
"hac.modules.accessibility.html.text.4.823e39e4";"txt.b01fde84871c";"${A11Y_AUTO_MAPPING_HIDDEN_LEITOR ? '' : `";"";"texto-interface";"html-text";"html";"src/plugin/modules/accessibility.js";"4767";"18";"html.text.4";"no";"no";"not-reviewed";""
"hac.modules.accessibility.html.text.5.0a543e68";"txt.59ce6b82ca8a";"Mapeamento Automático";"";"texto-interface";"html-text";"html";"src/plugin/modules/accessibility.js";"4771";"77";"html.text.5";"yes";"no";"not-reviewed";""
"hac.modules.accessibility.button.text.2.94a3a56d";"txt.a44dfc199cb1";"Expandir todos";"";"texto-interface";"html-text";"button";"src/plugin/modules/accessibility.js";"4778";"131";"button.text.2";"yes";"no";"not-reviewed";""
"hac.modules.accessibility.button.text.3.f31b81f4";"txt.01e1973d6736";"Recolher todos";"";"texto-interface";"html-text";"button";"src/plugin/modules/accessibility.js";"4781";"134";"button.text.3";"yes";"no";"not-reviewed";""
"hac.modules.accessibility.html.text.6.56466502";"txt.8e5cb7709112";"0 ? categoryHtml : ''}\n${_a11yUndocumentedAccordionEl(`${uid}-undoc`, area.id, undocumentedEntries)}";"";"texto-interface";"html-text";"html";"src/plugin/modules/accessibility.js";"4788";"29";"html.text.6";"no";"no";"not-reviewed";""
"hac.modules.accessibility.p.text.1.9c2810de";"txt.398f2957d902";"Status do Handoff de Acessibilidade desta tela, reunindo o que já foi inserido de cada etapa.";"";"texto-interface";"html-text";"p";"src/plugin/modules/accessibility.js";"4822";"109";"p.text.1";"yes";"no";"not-reviewed";""
"hac.modules.accessibility.html.text.1.a3704865";"txt.ffa706f1c63f";"Gerar Handoff";"";"texto-interface";"html-text";"html";"src/plugin/modules/accessibility.js";"4832";"80";"html.text.1";"yes";"no";"not-reviewed";""
"hac.modules.accessibility.html.text.2.fa09d2c9";"txt.0979d044e26d";"${hasAnyInserted ? `";"";"texto-interface";"html-text";"html";"src/plugin/modules/accessibility.js";"4834";"20";"html.text.2";"no";"no";"not-reviewed";""
"hac.modules.accessibility.button.2.data.tooltip.b8b4647c";"txt.7b2d52da2b8b";"Ver handoff no canvas";"";"texto-interface";"html-attribute:data-tooltip";"button.2";"src/plugin/modules/accessibility.js";"4837";"27";"button.2.data-tooltip";"yes";"no";"not-reviewed";""
"hac.modules.accessibility.button.2.aria.label.02954f90";"txt.7b2d52da2b8b";"Ver handoff no canvas";"";"acessibilidade";"html-attribute:aria-label";"button.2";"src/plugin/modules/accessibility.js";"4837";"62";"button.2.aria-label";"yes";"no";"not-reviewed";""
"hac.modules.accessibility.togglea11ycardmenu.csstext.l4921c26.eaaf59c1";"txt.1f1f4c5ea98a";"position:absolute;top:${r.bottom + window.scrollY + 4}px;left:${left + window.scrollX}px;width:192px;z-index:9999;";"";"revisar";"javascript-template";"toggleA11yCardMenu > cssText";"src/plugin/modules/accessibility.js";"4921";"27";"toggleA11yCardMenu > cssText.l4921c26";"no";"no";"not-reviewed";""
"hac.modules.accessibility.onesc.key.l4925c42.6ccbed4a";"txt.cdecabe1520a";"Escape";"";"revisar";"javascript-string";"onEsc > key";"src/plugin/modules/accessibility.js";"4925";"43";"onEsc > key.l4925c42";"yes";"no";"not-reviewed";""
"hac.modules.accessibility.a11yareaaccordionel.uid.l4999c15.fe197c6d";"txt.ecd7530d2ebb";"a11y-area-${area.id}";"";"revisar";"javascript-template";"_a11yAreaAccordionEl > uid";"src/plugin/modules/accessibility.js";"4999";"16";"_a11yAreaAccordionEl > uid.l4999c15";"no";"no";"not-reviewed";""
"hac.modules.accessibility.span.text.1.45e10488";"txt.28a9d8535802";"${count} ${escapeHtml(categoryLabel || meta.label)}";"";"texto-interface";"html-text";"span";"src/plugin/modules/accessibility.js";"5016";"220";"span.text.1";"no";"no";"not-reviewed";""
"hac.modules.accessibility.a11yareaaccordionel.classname.l5046c18.76118f64";"txt.5e91ed6a432f";"list-none bg-white dark:bg-dark-surface rounded-dsc-large border border-gray-100 dark:border-dark-line shadow-dsc-elevation-1 overflow-hidden";"";"revisar";"javascript-string";"_a11yAreaAccordionEl > className";"src/plugin/modules/accessibility.js";"5046";"19";"_a11yAreaAccordionEl > className.l5046c18";"yes";"no";"not-reviewed";""
"hac.modules.accessibility.p.text.1.9c533c8e";"txt.ab26b1b9093f";"${areaSpecs.length} especificaç${areaSpecs.length === 1 ? 'ão' : 'ões'}";"";"texto-interface";"html-text";"p";"src/plugin/modules/accessibility.js";"5056";"106";"p.text.1";"no";"no";"not-reviewed";""
"hac.modules.accessibility.button.1.title.4b87de53";"txt.36b6b95cf4a9";"Mais ações";"";"texto-interface";"html-attribute:title";"button.1";"src/plugin/modules/accessibility.js";"5059";"40";"button.1.title";"yes";"no";"not-reviewed";""
"hac.modules.accessibility.button.1.aria.label.5cf6d6f2";"txt.61f690b26308";"Mais ações desta tela";"";"acessibilidade";"html-attribute:aria-label";"button.1";"src/plugin/modules/accessibility.js";"5059";"64";"button.1.aria-label";"yes";"no";"not-reviewed";""
"hac.modules.accessibility.html.text.1.3434496d";"txt.08f002c56c5f";"Focar no canvas";"";"texto-interface";"html-text";"html";"src/plugin/modules/accessibility.js";"5067";"127";"html.text.1";"yes";"no";"not-reviewed";""
"hac.modules.accessibility.html.text.2.421ede8f";"txt.df5ab335477b";"Remover tela";"";"texto-interface";"html-text";"html";"src/plugin/modules/accessibility.js";"5076";"92";"html.text.2";"yes";"no";"not-reviewed";""
"hac.modules.accessibility.html.text.3.64b650ff";"txt.b1dda786bbaf";"${categoryBreakdown ? `";"";"texto-interface";"html-text";"html";"src/plugin/modules/accessibility.js";"5087";"13";"html.text.3";"no";"no";"not-reviewed";""
"hac.modules.accessibility.span.text.1.958c5114";"txt.e5cca533aa42";"Handoff de Acessibilidade: ${fichaInsertedCount}/${fichaSectionKeys.length} seções inseridas";"";"texto-interface";"html-text";"span";"src/plugin/modules/accessibility.js";"5093";"149";"span.text.1";"no";"no";"not-reviewed";""
"hac.modules.accessibility.a11ysemareaaccordionel.classname.l5111c18.1302153b";"txt.7b7dfdd8cfa2";"list-none bg-white dark:bg-dark-surface rounded-dsc-medium border border-amber-200 dark:border-amber-800/40 overflow-hidden";"";"revisar";"javascript-string";"_a11ySemAreaAccordionEl > className";"src/plugin/modules/accessibility.js";"5111";"19";"_a11ySemAreaAccordionEl > className.l5111c18";"yes";"no";"not-reviewed";""
"hac.modules.accessibility.a11ysemareaaccordionel.setattribute.l5112c37.8823cecb";"txt.01a2d1b3df12";"__sem_area__";"";"revisar";"javascript-string";"_a11ySemAreaAccordionEl > setAttribute";"src/plugin/modules/accessibility.js";"5112";"38";"_a11ySemAreaAccordionEl > setAttribute.l5112c37";"yes";"no";"not-reviewed";""
"hac.modules.accessibility.a11ysemareaaccordionel.setattribute.l5113c44.250416f5";"txt.797e9f5516f2";"sem area";"";"revisar";"javascript-string";"_a11ySemAreaAccordionEl > setAttribute";"src/plugin/modules/accessibility.js";"5113";"45";"_a11ySemAreaAccordionEl > setAttribute.l5113c44";"yes";"no";"not-reviewed";""
"hac.modules.accessibility.a11ysemareaaccordionel.parts.l5114c18.a1a965c1";"txt.4211f56faea3";"${specs.length} especificaç${specs.length === 1 ? 'ão' : 'ões'}";"";"revisar";"javascript-template";"_a11ySemAreaAccordionEl > parts";"src/plugin/modules/accessibility.js";"5114";"19";"_a11ySemAreaAccordionEl > parts.l5114c18";"no";"no";"not-reviewed";""
"hac.modules.accessibility.a11ysemareaaccordionel.push.l5115c37.8779e644";"txt.d62a93c183fd";"${tabItemsCount} ${tabItemsCount === 1 ? 'item' : 'itens'} de ordem de tabulação";"";"revisar";"javascript-template";"_a11ySemAreaAccordionEl > push";"src/plugin/modules/accessibility.js";"5115";"38";"_a11ySemAreaAccordionEl > push.l5115c37";"no";"no";"not-reviewed";""
"hac.modules.accessibility.p.text.1.8e54ae02";"txt.eaf322d97b07";"Sem tela";"";"texto-interface";"html-text";"p";"src/plugin/modules/accessibility.js";"5123";"122";"p.text.1";"yes";"no";"not-reviewed";""
"hac.modules.accessibility.p.text.2.24f3acf4";"txt.0ced9b99f06f";"${parts.join(' · ')} sem tela associada";"";"texto-interface";"html-text";"p";"src/plugin/modules/accessibility.js";"5124";"104";"p.text.2";"no";"no";"not-reviewed";""
"hac.modules.accessibility.body.uid.text.115c137b";"txt.b6b0b5796f82";"0 ? _tabOrderSectionHtml(uid, null) : ''}";"";"texto-interface";"html-text";"body-${uid}";"src/plugin/modules/accessibility.js";"5130";"24";"body-${uid}.text";"yes";"no";"not-reviewed";""
"hac.modules.accessibility.rendera11ygroupedlist.showtoast.l5223c15.98b4730a";"txt.af2620e466bc";"As especificações de acessibilidade nascem dentro de uma tela selecionada.";"";"mensagem-sistema";"javascript-string";"renderA11yGroupedList > showToast";"src/plugin/modules/accessibility.js";"5223";"16";"renderA11yGroupedList > showToast.l5223c15";"yes";"no";"not-reviewed";""
"hac.modules.accessibility.rendera11ygroupedlist.emptystateblock.l5255c51.f236378e";"txt.3312ba0c5d2c";"a11y-empty-state-block";"";"texto-interface";"javascript-string";"renderA11yGroupedList > emptyStateBlock";"src/plugin/modules/accessibility.js";"5255";"52";"renderA11yGroupedList > emptyStateBlock.l5255c51";"yes";"no";"not-reviewed";""
"hac.modules.accessibility.p.text.1.83743636";"txt.df511a14ac8b";"Nenhuma tela selecionada";"";"texto-interface";"html-text";"p";"src/plugin/modules/accessibility.js";"5275";"94";"p.text.1";"yes";"no";"not-reviewed";""
"hac.modules.accessibility.p.text.2.f0006a1b";"txt.b298fa6319ba";"Selecione um frame no figma e clique no botão a seguir para iniciar as etapas de preenchimento do handoff.";"";"texto-interface";"html-text";"p";"src/plugin/modules/accessibility.js";"5276";"162";"p.text.2";"yes";"no";"not-reviewed";""
"hac.modules.accessibility.html.text.1.6a533c3f";"txt.26edd591c064";"Selecionar Tela";"";"texto-interface";"html-text";"html";"src/plugin/modules/accessibility.js";"5278";"70";"html.text.1";"yes";"no";"not-reviewed";""
"hac.modules.accessibility.rendera11ygroupedlist.currenttaborderitems.l5316c49.cf43ce3d";"txt.01a2d1b3df12";"__sem_area__";"";"revisar";"javascript-string";"renderA11yGroupedList > _currentTabOrderItems";"src/plugin/modules/accessibility.js";"5316";"50";"renderA11yGroupedList > _currentTabOrderItems.l5316c49";"yes";"no";"not-reviewed";""
"hac.modules.accessibility.rendera11ygroupedlist.rendertaborderlistforarea.l5321c34.d911f0aa";"txt.01a2d1b3df12";"__sem_area__";"";"revisar";"javascript-string";"renderA11yGroupedList > _renderTabOrderListForArea";"src/plugin/modules/accessibility.js";"5321";"35";"renderA11yGroupedList > _renderTabOrderListForArea.l5321c34";"yes";"no";"not-reviewed";""
"hac.modules.accessibility.seta11yprojectorigin.showtoast.l5406c15.9540a3b7";"txt.2f54cceef493";"Plataforma do projeto definida como ${origin === 'mobile' ? 'Mobile' : 'Web'}.";"";"mensagem-sistema";"javascript-template";"setA11yProjectOrigin > showToast";"src/plugin/modules/accessibility.js";"5406";"16";"setA11yProjectOrigin > showToast.l5406c15";"no";"no";"not-reviewed";""
"hac.modules.accessibility.a11y.lib.to.origin.l5426c30.ebbc7e41";"txt.78f934df514a";"web-angular-react";"";"vocabulario-dominio";"javascript-string";"A11Y_LIB_TO_ORIGIN";"src/plugin/modules/accessibility.js";"5426";"31";"A11Y_LIB_TO_ORIGIN.l5426c30";"yes";"no";"not-reviewed";""
"hac.modules.accessibility.a11y.lib.to.origin.l5426c51.d28cd865";"txt.ca84d1343b96";"web";"";"vocabulario-dominio";"javascript-string";"A11Y_LIB_TO_ORIGIN";"src/plugin/modules/accessibility.js";"5426";"52";"A11Y_LIB_TO_ORIGIN.l5426c51";"yes";"no";"not-reviewed";""
"hac.modules.accessibility.a11y.lib.to.origin.l5426c58.8decbf8f";"txt.a2bb494ed444";"super-dsc-web";"";"vocabulario-dominio";"javascript-string";"A11Y_LIB_TO_ORIGIN";"src/plugin/modules/accessibility.js";"5426";"59";"A11Y_LIB_TO_ORIGIN.l5426c58";"yes";"no";"not-reviewed";""
"hac.modules.accessibility.a11y.lib.to.origin.l5426c75.73547aea";"txt.ca84d1343b96";"web";"";"vocabulario-dominio";"javascript-string";"A11Y_LIB_TO_ORIGIN";"src/plugin/modules/accessibility.js";"5426";"76";"A11Y_LIB_TO_ORIGIN.l5426c75";"yes";"no";"not-reviewed";""
"hac.modules.accessibility.a11y.lib.to.origin.l5426c82.0ab92d48";"txt.7d1858205100";"super-app";"";"vocabulario-dominio";"javascript-string";"A11Y_LIB_TO_ORIGIN";"src/plugin/modules/accessibility.js";"5426";"83";"A11Y_LIB_TO_ORIGIN.l5426c82";"yes";"no";"not-reviewed";""
"hac.modules.accessibility.a11y.lib.to.origin.l5426c95.a253ffcd";"txt.83d6311e87d4";"mobile";"";"vocabulario-dominio";"javascript-string";"A11Y_LIB_TO_ORIGIN";"src/plugin/modules/accessibility.js";"5426";"96";"A11Y_LIB_TO_ORIGIN.l5426c95";"yes";"no";"not-reviewed";""
"hac.modules.accessibility.a11y.lib.labels.l5427c27.5f0c1b52";"txt.78f934df514a";"web-angular-react";"";"vocabulario-dominio";"javascript-string";"A11Y_LIB_LABELS";"src/plugin/modules/accessibility.js";"5427";"28";"A11Y_LIB_LABELS.l5427c27";"yes";"no";"not-reviewed";""
"hac.modules.accessibility.a11y.lib.labels.l5427c48.4f27b2b1";"txt.f6b8c99928b8";"DSC Web Angular & React";"";"vocabulario-dominio";"javascript-string";"A11Y_LIB_LABELS";"src/plugin/modules/accessibility.js";"5427";"49";"A11Y_LIB_LABELS.l5427c48";"yes";"no";"not-reviewed";""
"hac.modules.accessibility.a11y.lib.labels.l5427c75.4a1bfd69";"txt.a2bb494ed444";"super-dsc-web";"";"vocabulario-dominio";"javascript-string";"A11Y_LIB_LABELS";"src/plugin/modules/accessibility.js";"5427";"76";"A11Y_LIB_LABELS.l5427c75";"yes";"no";"not-reviewed";""
"hac.modules.accessibility.a11y.lib.labels.l5427c92.45876fea";"txt.88e1fa356c78";"Super DSC Web";"";"vocabulario-dominio";"javascript-string";"A11Y_LIB_LABELS";"src/plugin/modules/accessibility.js";"5427";"93";"A11Y_LIB_LABELS.l5427c92";"yes";"no";"not-reviewed";""
"hac.modules.accessibility.a11y.lib.labels.l5427c109.64a21fe9";"txt.7d1858205100";"super-app";"";"vocabulario-dominio";"javascript-string";"A11Y_LIB_LABELS";"src/plugin/modules/accessibility.js";"5427";"110";"A11Y_LIB_LABELS.l5427c109";"yes";"no";"not-reviewed";""
"hac.modules.accessibility.a11y.lib.labels.l5427c122.a54e8b5a";"txt.5d64152f69d7";"Super DSC Mobile";"";"vocabulario-dominio";"javascript-string";"A11Y_LIB_LABELS";"src/plugin/modules/accessibility.js";"5427";"123";"A11Y_LIB_LABELS.l5427c122";"yes";"no";"not-reviewed";""
"hac.modules.accessibility.a11y.lib.icons.l5428c26.aafac832";"txt.78f934df514a";"web-angular-react";"";"vocabulario-dominio";"javascript-string";"A11Y_LIB_ICONS";"src/plugin/modules/accessibility.js";"5428";"27";"A11Y_LIB_ICONS.l5428c26";"yes";"no";"not-reviewed";""
"hac.modules.accessibility.a11y.lib.icons.l5428c47.b936a4e3";"txt.9796809f7dae";"monitor";"";"vocabulario-dominio";"javascript-string";"A11Y_LIB_ICONS";"src/plugin/modules/accessibility.js";"5428";"48";"A11Y_LIB_ICONS.l5428c47";"yes";"no";"not-reviewed";""
"hac.modules.accessibility.a11y.lib.icons.l5428c58.26e195ec";"txt.a2bb494ed444";"super-dsc-web";"";"vocabulario-dominio";"javascript-string";"A11Y_LIB_ICONS";"src/plugin/modules/accessibility.js";"5428";"59";"A11Y_LIB_ICONS.l5428c58";"yes";"no";"not-reviewed";""
"hac.modules.accessibility.a11y.lib.icons.l5428c75.147ff8a2";"txt.9796809f7dae";"monitor";"";"vocabulario-dominio";"javascript-string";"A11Y_LIB_ICONS";"src/plugin/modules/accessibility.js";"5428";"76";"A11Y_LIB_ICONS.l5428c75";"yes";"no";"not-reviewed";""
"hac.modules.accessibility.a11y.lib.icons.l5428c86.ef319d25";"txt.7d1858205100";"super-app";"";"vocabulario-dominio";"javascript-string";"A11Y_LIB_ICONS";"src/plugin/modules/accessibility.js";"5428";"87";"A11Y_LIB_ICONS.l5428c86";"yes";"no";"not-reviewed";""
"hac.modules.accessibility.a11y.lib.icons.l5428c99.d824d01d";"txt.b520dff52041";"smartphone";"";"vocabulario-dominio";"javascript-string";"A11Y_LIB_ICONS";"src/plugin/modules/accessibility.js";"5428";"100";"A11Y_LIB_ICONS.l5428c99";"yes";"no";"not-reviewed";""
"hac.modules.accessibility.openhacpageinstructionmodal.onboardingel.l5547c48.9af4677b";"txt.58061c4d5d3e";"onboarding-modal";"";"texto-interface";"javascript-string";"_openHacPageInstructionModal > onboardingEl";"src/plugin/modules/accessibility.js";"5547";"49";"_openHacPageInstructionModal > onboardingEl.l5547c48";"yes";"no";"not-reviewed";""
"hac.modules.accessibility.openhacpageinstructionmodal.onboardingopen.l5548c77.fc919373";"txt.99d72c7fc3e2";"hidden";"";"texto-interface";"javascript-string";"_openHacPageInstructionModal > onboardingOpen";"src/plugin/modules/accessibility.js";"5548";"78";"_openHacPageInstructionModal > onboardingOpen.l5548c77";"yes";"no";"not-reviewed";""
"hac.modules.accessibility.openhacpageinstructionmodal.l5558c9.922ec2ee";"txt.9869a5a920e9";"Criamos a página do handoff e levamos você até ela. Agora copie e cole aqui as telas que serão documentadas.";"";"revisar";"javascript-string";"_openHacPageInstructionModal";"src/plugin/modules/accessibility.js";"5558";"10";"_openHacPageInstructionModal.l5558c9";"yes";"no";"not-reviewed";""
"hac.modules.accessibility.openhacpageinstructionmodal.l5559c9.fbd1148c";"txt.30431f040310";"Esta é a página do handoff. Copie e cole aqui as telas que serão documentadas.";"";"revisar";"javascript-string";"_openHacPageInstructionModal";"src/plugin/modules/accessibility.js";"5559";"10";"_openHacPageInstructionModal.l5559c9";"yes";"no";"not-reviewed";""
"hac.modules.accessibility.p.text.1.ec63e7e9";"txt.5411120453ca";"Não foi possível concluir a busca. Tente novamente.";"";"texto-interface";"html-text";"p";"src/plugin/modules/accessibility.js";"5614";"112";"p.text.1";"yes";"no";"not-reviewed";""
"hac.modules.accessibility.p.text.1.45a9a571";"txt.1dcbd3939edf";"Nenhum handoff de acessibilidade encontrado neste arquivo ainda.";"";"texto-interface";"html-text";"p";"src/plugin/modules/accessibility.js";"5624";"81";"p.text.1";"yes";"no";"not-reviewed";""
"hac.modules.accessibility.p.text.1.48509dc1";"txt.82277fce5d5f";"Não foi possível abrir ${failedPages.length} página${failedPages.length === 1 ? '' : 's'} durante a busca — o restante do arquivo foi verificado normalmente.";"";"texto-interface";"html-text";"p";"src/plugin/modules/accessibility.js";"5631";"123";"p.text.1";"no";"no";"not-reviewed";""
"hac.modules.accessibility.versiontext.l5636c37.27b2f5ec";"txt.b84a7db6d1e7";"rascunho";"";"texto-interface";"javascript-string";"versionText";"src/plugin/modules/accessibility.js";"5636";"38";"versionText.l5636c37";"yes";"no";"not-reviewed";""
"hac.modules.accessibility.versiontext.l5636c50.32174ac5";"txt.ca7e497eb773";"ainda em rascunho (não finalizado)";"";"texto-interface";"javascript-string";"versionText";"src/plugin/modules/accessibility.js";"5636";"51";"versionText.l5636c50";"yes";"no";"not-reviewed";""
"hac.modules.accessibility.versiontext.l5636c89.79eb3036";"txt.70c5936024d7";"versão ${version}";"";"texto-interface";"javascript-template";"versionText";"src/plugin/modules/accessibility.js";"5636";"90";"versionText.l5636c89";"no";"no";"not-reviewed";""
"hac.modules.accessibility.join.l5638c9.c2e7ac3e";"txt.ace9feacd883";"${s.timestamp} · ${s.designerName}";"";"revisar";"javascript-template";"join";"src/plugin/modules/accessibility.js";"5638";"10";"join.l5638c9";"no";"no";"not-reviewed";""
"hac.modules.accessibility.join.l5639c9.b89c4043";"txt.8a9b27ae5c9a";"Handoff sem data/autor identificáveis";"";"revisar";"javascript-string";"join";"src/plugin/modules/accessibility.js";"5639";"10";"join.l5639c9";"yes";"no";"not-reviewed";""
"hac.modules.accessibility.li.text.1.a81e2e20";"txt.66b044b226aa";"• ${escapeHtml(sc.name)}";"";"texto-interface";"html-text";"li";"src/plugin/modules/accessibility.js";"5642";"169";"li.text.1";"no";"no";"not-reviewed";""
"hac.modules.accessibility.html.text.1.5deb7166";"txt.8c669807335d";"`).join('')}";"";"texto-interface";"html-text";"html";"src/plugin/modules/accessibility.js";"5642";"198";"html.text.1";"yes";"no";"not-reviewed";""
"hac.modules.accessibility.span.text.1.0b085fbd";"txt.e0367a1a9074";"Seu handoff";"";"texto-interface";"html-text";"span";"src/plugin/modules/accessibility.js";"5653";"104";"span.text.1";"yes";"no";"not-reviewed";""
"hac.modules.accessibility.span.text.1.64d17d70";"txt.b791376405ee";"Handoff de outro designer";"";"texto-interface";"html-text";"span";"src/plugin/modules/accessibility.js";"5654";"106";"span.text.1";"yes";"no";"not-reviewed";""
"hac.modules.accessibility.p.text.1.86531bb5";"txt.284ec4146af7";"Seu trabalho continuará em uma Section própria — este handoff não será editado por você.";"";"texto-interface";"html-text";"p";"src/plugin/modules/accessibility.js";"5656";"131";"p.text.1";"yes";"no";"not-reviewed";""
"hac.modules.accessibility.p.text.1.75185a56";"txt.286cc5c137cb";"${screenCount} tela${screenCount === 1 ? '' : 's'} · ${versionText}";"";"texto-interface";"html-text";"p";"src/plugin/modules/accessibility.js";"5664";"115";"p.text.1";"no";"no";"not-reviewed";""
"hac.modules.accessibility.p.text.2.376d13ca";"txt.0929ce84c8bc";"Página: ${escapeHtml(s.pageName || '—')}";"";"texto-interface";"html-text";"p";"src/plugin/modules/accessibility.js";"5665";"127";"p.text.2";"no";"no";"not-reviewed";""
"hac.modules.accessibility.html.text.1.b42beaec";"txt.a467101b880c";"${screensList}\n${otherDesignerNote}";"";"texto-interface";"html-text";"html";"src/plugin/modules/accessibility.js";"5665";"171";"html.text.1";"no";"no";"not-reviewed";""
"hac.modules.accessibility.html.text.2.4ca23c3d";"txt.988836acfc62";"${s.sectionId ? `";"";"texto-interface";"html-text";"html";"src/plugin/modules/accessibility.js";"5669";"15";"html.text.2";"no";"no";"not-reviewed";""
"hac.modules.accessibility.button.text.1.bb1f23b4";"txt.44dbf667bd9e";"Ver no canvas";"";"texto-interface";"html-text";"button";"src/plugin/modules/accessibility.js";"5670";"212";"button.text.1";"yes";"no";"not-reviewed";""
"hac.modules.accessibility.applya11yheaderorigintitle.l5793c47.5e67f262";"txt.1404b10413db";"Acessibilidade · Mobile";"";"revisar";"javascript-string";"_applyA11yHeaderOriginTitle";"src/plugin/modules/accessibility.js";"5793";"48";"_applyA11yHeaderOriginTitle.l5793c47";"yes";"no";"not-reviewed";""
"hac.modules.accessibility.applya11yheaderorigintitle.l5794c26.819e20c7";"txt.71570950c046";"Acessibilidade · Web";"";"revisar";"javascript-string";"_applyA11yHeaderOriginTitle";"src/plugin/modules/accessibility.js";"5794";"27";"_applyA11yHeaderOriginTitle.l5794c26";"yes";"no";"not-reviewed";""
"hac.modules.accessibility.applya11yheaderorigintitle.l5795c7.7e1c0927";"txt.2319af1437e6";"Acessibilidade";"";"revisar";"javascript-string";"_applyA11yHeaderOriginTitle";"src/plugin/modules/accessibility.js";"5795";"8";"_applyA11yHeaderOriginTitle.l5795c7";"yes";"no";"not-reviewed";""
"hac.modules.accessibility.confirmbacktohome.opena11yconfirmmodal.l5933c12.5b49f339";"txt.c3b6e96ae21a";"Deseja trocar de plataforma?";"";"texto-interface";"javascript-string";"confirmBackToHome > openA11yConfirmModal";"src/plugin/modules/accessibility.js";"5933";"13";"confirmBackToHome > openA11yConfirmModal.l5933c12";"yes";"no";"not-reviewed";""
"hac.modules.accessibility.confirmbacktohome.opena11yconfirmmodal.l5934c11.30f882ec";"txt.b343eecba82d";"Voltar para a página inicial abre novamente a escolha entre Web e Mobile. O trabalho já documentado neste arquivo é mantido.";"";"texto-interface";"javascript-string";"confirmBackToHome > openA11yConfirmModal";"src/plugin/modules/accessibility.js";"5934";"12";"confirmBackToHome > openA11yConfirmModal.l5934c11";"yes";"no";"not-reviewed";""
"hac.modules.accessibility.confirmbacktohome.opena11yconfirmmodal.l5935c19.e8de273f";"txt.8583c141f6ff";"Trocar plataforma";"";"texto-interface";"javascript-string";"confirmBackToHome > openA11yConfirmModal";"src/plugin/modules/accessibility.js";"5935";"20";"confirmBackToHome > openA11yConfirmModal.l5935c19";"yes";"no";"not-reviewed";""
"hac.modules.accessibility.confirmbacktohome.opena11yconfirmmodal.l5936c18.88c631fc";"txt.62b1466cf22e";"Cancelar";"";"texto-interface";"javascript-string";"confirmBackToHome > openA11yConfirmModal";"src/plugin/modules/accessibility.js";"5936";"19";"confirmBackToHome > openA11yConfirmModal.l5936c18";"yes";"no";"not-reviewed";""
"hac.modules.accessibility.opena11yconfirmmodal.l5939c31.4ba1e085";"txt.c218e39efa2e";"function";"";"texto-interface";"javascript-string";"openA11yConfirmModal";"src/plugin/modules/accessibility.js";"5939";"32";"openA11yConfirmModal.l5939c31";"yes";"no";"not-reviewed";""
"hac.modules.accessibility.opena11yconfirmmodal.l5939c52.079d9314";"txt.c474d42d9838";"view-home";"";"texto-interface";"javascript-string";"openA11yConfirmModal";"src/plugin/modules/accessibility.js";"5939";"53";"openA11yConfirmModal.l5939c52";"yes";"no";"not-reviewed";""
"hac.modules.accessibility.opena11yconfirmmodal.title.l5957c49.26f30b34";"txt.edc840d427be";"Confirmar ação";"";"texto-interface";"javascript-string";"openA11yConfirmModal > title";"src/plugin/modules/accessibility.js";"5957";"50";"openA11yConfirmModal > title.l5957c49";"yes";"no";"not-reviewed";""
"hac.modules.accessibility.opena11yconfirmmodal.confirmlabel.l5959c62.0ab87c52";"txt.4f0e5eb69067";"Confirmar";"";"revisar";"javascript-string";"openA11yConfirmModal > confirmLabel";"src/plugin/modules/accessibility.js";"5959";"63";"openA11yConfirmModal > confirmLabel.l5959c62";"yes";"no";"not-reviewed";""
"hac.modules.accessibility.opena11yconfirmmodal.cancellabel.l5960c59.32f77b8e";"txt.62b1466cf22e";"Cancelar";"";"revisar";"javascript-string";"openA11yConfirmModal > cancelLabel";"src/plugin/modules/accessibility.js";"5960";"60";"openA11yConfirmModal > cancelLabel.l5960c59";"yes";"no";"not-reviewed";""
"hac.modules.accessibility.openabouthacmodal.originlabelel.l5994c49.3d113cbb";"txt.7e0963c6c45b";"about-hac-project-origin";"";"texto-interface";"javascript-string";"openAboutHacModal > originLabelEl";"src/plugin/modules/accessibility.js";"5994";"50";"openAboutHacModal > originLabelEl.l5994c49";"yes";"no";"not-reviewed";""
"hac.modules.accessibility.openabouthacmodal.l5997c55.639dcaec";"txt.83d6311e87d4";"Mobile";"";"revisar";"javascript-string";"openAboutHacModal";"src/plugin/modules/accessibility.js";"5997";"56";"openAboutHacModal.l5997c55";"yes";"no";"not-reviewed";""
"hac.modules.accessibility.openabouthacmodal.l5997c85.933cd5c0";"txt.ca84d1343b96";"Web";"";"revisar";"javascript-string";"openAboutHacModal";"src/plugin/modules/accessibility.js";"5997";"86";"openAboutHacModal.l5997c85";"yes";"no";"not-reviewed";""
"hac.modules.accessibility.openabouthacmodal.l5997c93.f5b0ec54";"txt.856c51d1dd95";"Não definida";"";"revisar";"javascript-string";"openAboutHacModal";"src/plugin/modules/accessibility.js";"5997";"94";"openAboutHacModal.l5997c93";"yes";"no";"not-reviewed";""
"hac.modules.accessibility.extractdesignername.extractdesignername.l6020c57.f30e7a31";"txt.15cb09b2fe19";"outro designer";"";"revisar";"javascript-string";"extractDesignerName > extractDesignerName";"src/plugin/modules/accessibility.js";"6020";"58";"extractDesignerName > extractDesignerName.l6020c57";"yes";"no";"not-reviewed";""
"hac.modules.accessibility.p.text.1.eed9961c";"txt.87694aa313ef";"Seu trabalho fica isolado numa Section própria. Nada do que você fizer sobrescreve o handoff já existente. Combine com a equipe se o objetivo é complementar a mesma documentação.";"";"texto-interface";"html-text";"p";"src/plugin/modules/accessibility.js";"6034";"116";"p.text.1";"yes";"no";"not-reviewed";""
"hac.modules.accessibility.rendera11ypriorsessionalert.versiontext.l6072c35.0b728d06";"txt.b84a7db6d1e7";"rascunho";"";"texto-interface";"javascript-string";"renderA11yPriorSessionAlert > versionText";"src/plugin/modules/accessibility.js";"6072";"36";"renderA11yPriorSessionAlert > versionText.l6072c35";"yes";"no";"not-reviewed";""
"hac.modules.accessibility.rendera11ypriorsessionalert.versiontext.l6072c48.a1b18785";"txt.ca7e497eb773";"ainda em rascunho (não finalizado)";"";"texto-interface";"javascript-string";"renderA11yPriorSessionAlert > versionText";"src/plugin/modules/accessibility.js";"6072";"49";"renderA11yPriorSessionAlert > versionText.l6072c48";"yes";"no";"not-reviewed";""
"hac.modules.accessibility.rendera11ypriorsessionalert.versiontext.l6072c87.a54705fa";"txt.70c5936024d7";"versão ${version}";"";"texto-interface";"javascript-template";"renderA11yPriorSessionAlert > versionText";"src/plugin/modules/accessibility.js";"6072";"88";"renderA11yPriorSessionAlert > versionText.l6072c87";"no";"no";"not-reviewed";""
"hac.modules.accessibility.rendera11ypriorsessionalert.whenby.l6078c7.1cc5771d";"txt.28bf1db373aa";"Handoff iniciado em ${timestamp} por ${designerName}";"";"revisar";"javascript-template";"renderA11yPriorSessionAlert > whenBy";"src/plugin/modules/accessibility.js";"6078";"8";"renderA11yPriorSessionAlert > whenBy.l6078c7";"no";"no";"not-reviewed";""
"hac.modules.accessibility.rendera11ypriorsessionalert.whenby.l6079c7.6140fbc5";"txt.e9e65e7a6937";"Handoff já iniciado neste arquivo";"";"revisar";"javascript-string";"renderA11yPriorSessionAlert > whenBy";"src/plugin/modules/accessibility.js";"6079";"8";"renderA11yPriorSessionAlert > whenBy.l6079c7";"yes";"no";"not-reviewed";""
"hac.modules.accessibility.p.text.1.689e7afe";"txt.7255e6b7154b";"${areaCount} tela${areaCount === 1 ? '' : 's'}, ${versionText}.";"";"texto-interface";"html-text";"p";"src/plugin/modules/accessibility.js";"6085";"129";"p.text.1";"no";"no";"not-reviewed";""
"hac.modules.accessibility.html.text.1.534ce80a";"txt.039542a9d470";"${sectionId ? `";"";"texto-interface";"html-text";"html";"src/plugin/modules/accessibility.js";"6085";"196";"html.text.1";"no";"no";"not-reviewed";""
"hac.modules.accessibility.button.text.1.be69b482";"txt.44dbf667bd9e";"Ver no canvas";"";"texto-interface";"html-text";"button";"src/plugin/modules/accessibility.js";"6086";"214";"button.text.1";"yes";"no";"not-reviewed";""
"hac.modules.accessibility.button.2.title.628b2957";"txt.c235c76b5ba9";"Dispensar";"";"texto-interface";"html-attribute:title";"button.2";"src/plugin/modules/accessibility.js";"6088";"110";"button.2.title";"yes";"no";"not-reviewed";""
"hac.modules.accessibility.button.2.aria.label.649159e0";"txt.c235c76b5ba9";"Dispensar";"";"acessibilidade";"html-attribute:aria-label";"button.2";"src/plugin/modules/accessibility.js";"6088";"133";"button.2.aria-label";"yes";"no";"not-reviewed";""
"hac.modules.accessibility.starta11ymappingfromleitortab.showtoast.l6116c15.e787f0f1";"txt.4fc25daaaec8";"Não foi possível localizar a tela.";"";"mensagem-sistema";"javascript-string";"_startA11yMappingFromLeitorTab > showToast";"src/plugin/modules/accessibility.js";"6116";"16";"_startA11yMappingFromLeitorTab > showToast.l6116c15";"yes";"no";"not-reviewed";""
"hac.modules.accessibility.loadingtext.l6135c49.a1d6aac7";"txt.bb59cd7d4842";"a11y-post-area-loading-text";"";"texto-interface";"javascript-string";"loadingText";"src/plugin/modules/accessibility.js";"6135";"50";"loadingText.l6135c49";"yes";"no";"not-reviewed";""
"hac.modules.accessibility.opena11ypostareadetectmodal.ensurea11yprojectoriginthen..5111ae6f";"txt.b4536f71c510";"Detectando componentes…";"";"texto-interface";"javascript-string";"openA11yPostAreaDetectModal > ensureA11yProjectOriginThen";"src/plugin/modules/accessibility.js";"6136";"49";"openA11yPostAreaDetectModal > ensureA11yProjectOriginThen.l6136c48";"yes";"no";"not-reviewed";""
"hac.modules.accessibility.showa11ycanvasloading.loadingtext.l6201c47.2615a4b0";"txt.bb59cd7d4842";"a11y-post-area-loading-text";"";"texto-interface";"javascript-string";"showA11yCanvasLoading > loadingText";"src/plugin/modules/accessibility.js";"6201";"48";"showA11yCanvasLoading > loadingText.l6201c47";"yes";"no";"not-reviewed";""
"hac.modules.accessibility.showa11ycanvasloading.l6202c54.19492880";"txt.9137e1973acc";"Processando…";"";"revisar";"javascript-string";"showA11yCanvasLoading";"src/plugin/modules/accessibility.js";"6202";"55";"showA11yCanvasLoading.l6202c54";"yes";"no";"not-reviewed";""
"hac.modules.accessibility.showa11ywizardsavingindicator.showa11ycanvasloading.l622.28f868dc";"txt.053dc9a4a52e";"Salvando especificação…";"";"revisar";"javascript-string";"showA11yWizardSavingIndicator > showA11yCanvasLoading";"src/plugin/modules/accessibility.js";"6222";"26";"showA11yWizardSavingIndicator > showA11yCanvasLoading.l6222c25";"yes";"no";"not-reviewed";""
"hac.modules.accessibility.resolvea11yformpresetfromitem.a11yorigin.l6370c38.29fb8491";"txt.ca84d1343b96";"web";"";"vocabulario-dominio";"javascript-string";"_resolveA11yFormPresetFromItem > a11yOrigin";"src/plugin/modules/accessibility.js";"6370";"39";"_resolveA11yFormPresetFromItem > a11yOrigin.l6370c38";"yes";"no";"not-reviewed";""
"hac.modules.accessibility.opena11yformfromundocumented.token.l6410c17.f6aaf565";"txt.f1c08e6a9d91";"a11y-lib-check-";"";"revisar";"javascript-string";"openA11yFormFromUndocumented > token";"src/plugin/modules/accessibility.js";"6410";"18";"openA11yFormFromUndocumented > token.l6410c17";"yes";"no";"not-reviewed";""
"hac.modules.accessibility.handlea11ypostareadetectionresult.showtoast.l6471c15.eaa4a1d8";"txt.a04cc253d578";"Tela reescaneada.";"";"mensagem-sistema";"javascript-string";"handleA11yPostAreaDetectionResult > showToast";"src/plugin/modules/accessibility.js";"6471";"16";"handleA11yPostAreaDetectionResult > showToast.l6471c15";"yes";"no";"not-reviewed";""
"hac.modules.accessibility.handlea11ypostareadetectionresult.showtoast.l6525c15.120822a4";"txt.19a7050a99b1";"Nenhum componente do DSC reconhecido nessa tela. Anote manualmente.";"";"mensagem-sistema";"javascript-string";"handleA11yPostAreaDetectionResult > showToast";"src/plugin/modules/accessibility.js";"6525";"16";"handleA11yPostAreaDetectionResult > showToast.l6525c15";"yes";"no";"not-reviewed";""
"hac.modules.accessibility.rescana11ybatcharea.showtoast.l6604c15.d4df7fa1";"txt.71863bb39e12";"Não foi possível identificar a tela para reescanear. Selecione novamente.";"";"mensagem-sistema";"javascript-string";"rescanA11yBatchArea > showToast";"src/plugin/modules/accessibility.js";"6604";"16";"rescanA11yBatchArea > showToast.l6604c15";"yes";"no";"not-reviewed";""
"hac.modules.accessibility.loadingtext.l6621c49.d3154f1b";"txt.bb59cd7d4842";"a11y-post-area-loading-text";"";"texto-interface";"javascript-string";"loadingText";"src/plugin/modules/accessibility.js";"6621";"50";"loadingText.l6621c49";"yes";"no";"not-reviewed";""
"hac.modules.accessibility.rescana11ybatcharea.textcontent.l6622c48.468c5639";"txt.b4536f71c510";"Detectando componentes…";"";"texto-interface";"javascript-string";"rescanA11yBatchArea > textContent";"src/plugin/modules/accessibility.js";"6622";"49";"rescanA11yBatchArea > textContent.l6622c48";"yes";"no";"not-reviewed";""
"hac.modules.accessibility.opena11ybatchsummarymodal.showtoast.l6660c15.28d701c2";"txt.10d672ccca84";"Selecione uma tela antes de gerar o handoff automatizado.";"";"mensagem-sistema";"javascript-string";"openA11yBatchSummaryModal > showToast";"src/plugin/modules/accessibility.js";"6660";"16";"openA11yBatchSummaryModal > showToast.l6660c15";"yes";"no";"not-reviewed";""
"hac.modules.accessibility.opena11ybatchsummarymodal.textcontent.l6702c31.045813d6";"txt.e95869391197";"Componentes detectados (${groupList.length} grupo${groupList.length === 1 ? '' : 's'}, ${totalItems} ${totalItems === 1 ? 'item' : 'itens'})";"";"texto-interface";"javascript-template";"openA11yBatchSummaryModal > textContent";"src/plugin/modules/accessibility.js";"6702";"32";"openA11yBatchSummaryModal > textContent.l6702c31";"no";"no";"not-reviewed";""
"hac.modules.accessibility.opena11ybatchsummarymodal.groupscontent.l6704c53.9e298316";"txt.fcabb0d7dafe";".accordion-content";"";"texto-interface";"javascript-string";"openA11yBatchSummaryModal > groupsContent";"src/plugin/modules/accessibility.js";"6704";"54";"openA11yBatchSummaryModal > groupsContent.l6704c53";"yes";"no";"not-reviewed";""
"hac.modules.accessibility.opena11ybatchsummarymodal.transform.l6708c56.2d4c0f67";"txt.595c37b5a24b";"rotate(0deg)";"";"revisar";"javascript-string";"openA11yBatchSummaryModal > transform";"src/plugin/modules/accessibility.js";"6708";"57";"openA11yBatchSummaryModal > transform.l6708c56";"yes";"no";"not-reviewed";""
"hac.modules.accessibility.label.l6715c11.5821ff05";"txt.a4d273c0bcb5";"Outro (${_cleanDscContainingFrameName(g.containingFrame)})";"";"texto-interface";"javascript-template";"label";"src/plugin/modules/accessibility.js";"6715";"12";"label.l6715c11";"no";"no";"not-reviewed";""
"hac.modules.accessibility.label.l6716c27.ddcf96dd";"txt.df57e359e957";"estrutura";"";"texto-interface";"javascript-string";"label";"src/plugin/modules/accessibility.js";"6716";"28";"label.l6716c27";"yes";"no";"not-reviewed";""
"hac.modules.accessibility.label.l6716c41.2d30808e";"txt.3796c80fe412";"Estrutura da Página (${_cleanDscContainingFrameName(g.containingFrame)})";"";"texto-interface";"javascript-template";"label";"src/plugin/modules/accessibility.js";"6716";"42";"label.l6716c41";"no";"no";"not-reviewed";""
"hac.modules.accessibility.option.text.1.8f0809db";"txt.00b982f1d118";"${escapeHtml(String(a.number))} ${escapeHtml(a.label)}";"";"texto-interface";"html-text";"option";"src/plugin/modules/accessibility.js";"6735";"86";"option.text.1";"no";"no";"not-reviewed";""
"hac.modules.accessibility.opena11ybatchsummarymodal.textcontent.l6755c30.b32cdd3b";"txt.312b054b1d58";"Iniciar Revisão (${detections.length} ${detections.length === 1 ? 'item' : 'itens'})";"";"texto-interface";"javascript-template";"openA11yBatchSummaryModal > textContent";"src/plugin/modules/accessibility.js";"6755";"31";"openA11yBatchSummaryModal > textContent.l6755c30";"no";"no";"not-reviewed";""
"hac.modules.accessibility.opena11ybatchsummarymodal.textcontent.l6766c35.56b1df5a";"txt.be61b22329be";"${skippedCount} ${skippedCount === 1 ? 'item' : 'itens'} não ${skippedCount === 1 ? 'entra' : 'entram'} nesta revisão.";"";"texto-interface";"javascript-template";"openA11yBatchSummaryModal > textContent";"src/plugin/modules/accessibility.js";"6766";"36";"openA11yBatchSummaryModal > textContent.l6766c35";"no";"no";"not-reviewed";""
"hac.modules.accessibility.opena11ybatchsummarymodal.textcontent.l6785c60.758df030";"txt.3d6f820f2963";"Possíveis títulos sem token DSC (${tokenReviewCandidates.length})";"";"texto-interface";"javascript-template";"openA11yBatchSummaryModal > textContent";"src/plugin/modules/accessibility.js";"6785";"61";"openA11yBatchSummaryModal > textContent.l6785c60";"no";"no";"not-reviewed";""
"hac.modules.accessibility.tokenreviewcontent.l6789c65.d5dc0eba";"txt.fcabb0d7dafe";".accordion-content";"";"texto-interface";"javascript-string";"tokenReviewContent";"src/plugin/modules/accessibility.js";"6789";"66";"tokenReviewContent.l6789c65";"yes";"no";"not-reviewed";""
"hac.modules.accessibility.opena11ybatchsummarymodal.transform.l6793c68.a475fc16";"txt.595c37b5a24b";"rotate(0deg)";"";"revisar";"javascript-string";"openA11yBatchSummaryModal > transform";"src/plugin/modules/accessibility.js";"6793";"69";"openA11yBatchSummaryModal > transform.l6793c68";"yes";"no";"not-reviewed";""
"hac.modules.accessibility.button.1.title.52918204";"txt.08f002c56c5f";"Focar no canvas";"";"texto-interface";"html-attribute:title";"button.1";"src/plugin/modules/accessibility.js";"6798";"78";"button.1.title";"yes";"no";"not-reviewed";""
"hac.modules.accessibility.button.1.aria.label.0f6b2cff";"txt.08f002c56c5f";"Focar no canvas";"";"acessibilidade";"html-attribute:aria-label";"button.1";"src/plugin/modules/accessibility.js";"6798";"107";"button.1.aria-label";"yes";"no";"not-reviewed";""
"hac.modules.accessibility.starta11ybatchwizard.showtoast.l6956c15.d679637e";"txt.2fbd106d9402";"Selecione a tela de destino.";"";"mensagem-sistema";"javascript-string";"startA11yBatchWizard > showToast";"src/plugin/modules/accessibility.js";"6956";"16";"startA11yBatchWizard > showToast.l6956c15";"yes";"no";"not-reviewed";""
"hac.modules.accessibility.starta11ybatchwizard.showa11ycanvasloading.l7007c76.7e770fff";"txt.ea159cba06ca";"Preparando a réplica de trabalho…";"";"revisar";"javascript-string";"startA11yBatchWizard > showA11yCanvasLoading";"src/plugin/modules/accessibility.js";"7007";"77";"startA11yBatchWizard > showA11yCanvasLoading.l7007c76";"yes";"no";"not-reviewed";""
"hac.modules.accessibility.advancea11ybatchwizard.showtoast.l7055c17.8839a9dc";"txt.6a7de5459497";"${confirmedCount} especifica${confirmedCount === 1 ? 'ção criada' : 'ções criadas'}.";"";"mensagem-sistema";"javascript-template";"_advanceA11yBatchWizard > showToast";"src/plugin/modules/accessibility.js";"7055";"18";"_advanceA11yBatchWizard > showToast.l7055c17";"no";"no";"not-reviewed";""
"hac.modules.accessibility.advancea11ybatchwizard.showtoast.l7057c17.aad27aef";"txt.187f4eab64a2";"Revisão concluída: ${discardedCount} ${discardedCount === 1 ? 'item' : 'itens'} descartado${discardedCount === 1 ? '' : 's'}, nenhuma especificação criada.";"";"mensagem-sistema";"javascript-template";"_advanceA11yBatchWizard > showToast";"src/plugin/modules/accessibility.js";"7057";"18";"_advanceA11yBatchWizard > showToast.l7057c17";"no";"no";"not-reviewed";""
"hac.modules.accessibility.advancea11ybatchwizard.showtoast.l7059c17.f1ed28bc";"txt.0aac6bf95cc8";"${confirmedCount} especifica${confirmedCount === 1 ? 'ção criada' : 'ções criadas'}, ${discardedCount} descartado${discardedCount === 1 ? '' : 's'}.";"";"mensagem-sistema";"javascript-template";"_advanceA11yBatchWizard > showToast";"src/plugin/modules/accessibility.js";"7059";"18";"_advanceA11yBatchWizard > showToast.l7059c17";"no";"no";"not-reviewed";""
"hac.modules.accessibility.applya11ywizardmodalui.statussuffix.l7136c40.3959cb5a";"txt.e3f293bf0a7a";"— Documentado";"";"texto-interface";"javascript-string";"_applyA11yWizardModalUi > statusSuffix";"src/plugin/modules/accessibility.js";"7136";"41";"_applyA11yWizardModalUi > statusSuffix.l7136c40";"yes";"no";"not-reviewed";""
"hac.modules.accessibility.applya11ywizardmodalui.statussuffix.l7136c73.ad3fc10e";"txt.e5901c8aa859";"— Descartado";"";"texto-interface";"javascript-string";"_applyA11yWizardModalUi > statusSuffix";"src/plugin/modules/accessibility.js";"7136";"74";"_applyA11yWizardModalUi > statusSuffix.l7136c73";"yes";"no";"not-reviewed";""
"hac.modules.accessibility.applya11ywizardmodalui.textcontent.l7137c28.e802237e";"txt.e7e13217457e";"Item ${state.currentIndex + 1} de ${state.queue.length}${statusSuffix}";"";"texto-interface";"javascript-template";"_applyA11yWizardModalUi > textContent";"src/plugin/modules/accessibility.js";"7137";"29";"_applyA11yWizardModalUi > textContent.l7137c28";"no";"no";"not-reviewed";""
"hac.modules.accessibility.applya11ywizardmodalui.toggle.l7140c31.521f52c3";"txt.1c6416158d9b";"dark:text-emerald-400";"";"revisar";"javascript-string";"_applyA11yWizardModalUi > toggle";"src/plugin/modules/accessibility.js";"7140";"32";"_applyA11yWizardModalUi > toggle.l7140c31";"yes";"no";"not-reviewed";""
"hac.modules.accessibility.applya11ywizardmodalui.l7148c44.000773f9";"txt.bf0fc6d30261";"Documentado";"";"revisar";"javascript-string";"_applyA11yWizardModalUi";"src/plugin/modules/accessibility.js";"7148";"45";"_applyA11yWizardModalUi.l7148c44";"yes";"no";"not-reviewed";""
"hac.modules.accessibility.applya11ywizardmodalui.l7148c60.4b7c44ff";"txt.1ce04f516b65";"Aplicar";"";"revisar";"javascript-string";"_applyA11yWizardModalUi";"src/plugin/modules/accessibility.js";"7148";"61";"_applyA11yWizardModalUi.l7148c60";"yes";"no";"not-reviewed";""
"hac.modules.accessibility.rendera11ywizardpaginator.totallabel.l7203c46.d7665c37";"txt.3c85fc1837c6";"a11y-wizard-index-total";"";"texto-interface";"javascript-string";"_renderA11yWizardPaginator > totalLabel";"src/plugin/modules/accessibility.js";"7203";"47";"_renderA11yWizardPaginator > totalLabel.l7203c46";"yes";"no";"not-reviewed";""
"hac.modules.accessibility.rendera11ywizardpaginator.textcontent.l7204c44.879d666c";"txt.d712d7346321";"de ${total}";"";"texto-interface";"javascript-template";"_renderA11yWizardPaginator > textContent";"src/plugin/modules/accessibility.js";"7204";"45";"_renderA11yWizardPaginator > textContent.l7204c44";"no";"no";"not-reviewed";""
"hac.modules.accessibility.stopa11ybatchwizard.message.l7288c9.966d85b5";"txt.7fd457b3db86";"Revisão interrompida: ${confirmedCount} especifica${confirmedCount === 1 ? 'ção criada' : 'ções criadas'}, ${remaining} ${remaining === 1 ? 'item' : 'itens'} de volta pra ""Não Documentados"".";"";"texto-interface";"javascript-template";"stopA11yBatchWizard > message";"src/plugin/modules/accessibility.js";"7288";"10";"stopA11yBatchWizard > message.l7288c9";"no";"no";"not-reviewed";""
"hac.modules.accessibility.stopa11ybatchwizard.message.l7289c9.12ec92dd";"txt.9e8758b1eff3";"Revisão interrompida: ${remaining} ${remaining === 1 ? 'item' : 'itens'} continua${remaining === 1 ? '' : 'm'} em ""Não Documentados"".";"";"texto-interface";"javascript-template";"stopA11yBatchWizard > message";"src/plugin/modules/accessibility.js";"7289";"10";"stopA11yBatchWizard > message.l7289c9";"no";"no";"not-reviewed";""
"hac.modules.accessibility.stopa11ybatchwizard.showsnackbar.l7291c20.d7c165db";"txt.b07b75d832eb";"Continuar revisão";"";"revisar";"javascript-string";"stopA11yBatchWizard > showSnackbar";"src/plugin/modules/accessibility.js";"7291";"21";"stopA11yBatchWizard > showSnackbar.l7291c20";"yes";"no";"not-reviewed";""
"hac.modules.accessibility.stopa11ybatchwizard.showtoast.l7297c15.c9de65fe";"txt.7fd457b3db86";"Revisão interrompida: ${confirmedCount} especifica${confirmedCount === 1 ? 'ção criada' : 'ções criadas'}, ${remaining} ${remaining === 1 ? 'item' : 'itens'} de volta pra ""Não Documentados"".";"";"mensagem-sistema";"javascript-template";"stopA11yBatchWizard > showToast";"src/plugin/modules/accessibility.js";"7297";"16";"stopA11yBatchWizard > showToast.l7297c15";"no";"no";"not-reviewed";""
"hac.modules.accessibility.stopa11ybatchwizard.showtoast.l7299c15.d6640626";"txt.9e8758b1eff3";"Revisão interrompida: ${remaining} ${remaining === 1 ? 'item' : 'itens'} continua${remaining === 1 ? '' : 'm'} em ""Não Documentados"".";"";"mensagem-sistema";"javascript-template";"stopA11yBatchWizard > showToast";"src/plugin/modules/accessibility.js";"7299";"16";"stopA11yBatchWizard > showToast.l7299c15";"no";"no";"not-reviewed";""
"hac.modules.accessibility.resumea11ybatchwizardforarea.showtoast.l7314c15.faf61100";"txt.1f005422ec3d";"Não foi possível localizar a tela para retomar. Reescaneie manualmente.";"";"mensagem-sistema";"javascript-string";"_resumeA11yBatchWizardForArea > showToast";"src/plugin/modules/accessibility.js";"7314";"16";"_resumeA11yBatchWizardForArea > showToast.l7314c15";"yes";"no";"not-reviewed";""
"hac.modules.accessibility.deletealla11yspecsforarea.showtoast.l7374c13.f4b2bd06";"txt.3cebd82dfed2";"Especificações de Leitor de Tela removidas.";"";"mensagem-sistema";"javascript-string";"deleteAllA11ySpecsForArea > showToast";"src/plugin/modules/accessibility.js";"7374";"14";"deleteAllA11ySpecsForArea > showToast.l7374c13";"yes";"no";"not-reviewed";""
"hac.modules.accessibility.togglea11yspeclock.showtoast.l7442c7.7a9617ad";"txt.15ff7df00fa6";"Especificação travada novamente.";"";"mensagem-sistema";"javascript-string";"toggleA11ySpecLock > showToast";"src/plugin/modules/accessibility.js";"7442";"8";"toggleA11ySpecLock > showToast.l7442c7";"yes";"no";"not-reviewed";""
"hac.modules.accessibility.togglea11yspeclock.showtoast.l7443c7.e14d96d8";"txt.e4a2890befdd";"Especificação destravada. Edite com cuidado e trave novamente ao concluir.";"";"mensagem-sistema";"javascript-string";"toggleA11ySpecLock > showToast";"src/plugin/modules/accessibility.js";"7443";"8";"toggleA11ySpecLock > showToast.l7443c7";"yes";"no";"not-reviewed";""
"hac.modules.accessibility.edita11yspec.showtoast.l7458c15.256ac9a2";"txt.dd633aa50f70";"Esta categoria foi descontinuada. Remova a especificação e crie-a de novo em outra categoria.";"";"mensagem-sistema";"javascript-string";"editA11ySpec > showToast";"src/plugin/modules/accessibility.js";"7458";"16";"editA11ySpec > showToast.l7458c15";"yes";"no";"not-reviewed";""
"hac.modules.accessibility.edita11yspec.textcontent.l7482c44.964c1ee9";"txt.4a40c34875ed";"Salvar";"";"texto-interface";"javascript-string";"editA11ySpec > textContent";"src/plugin/modules/accessibility.js";"7482";"45";"editA11ySpec > textContent.l7482c44";"yes";"no";"not-reviewed";""
"hac.modules.accessibility.restorea11ywebcomponenteselection.value.l7510c20.a37bc6e0";"txt.134cd863bd84";"Personalizado";"";"revisar";"javascript-string";"_restoreA11yWebComponenteSelection > value";"src/plugin/modules/accessibility.js";"7510";"21";"_restoreA11yWebComponenteSelection > value.l7510c20";"yes";"no";"not-reviewed";""
"hac.modules.accessibility.prefilla11yspecforedit.variacao.l7598c26.8a289811";"txt.60329fb0364b";"marco de navegacao";"";"revisar";"javascript-string";"_prefillA11ySpecForEdit > variacao";"src/plugin/modules/accessibility.js";"7598";"27";"_prefillA11ySpecForEdit > variacao.l7598c26";"yes";"no";"not-reviewed";""
"hac.modules.accessibility.idioma.l7603c62.ae55a1dd";"txt.8dd5ae3334cc";"da pagina";"";"revisar";"javascript-string";"idioma";"src/plugin/modules/accessibility.js";"7603";"63";"idioma.l7603c62";"yes";"no";"not-reviewed";""
"hac.modules.accessibility.variacao.l7606c75.af0c6451";"txt.60329fb0364b";"marco de navegacao";"";"revisar";"javascript-string";"variacao";"src/plugin/modules/accessibility.js";"7606";"76";"variacao.l7606c75";"yes";"no";"not-reviewed";""
"hac.modules.accessibility.then.l7678c17.23c16a3f";"txt.7c6a740ba399";"Selecione um elemento no canvas antes de atualizar o nome.";"";"mensagem-sistema";"javascript-string";"then";"src/plugin/modules/accessibility.js";"7678";"18";"then.l7678c17";"yes";"no";"not-reviewed";""
"hac.modules.accessibility.confirma11yarea.showtoast.l7717c15.1cf240f4";"txt.b53478fafb05";"Informe o rótulo da tela.";"";"mensagem-sistema";"javascript-string";"confirmA11yArea > showToast";"src/plugin/modules/accessibility.js";"7717";"16";"confirmA11yArea > showToast.l7717c15";"yes";"no";"not-reviewed";""
"hac.modules.accessibility.then.l7728c17.3a3b7955";"txt.b1b1e56d54d9";"Selecione um elemento no canvas antes de selecionar a tela.";"";"mensagem-sistema";"javascript-string";"then";"src/plugin/modules/accessibility.js";"7728";"18";"then.l7728c17";"yes";"no";"not-reviewed";""
"hac.modules.accessibility.foreach.l7816c43.0ab0ee95";"txt.45d101225163";"a11y-categories-help-";"";"revisar";"javascript-string";"forEach";"src/plugin/modules/accessibility.js";"7816";"44";"forEach.l7816c43";"yes";"no";"not-reviewed";""
"hac.modules.accessibility.applya11ycategorieshelporiginfilter.titulolabelel.l7821c.5ed86823";"txt.25eb03e67dcc";"a11y-categories-help-titulo-label";"";"texto-interface";"javascript-string";"_applyA11yCategoriesHelpOriginFilter > tituloLabelEl";"src/plugin/modules/accessibility.js";"7821";"50";"_applyA11yCategoriesHelpOriginFilter > tituloLabelEl.l7821c49";"yes";"no";"not-reviewed";""
"hac.modules.core.clearplugincache.confirm.l139c5.2d96748d";"txt.c06832186d82";"Limpar todo o cache do plugin?\n\nIsso removerá: telas selecionadas, especificações de acessibilidade e ordem de tabulação.\n\nEssa ação não pode ser desfeita.";"";"texto-interface";"javascript-string";"clearPluginCache > confirm";"src/plugin/modules/core.js";"139";"6";"clearPluginCache > confirm.l139c5";"yes";"no";"not-reviewed";""
"hac.modules.core.clearplugincache.showa11ycanvasloading.l147c74.75dbedc8";"txt.43b329a12674";"Limpando cache…";"";"revisar";"javascript-string";"clearPluginCache > showA11yCanvasLoading";"src/plugin/modules/core.js";"147";"75";"clearPluginCache > showA11yCanvasLoading.l147c74";"yes";"no";"not-reviewed";""
"hac.modules.core.clearplugincanvasandcache.confirm.l160c5.d67596e9";"txt.0a44e8d124bb";"Limpar completamente o Handoff de Acessibilidade?\n\nIsso removerá o cache do plugin E os itens já inseridos no canvas (selos, réplicas e a Ficha de Handoff) criados por você nesta sessão.\n\nTrabalho de outros designers no mesmo arquivo não é afetado.\n\nEssa ação não pode ser desfeita.";"";"texto-interface";"javascript-string";"clearPluginCanvasAndCache > confirm";"src/plugin/modules/core.js";"160";"6";"clearPluginCanvasAndCache > confirm.l160c5";"yes";"no";"not-reviewed";""
"hac.modules.core.clearplugincanvasandcache.showa11ycanvasloading.l168c74.00673fd7";"txt.6798a0ca0118";"Limpando cache e canvas…";"";"revisar";"javascript-string";"clearPluginCanvasAndCache > showA11yCanvasLoading";"src/plugin/modules/core.js";"168";"75";"clearPluginCanvasAndCache > showA11yCanvasLoading.l168c74";"yes";"no";"not-reviewed";""
"hac.modules.core.type.l192c46.5a6ae91e";"txt.99a62be8f053";"${mime};charset=utf-8";"";"revisar";"javascript-template";"type";"src/plugin/modules/core.js";"192";"47";"type.l192c46";"no";"no";"not-reviewed";""
"hac.modules.core.downloadfile.error.l205c19.2f129a1c";"txt.397af4e775f5";"[hac] download falhou:";"";"diagnostico-tecnico";"javascript-string";"_downloadFile > error";"src/plugin/modules/core.js";"205";"20";"_downloadFile > error.l205c19";"yes";"no";"not-reviewed";""
"hac.modules.core.downloadfile.showtoast.l206c15.0feeed69";"txt.d0bd6bce6c7e";"Não foi possível gerar o arquivo.";"";"mensagem-sistema";"javascript-string";"_downloadFile > showToast";"src/plugin/modules/core.js";"206";"16";"_downloadFile > showToast.l206c15";"yes";"no";"not-reviewed";""
"hac.modules.core.downloadfile.showtoast.l206c52.65aefa1d";"txt.11f9578d05e6";"error";"";"mensagem-sistema";"javascript-string";"_downloadFile > showToast";"src/plugin/modules/core.js";"206";"53";"_downloadFile > showToast.l206c52";"yes";"no";"not-reviewed";""
"hac.modules.core.hacbackupfilename.stamp.l216c17.686ddb2a";"txt.8f6a1602e5b7";"${d.getFullYear()}-${pad(d.getMonth() + 1)}-${pad(d.getDate())}_${pad(d.getHours())}${pad(d.getMinutes())}";"";"revisar";"javascript-template";"_hacBackupFilename > stamp";"src/plugin/modules/core.js";"216";"18";"_hacBackupFilename > stamp.l216c17";"no";"no";"not-reviewed";""
"hac.modules.core.hacbackupfilename.l222c10.8c14225c";"txt.506616bd0654";"hac_${projeto}_${stamp}.${ext}";"";"revisar";"javascript-template";"_hacBackupFilename";"src/plugin/modules/core.js";"222";"11";"_hacBackupFilename.l222c10";"no";"no";"not-reviewed";""
"hac.modules.core.exporthacbackupjson.downloadfile.l271c92.ed119b80";"txt.ca9fd0b24141";"application/json";"";"revisar";"javascript-string";"exportHacBackupJson > _downloadFile";"src/plugin/modules/core.js";"271";"93";"exportHacBackupJson > _downloadFile.l271c92";"yes";"no";"not-reviewed";""
"hac.modules.core.exporthacbackupjson.showtoast.l272c23.219cac53";"txt.7714bde30157";"Backup baixado.";"";"mensagem-sistema";"javascript-string";"exportHacBackupJson > showToast";"src/plugin/modules/core.js";"272";"24";"exportHacBackupJson > showToast.l272c23";"yes";"no";"not-reviewed";""
"hac.modules.core.exporthacbackupjson.showtoast.l272c42.91900de4";"txt.53a5687cb26d";"success";"";"mensagem-sistema";"javascript-string";"exportHacBackupJson > showToast";"src/plugin/modules/core.js";"272";"43";"exportHacBackupJson > showToast.l272c42";"yes";"no";"not-reviewed";""
"hac.modules.core.exporthacbackupjson.error.l274c19.19b25494";"txt.2f142ac368e6";"[hac] exportHacBackupJson falhou:";"";"diagnostico-tecnico";"javascript-string";"exportHacBackupJson > error";"src/plugin/modules/core.js";"274";"20";"exportHacBackupJson > error.l274c19";"yes";"no";"not-reviewed";""
"hac.modules.core.exporthacbackupjson.showtoast.l275c15.0154035d";"txt.6bc06031c5de";"Não foi possível gerar o backup.";"";"mensagem-sistema";"javascript-string";"exportHacBackupJson > showToast";"src/plugin/modules/core.js";"275";"16";"exportHacBackupJson > showToast.l275c15";"yes";"no";"not-reviewed";""
"hac.modules.core.exporthacbackupjson.showtoast.l275c51.fe6546b5";"txt.11f9578d05e6";"error";"";"mensagem-sistema";"javascript-string";"exportHacBackupJson > showToast";"src/plugin/modules/core.js";"275";"52";"exportHacBackupJson > showToast.l275c51";"yes";"no";"not-reviewed";""
"hac.modules.core.exporthachandoffdoc.push.l290c12.d4db95ad";"txt.bc131bf6c4a4";"# Handoff de Acessibilidade";"";"revisar";"javascript-string";"exportHacHandoffDoc > push";"src/plugin/modules/core.js";"290";"13";"exportHacHandoffDoc > push.l290c12";"yes";"no";"not-reviewed";""
"hac.modules.core.exporthachandoffdoc.push.l292c12.bfab4620";"txt.b65e455fe251";"Gerado em ${new Date().toLocaleString('pt-BR')} pelo hac.";"";"revisar";"javascript-template";"exportHacHandoffDoc > push";"src/plugin/modules/core.js";"292";"13";"exportHacHandoffDoc > push.l292c12";"no";"no";"not-reviewed";""
"hac.modules.core.exporthachandoffdoc.push.l294c31.633d452c";"txt.e598e714b5a0";"_Nenhuma tela documentada._";"";"revisar";"javascript-string";"exportHacHandoffDoc > push";"src/plugin/modules/core.js";"294";"32";"exportHacHandoffDoc > push.l294c31";"yes";"no";"not-reviewed";""
"hac.modules.core.foreach.l297c14.49ce92ce";"txt.e9bbb2e40b10";"## ${area.number} · ${area.label || 'Tela'}";"";"revisar";"javascript-template";"forEach";"src/plugin/modules/core.js";"297";"15";"forEach.l297c14";"no";"no";"not-reviewed";""
"hac.modules.core.foreach.l302c16.0b8c0ce4";"txt.3b1f3cee1081";"### Leitor de tela";"";"revisar";"javascript-string";"forEach";"src/plugin/modules/core.js";"302";"17";"forEach.l302c16";"yes";"no";"not-reviewed";""
"hac.modules.core.foreach.l307c18.07055619";"txt.98c2651b217d";"#### ${s.letter ? `\`${s.letter}\` · ` : ''}${s.name || 'Elemento'}";"";"revisar";"javascript-template";"forEach";"src/plugin/modules/core.js";"307";"19";"forEach.l307c18";"no";"no";"not-reviewed";""
"hac.modules.core.foreach.l309c27.072d4a8f";"txt.1461923927be";"- **Categoria:** ${cat}";"";"revisar";"javascript-template";"forEach";"src/plugin/modules/core.js";"309";"28";"forEach.l309c27";"no";"no";"not-reviewed";""
"hac.modules.core.foreach.l310c46.d46b321c";"txt.8677384410e7";"- **Componente DSC:** ${s.a11yDscComponentName}";"";"revisar";"javascript-template";"forEach";"src/plugin/modules/core.js";"310";"47";"forEach.l310c46";"no";"no";"not-reviewed";""
"hac.modules.core.foreach.l312c38.de7b7102";"txt.9bac4dbe12df";"- **${p.label || p.key}:** ${p.value}";"";"revisar";"javascript-template";"forEach";"src/plugin/modules/core.js";"312";"39";"forEach.l312c38";"no";"no";"not-reviewed";""
"hac.modules.core.foreach.l320c16.95642c6d";"txt.cf904e4e73bb";"### Ordem de tabulação";"";"revisar";"javascript-string";"forEach";"src/plugin/modules/core.js";"320";"17";"forEach.l320c16";"yes";"no";"not-reviewed";""
"hac.modules.core.foreach.l322c42.e2a17506";"txt.91d40c6e936f";"${i + 1}. ${t.nodeName || t.name || 'Elemento'}";"";"revisar";"javascript-template";"forEach";"src/plugin/modules/core.js";"322";"43";"forEach.l322c42";"no";"no";"not-reviewed";""
"hac.modules.core.foreach.l328c16.03a7beae";"txt.c2dbd8facdf7";"### Trilha de leitura (swipe)";"";"revisar";"javascript-string";"forEach";"src/plugin/modules/core.js";"328";"17";"forEach.l328c16";"yes";"no";"not-reviewed";""
"hac.modules.core.foreach.l330c55.a792cf5f";"txt.04e129ef9c1d";"${i + 1}. ${pt.nodeName || 'Ponto'}";"";"revisar";"javascript-template";"forEach";"src/plugin/modules/core.js";"330";"56";"forEach.l330c55";"no";"no";"not-reviewed";""
"hac.modules.core.foreach.l335c16.996fef68";"txt.7e90d53301a4";"_Sem documentação registrada nesta tela._";"";"revisar";"javascript-string";"forEach";"src/plugin/modules/core.js";"335";"17";"forEach.l335c16";"yes";"no";"not-reviewed";""
"hac.modules.core.exporthachandoffdoc.downloadfile.l340c70.c745bd51";"txt.3bcfe3365c3b";"text/markdown";"";"revisar";"javascript-string";"exportHacHandoffDoc > _downloadFile";"src/plugin/modules/core.js";"340";"71";"exportHacHandoffDoc > _downloadFile.l340c70";"yes";"no";"not-reviewed";""
"hac.modules.core.exporthachandoffdoc.showtoast.l341c23.a0a3a016";"txt.2a5796b9006e";"Documento exportado.";"";"mensagem-sistema";"javascript-string";"exportHacHandoffDoc > showToast";"src/plugin/modules/core.js";"341";"24";"exportHacHandoffDoc > showToast.l341c23";"yes";"no";"not-reviewed";""
"hac.modules.core.exporthachandoffdoc.showtoast.l341c47.3bdc8c55";"txt.53a5687cb26d";"success";"";"mensagem-sistema";"javascript-string";"exportHacHandoffDoc > showToast";"src/plugin/modules/core.js";"341";"48";"exportHacHandoffDoc > showToast.l341c47";"yes";"no";"not-reviewed";""
"hac.modules.core.exporthachandoffdoc.error.l343c19.c2048094";"txt.38efae8c6ae9";"[hac] exportHacHandoffDoc falhou:";"";"diagnostico-tecnico";"javascript-string";"exportHacHandoffDoc > error";"src/plugin/modules/core.js";"343";"20";"exportHacHandoffDoc > error.l343c19";"yes";"no";"not-reviewed";""
"hac.modules.core.exporthachandoffdoc.showtoast.l344c15.141a9ccd";"txt.dca0f349f2d1";"Não foi possível gerar o documento.";"";"mensagem-sistema";"javascript-string";"exportHacHandoffDoc > showToast";"src/plugin/modules/core.js";"344";"16";"exportHacHandoffDoc > showToast.l344c15";"yes";"no";"not-reviewed";""
"hac.modules.core.exporthachandoffdoc.showtoast.l344c54.57a03f14";"txt.11f9578d05e6";"error";"";"mensagem-sistema";"javascript-string";"exportHacHandoffDoc > showToast";"src/plugin/modules/core.js";"344";"55";"exportHacHandoffDoc > showToast.l344c54";"yes";"no";"not-reviewed";""
"hac.modules.core.showtoast.l367c17.f9d02c54";"txt.a078ccf0cbf2";"Arquivo inválido — não é um JSON válido.";"";"mensagem-sistema";"javascript-string";"showToast";"src/plugin/modules/core.js";"367";"18";"showToast.l367c17";"yes";"no";"not-reviewed";""
"hac.modules.core.showtoast.l367c61.1ee68515";"txt.11f9578d05e6";"error";"";"mensagem-sistema";"javascript-string";"showToast";"src/plugin/modules/core.js";"367";"62";"showToast.l367c61";"yes";"no";"not-reviewed";""
"hac.modules.core.showtoast.l374c17.3fa0b010";"txt.4e0969b509ed";"Arquivo inválido — não parece um backup do hac.";"";"mensagem-sistema";"javascript-string";"showToast";"src/plugin/modules/core.js";"374";"18";"showToast.l374c17";"yes";"no";"not-reviewed";""
"hac.modules.core.showtoast.l374c68.6398709a";"txt.11f9578d05e6";"error";"";"mensagem-sistema";"javascript-string";"showToast";"src/plugin/modules/core.js";"374";"69";"showToast.l374c68";"yes";"no";"not-reviewed";""
"hac.modules.core.alert.l396c9.7726b5a4";"txt.6c3fce2be6af";"Este backup foi gerado em outro arquivo Figma.";"";"mensagem-sistema";"javascript-string";"alert";"src/plugin/modules/core.js";"396";"10";"alert.l396c9";"yes";"no";"not-reviewed";""
"hac.modules.core.alert.l397c9.dd6346ba";"txt.2b3b008c53ac";"Restaurar aqui não é possível: as telas e specs documentadas apontam para elementos que só existem no arquivo de origem, então a documentação restaurada não corresponderia a nada no canvas deste arquivo.";"";"mensagem-sistema";"javascript-string";"alert";"src/plugin/modules/core.js";"397";"10";"alert.l397c9";"yes";"no";"not-reviewed";""
"hac.modules.core.alert.l398c9.a22b4d0c";"txt.2ca846cc2794";"Abra o arquivo original para restaurar este backup.";"";"mensagem-sistema";"javascript-string";"alert";"src/plugin/modules/core.js";"398";"10";"alert.l398c9";"yes";"no";"not-reviewed";""
"hac.modules.core.confirm.l407c7.a8fa8c47";"txt.4da0298f9b4f";"Restaurar este backup?\n\nConteúdo: ${nAreas} tela(s), ${nSpecs} especificação(ões).\n\n";"";"texto-interface";"javascript-template";"confirm";"src/plugin/modules/core.js";"407";"8";"confirm.l407c7";"no";"no";"not-reviewed";""
"hac.modules.core.confirm.l408c7.4137c174";"txt.2a590e18fe3a";"A documentação atual do plugin será SUBSTITUÍDA. Os elementos já desenhados no canvas não são apagados.";"";"texto-interface";"javascript-string";"confirm";"src/plugin/modules/core.js";"408";"8";"confirm.l408c7";"yes";"no";"not-reviewed";""
"hac.modules.core.showtoast.l419c17.4b6b07c2";"txt.391b21496f79";"Backup restaurado — ${nAreas} tela(s).";"";"mensagem-sistema";"javascript-template";"showToast";"src/plugin/modules/core.js";"419";"18";"showToast.l419c17";"no";"no";"not-reviewed";""
"hac.modules.core.showtoast.l419c59.90315eb8";"txt.53a5687cb26d";"success";"";"mensagem-sistema";"javascript-string";"showToast";"src/plugin/modules/core.js";"419";"60";"showToast.l419c59";"yes";"no";"not-reviewed";""
"hac.modules.core.error.l421c21.61eeb974";"txt.f2c512bf758d";"[hac] restauração falhou:";"";"diagnostico-tecnico";"javascript-string";"error";"src/plugin/modules/core.js";"421";"22";"error.l421c21";"yes";"no";"not-reviewed";""
"hac.modules.core.showtoast.l422c17.640297ac";"txt.d4baae140b13";"Não foi possível restaurar o backup.";"";"mensagem-sistema";"javascript-string";"showToast";"src/plugin/modules/core.js";"422";"18";"showToast.l422c17";"yes";"no";"not-reviewed";""
"hac.modules.core.showtoast.l422c57.1ecfea4c";"txt.11f9578d05e6";"error";"";"mensagem-sistema";"javascript-string";"showToast";"src/plugin/modules/core.js";"422";"58";"showToast.l422c57";"yes";"no";"not-reviewed";""
"hac.modules.core.handlehacbackupfilechosen.showtoast.l425c36.b6fa0417";"txt.a42e120580c3";"Não foi possível ler o arquivo.";"";"mensagem-sistema";"javascript-string";"_handleHacBackupFileChosen > showToast";"src/plugin/modules/core.js";"425";"37";"_handleHacBackupFileChosen > showToast.l425c36";"yes";"no";"not-reviewed";""
"hac.modules.core.handlehacbackupfilechosen.showtoast.l425c71.beba5178";"txt.11f9578d05e6";"error";"";"mensagem-sistema";"javascript-string";"_handleHacBackupFileChosen > showToast";"src/plugin/modules/core.js";"425";"72";"_handleHacBackupFileChosen > showToast.l425c71";"yes";"no";"not-reviewed";""
"hac.modules.core.toastsaved.showtoast.l432c13.b2a908c6";"txt.2c47230ca8e8";"Salvo automaticamente";"";"mensagem-sistema";"javascript-string";"_toastSaved > showToast";"src/plugin/modules/core.js";"432";"14";"_toastSaved > showToast.l432c13";"yes";"no";"not-reviewed";""
"hac.modules.core.toastsaved.showtoast.l432c38.1108fd8c";"txt.53a5687cb26d";"success";"";"mensagem-sistema";"javascript-string";"_toastSaved > showToast";"src/plugin/modules/core.js";"432";"39";"_toastSaved > showToast.l432c38";"yes";"no";"not-reviewed";""
"hac.modules.core.togglecollapse.maincontent.l483c46.d4978f01";"txt.083361a877c9";"body > div.flex-1";"";"texto-interface";"javascript-string";"toggleCollapse > mainContent";"src/plugin/modules/core.js";"483";"47";"toggleCollapse > mainContent.l483c46";"yes";"no";"not-reviewed";""
"hac.modules.core.a11ycaptureminibarenter.maincontent.l545c46.2420c0a3";"txt.083361a877c9";"body > div.flex-1";"";"texto-interface";"javascript-string";"_a11yCaptureMiniBarEnter > mainContent";"src/plugin/modules/core.js";"545";"47";"_a11yCaptureMiniBarEnter > mainContent.l545c46";"yes";"no";"not-reviewed";""
"hac.modules.core.title.l582c10.83adc9c5";"txt.3b48469d8fd4";"a11y-capture-bar-instructions-title-text";"";"texto-interface";"javascript-string";"title";"src/plugin/modules/core.js";"582";"11";"title.l582c10";"yes";"no";"not-reviewed";""
"hac.modules.core.a11y.capture.bar.instruction.ids.l583c22.f8a1f525";"txt.eb8af916de8e";"a11y-capture-bar-instructions-block";"";"vocabulario-dominio";"javascript-string";"A11Y_CAPTURE_BAR_INSTRUCTION_IDS";"src/plugin/modules/core.js";"583";"23";"A11Y_CAPTURE_BAR_INSTRUCTION_IDS.l583c22";"yes";"no";"not-reviewed";""
"hac.modules.core.instructionsheading.l584c24.722345c6";"txt.437f60bd9875";"a11y-capture-bar-instructions-heading";"";"texto-interface";"javascript-string";"instructionsHeading";"src/plugin/modules/core.js";"584";"25";"instructionsHeading.l584c24";"yes";"no";"not-reviewed";""
"hac.modules.core.instructionsbody.l585c21.05bf06eb";"txt.15a9299d9b02";"a11y-capture-bar-instructions-body";"";"texto-interface";"javascript-string";"instructionsBody";"src/plugin/modules/core.js";"585";"22";"instructionsBody.l585c21";"yes";"no";"not-reviewed";""
"hac.modules.core.stepsheading.l586c17.b4c53e8d";"txt.1441e7ec02d6";"a11y-capture-bar-steps-heading";"";"texto-interface";"javascript-string";"stepsHeading";"src/plugin/modules/core.js";"586";"18";"stepsHeading.l586c17";"yes";"no";"not-reviewed";""
"hac.modules.core.a11y.capture.bar.instruction.ids.l587c10.8bf178e9";"txt.cce0feaefebe";"a11y-capture-bar-steps";"";"vocabulario-dominio";"javascript-string";"A11Y_CAPTURE_BAR_INSTRUCTION_IDS";"src/plugin/modules/core.js";"587";"11";"A11Y_CAPTURE_BAR_INSTRUCTION_IDS.l587c10";"yes";"no";"not-reviewed";""
"hac.modules.core.a11y.capture.bar.instruction.ids.l588c15.270878e7";"txt.98891c2705cf";"a11y-capture-bar-steps-block";"";"vocabulario-dominio";"javascript-string";"A11Y_CAPTURE_BAR_INSTRUCTION_IDS";"src/plugin/modules/core.js";"588";"16";"A11Y_CAPTURE_BAR_INSTRUCTION_IDS.l588c15";"yes";"no";"not-reviewed";""
"hac.modules.core.a11ycapturebarrenderinstructions.contentkey.l591c34.c27c1656";"txt.296f7e339bd7";"tabOrder";"";"texto-interface";"javascript-string";"_a11yCaptureBarRenderInstructions > contentKey";"src/plugin/modules/core.js";"591";"35";"_a11yCaptureBarRenderInstructions > contentKey.l591c34";"yes";"no";"not-reviewed";""
"hac.modules.core.a11ycapturebarrenderinstructions.contentkey.l591c47.29efea48";"txt.bb106260f137";"tabulacao";"";"texto-interface";"javascript-string";"_a11yCaptureBarRenderInstructions > contentKey";"src/plugin/modules/core.js";"591";"48";"_a11yCaptureBarRenderInstructions > contentKey.l591c47";"yes";"no";"not-reviewed";""
"hac.modules.core.a11ycapturebarrenderinstructions.contentkey.l591c61.2c17c0cc";"txt.54f46d64bf13";"swipe";"";"texto-interface";"javascript-string";"_a11yCaptureBarRenderInstructions > contentKey";"src/plugin/modules/core.js";"591";"62";"_a11yCaptureBarRenderInstructions > contentKey.l591c61";"yes";"no";"not-reviewed";""
"hac.modules.core.a11ycapturebarsynctooltips.helpbtn.l631c43.a822f8c0";"txt.38eaca57b9a0";"a11y-capture-mini-bar-help";"";"texto-interface";"javascript-string";"_a11yCaptureBarSyncTooltips > helpBtn";"src/plugin/modules/core.js";"631";"44";"_a11yCaptureBarSyncTooltips > helpBtn.l631c43";"yes";"no";"not-reviewed";""
"hac.modules.core.a11ycapturebarsynctooltips.t.l634c9.7b35c806";"txt.471d569948af";"Recolher as instruções e liberar espaço no canvas";"";"revisar";"javascript-string";"_a11yCaptureBarSyncTooltips > t";"src/plugin/modules/core.js";"634";"10";"_a11yCaptureBarSyncTooltips > t.l634c9";"yes";"no";"not-reviewed";""
"hac.modules.core.a11ycapturebarsynctooltips.t.l635c9.4585db0e";"txt.cd0afc06bc5b";"Mostrar as instruções desta etapa";"";"revisar";"javascript-string";"_a11yCaptureBarSyncTooltips > t";"src/plugin/modules/core.js";"635";"10";"_a11yCaptureBarSyncTooltips > t.l635c9";"yes";"no";"not-reviewed";""
"hac.modules.core.a11ycapturebarsynctooltips.setattribute.l636c26.c0cd7e87";"txt.5729d5f2bd20";"data-tooltip";"";"texto-interface";"javascript-string";"_a11yCaptureBarSyncTooltips > setAttribute";"src/plugin/modules/core.js";"636";"27";"_a11yCaptureBarSyncTooltips > setAttribute.l636c26";"yes";"no";"not-reviewed";""
"hac.modules.core.a11ycapturebarsynctooltips.setattribute.l637c26.ee23de3f";"txt.c399d0d9385c";"aria-label";"";"acessibilidade";"javascript-string";"_a11yCaptureBarSyncTooltips > setAttribute";"src/plugin/modules/core.js";"637";"27";"_a11yCaptureBarSyncTooltips > setAttribute.l637c26";"yes";"no";"not-reviewed";""
"hac.modules.core.a11ycapturebarsynctooltips.setattribute.l637c50.ac67fefb";"txt.009c9ba7c1b4";"Recolher instruções";"";"revisar";"javascript-string";"_a11yCaptureBarSyncTooltips > setAttribute";"src/plugin/modules/core.js";"637";"51";"_a11yCaptureBarSyncTooltips > setAttribute.l637c50";"yes";"no";"not-reviewed";""
"hac.modules.core.a11ycapturebarsynctooltips.setattribute.l637c74.8f785804";"txt.dfa409717894";"Mostrar instruções";"";"revisar";"javascript-string";"_a11yCaptureBarSyncTooltips > setAttribute";"src/plugin/modules/core.js";"637";"75";"_a11yCaptureBarSyncTooltips > setAttribute.l637c74";"yes";"no";"not-reviewed";""
"hac.modules.core.a11ycapturebarsynctooltips.setattribute.l641c41.70c70b73";"txt.c399d0d9385c";"aria-label";"";"acessibilidade";"javascript-string";"_a11yCaptureBarSyncTooltips > setAttribute";"src/plugin/modules/core.js";"641";"42";"_a11yCaptureBarSyncTooltips > setAttribute.l641c41";"yes";"no";"not-reviewed";""
"hac.modules.core.a11ycapturebarsynctooltips.setattribute.l641c55.ab1d6b3a";"txt.b56eaf12fe48";"Cancelar seleção e descartar os ${noun} marcados";"";"acessibilidade";"javascript-template";"_a11yCaptureBarSyncTooltips > setAttribute";"src/plugin/modules/core.js";"641";"56";"_a11yCaptureBarSyncTooltips > setAttribute.l641c55";"no";"no";"not-reviewed";""
"hac.modules.core.a11ycapturebarsynctooltips.setattribute.l644c41.f33b26d1";"txt.c399d0d9385c";"aria-label";"";"acessibilidade";"javascript-string";"_a11yCaptureBarSyncTooltips > setAttribute";"src/plugin/modules/core.js";"644";"42";"_a11yCaptureBarSyncTooltips > setAttribute.l644c41";"yes";"no";"not-reviewed";""
"hac.modules.core.a11ycapturebarsynctooltips.setattribute.l644c55.08bd540e";"txt.49cba01f182f";"Concluir seleção e revisar os ${noun}";"";"acessibilidade";"javascript-template";"_a11yCaptureBarSyncTooltips > setAttribute";"src/plugin/modules/core.js";"644";"56";"_a11yCaptureBarSyncTooltips > setAttribute.l644c55";"no";"no";"not-reviewed";""
"hac.modules.core.a11ycaptureminibarexit.maincontent.l689c46.843e6e9f";"txt.083361a877c9";"body > div.flex-1";"";"texto-interface";"javascript-string";"_a11yCaptureMiniBarExit > mainContent";"src/plugin/modules/core.js";"689";"47";"_a11yCaptureMiniBarExit > mainContent.l689c46";"yes";"no";"not-reviewed";""
"hac.modules.core.a11ycaptureminibarupdatecount.noun.l713c18.08f99f24";"txt.d3014b69a7e0";"item marcado";"";"revisar";"javascript-string";"_a11yCaptureMiniBarUpdateCount > noun";"src/plugin/modules/core.js";"713";"19";"_a11yCaptureMiniBarUpdateCount > noun.l713c18";"yes";"no";"not-reviewed";""
"hac.modules.core.a11ycaptureminibarupdatecount.noun.l713c35.0ac3e785";"txt.c7a288650b47";"itens marcados";"";"revisar";"javascript-string";"_a11yCaptureMiniBarUpdateCount > noun";"src/plugin/modules/core.js";"713";"36";"_a11yCaptureMiniBarUpdateCount > noun.l713c35";"yes";"no";"not-reviewed";""
"hac.modules.core.a11ycaptureminibarupdatecount.noun.l714c18.6567a904";"txt.8838010128bf";"ponto marcado";"";"revisar";"javascript-string";"_a11yCaptureMiniBarUpdateCount > noun";"src/plugin/modules/core.js";"714";"19";"_a11yCaptureMiniBarUpdateCount > noun.l714c18";"yes";"no";"not-reviewed";""
"hac.modules.core.a11ycaptureminibarupdatecount.noun.l714c36.0989da02";"txt.8958387580b7";"pontos marcados";"";"revisar";"javascript-string";"_a11yCaptureMiniBarUpdateCount > noun";"src/plugin/modules/core.js";"714";"37";"_a11yCaptureMiniBarUpdateCount > noun.l714c36";"yes";"no";"not-reviewed";""
"hac.modules.core.showtoast.iserror.l747c31.6a77ffc0";"txt.11f9578d05e6";"error";"";"texto-interface";"javascript-string";"showToast > isError";"src/plugin/modules/core.js";"747";"32";"showToast > isError.l747c31";"yes";"no";"not-reviewed";""
"hac.modules.core.showtoast.toast.l748c40.cb7329c6";"txt.26021f1f4700";"div";"";"texto-interface";"javascript-string";"showToast > toast";"src/plugin/modules/core.js";"748";"41";"showToast > toast.l748c40";"yes";"no";"not-reviewed";""
"hac.modules.core.showtoast.l755c7.e725b42b";"txt.5071cc73675a";"bg-slate-800 text-white px-4 py-2 rounded-dsc-small shadow-xl text-xs font-bold animate-in fade-in slide-in-from-bottom-4 duration-300 flex items-center gap-2 border border-red-500";"";"revisar";"javascript-string";"showToast";"src/plugin/modules/core.js";"755";"8";"showToast.l755c7";"yes";"no";"not-reviewed";""
"hac.modules.core.showtoast.l756c7.a792d714";"txt.b471113c0506";"bg-slate-800 text-white px-4 py-2 rounded-dsc-small shadow-xl text-xs font-bold animate-in fade-in slide-in-from-bottom-4 duration-300 flex items-center gap-2";"";"revisar";"javascript-string";"showToast";"src/plugin/modules/core.js";"756";"8";"showToast.l756c7";"yes";"no";"not-reviewed";""
"hac.modules.core.showsnackbar.classname.l789c24.a279b3d7";"txt.073b90b485be";"bg-slate-800 text-white px-4 py-3 rounded-dsc-large shadow-xl text-xs font-medium animate-in fade-in slide-in-from-bottom-4 duration-300 flex items-start gap-2 border border-blue-600 max-w-sm pointer-events-auto";"";"revisar";"javascript-string";"showSnackbar > className";"src/plugin/modules/core.js";"789";"25";"showSnackbar > className.l789c24";"yes";"no";"not-reviewed";""
"hac.modules.core.showsnackbar.contentcol.l795c45.25e17037";"txt.26021f1f4700";"div";"";"texto-interface";"javascript-string";"showSnackbar > contentCol";"src/plugin/modules/core.js";"795";"46";"showSnackbar > contentCol.l795c45";"yes";"no";"not-reviewed";""
"hac.modules.core.showsnackbar.classname.l796c26.6396c431";"txt.d5e4d74aa337";"flex-1 min-w-0 flex flex-col gap-1.5";"";"revisar";"javascript-string";"showSnackbar > className";"src/plugin/modules/core.js";"796";"27";"showSnackbar > className.l796c26";"yes";"no";"not-reviewed";""
"hac.modules.core.showsnackbar.textspan.l797c43.080c4d17";"txt.6325f8c63097";"span";"";"texto-interface";"javascript-string";"showSnackbar > textSpan";"src/plugin/modules/core.js";"797";"44";"showSnackbar > textSpan.l797c43";"yes";"no";"not-reviewed";""
"hac.modules.core.showsnackbar.classname.l804c27.4145fda0";"txt.72a18a36f5ff";"self-start text-blue-400 hover:text-blue-300 font-bold underline transition-colors";"";"revisar";"javascript-string";"showSnackbar > className";"src/plugin/modules/core.js";"804";"28";"showSnackbar > className.l804c27";"yes";"no";"not-reviewed";""
"hac.modules.core.showsnackbar.setattribute.l815c25.a0f2d317";"txt.c399d0d9385c";"aria-label";"";"acessibilidade";"javascript-string";"showSnackbar > setAttribute";"src/plugin/modules/core.js";"815";"26";"showSnackbar > setAttribute.l815c25";"yes";"no";"not-reviewed";""
"hac.modules.core.showsnackbar.setattribute.l815c39.fa4e039a";"txt.19d59e0cfdf4";"Fechar aviso";"";"acessibilidade";"javascript-string";"showSnackbar > setAttribute";"src/plugin/modules/core.js";"815";"40";"showSnackbar > setAttribute.l815c39";"yes";"no";"not-reviewed";""
"hac.modules.core.showsnackbar.classname.l816c24.7d620d47";"txt.cdf3b5a53aef";"flex-shrink-0 text-slate-400 hover:text-white transition-colors";"";"revisar";"javascript-string";"showSnackbar > className";"src/plugin/modules/core.js";"816";"25";"showSnackbar > className.l816c24";"yes";"no";"not-reviewed";""
"hac.modules.core.focusable.selector.l825c28.27279428";"txt.4f494298f9c2";"input, button, select, textarea, a[href], [tabindex]:not([tabindex=""-1""])";"";"revisar";"javascript-string";"FOCUSABLE_SELECTOR";"src/plugin/modules/core.js";"825";"29";"FOCUSABLE_SELECTOR.l825c28";"yes";"no";"not-reviewed";""
"hac.modules.core.addeventlistener.l878c17.d3358c40";"txt.cdecabe1520a";"Escape";"";"revisar";"javascript-string";"addEventListener";"src/plugin/modules/core.js";"878";"18";"addEventListener.l878c17";"yes";"no";"not-reviewed";""
"hac.modules.core.navigate.warn.l990c20.3cabbcb0";"txt.41d790b4f010";"[hac] navigate(""view-area-workspace"") chamado sem _a11yWorkspaceAreaId definido — use openA11yAreaWorkspace(areaId) em vez de navigate() direto.";"";"diagnostico-tecnico";"javascript-string";"navigate > warn";"src/plugin/modules/core.js";"990";"21";"navigate > warn.l990c20";"yes";"no";"not-reviewed";""
"hac.modules.core.foreach.l1005c32.d06f6c23";"txt.dd9ba5600702";"dark:text-blue-400";"";"revisar";"javascript-string";"forEach";"src/plugin/modules/core.js";"1005";"33";"forEach.l1005c32";"yes";"no";"not-reviewed";""
"hac.modules.core.foreach.l1008c32.1fa2a4e3";"txt.1a422188de26";"dark:text-dark-muted";"";"revisar";"javascript-string";"forEach";"src/plugin/modules/core.js";"1008";"33";"forEach.l1008c32";"yes";"no";"not-reviewed";""
"hac.modules.core.othercontent.l1035c70.09ff0eff";"txt.73b04d3502ae";".accordion-content, [data-accordion-content]";"";"texto-interface";"javascript-string";"otherContent";"src/plugin/modules/core.js";"1035";"71";"otherContent.l1035c70";"yes";"no";"not-reviewed";""
"hac.modules.core.foreach.l1040c54.3e8b7cac";"txt.595c37b5a24b";"rotate(0deg)";"";"revisar";"javascript-string";"forEach";"src/plugin/modules/core.js";"1040";"55";"forEach.l1040c54";"yes";"no";"not-reviewed";""
"hac.modules.core.toggleaccordion.l1048c47.e8466b83";"txt.14214c0e9311";"rotate(180deg)";"";"revisar";"javascript-string";"toggleAccordion";"src/plugin/modules/core.js";"1048";"48";"toggleAccordion.l1048c47";"yes";"no";"not-reviewed";""
"hac.modules.core.toggleaccordion.l1048c66.0a7088f4";"txt.595c37b5a24b";"rotate(0deg)";"";"revisar";"javascript-string";"toggleAccordion";"src/plugin/modules/core.js";"1048";"67";"toggleAccordion.l1048c66";"yes";"no";"not-reviewed";""
"hac.modules.core.collapseallaccordions.allcontent.l1060c44.1bfcfce0";"txt.73b04d3502ae";".accordion-content, [data-accordion-content]";"";"texto-interface";"javascript-string";"collapseAllAccordions > allContent";"src/plugin/modules/core.js";"1060";"45";"collapseAllAccordions > allContent.l1060c44";"yes";"no";"not-reviewed";""
"hac.modules.core.literal.l1073c52.bdd7285c";"txt.595c37b5a24b";"rotate(0deg)";"";"revisar";"javascript-string";"";"src/plugin/modules/core.js";"1073";"53";"literal.l1073c52";"yes";"no";"not-reviewed";""
"hac.modules.core.literal.l1073c69.32ef4976";"txt.14214c0e9311";"rotate(180deg)";"";"revisar";"javascript-string";"";"src/plugin/modules/core.js";"1073";"70";"literal.l1073c69";"yes";"no";"not-reviewed";""
"hac.modules.core.zoomin.showtoast.l1237c13.3ad83306";"txt.f1523e7c326d";"Escala da UI: ${Math.round(next * 100)}%";"";"mensagem-sistema";"javascript-template";"zoomIn > showToast";"src/plugin/modules/core.js";"1237";"14";"zoomIn > showToast.l1237c13";"no";"no";"not-reviewed";""
"hac.modules.core.zoomout.showtoast.l1245c13.4a67aa9e";"txt.a6cf88fe26a9";"Escala da UI: ${Math.round(prev * 100)}%";"";"mensagem-sistema";"javascript-template";"zoomOut > showToast";"src/plugin/modules/core.js";"1245";"14";"zoomOut > showToast.l1245c13";"no";"no";"not-reviewed";""
"hac.modules.handoff.ficha.fichasectiondisplayname.l58c39.644afcbc";"txt.afd410875455";"Tabulação";"";"revisar";"javascript-string";"_fichaSectionDisplayName";"src/plugin/modules/handoff-ficha.js";"58";"40";"_fichaSectionDisplayName.l58c39";"yes";"no";"not-reviewed";""
"hac.modules.handoff.ficha.fichasectiondisplayname.l58c78.836a662c";"txt.54f46d64bf13";"Swipe";"";"revisar";"javascript-string";"_fichaSectionDisplayName";"src/plugin/modules/handoff-ficha.js";"58";"79";"_fichaSectionDisplayName.l58c78";"yes";"no";"not-reviewed";""
"hac.modules.handoff.ficha.fichasectiondisplayname.l58c88.97666afa";"txt.2cccdb3dac0d";"Leitor de Tela";"";"revisar";"javascript-string";"_fichaSectionDisplayName";"src/plugin/modules/handoff-ficha.js";"58";"89";"_fichaSectionDisplayName.l58c88";"yes";"no";"not-reviewed";""
"hac.modules.handoff.ficha.fichabuttonlabel.verb.l76c46.4491d20f";"txt.f8906248d08b";"Atualizar";"";"revisar";"javascript-string";"_fichaButtonLabel > verb";"src/plugin/modules/handoff-ficha.js";"76";"47";"_fichaButtonLabel > verb.l76c46";"yes";"no";"not-reviewed";""
"hac.modules.handoff.ficha.fichabuttonlabel.verb.l76c60.eb537a9f";"txt.cf35cef5f6aa";"Preencher";"";"revisar";"javascript-string";"_fichaButtonLabel > verb";"src/plugin/modules/handoff-ficha.js";"76";"61";"_fichaButtonLabel > verb.l76c60";"yes";"no";"not-reviewed";""
"hac.modules.handoff.ficha.fichabuttonlabel.l77c10.c015c470";"txt.1b5539fa8db2";"${verb} ${_fichaSectionDisplayName(sectionKey)}";"";"revisar";"javascript-template";"_fichaButtonLabel";"src/plugin/modules/handoff-ficha.js";"77";"11";"_fichaButtonLabel.l77c10";"no";"no";"not-reviewed";""
"hac.modules.handoff.ficha.fichabuildspecfields.push.l143c39.22679e2f";"txt.e9df693ec666";"Descrição";"";"texto-interface";"javascript-string";"_fichaBuildSpecFields > push";"src/plugin/modules/handoff-ficha.js";"143";"40";"_fichaBuildSpecFields > push.l143c39";"yes";"no";"not-reviewed";""
"hac.modules.handoff.ficha.fichabuildspecfields.push.l146c43.167a1439";"txt.73731b9780ed";"Nome Acessível";"";"texto-interface";"javascript-string";"_fichaBuildSpecFields > push";"src/plugin/modules/handoff-ficha.js";"146";"44";"_fichaBuildSpecFields > push.l146c43";"yes";"no";"not-reviewed";""
"hac.modules.handoff.ficha.fichabuildspecfields.push.l156c26.6b1bf3e4";"txt.8904c1be0349";"Notas de Código";"";"texto-interface";"javascript-string";"_fichaBuildSpecFields > push";"src/plugin/modules/handoff-ficha.js";"156";"27";"_fichaBuildSpecFields > push.l156c26";"yes";"no";"not-reviewed";""
"hac.modules.handoff.ficha.fichabuildspecfields.push.l157c26.26cf47bc";"txt.1306e90570b6";"Notas adicionais";"";"texto-interface";"javascript-string";"_fichaBuildSpecFields > push";"src/plugin/modules/handoff-ficha.js";"157";"27";"_fichaBuildSpecFields > push.l157c26";"yes";"no";"not-reviewed";""
"hac.modules.handoff.ficha.fichabuildspecfields.push.l159c26.3f2f7942";"txt.8904c1be0349";"Notas de Código";"";"texto-interface";"javascript-string";"_fichaBuildSpecFields > push";"src/plugin/modules/handoff-ficha.js";"159";"27";"_fichaBuildSpecFields > push.l159c26";"yes";"no";"not-reviewed";""
"hac.modules.handoff.ficha.push.l161c26.04ba1f44";"txt.8904c1be0349";"Notas de Código";"";"texto-interface";"javascript-string";"push";"src/plugin/modules/handoff-ficha.js";"161";"27";"push.l161c26";"yes";"no";"not-reviewed";""
"hac.modules.handoff.ficha.fichabuildspecfields.push.l165c41.68ba9205";"txt.c358a1fc1734";"Observações";"";"texto-interface";"javascript-string";"_fichaBuildSpecFields > push";"src/plugin/modules/handoff-ficha.js";"165";"42";"_fichaBuildSpecFields > push.l165c41";"yes";"no";"not-reviewed";""
"hac.modules.handoff.ficha.fichabuildspecfields.componenteraw.l172c15.ce81fb20";"txt.b997b3fca96a";"componente";"";"texto-interface";"javascript-string";"_fichaBuildSpecFields > componenteRaw";"src/plugin/modules/handoff-ficha.js";"172";"16";"_fichaBuildSpecFields > componenteRaw.l172c15";"yes";"no";"not-reviewed";""
"hac.modules.handoff.ficha.fichabuildspecfields.push.l173c43.f844081c";"txt.b997b3fca96a";"Componente";"";"texto-interface";"javascript-string";"_fichaBuildSpecFields > push";"src/plugin/modules/handoff-ficha.js";"173";"44";"_fichaBuildSpecFields > push.l173c43";"yes";"no";"not-reviewed";""
"hac.modules.handoff.ficha.fichabuildspecpayload.label.l184c63.b4051d1a";"txt.2319af1437e6";"Acessibilidade";"";"texto-interface";"javascript-string";"_fichaBuildSpecPayload > label";"src/plugin/modules/handoff-ficha.js";"184";"64";"_fichaBuildSpecPayload > label.l184c63";"yes";"no";"not-reviewed";""
"hac.modules.handoff.ficha.fichainsertsection.showa11ycanvasloading.l279c74.39956050";"txt.edfb7624db8f";"Consolidando ${_fichaSectionDisplayName(sectionKey)} no Handoff de Acessibilidade…";"";"revisar";"javascript-template";"_fichaInsertSection > showA11yCanvasLoading";"src/plugin/modules/handoff-ficha.js";"279";"75";"_fichaInsertSection > showA11yCanvasLoading.l279c74";"no";"no";"not-reviewed";""
"hac.modules.handoff.ficha.fichainsertsection.showtoast.l280c13.c0a7331b";"txt.a024a5bce260";"Consolidando Handoff de Acessibilidade…";"";"mensagem-sistema";"javascript-string";"_fichaInsertSection > showToast";"src/plugin/modules/handoff-ficha.js";"280";"14";"_fichaInsertSection > showToast.l280c13";"yes";"no";"not-reviewed";""
"hac.modules.handoff.ficha.fichaeditsection.showa11ycanvasloading.l312c74.24fb3f62";"txt.3132422a074c";"Preparando réplica de trabalho…";"";"revisar";"javascript-string";"_fichaEditSection > showA11yCanvasLoading";"src/plugin/modules/handoff-ficha.js";"312";"75";"_fichaEditSection > showA11yCanvasLoading.l312c74";"yes";"no";"not-reviewed";""
"hac.modules.handoff.ficha.fichahandlesectioneditready.showtoast.l324c13.794f3a44";"txt.6cc3fd604475";"Réplica de trabalho pronta. Edite e clique em ""Atualizar Handoff"" quando terminar.";"";"mensagem-sistema";"javascript-string";"_fichaHandleSectionEditReady > showToast";"src/plugin/modules/handoff-ficha.js";"324";"14";"_fichaHandleSectionEditReady > showToast.l324c13";"yes";"no";"not-reviewed";""
"hac.modules.handoff.ficha.fichahandlesectioneditfailed.showtoast.l332c46.52755a95";"txt.d4a05307e9d1";"Não foi possível preparar a edição desta seção.";"";"mensagem-sistema";"javascript-string";"_fichaHandleSectionEditFailed > showToast";"src/plugin/modules/handoff-ficha.js";"332";"47";"_fichaHandleSectionEditFailed > showToast.l332c46";"yes";"no";"not-reviewed";""
"hac.modules.handoff.ficha.fichahandlesectioneditfailed.showtoast.l332c97.f2d318b8";"txt.11f9578d05e6";"error";"";"mensagem-sistema";"javascript-string";"_fichaHandleSectionEditFailed > showToast";"src/plugin/modules/handoff-ficha.js";"332";"98";"_fichaHandleSectionEditFailed > showToast.l332c97";"yes";"no";"not-reviewed";""
"hac.modules.handoff.ficha.fichahandlesectioninserted.showtoast.l374c13.07dac24c";"txt.90b42f3e8b94";"Handoff de Acessibilidade atualizado.";"";"mensagem-sistema";"javascript-string";"_fichaHandleSectionInserted > showToast";"src/plugin/modules/handoff-ficha.js";"374";"14";"_fichaHandleSectionInserted > showToast.l374c13";"yes";"no";"not-reviewed";""
"hac.modules.handoff.ficha.fichahandlesectioninsertfailed.showtoast.l404c46.772bf7a4";"txt.6453e4426024";"Não foi possível atualizar o Handoff de Acessibilidade.";"";"mensagem-sistema";"javascript-string";"_fichaHandleSectionInsertFailed > showToast";"src/plugin/modules/handoff-ficha.js";"404";"47";"_fichaHandleSectionInsertFailed > showToast.l404c46";"yes";"no";"not-reviewed";""
"hac.modules.handoff.ficha.fichahandlesectioninsertfailed.showtoast.l404c105.2299018e";"txt.11f9578d05e6";"error";"";"mensagem-sistema";"javascript-string";"_fichaHandleSectionInsertFailed > showToast";"src/plugin/modules/handoff-ficha.js";"404";"106";"_fichaHandleSectionInsertFailed > showToast.l404c105";"yes";"no";"not-reviewed";""
"hac.modules.handoff.ficha.fichahandlenodenotfound.showtoast.l435c13.aa142d64";"txt.dae188c647a8";"O Handoff de Acessibilidade desta tela não foi encontrado no canvas, talvez tenha sido apagado. Insira uma seção novamente para recriá-lo.";"";"mensagem-sistema";"javascript-string";"_fichaHandleNodeNotFound > showToast";"src/plugin/modules/handoff-ficha.js";"435";"14";"_fichaHandleNodeNotFound > showToast.l435c13";"yes";"no";"not-reviewed";""
"hac.modules.handoff.ficha.fichahandlenodenotfound.showtoast.l435c155.2fd65241";"txt.11f9578d05e6";"error";"";"mensagem-sistema";"javascript-string";"_fichaHandleNodeNotFound > showToast";"src/plugin/modules/handoff-ficha.js";"435";"156";"_fichaHandleNodeNotFound > showToast.l435c155";"yes";"no";"not-reviewed";""
"hac.modules.handoff.ficha.fichaprojectcompletion.push.l557c53.1505cf4c";"txt.13f0829bfb7e";"${_fichaSectionDisplayName(key)} não inserida";"";"revisar";"javascript-template";"_fichaProjectCompletion > push";"src/plugin/modules/handoff-ficha.js";"557";"54";"_fichaProjectCompletion > push.l557c53";"no";"no";"not-reviewed";""
"hac.modules.handoff.ficha.push.l558c62.3a512c18";"txt.bc0aa239a143";"${_fichaSectionDisplayName(key)} desatualizada";"";"revisar";"javascript-template";"push";"src/plugin/modules/handoff-ficha.js";"558";"63";"push.l558c62";"no";"no";"not-reviewed";""
"hac.modules.handoff.ficha.ficharenderprojectsummary.cordestatus.l602c7.70feaae9";"txt.6119c08a3b88";"bg-green-50 dark:bg-green-900/10 border-green-200 dark:border-green-800/40";"";"texto-interface";"javascript-string";"_fichaRenderProjectSummary > corDeStatus";"src/plugin/modules/handoff-ficha.js";"602";"8";"_fichaRenderProjectSummary > corDeStatus.l602c7";"yes";"no";"not-reviewed";""
"hac.modules.handoff.ficha.ficharenderprojectsummary.cordestatus.l603c7.4d1e758f";"txt.5127d2762b20";"bg-gray-50/60 dark:bg-dark-bg/40 border-gray-100 dark:border-dark-line";"";"texto-interface";"javascript-string";"_fichaRenderProjectSummary > corDeStatus";"src/plugin/modules/handoff-ficha.js";"603";"8";"_fichaRenderProjectSummary > corDeStatus.l603c7";"yes";"no";"not-reviewed";""
"hac.modules.handoff.ficha.ficharenderprojectsummary.cordoicone.l604c46.dd8cb26c";"txt.37d892d3de74";"text-green-600 dark:text-green-400";"";"revisar";"javascript-string";"_fichaRenderProjectSummary > corDoIcone";"src/plugin/modules/handoff-ficha.js";"604";"47";"_fichaRenderProjectSummary > corDoIcone.l604c46";"yes";"no";"not-reviewed";""
"hac.modules.handoff.ficha.ficharenderprojectsummary.cordoicone.l604c85.9ca80559";"txt.5403f52028b8";"text-slate-400 dark:text-dark-muted";"";"revisar";"javascript-string";"_fichaRenderProjectSummary > corDoIcone";"src/plugin/modules/handoff-ficha.js";"604";"86";"_fichaRenderProjectSummary > corDoIcone.l604c85";"yes";"no";"not-reviewed";""
"hac.modules.handoff.ficha.ficharenderprojectsummary.cordotexto.l605c46.0d2490be";"txt.3b3f59e9ebe6";"text-green-700 dark:text-green-400";"";"texto-interface";"javascript-string";"_fichaRenderProjectSummary > corDoTexto";"src/plugin/modules/handoff-ficha.js";"605";"47";"_fichaRenderProjectSummary > corDoTexto.l605c46";"yes";"no";"not-reviewed";""
"hac.modules.handoff.ficha.ficharenderprojectsummary.cordotexto.l605c85.1d970734";"txt.5c62a250cb7a";"text-slate-500 dark:text-dark-muted";"";"texto-interface";"javascript-string";"_fichaRenderProjectSummary > corDoTexto";"src/plugin/modules/handoff-ficha.js";"605";"86";"_fichaRenderProjectSummary > corDoTexto.l605c85";"yes";"no";"not-reviewed";""
"hac.modules.handoff.ficha.ficharenderprojectsummary.titulo.l606c42.d9c2aab7";"txt.729a90682ed8";"Handoff de Acessibilidade completo";"";"revisar";"javascript-string";"_fichaRenderProjectSummary > titulo";"src/plugin/modules/handoff-ficha.js";"606";"43";"_fichaRenderProjectSummary > titulo.l606c42";"yes";"no";"not-reviewed";""
"hac.modules.handoff.ficha.ficharenderprojectsummary.titulo.l606c81.40df9826";"txt.41d3f51f079d";"Handoff de Acessibilidade do projeto";"";"revisar";"javascript-string";"_fichaRenderProjectSummary > titulo";"src/plugin/modules/handoff-ficha.js";"606";"82";"_fichaRenderProjectSummary > titulo.l606c81";"yes";"no";"not-reviewed";""
"hac.modules.handoff.ficha.p.text.1.11322ef0";"txt.3d0ec90d217d";"${completion.complete} de ${completion.total} tela${completion.total === 1 ? '' : 's'} com o checklist fechado";"";"texto-interface";"html-text";"p";"src/plugin/modules/handoff-ficha.js";"614";"82";"p.text.1";"no";"no";"not-reviewed";""
"hac.modules.handoff.ficha.button.1.data.tooltip.d972554f";"txt.6db307e09131";"Todas as telas precisam ter o checklist fechado antes de finalizar";"";"texto-interface";"html-attribute:data-tooltip";"button.1";"src/plugin/modules/handoff-ficha.js";"617";"55";"button.1.data-tooltip";"yes";"no";"not-reviewed";""
"hac.modules.handoff.ficha.html.text.1.3d0963e0";"txt.071c46d7919b";"Finalizar";"";"texto-interface";"html-text";"html";"src/plugin/modules/handoff-ficha.js";"621";"55";"html.text.1";"yes";"no";"not-reviewed";""
"hac.modules.handoff.ficha.fichaopenfinalizemodal.textcontent.l640c38.d2a48545";"txt.c756e0480669";"${completion.total} tela${completion.total === 1 ? '' : 's'} documentada${completion.total === 1 ? '' : 's'}, checklist fechado em todas.";"";"texto-interface";"javascript-template";"_fichaOpenFinalizeModal > textContent";"src/plugin/modules/handoff-ficha.js";"640";"39";"_fichaOpenFinalizeModal > textContent.l640c38";"no";"no";"not-reviewed";""
"hac.modules.handoff.ficha.fichastatuscolorclass.l676c33.18951017";"txt.126b835a5091";"text-amber-600 dark:text-amber-400";"";"revisar";"javascript-string";"_fichaStatusColorClass";"src/plugin/modules/handoff-ficha.js";"676";"34";"_fichaStatusColorClass.l676c33";"yes";"no";"not-reviewed";""
"hac.modules.handoff.ficha.fichastatuscolorclass.l677c36.d4fa58a9";"txt.37d892d3de74";"text-green-600 dark:text-green-400";"";"revisar";"javascript-string";"_fichaStatusColorClass";"src/plugin/modules/handoff-ficha.js";"677";"37";"_fichaStatusColorClass.l677c36";"yes";"no";"not-reviewed";""
"hac.modules.handoff.ficha.fichastatuscolorclass.l678c10.cd1037a1";"txt.5403f52028b8";"text-slate-400 dark:text-dark-muted";"";"revisar";"javascript-string";"_fichaStatusColorClass";"src/plugin/modules/handoff-ficha.js";"678";"11";"_fichaStatusColorClass.l678c10";"yes";"no";"not-reviewed";""
"hac.modules.handoff.ficha.fichastatuscardhtml.statustext.l690c20.e4e05911";"txt.cc6d83c7de5b";"Ainda não inserida no handoff";"";"texto-interface";"javascript-string";"_fichaStatusCardHtml > statusText";"src/plugin/modules/handoff-ficha.js";"690";"21";"_fichaStatusCardHtml > statusText.l690c20";"yes";"no";"not-reviewed";""
"hac.modules.handoff.ficha.fichastatuscardhtml.l694c18.2fe8156c";"txt.5509b568f322";"${currentCount} agora, handoff tem ${count}. Clique Atualizar";"";"revisar";"javascript-template";"_fichaStatusCardHtml";"src/plugin/modules/handoff-ficha.js";"694";"19";"_fichaStatusCardHtml.l694c18";"no";"no";"not-reviewed";""
"hac.modules.handoff.ficha.html.text.1.ee6ac0fc";"txt.c9c43bc17ce2";"Editar";"";"texto-interface";"html-text";"html";"src/plugin/modules/handoff-ficha.js";"711";"53";"html.text.1";"yes";"no";"not-reviewed";""
"hac.modules.handoff.ficha.fichadashboardhtml.fichastatuscardhtml.l732c45.0366ff2d";"txt.afd410875455";"Tabulação";"";"revisar";"javascript-string";"_fichaDashboardHtml > _fichaStatusCardHtml";"src/plugin/modules/handoff-ficha.js";"732";"46";"_fichaDashboardHtml > _fichaStatusCardHtml.l732c45";"yes";"no";"not-reviewed";""
"hac.modules.handoff.ficha.fichadashboardhtml.fichastatuscardhtml.l732c63.c33834a2";"txt.d47fc639f5b8";"${n} selo${n === 1 ? '' : 's'} no handoff";"";"revisar";"javascript-template";"_fichaDashboardHtml > _fichaStatusCardHtml";"src/plugin/modules/handoff-ficha.js";"732";"64";"_fichaDashboardHtml > _fichaStatusCardHtml.l732c63";"no";"no";"not-reviewed";""
"hac.modules.handoff.ficha.fichadashboardhtml.push.l740c52.3b0a8fd8";"txt.54f46d64bf13";"Swipe";"";"revisar";"javascript-string";"_fichaDashboardHtml > push";"src/plugin/modules/handoff-ficha.js";"740";"53";"_fichaDashboardHtml > push.l740c52";"yes";"no";"not-reviewed";""
"hac.modules.handoff.ficha.fichadashboardhtml.push.l740c66.9837818e";"txt.8c7442c8396d";"${n} ${n === 1 ? 'ponto' : 'pontos'} no handoff";"";"revisar";"javascript-template";"_fichaDashboardHtml > push";"src/plugin/modules/handoff-ficha.js";"740";"67";"_fichaDashboardHtml > push.l740c66";"no";"no";"not-reviewed";""
"hac.modules.handoff.ficha.fichadashboardhtml.push.l742c51.3dd0b608";"txt.2cccdb3dac0d";"Leitor de Tela";"";"revisar";"javascript-string";"_fichaDashboardHtml > push";"src/plugin/modules/handoff-ficha.js";"742";"52";"_fichaDashboardHtml > push.l742c51";"yes";"no";"not-reviewed";""
"hac.modules.handoff.ficha.fichadashboardhtml.push.l742c74.24cefc28";"txt.dfc7268411ac";"${n} especificaç${n === 1 ? 'ão' : 'ões'} no handoff";"";"revisar";"javascript-template";"_fichaDashboardHtml > push";"src/plugin/modules/handoff-ficha.js";"742";"75";"_fichaDashboardHtml > push.l742c74";"no";"no";"not-reviewed";""
"hac.modules.handoff.ficha.fichageneratecompletehandoff.showtoast.l801c15.a76ee3e2";"txt.d863e718d64d";"O Handoff de Acessibilidade já está atualizado.";"";"mensagem-sistema";"javascript-string";"_fichaGenerateCompleteHandoff > showToast";"src/plugin/modules/handoff-ficha.js";"801";"16";"_fichaGenerateCompleteHandoff > showToast.l801c15";"yes";"no";"not-reviewed";""
"hac.modules.messages.showtoast.l215c19.a6b8f3ba";"txt.ff9f11ee0da5";"Cache limpo. Plugin reiniciado.";"";"mensagem-sistema";"javascript-string";"showToast";"src/plugin/modules/messages.js";"215";"20";"showToast.l215c19";"yes";"no";"not-reviewed";""
"hac.modules.messages.showtoast.l248c21.e03ac7a8";"txt.ee9def5f4e7e";"Cache limpo, mas não foi possível identificar seu usuário — os itens no canvas não foram removidos.";"";"mensagem-sistema";"javascript-string";"showToast";"src/plugin/modules/messages.js";"248";"22";"showToast.l248c21";"yes";"no";"not-reviewed";""
"hac.modules.messages.showtoast.l250c21.6bc69575";"txt.a3254bc61998";"Handoff removido do canvas e cache limpo. Plugin reiniciado.";"";"mensagem-sistema";"javascript-string";"showToast";"src/plugin/modules/messages.js";"250";"22";"showToast.l250c21";"yes";"no";"not-reviewed";""
"hac.modules.messages.showtoast.l252c21.c612ac94";"txt.1b3358609221";"Cache limpo. Nenhum item seu foi encontrado no canvas.";"";"mensagem-sistema";"javascript-string";"showToast";"src/plugin/modules/messages.js";"252";"22";"showToast.l252c21";"yes";"no";"not-reviewed";""
"hac.modules.messages.isa11ydetectionscan.l264c53.da50af80";"txt.fde2887d5fe4";"a11y-detection";"";"vocabulario-dominio";"javascript-string";"_isA11yDetectionScan";"src/plugin/modules/messages.js";"264";"54";"_isA11yDetectionScan.l264c53";"yes";"no";"not-reviewed";""
"hac.modules.messages.showtoast.l337c19.0f01b875";"txt.bfbb654abb01";"Especificação criada e posicionada, travada por padrão. Use o cadeado pra ajustar.";"";"mensagem-sistema";"javascript-string";"showToast";"src/plugin/modules/messages.js";"337";"20";"showToast.l337c19";"yes";"no";"not-reviewed";""
"hac.modules.messages.showtoast.l407c70.ac42ae7c";"txt.4bd3d26624ed";"Não foi possível atualizar o conector.";"";"mensagem-sistema";"javascript-string";"showToast";"src/plugin/modules/messages.js";"407";"71";"showToast.l407c70";"yes";"no";"not-reviewed";""
"hac.modules.messages.showtoast.l407c112.313a2ff7";"txt.11f9578d05e6";"error";"";"mensagem-sistema";"javascript-string";"showToast";"src/plugin/modules/messages.js";"407";"113";"showToast.l407c112";"yes";"no";"not-reviewed";""
"hac.modules.messages.showtoast.l648c21.c5f00396";"txt.c580df9d834b";"Handoff finalizado: v${msg.version}.";"";"mensagem-sistema";"javascript-template";"showToast";"src/plugin/modules/messages.js";"648";"22";"showToast.l648c21";"no";"no";"not-reviewed";""
"hac.modules.onboarding.onboarding.tools.l49c11.c74b2448";"txt.59b20428d324";"view-specifications";"";"texto-interface";"javascript-string";"ONBOARDING_TOOLS";"src/plugin/modules/onboarding.js";"49";"12";"ONBOARDING_TOOLS.l49c11";"yes";"no";"not-reviewed";""
"hac.modules.onboarding.title.l50c12.68c0774c";"txt.0f21d98f97a4";"Documentação de Acessibilidade: Web";"";"texto-interface";"javascript-string";"title";"src/plugin/modules/onboarding.js";"50";"13";"title.l50c12";"yes";"no";"not-reviewed";""
"hac.modules.onboarding.onboarding.tools.l51c11.eaae5f61";"txt.9796809f7dae";"monitor";"";"texto-interface";"javascript-string";"ONBOARDING_TOOLS";"src/plugin/modules/onboarding.js";"51";"12";"ONBOARDING_TOOLS.l51c11";"yes";"no";"not-reviewed";""
"hac.modules.onboarding.onboarding.tools.l52c12.5f39ac08";"txt.eb8656638dd7";"#005ca9";"";"texto-interface";"javascript-string";"ONBOARDING_TOOLS";"src/plugin/modules/onboarding.js";"52";"13";"ONBOARDING_TOOLS.l52c12";"yes";"no";"not-reviewed";""
"hac.modules.onboarding.onboarding.tools.l53c13.3506549a";"txt.52c8217c245d";"stepper";"";"texto-interface";"javascript-string";"ONBOARDING_TOOLS";"src/plugin/modules/onboarding.js";"53";"14";"ONBOARDING_TOOLS.l53c13";"yes";"no";"not-reviewed";""
"hac.modules.onboarding.strong.text.1.5358950c";"txt.88e1fa356c78";"Super DSC Web";"";"texto-interface";"html-text";"strong";"src/plugin/modules/onboarding.js";"54";"240";"strong.text.1";"yes";"no";"not-reviewed";""
"hac.modules.onboarding.html.text.1.2a108ed0";"txt.8f47f6d85eb1";"e do";"";"texto-interface";"html-text";"html";"src/plugin/modules/onboarding.js";"54";"262";"html.text.1";"yes";"no";"not-reviewed";""
"hac.modules.onboarding.strong.text.2.d73d186c";"txt.f6b8c99928b8";"DSC Web Angular & React";"";"texto-interface";"html-text";"strong";"src/plugin/modules/onboarding.js";"54";"276";"strong.text.2";"yes";"no";"not-reviewed";""
"hac.modules.onboarding.html.text.2.3ea29f09";"txt.2c4d848692d1";"(legado). Regras completas: lib";"";"texto-interface";"html-text";"html";"src/plugin/modules/onboarding.js";"54";"312";"html.text.2";"yes";"no";"not-reviewed";""
"hac.modules.onboarding.a.text.1.12a93180";"txt.41510f5fb2a2";"Design Acessível";"";"texto-interface";"html-text";"a";"src/plugin/modules/onboarding.js";"54";"556";"a.text.1";"yes";"no";"not-reviewed";""
"hac.modules.onboarding.strong.text.1.adf8df73";"txt.26edd591c064";"Selecionar Tela";"";"texto-interface";"html-text";"strong";"src/plugin/modules/onboarding.js";"56";"34";"strong.text.1";"yes";"no";"not-reviewed";""
"hac.modules.onboarding.strong.text.1.8ba0e5f1";"txt.2cccdb3dac0d";"Leitor de Tela";"";"texto-interface";"html-text";"strong";"src/plugin/modules/onboarding.js";"57";"31";"strong.text.1";"yes";"no";"not-reviewed";""
"hac.modules.onboarding.html.text.1.cced3f10";"txt.0b2a44986a08";", use";"";"texto-interface";"html-text";"html";"src/plugin/modules/onboarding.js";"57";"54";"html.text.1";"yes";"no";"not-reviewed";""
"hac.modules.onboarding.strong.text.2.907ed5a9";"txt.59ce6b82ca8a";"Mapeamento Automático";"";"texto-interface";"html-text";"strong";"src/plugin/modules/onboarding.js";"57";"68";"strong.text.2";"yes";"no";"not-reviewed";""
"hac.modules.onboarding.html.text.2.3d631204";"txt.c1d84bc460a0";"para o hac sugerir a categoria de cada componente, ou";"";"texto-interface";"html-text";"html";"src/plugin/modules/onboarding.js";"57";"98";"html.text.2";"yes";"no";"not-reviewed";""
"hac.modules.onboarding.strong.text.3.99def85a";"txt.6883742d7a12";"Nova spec";"";"texto-interface";"html-text";"strong";"src/plugin/modules/onboarding.js";"57";"161";"strong.text.3";"yes";"no";"not-reviewed";""
"hac.modules.onboarding.html.text.3.db3fc246";"txt.708226b76314";"para documentar do zero. Em";"";"texto-interface";"html-text";"html";"src/plugin/modules/onboarding.js";"57";"179";"html.text.3";"yes";"no";"not-reviewed";""
"hac.modules.onboarding.strong.text.4.f3fe7438";"txt.8a91797a2a4e";"Iniciar Revisão";"";"texto-interface";"html-text";"strong";"src/plugin/modules/onboarding.js";"57";"216";"strong.text.4";"yes";"no";"not-reviewed";""
"hac.modules.onboarding.strong.text.1.fdd00c32";"txt.afd410875455";"Tabulação";"";"texto-interface";"html-text";"strong";"src/plugin/modules/onboarding.js";"58";"67";"strong.text.1";"yes";"no";"not-reviewed";""
"hac.modules.onboarding.strong.text.2.55423198";"txt.2cccdb3dac0d";"Leitor de Tela";"";"texto-interface";"html-text";"strong";"src/plugin/modules/onboarding.js";"58";"95";"strong.text.2";"yes";"no";"not-reviewed";""
"hac.modules.onboarding.strong.text.3.24f45bdd";"txt.2571b7914b0b";"Handoff de Acessibilidade";"";"texto-interface";"html-text";"strong";"src/plugin/modules/onboarding.js";"58";"129";"strong.text.3";"yes";"no";"not-reviewed";""
"hac.modules.onboarding.html.text.1.ccf635ec";"txt.79b300d460ff";"(status geral e";"";"texto-interface";"html-text";"html";"src/plugin/modules/onboarding.js";"58";"163";"html.text.1";"yes";"no";"not-reviewed";""
"hac.modules.onboarding.strong.text.4.c7efe51a";"txt.7e6ecd6005d4";"Gerar handoff completo";"";"texto-interface";"html-text";"strong";"src/plugin/modules/onboarding.js";"58";"188";"strong.text.4";"yes";"no";"not-reviewed";""
"hac.modules.onboarding.strong.text.1.01f6d4fb";"txt.22f7bc03e7c4";"4 categorias";"";"texto-interface";"html-text";"strong";"src/plugin/modules/onboarding.js";"59";"46";"strong.text.1";"yes";"no";"not-reviewed";""
"hac.modules.onboarding.html.text.1.7d61db5f";"txt.e0987245abf5";": Elementos e Imagens, Estrutura da Página, Nível de Título (H1-H6, com H1 único na página) ou Elemento Decorativo. O guia";"";"texto-interface";"html-text";"html";"src/plugin/modules/onboarding.js";"59";"67";"html.text.1";"yes";"no";"not-reviewed";""
"hac.modules.onboarding.strong.text.1.82aa69c2";"txt.e96e7df9b789";"Não Documentados";"";"texto-interface";"html-text";"strong";"src/plugin/modules/onboarding.js";"60";"66";"strong.text.1";"yes";"no";"not-reviewed";""
"hac.modules.onboarding.html.text.1.58c42223";"txt.2059aa937f54";"(aba Leitor de Tela): use";"";"texto-interface";"html-text";"html";"src/plugin/modules/onboarding.js";"60";"91";"html.text.1";"yes";"no";"not-reviewed";""
"hac.modules.onboarding.strong.text.2.36bdc4c8";"txt.c0e0305535e3";"Criar spec";"";"texto-interface";"html-text";"strong";"src/plugin/modules/onboarding.js";"60";"126";"strong.text.2";"yes";"no";"not-reviewed";""
"hac.modules.onboarding.strong.text.1.a40971a3";"txt.afd410875455";"Tabulação";"";"texto-interface";"html-text";"strong";"src/plugin/modules/onboarding.js";"61";"31";"strong.text.1";"yes";"no";"not-reviewed";""
"hac.modules.onboarding.html.text.1.3c1c8ac9";"txt.e2b7dcc8c08d";", clique nos elementos em sequência ou use";"";"texto-interface";"html-text";"html";"src/plugin/modules/onboarding.js";"61";"49";"html.text.1";"yes";"no";"not-reviewed";""
"hac.modules.onboarding.strong.text.2.8e9f3364";"txt.7c48bde68314";"Gerar Automaticamente";"";"texto-interface";"html-text";"strong";"src/plugin/modules/onboarding.js";"61";"100";"strong.text.2";"yes";"no";"not-reviewed";""
"hac.modules.onboarding.html.text.2.fca3fea4";"txt.41aad5ee311d";"; o design original não é alterado.";"";"texto-interface";"html-text";"html";"src/plugin/modules/onboarding.js";"61";"130";"html.text.2";"yes";"no";"not-reviewed";""
"hac.modules.onboarding.strong.text.3.a766a793";"txt.96c2d4288e78";"Simular leitura";"";"texto-interface";"html-text";"strong";"src/plugin/modules/onboarding.js";"61";"174";"strong.text.3";"yes";"no";"not-reviewed";""
"hac.modules.onboarding.onboarding.tools.l65c11.ecbb4831";"txt.59b20428d324";"view-specifications";"";"texto-interface";"javascript-string";"ONBOARDING_TOOLS";"src/plugin/modules/onboarding.js";"65";"12";"ONBOARDING_TOOLS.l65c11";"yes";"no";"not-reviewed";""
"hac.modules.onboarding.title.l66c12.aece5dd6";"txt.29f6e86f17e2";"Documentação de Acessibilidade: Mobile";"";"texto-interface";"javascript-string";"title";"src/plugin/modules/onboarding.js";"66";"13";"title.l66c12";"yes";"no";"not-reviewed";""
"hac.modules.onboarding.onboarding.tools.l67c11.f29b57ab";"txt.b520dff52041";"smartphone";"";"texto-interface";"javascript-string";"ONBOARDING_TOOLS";"src/plugin/modules/onboarding.js";"67";"12";"ONBOARDING_TOOLS.l67c11";"yes";"no";"not-reviewed";""
"hac.modules.onboarding.onboarding.tools.l68c12.e8c2369f";"txt.eb8656638dd7";"#005ca9";"";"texto-interface";"javascript-string";"ONBOARDING_TOOLS";"src/plugin/modules/onboarding.js";"68";"13";"ONBOARDING_TOOLS.l68c12";"yes";"no";"not-reviewed";""
"hac.modules.onboarding.onboarding.tools.l69c13.06980eb8";"txt.52c8217c245d";"stepper";"";"texto-interface";"javascript-string";"ONBOARDING_TOOLS";"src/plugin/modules/onboarding.js";"69";"14";"ONBOARDING_TOOLS.l69c13";"yes";"no";"not-reviewed";""
"hac.modules.onboarding.strong.text.1.5f5b734b";"txt.5d64152f69d7";"Super DSC Mobile";"";"texto-interface";"html-text";"strong";"src/plugin/modules/onboarding.js";"70";"249";"strong.text.1";"yes";"no";"not-reviewed";""
"hac.modules.onboarding.html.text.1.8151d257";"txt.344519b7d694";"(React Native). Regras completas: lib";"";"texto-interface";"html-text";"html";"src/plugin/modules/onboarding.js";"70";"274";"html.text.1";"yes";"no";"not-reviewed";""
"hac.modules.onboarding.a.text.1.a790b7a9";"txt.41510f5fb2a2";"Design Acessível";"";"texto-interface";"html-text";"a";"src/plugin/modules/onboarding.js";"70";"524";"a.text.1";"yes";"no";"not-reviewed";""
"hac.modules.onboarding.strong.text.1.12a9d93f";"txt.26edd591c064";"Selecionar Tela";"";"texto-interface";"html-text";"strong";"src/plugin/modules/onboarding.js";"72";"34";"strong.text.1";"yes";"no";"not-reviewed";""
"hac.modules.onboarding.strong.text.1.0e761b72";"txt.2cccdb3dac0d";"Leitor de Tela";"";"texto-interface";"html-text";"strong";"src/plugin/modules/onboarding.js";"73";"31";"strong.text.1";"yes";"no";"not-reviewed";""
"hac.modules.onboarding.html.text.1.ab122648";"txt.0b2a44986a08";", use";"";"texto-interface";"html-text";"html";"src/plugin/modules/onboarding.js";"73";"54";"html.text.1";"yes";"no";"not-reviewed";""
"hac.modules.onboarding.strong.text.2.e1960f4d";"txt.59ce6b82ca8a";"Mapeamento Automático";"";"texto-interface";"html-text";"strong";"src/plugin/modules/onboarding.js";"73";"68";"strong.text.2";"yes";"no";"not-reviewed";""
"hac.modules.onboarding.html.text.2.e28e8e11";"txt.c1d84bc460a0";"para o hac sugerir a categoria de cada componente, ou";"";"texto-interface";"html-text";"html";"src/plugin/modules/onboarding.js";"73";"98";"html.text.2";"yes";"no";"not-reviewed";""
"hac.modules.onboarding.strong.text.3.350613bc";"txt.6883742d7a12";"Nova spec";"";"texto-interface";"html-text";"strong";"src/plugin/modules/onboarding.js";"73";"161";"strong.text.3";"yes";"no";"not-reviewed";""
"hac.modules.onboarding.html.text.3.4c55b45b";"txt.708226b76314";"para documentar do zero. Em";"";"texto-interface";"html-text";"html";"src/plugin/modules/onboarding.js";"73";"179";"html.text.3";"yes";"no";"not-reviewed";""
"hac.modules.onboarding.strong.text.4.d1db76f2";"txt.8a91797a2a4e";"Iniciar Revisão";"";"texto-interface";"html-text";"strong";"src/plugin/modules/onboarding.js";"73";"216";"strong.text.4";"yes";"no";"not-reviewed";""
"hac.modules.onboarding.strong.text.1.df26bbe0";"txt.afd410875455";"Tabulação";"";"texto-interface";"html-text";"strong";"src/plugin/modules/onboarding.js";"74";"67";"strong.text.1";"yes";"no";"not-reviewed";""
"hac.modules.onboarding.strong.text.2.5010d03d";"txt.8084a7df8d89";"Ordem de Leitura";"";"texto-interface";"html-text";"strong";"src/plugin/modules/onboarding.js";"74";"95";"strong.text.2";"yes";"no";"not-reviewed";""
"hac.modules.onboarding.html.text.1.2765ca4a";"txt.93f96dda170a";"(gesto de swipe, exclusivo do mobile),";"";"texto-interface";"html-text";"html";"src/plugin/modules/onboarding.js";"74";"120";"html.text.1";"yes";"no";"not-reviewed";""
"hac.modules.onboarding.strong.text.3.5125c363";"txt.2cccdb3dac0d";"Leitor de Tela";"";"texto-interface";"html-text";"strong";"src/plugin/modules/onboarding.js";"74";"168";"strong.text.3";"yes";"no";"not-reviewed";""
"hac.modules.onboarding.strong.text.4.7cb69142";"txt.2571b7914b0b";"Handoff de Acessibilidade";"";"texto-interface";"html-text";"strong";"src/plugin/modules/onboarding.js";"74";"202";"strong.text.4";"yes";"no";"not-reviewed";""
"hac.modules.onboarding.html.text.2.4441cc7a";"txt.79b300d460ff";"(status geral e";"";"texto-interface";"html-text";"html";"src/plugin/modules/onboarding.js";"74";"236";"html.text.2";"yes";"no";"not-reviewed";""
"hac.modules.onboarding.strong.text.5.015a55e1";"txt.7e6ecd6005d4";"Gerar handoff completo";"";"texto-interface";"html-text";"strong";"src/plugin/modules/onboarding.js";"74";"261";"strong.text.5";"yes";"no";"not-reviewed";""
"hac.modules.onboarding.strong.text.1.4daf269e";"txt.5aab4fec12f4";"3 categorias";"";"texto-interface";"html-text";"strong";"src/plugin/modules/onboarding.js";"75";"46";"strong.text.1";"yes";"no";"not-reviewed";""
"hac.modules.onboarding.html.text.1.58c1ad6c";"txt.ec72390df333";": Elementos e Imagens (Componente, Link ou Texto Alternativo), Títulos (marcador único ""H"", sem H1-H6) ou Elemento Decorativo. O guia";"";"texto-interface";"html-text";"html";"src/plugin/modules/onboarding.js";"75";"67";"html.text.1";"yes";"no";"not-reviewed";""
"hac.modules.onboarding.strong.text.1.8fc67653";"txt.e96e7df9b789";"Não Documentados";"";"texto-interface";"html-text";"strong";"src/plugin/modules/onboarding.js";"76";"66";"strong.text.1";"yes";"no";"not-reviewed";""
"hac.modules.onboarding.html.text.1.348fc363";"txt.2059aa937f54";"(aba Leitor de Tela): use";"";"texto-interface";"html-text";"html";"src/plugin/modules/onboarding.js";"76";"91";"html.text.1";"yes";"no";"not-reviewed";""
"hac.modules.onboarding.strong.text.2.758887c5";"txt.c0e0305535e3";"Criar spec";"";"texto-interface";"html-text";"strong";"src/plugin/modules/onboarding.js";"76";"126";"strong.text.2";"yes";"no";"not-reviewed";""
"hac.modules.onboarding.strong.text.1.ac5ded6a";"txt.afd410875455";"Tabulação";"";"texto-interface";"html-text";"strong";"src/plugin/modules/onboarding.js";"77";"31";"strong.text.1";"yes";"no";"not-reviewed";""
"hac.modules.onboarding.html.text.1.ffe2a09d";"txt.e2b7dcc8c08d";", clique nos elementos em sequência ou use";"";"texto-interface";"html-text";"html";"src/plugin/modules/onboarding.js";"77";"49";"html.text.1";"yes";"no";"not-reviewed";""
"hac.modules.onboarding.strong.text.2.39441506";"txt.7c48bde68314";"Gerar Automaticamente";"";"texto-interface";"html-text";"strong";"src/plugin/modules/onboarding.js";"77";"100";"strong.text.2";"yes";"no";"not-reviewed";""
"hac.modules.onboarding.html.text.2.749c452f";"txt.41aad5ee311d";"; o design original não é alterado.";"";"texto-interface";"html-text";"html";"src/plugin/modules/onboarding.js";"77";"130";"html.text.2";"yes";"no";"not-reviewed";""
"hac.modules.onboarding.strong.text.3.2aeb6cc1";"txt.96c2d4288e78";"Simular leitura";"";"texto-interface";"html-text";"strong";"src/plugin/modules/onboarding.js";"77";"174";"strong.text.3";"yes";"no";"not-reviewed";""
"hac.modules.onboarding.strong.text.1.ad8c9463";"txt.8084a7df8d89";"Ordem de Leitura";"";"texto-interface";"html-text";"strong";"src/plugin/modules/onboarding.js";"78";"31";"strong.text.1";"yes";"no";"not-reviewed";""
"hac.modules.onboarding.html.text.1.90cb4ec4";"txt.31a9e8c71720";", reaproveite a tabulação já mapeada ou marque os pontos com Shift+clique no canvas. Para corrigir uma trilha, use";"";"texto-interface";"html-text";"html";"src/plugin/modules/onboarding.js";"78";"56";"html.text.1";"yes";"no";"not-reviewed";""
"hac.modules.onboarding.strong.text.2.48860f0f";"txt.ec935671c416";"Editar pontos";"";"texto-interface";"html-text";"strong";"src/plugin/modules/onboarding.js";"78";"179";"strong.text.2";"yes";"no";"not-reviewed";""
"hac.modules.onboarding.html.text.1.52d10423";"txt.5a38a89d35ce";"Ver passo a passo do template oficial${richContent.stepsHeading ? `: ${richContent.stepsHeading}` : ''}";"";"texto-interface";"html-text";"html";"src/plugin/modules/onboarding.js";"172";"102";"html.text.1";"no";"no";"not-reviewed";""
"hac.modules.onboarding.span.text.1.fb3c2aca";"txt.cfd479c03f8b";"${i + 1}.";"";"texto-interface";"html-text";"span";"src/plugin/modules/onboarding.js";"178";"46";"span.text.1";"no";"no";"not-reviewed";""
"hac.modules.onboarding.html.text.2.222d96f6";"txt.8c669807335d";"`).join('')}";"";"texto-interface";"html-text";"html";"src/plugin/modules/onboarding.js";"180";"16";"html.text.2";"yes";"no";"not-reviewed";""
"hac.modules.onboarding.html.text.1.886261fb";"txt.8c669807335d";"`).join('')}";"";"texto-interface";"html-text";"html";"src/plugin/modules/onboarding.js";"226";"15";"html.text.1";"yes";"no";"not-reviewed";""
"hac.modules.onboarding.renderonboardingmodal.backgroundcolor.l246c50.86c9f58b";"txt.9c16eadc1d01";"${tool.color}1a";"";"revisar";"javascript-template";"_renderOnboardingModal > backgroundColor";"src/plugin/modules/onboarding.js";"246";"51";"_renderOnboardingModal > backgroundColor.l246c50";"no";"no";"not-reviewed";""
"hac.modules.onboarding.button.text.1.9b277a52";"txt.61c78f0b8725";"Pular";"";"texto-interface";"html-text";"button";"src/plugin/modules/onboarding.js";"263";"211";"button.text.1";"yes";"no";"not-reviewed";""
"hac.modules.onboarding.button.text.2.f98a7898";"txt.4059fcbdc2cf";"Próximo";"";"texto-interface";"html-text";"button";"src/plugin/modules/onboarding.js";"264";"182";"button.text.2";"yes";"no";"not-reviewed";""
"hac.modules.onboarding.html.text.1.f1c529ef";"txt.8c669807335d";"`).join('')}";"";"texto-interface";"html-text";"html";"src/plugin/modules/onboarding.js";"276";"227";"html.text.1";"yes";"no";"not-reviewed";""
"hac.modules.onboarding.p.text.1.53033591";"txt.124ade04d467";"Passo ${_onboardingCurrentStep + 1} de ${tool.steps.length}";"";"texto-interface";"html-text";"p";"src/plugin/modules/onboarding.js";"279";"106";"p.text.1";"no";"no";"not-reviewed";""
"hac.modules.onboarding.button.text.1.fe3681d6";"txt.61c78f0b8725";"Pular";"";"texto-interface";"html-text";"button";"src/plugin/modules/onboarding.js";"285";"211";"button.text.1";"yes";"no";"not-reviewed";""
"hac.modules.onboarding.div.text.1.4ae8febc";"txt.a6d71a21ea62";"${showBack ? '";"";"texto-interface";"html-text";"div";"src/plugin/modules/onboarding.js";"286";"44";"div.text.1";"no";"no";"not-reviewed";""
"hac.modules.onboarding.button.text.2.86161343";"txt.1505adfd7cfd";"Voltar";"";"texto-interface";"html-text";"button";"src/plugin/modules/onboarding.js";"287";"274";"button.text.2";"yes";"no";"not-reviewed";""
"hac.modules.onboarding.html.text.1.5d1767d1";"txt.8c669807335d";"`).join('')}";"";"texto-interface";"html-text";"html";"src/plugin/modules/onboarding.js";"301";"16";"html.text.1";"yes";"no";"not-reviewed";""
"hac.modules.onboarding.button.text.1.4c9750e0";"txt.1505adfd7cfd";"Voltar";"";"texto-interface";"html-text";"button";"src/plugin/modules/onboarding.js";"307";"276";"button.text.1";"yes";"no";"not-reviewed";""
"hac.modules.onboarding.button.text.2.1bdfbcda";"txt.4b820b6a16da";"Entendi";"";"texto-interface";"html-text";"button";"src/plugin/modules/onboarding.js";"308";"181";"button.text.2";"yes";"no";"not-reviewed";""
"hac.modules.swipe.path.handleswipepathcopystarted.showtoast.l26c17.193a562a";"txt.f85f13e52a84";"Não foi possível criar a cópia de trabalho. Tente novamente.";"";"mensagem-sistema";"javascript-string";"handleSwipePathCopyStarted > showToast";"src/plugin/modules/swipe-path.js";"26";"18";"handleSwipePathCopyStarted > showToast.l26c17";"yes";"no";"not-reviewed";""
"hac.modules.swipe.path.handleswipepathcopystarted.showtoast.l26c81.55cbf1cd";"txt.11f9578d05e6";"error";"";"mensagem-sistema";"javascript-string";"handleSwipePathCopyStarted > showToast";"src/plugin/modules/swipe-path.js";"26";"82";"handleSwipePathCopyStarted > showToast.l26c81";"yes";"no";"not-reviewed";""
"hac.modules.swipe.path.handleswipepathcopystarted.showtoast.l30c15.fc7c030e";"txt.460cd16f54e1";"Cópia da tela criada. Siga as instruções acima e clique nos pontos dela (segure shift, ou use marquise, pra marcar vários de uma vez).";"";"mensagem-sistema";"javascript-string";"handleSwipePathCopyStarted > showToast";"src/plugin/modules/swipe-path.js";"30";"16";"handleSwipePathCopyStarted > showToast.l30c15";"yes";"no";"not-reviewed";""
"hac.modules.swipe.path.swipepathnexttempid.l91c10.27fc9e6c";"txt.a517d81b890f";"tmp-swipe-${_swipePathTempIdSeq++}";"";"revisar";"javascript-template";"_swipePathNextTempId";"src/plugin/modules/swipe-path.js";"91";"11";"_swipePathNextTempId.l91c10";"no";"no";"not-reviewed";""
"hac.modules.swipe.path.startswipepathmanualmode.showtoast.l132c15.5e925042";"txt.684894d6b801";"A captura de Ordem de Tabulação em andamento foi cancelada.";"";"mensagem-sistema";"javascript-string";"startSwipePathManualMode > showToast";"src/plugin/modules/swipe-path.js";"132";"16";"startSwipePathManualMode > showToast.l132c15";"yes";"no";"not-reviewed";""
"hac.modules.swipe.path.startswipepathmanualmodeinner.ensurea11yprojectoriginthe.ab6bce62";"txt.7070dec2ad36";"Criando cópia de trabalho da tela…";"";"revisar";"javascript-string";"_startSwipePathManualModeInner > ensureA11yProjectOriginThen";"src/plugin/modules/swipe-path.js";"151";"77";"_startSwipePathManualModeInner > ensureA11yProjectOriginThen.l151c76";"yes";"no";"not-reviewed";""
"hac.modules.swipe.path.startswipepathfromtaborder.showtoast.l180c15.e16ebabd";"txt.c7e21c19cb30";"Esta tela ainda não tem Ordem de Tabulação com pelo menos 2 itens. Marque a trilha manualmente.";"";"mensagem-sistema";"javascript-string";"startSwipePathFromTabOrder > showToast";"src/plugin/modules/swipe-path.js";"180";"16";"startSwipePathFromTabOrder > showToast.l180c15";"yes";"no";"not-reviewed";""
"hac.modules.swipe.path.startswipepathfromtaborder.showtoast.l191c15.3b7619a5";"txt.684894d6b801";"A captura de Ordem de Tabulação em andamento foi cancelada.";"";"mensagem-sistema";"javascript-string";"startSwipePathFromTabOrder > showToast";"src/plugin/modules/swipe-path.js";"191";"16";"startSwipePathFromTabOrder > showToast.l191c15";"yes";"no";"not-reviewed";""
"hac.modules.swipe.path.startswipepathfromtaborder.ensurea11yprojectoriginthen.l.abf7b208";"txt.bc0d6a89e963";"Desenhando a trilha de swipe com os ${items.length} pontos já mapeados na Ordem de Tabulação…";"";"mensagem-sistema";"javascript-template";"startSwipePathFromTabOrder > ensureA11yProjectOriginThen";"src/plugin/modules/swipe-path.js";"202";"16";"startSwipePathFromTabOrder > ensureA11yProjectOriginThen.l202c15";"no";"no";"not-reviewed";""
"hac.modules.swipe.path.confirmgenerateswipepathfromlayers.showtoast.l224c15.07ce2390";"txt.cc01dc1179d6";"Aguarde a varredura em andamento terminar antes de iniciar outra.";"";"mensagem-sistema";"javascript-string";"_confirmGenerateSwipePathFromLayers > showToast";"src/plugin/modules/swipe-path.js";"224";"16";"_confirmGenerateSwipePathFromLayers > showToast.l224c15";"yes";"no";"not-reviewed";""
"hac.modules.swipe.path.confirmgenerateswipepathfromlayers.showtoast.l229c15.860ce656";"txt.684894d6b801";"A captura de Ordem de Tabulação em andamento foi cancelada.";"";"mensagem-sistema";"javascript-string";"_confirmGenerateSwipePathFromLayers > showToast";"src/plugin/modules/swipe-path.js";"229";"16";"_confirmGenerateSwipePathFromLayers > showToast.l229c15";"yes";"no";"not-reviewed";""
"hac.modules.swipe.path.confirmgenerateswipepathfromlayers.ensurea11yprojectorig.a7ef8d9e";"txt.e31caea10583";"Varrendo todos os componentes da tela…";"";"revisar";"javascript-string";"_confirmGenerateSwipePathFromLayers > ensureA11yProjectOriginThen";"src/plugin/modules/swipe-path.js";"238";"77";"_confirmGenerateSwipePathFromLayers > ensureA11yProjectOriginThen.l238c76";"yes";"no";"not-reviewed";""
"hac.modules.swipe.path.addswipepathitemsfromlayers.showtoast.l266c15.117d122a";"txt.69d0ae54ec82";"Nenhum componente encontrado automaticamente. A cópia da tela já está pronta para marcação manual.";"";"mensagem-sistema";"javascript-string";"addSwipePathItemsFromLayers > showToast";"src/plugin/modules/swipe-path.js";"266";"16";"addSwipePathItemsFromLayers > showToast.l266c15";"yes";"no";"not-reviewed";""
"hac.modules.swipe.path.addswipepathitemsfromlayers.showtoast.l270c15.59894fd1";"txt.41606c3a47f5";"Só 1 componente encontrado — marque a trilha manualmente (mínimo de 2 pontos).";"";"mensagem-sistema";"javascript-string";"addSwipePathItemsFromLayers > showToast";"src/plugin/modules/swipe-path.js";"270";"16";"addSwipePathItemsFromLayers > showToast.l270c15";"yes";"no";"not-reviewed";""
"hac.modules.swipe.path.addswipepathitemsfromlayers.showtoast.l279c13.3685ce5e";"txt.8c09df4dae00";"${list.length} componente${list.length === 1 ? '' : 's'} encontrado${list.length === 1 ? '' : 's'}, desenhando a trilha…";"";"mensagem-sistema";"javascript-template";"addSwipePathItemsFromLayers > showToast";"src/plugin/modules/swipe-path.js";"279";"14";"addSwipePathItemsFromLayers > showToast.l279c13";"no";"no";"not-reviewed";""
"hac.modules.swipe.path.startswipepathaddpoint.showa11ycanvasloading.l312c74.2989f231";"txt.31f4a8d0babd";"Preparando cópia de trabalho…";"";"revisar";"javascript-string";"startSwipePathAddPoint > showA11yCanvasLoading";"src/plugin/modules/swipe-path.js";"312";"75";"startSwipePathAddPoint > showA11yCanvasLoading.l312c74";"yes";"no";"not-reviewed";""
"hac.modules.swipe.path.handleswipepathcloneresolved.showtoast.l337c15.8a5c1855";"txt.04ae6b3b19e5";"Não foi possível localizar a cópia da tela no canvas. Refaça a trilha.";"";"mensagem-sistema";"javascript-string";"handleSwipePathCloneResolved > showToast";"src/plugin/modules/swipe-path.js";"337";"16";"handleSwipePathCloneResolved > showToast.l337c15";"yes";"no";"not-reviewed";""
"hac.modules.swipe.path.handleswipepathcloneresolved.showtoast.l337c89.dedbc16f";"txt.11f9578d05e6";"error";"";"mensagem-sistema";"javascript-string";"handleSwipePathCloneResolved > showToast";"src/plugin/modules/swipe-path.js";"337";"90";"handleSwipePathCloneResolved > showToast.l337c89";"yes";"no";"not-reviewed";""
"hac.modules.swipe.path.swipepathstartaddpointwait.label.l350c41.5bd9a2b3";"txt.35518a8f77ab";"[data-swipe-path-add-point-label]";"";"texto-interface";"javascript-string";"_swipePathStartAddPointWait > label";"src/plugin/modules/swipe-path.js";"350";"42";"_swipePathStartAddPointWait > label.l350c41";"yes";"no";"not-reviewed";""
"hac.modules.swipe.path.swipepathstartaddpointwait.textcontent.l354c34.9210871a";"txt.391f2e4bd258";"Concluir seleção";"";"texto-interface";"javascript-string";"_swipePathStartAddPointWait > textContent";"src/plugin/modules/swipe-path.js";"354";"35";"_swipePathStartAddPointWait > textContent.l354c34";"yes";"no";"not-reviewed";""
"hac.modules.swipe.path.swipepathstartaddpointwait.showtoast.l356c13.bd59e8b8";"txt.0d427d7e43fc";"Segure shift e clique (ou use marquise) pra marcar quantos pontos novos precisar. Clique em ""Concluir seleção"" quando terminar.";"";"mensagem-sistema";"javascript-string";"_swipePathStartAddPointWait > showToast";"src/plugin/modules/swipe-path.js";"356";"14";"_swipePathStartAddPointWait > showToast.l356c13";"yes";"no";"not-reviewed";""
"hac.modules.swipe.path.swipepathresetaddpointbutton.label.l378c41.3148dc03";"txt.35518a8f77ab";"[data-swipe-path-add-point-label]";"";"texto-interface";"javascript-string";"_swipePathResetAddPointButton > label";"src/plugin/modules/swipe-path.js";"378";"42";"_swipePathResetAddPointButton > label.l378c41";"yes";"no";"not-reviewed";""
"hac.modules.swipe.path.swipepathresetaddpointbutton.textcontent.l379c34.069a7ca1";"txt.2629163bf164";"Adicionar ponto";"";"texto-interface";"javascript-string";"_swipePathResetAddPointButton > textContent";"src/plugin/modules/swipe-path.js";"379";"35";"_swipePathResetAddPointButton > textContent.l379c34";"yes";"no";"not-reviewed";""
"hac.modules.swipe.path.openswipepathreviewmodal.instructionel.l396c49.7cd29822";"txt.131d4d736888";"a11y-swipe-path-review-instruction";"";"texto-interface";"javascript-string";"openSwipePathReviewModal > instructionEl";"src/plugin/modules/swipe-path.js";"396";"50";"openSwipePathReviewModal > instructionEl.l396c49";"yes";"no";"not-reviewed";""
"hac.modules.swipe.path.openswipepathreviewmodal.confirmtextel.l397c49.4b3c202a";"txt.ec9ecf95f7e6";"a11y-swipe-path-review-confirm-text";"";"texto-interface";"javascript-string";"openSwipePathReviewModal > confirmTextEl";"src/plugin/modules/swipe-path.js";"397";"50";"openSwipePathReviewModal > confirmTextEl.l397c49";"yes";"no";"not-reviewed";""
"hac.modules.swipe.path.openswipepathreviewmodal.textcontent.l399c40.3f6cf692";"txt.6bee6cf8bc1f";"Editar Trilha de Ordem de Leitura";"";"texto-interface";"javascript-string";"openSwipePathReviewModal > textContent";"src/plugin/modules/swipe-path.js";"399";"41";"openSwipePathReviewModal > textContent.l399c40";"yes";"no";"not-reviewed";""
"hac.modules.swipe.path.openswipepathreviewmodal.textcontent.l400c52.675e33e4";"txt.97ceda91a357";"Ajuste os pontos desta trilha: arraste para reordenar, remova ou adicione um novo ponto antes de salvar.";"";"texto-interface";"javascript-string";"openSwipePathReviewModal > textContent";"src/plugin/modules/swipe-path.js";"400";"53";"openSwipePathReviewModal > textContent.l400c52";"yes";"no";"not-reviewed";""
"hac.modules.swipe.path.openswipepathreviewmodal.textcontent.l401c52.faf0cbfc";"txt.1166c09971a6";"Salvar alterações";"";"texto-interface";"javascript-string";"openSwipePathReviewModal > textContent";"src/plugin/modules/swipe-path.js";"401";"53";"openSwipePathReviewModal > textContent.l401c52";"yes";"no";"not-reviewed";""
"hac.modules.swipe.path.openswipepathreviewmodal.textcontent.l403c40.fa9e591e";"txt.2a4c8bb6df7a";"Trilha de Ordem de Leitura";"";"texto-interface";"javascript-string";"openSwipePathReviewModal > textContent";"src/plugin/modules/swipe-path.js";"403";"41";"openSwipePathReviewModal > textContent.l403c40";"yes";"no";"not-reviewed";""
"hac.modules.swipe.path.openswipepathreviewmodal.textcontent.l404c52.8c479579";"txt.ad8c5a498d49";"Esta é a trilha marcada no canvas, já na ordem espacial resolvida automaticamente. Arraste para reordenar ou remova um ponto antes de confirmar.";"";"texto-interface";"javascript-string";"openSwipePathReviewModal > textContent";"src/plugin/modules/swipe-path.js";"404";"53";"openSwipePathReviewModal > textContent.l404c52";"yes";"no";"not-reviewed";""
"hac.modules.swipe.path.openswipepathreviewmodal.textcontent.l405c52.63062a1c";"txt.f172156528f3";"Criar trilha de ordem de leitura";"";"texto-interface";"javascript-string";"openSwipePathReviewModal > textContent";"src/plugin/modules/swipe-path.js";"405";"53";"openSwipePathReviewModal > textContent.l405c52";"yes";"no";"not-reviewed";""
"hac.modules.swipe.path.handleswipepathaccumulatedcountchanged.label.l446c43.9313f0a3";"txt.35518a8f77ab";"[data-swipe-path-add-point-label]";"";"texto-interface";"javascript-string";"handleSwipePathAccumulatedCountChanged > label";"src/plugin/modules/swipe-path.js";"446";"44";"handleSwipePathAccumulatedCountChanged > label.l446c43";"yes";"no";"not-reviewed";""
"hac.modules.swipe.path.handleswipepathaccumulatedcountchanged.l447c48.05bd34d3";"txt.3b6ad75b22a2";"Concluir seleção (${count})";"";"revisar";"javascript-template";"handleSwipePathAccumulatedCountChanged";"src/plugin/modules/swipe-path.js";"447";"49";"handleSwipePathAccumulatedCountChanged.l447c48";"no";"no";"not-reviewed";""
"hac.modules.swipe.path.handleswipepathaccumulatedcountchanged.l447c80.3d58ef4d";"txt.391f2e4bd258";"Concluir seleção";"";"revisar";"javascript-string";"handleSwipePathAccumulatedCountChanged";"src/plugin/modules/swipe-path.js";"447";"81";"handleSwipePathAccumulatedCountChanged.l447c80";"yes";"no";"not-reviewed";""
"hac.modules.swipe.path.renderswipepathpendinglist.emptyel.l504c43.565b0cf7";"txt.e5eb6ee3c284";"a11y-swipe-path-pending-empty";"";"texto-interface";"javascript-string";"_renderSwipePathPendingList > emptyEl";"src/plugin/modules/swipe-path.js";"504";"44";"_renderSwipePathPendingList > emptyEl.l504c43";"yes";"no";"not-reviewed";""
"hac.modules.swipe.path.li.1.title.e16bce57";"txt.f02bbf0ed751";"Destacar este elemento no canvas";"";"texto-interface";"html-attribute:title";"li.1";"src/plugin/modules/swipe-path.js";"514";"14";"li.1.title";"yes";"no";"not-reviewed";""
"hac.modules.swipe.path.span.1.title.7b598e4b";"txt.551fecef4579";"Arrastar para reordenar";"";"texto-interface";"html-attribute:title";"span.1";"src/plugin/modules/swipe-path.js";"522";"107";"span.1.title";"yes";"no";"not-reviewed";""
"hac.modules.swipe.path.button.1.title.30566e40";"txt.4558a56ede30";"Remover da lista";"";"texto-interface";"html-attribute:title";"button.1";"src/plugin/modules/swipe-path.js";"527";"36";"button.1.title";"yes";"no";"not-reviewed";""
"hac.modules.swipe.path.button.1.aria.label.bcba3cce";"txt.4558a56ede30";"Remover da lista";"";"acessibilidade";"html-attribute:aria-label";"button.1";"src/plugin/modules/swipe-path.js";"527";"66";"button.1.aria-label";"yes";"no";"not-reviewed";""
"hac.modules.swipe.path.li.1.title.16582ef2";"txt.f02bbf0ed751";"Destacar este elemento no canvas";"";"texto-interface";"html-attribute:title";"li.1";"src/plugin/modules/swipe-path.js";"566";"14";"li.1.title";"yes";"no";"not-reviewed";""
"hac.modules.swipe.path.span.1.title.9ca03da1";"txt.551fecef4579";"Arrastar para reordenar";"";"texto-interface";"html-attribute:title";"span.1";"src/plugin/modules/swipe-path.js";"574";"107";"span.1.title";"yes";"no";"not-reviewed";""
"hac.modules.swipe.path.button.1.title.557d4b8e";"txt.4558a56ede30";"Remover da lista";"";"texto-interface";"html-attribute:title";"button.1";"src/plugin/modules/swipe-path.js";"579";"36";"button.1.title";"yes";"no";"not-reviewed";""
"hac.modules.swipe.path.button.1.aria.label.9fde5ff0";"txt.4558a56ede30";"Remover da lista";"";"acessibilidade";"html-attribute:aria-label";"button.1";"src/plugin/modules/swipe-path.js";"579";"66";"button.1.aria-label";"yes";"no";"not-reviewed";""
"hac.modules.swipe.path.swipepathpendingdragstart.setdata.l598c33.21683778";"txt.f919d9f15290";"text/plain";"";"revisar";"javascript-string";"_swipePathPendingDragStart > setData";"src/plugin/modules/swipe-path.js";"598";"34";"_swipePathPendingDragStart > setData.l598c33";"yes";"no";"not-reviewed";""
"hac.modules.swipe.path.applyswipepathtocanvas.confirmtextel.l696c49.4907d4a7";"txt.ec9ecf95f7e6";"a11y-swipe-path-review-confirm-text";"";"texto-interface";"javascript-string";"applySwipePathToCanvas > confirmTextEl";"src/plugin/modules/swipe-path.js";"696";"50";"applySwipePathToCanvas > confirmTextEl.l696c49";"yes";"no";"not-reviewed";""
"hac.modules.swipe.path.applyswipepathtocanvas.textcontent.l698c50.43025b4e";"txt.dcabc4e51bb0";"Desenhando trilha…";"";"texto-interface";"javascript-string";"applySwipePathToCanvas > textContent";"src/plugin/modules/swipe-path.js";"698";"51";"applySwipePathToCanvas > textContent.l698c50";"yes";"no";"not-reviewed";""
"hac.modules.swipe.path.applyswipepathtocanvas.showa11ycanvasloading.l702c74.eef18db6";"txt.a466cc3d8778";"Desenhando trilha de swipe…";"";"revisar";"javascript-string";"applySwipePathToCanvas > showA11yCanvasLoading";"src/plugin/modules/swipe-path.js";"702";"75";"applySwipePathToCanvas > showA11yCanvasLoading.l702c74";"yes";"no";"not-reviewed";""
"hac.modules.swipe.path.handleswipepathcreated.showtoast.l747c48.52a77812";"txt.c51e3fc619d6";"Trilha de swipe atualizada.";"";"mensagem-sistema";"javascript-string";"handleSwipePathCreated > showToast";"src/plugin/modules/swipe-path.js";"747";"49";"handleSwipePathCreated > showToast.l747c48";"yes";"no";"not-reviewed";""
"hac.modules.swipe.path.handleswipepathcreated.showtoast.l747c80.cdea96a4";"txt.d3b2fdfb30dc";"Trilha de swipe criada.";"";"mensagem-sistema";"javascript-string";"handleSwipePathCreated > showToast";"src/plugin/modules/swipe-path.js";"747";"81";"handleSwipePathCreated > showToast.l747c80";"yes";"no";"not-reviewed";""
"hac.modules.swipe.path.handleswipepathcreatefailed.confirmtextel.l776c49.ad79631b";"txt.ec9ecf95f7e6";"a11y-swipe-path-review-confirm-text";"";"texto-interface";"javascript-string";"handleSwipePathCreateFailed > confirmTextEl";"src/plugin/modules/swipe-path.js";"776";"50";"handleSwipePathCreateFailed > confirmTextEl.l776c49";"yes";"no";"not-reviewed";""
"hac.modules.swipe.path.handleswipepathcreatefailed.l778c85.65172b89";"txt.1166c09971a6";"Salvar alterações";"";"revisar";"javascript-string";"handleSwipePathCreateFailed";"src/plugin/modules/swipe-path.js";"778";"86";"handleSwipePathCreateFailed.l778c85";"yes";"no";"not-reviewed";""
"hac.modules.swipe.path.handleswipepathcreatefailed.l778c107.9b83d4d8";"txt.e981e5871374";"Criar trilha de swipe";"";"revisar";"javascript-string";"handleSwipePathCreateFailed";"src/plugin/modules/swipe-path.js";"778";"108";"handleSwipePathCreateFailed.l778c107";"yes";"no";"not-reviewed";""
"hac.modules.swipe.path.handleswipepathcreatefailed.showtoast.l779c46.65576733";"txt.5b0baa481f2b";"Não foi possível criar a trilha de swipe.";"";"mensagem-sistema";"javascript-string";"handleSwipePathCreateFailed > showToast";"src/plugin/modules/swipe-path.js";"779";"47";"handleSwipePathCreateFailed > showToast.l779c46";"yes";"no";"not-reviewed";""
"hac.modules.swipe.path.handleswipepathcreatefailed.showtoast.l779c91.0537fdbb";"txt.11f9578d05e6";"error";"";"mensagem-sistema";"javascript-string";"handleSwipePathCreateFailed > showToast";"src/plugin/modules/swipe-path.js";"779";"92";"handleSwipePathCreateFailed > showToast.l779c91";"yes";"no";"not-reviewed";""
"hac.modules.swipe.path.deleteswipepathforarea.showtoast.l793c13.9ded84bd";"txt.08ea50662656";"Trilha de swipe removida.";"";"mensagem-sistema";"javascript-string";"deleteSwipePathForArea > showToast";"src/plugin/modules/swipe-path.js";"793";"14";"deleteSwipePathForArea > showToast.l793c13";"yes";"no";"not-reviewed";""
"hac.modules.tab.order.togglea11ytaborderaccordion.l17c53.a676bc52";"txt.14214c0e9311";"rotate(180deg)";"";"revisar";"javascript-string";"toggleA11yTabOrderAccordion";"src/plugin/modules/tab-order.js";"17";"54";"toggleA11yTabOrderAccordion.l17c53";"yes";"no";"not-reviewed";""
"hac.modules.tab.order.togglea11ytaborderaccordion.l17c72.ca339057";"txt.595c37b5a24b";"rotate(0deg)";"";"revisar";"javascript-string";"toggleA11yTabOrderAccordion";"src/plugin/modules/tab-order.js";"17";"73";"toggleA11yTabOrderAccordion.l17c72";"yes";"no";"not-reviewed";""
"hac.modules.tab.order.tabordersectionhtml.ulid.l31c16.002b7f04";"txt.9a81cd4a26ac";"tab-order-list-${uid}";"";"revisar";"javascript-template";"_tabOrderSectionHtml > ulId";"src/plugin/modules/tab-order.js";"31";"17";"_tabOrderSectionHtml > ulId.l31c16";"no";"no";"not-reviewed";""
"hac.modules.tab.order.tabordersectionhtml.areaidattr.l33c39.5f59ff97";"txt.01a2d1b3df12";"__sem_area__";"";"revisar";"javascript-string";"_tabOrderSectionHtml > areaIdAttr";"src/plugin/modules/tab-order.js";"33";"40";"_tabOrderSectionHtml > areaIdAttr.l33c39";"yes";"no";"not-reviewed";""
"hac.modules.tab.order.tabordersectionhtml.chevronstyle.l35c33.719f2870";"txt.14214c0e9311";"rotate(180deg)";"";"revisar";"javascript-string";"_tabOrderSectionHtml > chevronStyle";"src/plugin/modules/tab-order.js";"35";"34";"_tabOrderSectionHtml > chevronStyle.l35c33";"yes";"no";"not-reviewed";""
"hac.modules.tab.order.tabordersectionhtml.chevronstyle.l35c52.a9fdebdc";"txt.595c37b5a24b";"rotate(0deg)";"";"revisar";"javascript-string";"_tabOrderSectionHtml > chevronStyle";"src/plugin/modules/tab-order.js";"35";"53";"_tabOrderSectionHtml > chevronStyle.l35c52";"yes";"no";"not-reviewed";""
"hac.modules.tab.order.p.text.1.68f7f7ff";"txt.37066ca9dc6a";"Ordem de Tabulação";"";"texto-interface";"html-text";"p";"src/plugin/modules/tab-order.js";"46";"140";"p.text.1";"yes";"no";"not-reviewed";""
"hac.modules.tab.order.p.text.1.f25c11cf";"txt.37066ca9dc6a";"Ordem de Tabulação";"";"texto-interface";"html-text";"p";"src/plugin/modules/tab-order.js";"63";"134";"p.text.1";"yes";"no";"not-reviewed";""
"hac.modules.tab.order.html.text.1.5172383f";"txt.3c32a8fc7fcc";"Iniciar Ordem de Tabulação";"";"texto-interface";"html-text";"html";"src/plugin/modules/tab-order.js";"80";"84";"html.text.1";"yes";"no";"not-reviewed";""
"hac.modules.tab.order.html.text.2.c1f753b2";"txt.7834626b9215";"ou usar Mapeamento Automático";"";"texto-interface";"html-text";"html";"src/plugin/modules/tab-order.js";"86";"76";"html.text.2";"yes";"no";"not-reviewed";""
"hac.modules.tab.order.html.text.3.a934912e";"txt.f8906248d08b";"Atualizar";"";"texto-interface";"html-text";"html";"src/plugin/modules/tab-order.js";"96";"82";"html.text.3";"yes";"no";"not-reviewed";""
"hac.modules.tab.order.tabordernexttempid.l151c10.c3d3d8fa";"txt.db057214ea51";"tmp-${_tabOrderTempIdSeq++}";"";"revisar";"javascript-template";"_tabOrderNextTempId";"src/plugin/modules/tab-order.js";"151";"11";"_tabOrderNextTempId.l151c10";"no";"no";"not-reviewed";""
"hac.modules.tab.order.strong.text.1.c4e65871";"txt.a86b65253f5e";"segure Shift e clique";"";"texto-interface";"html-text";"strong";"src/plugin/modules/tab-order.js";"174";"40";"strong.text.1";"yes";"no";"not-reviewed";""
"hac.modules.tab.order.html.text.1.aaf75a8a";"txt.a0c929bccd32";"em cada elemento, na ordem em que o teclado deve navegar por eles. Ao concluir a seleção, você pode";"";"texto-interface";"html-text";"html";"src/plugin/modules/tab-order.js";"174";"70";"html.text.1";"yes";"no";"not-reviewed";""
"hac.modules.tab.order.strong.text.2.986fb46a";"txt.c10a75f19421";"arrastar para reposicionar";"";"texto-interface";"html-text";"strong";"src/plugin/modules/tab-order.js";"174";"179";"strong.text.2";"yes";"no";"not-reviewed";""
"hac.modules.tab.order.strong.text.1.55126520";"txt.a86b65253f5e";"segure Shift e clique";"";"texto-interface";"html-text";"strong";"src/plugin/modules/tab-order.js";"175";"36";"strong.text.1";"yes";"no";"not-reviewed";""
"hac.modules.tab.order.html.text.1.ad46c9b7";"txt.33284783b8ba";"em cada ponto, na ordem em que o gesto de swipe deve passar por eles. Ao concluir a seleção, você pode";"";"texto-interface";"html-text";"html";"src/plugin/modules/tab-order.js";"175";"66";"html.text.1";"yes";"no";"not-reviewed";""
"hac.modules.tab.order.strong.text.2.36046601";"txt.c10a75f19421";"arrastar para reposicionar";"";"texto-interface";"html-text";"strong";"src/plugin/modules/tab-order.js";"175";"178";"strong.text.2";"yes";"no";"not-reviewed";""
"hac.modules.tab.order.starttabordermanualmode.warn.l184c18.32532ce3";"txt.c577b6f32c24";"[hac] startTabOrderManualMode: areaId ou targetNodeId ausente.";"";"diagnostico-tecnico";"javascript-string";"startTabOrderManualMode > warn";"src/plugin/modules/tab-order.js";"184";"19";"startTabOrderManualMode > warn.l184c18";"yes";"no";"not-reviewed";""
"hac.modules.tab.order.starttabordermanualmode.showtoast.l185c15.990e70a7";"txt.9c6ebf93bed1";"Selecione uma tela antes de iniciar a ordem de tabulação.";"";"mensagem-sistema";"javascript-string";"startTabOrderManualMode > showToast";"src/plugin/modules/tab-order.js";"185";"16";"startTabOrderManualMode > showToast.l185c15";"yes";"no";"not-reviewed";""
"hac.modules.tab.order.rendera11yinstructioncontent.content.l214c58.7e02d738";"txt.d5d4cd07616a";"undefined";"";"texto-interface";"javascript-string";"_renderA11yInstructionContent > content";"src/plugin/modules/tab-order.js";"214";"59";"_renderA11yInstructionContent > content.l214c58";"yes";"no";"not-reviewed";""
"hac.modules.tab.order.rendera11yinstructioncontent.instructionsheading.l228c83.cb992f65";"txt.1f2a81b20d38";"Instruções sobre a documentação";"";"revisar";"javascript-string";"_renderA11yInstructionContent > instructionsHeading";"src/plugin/modules/tab-order.js";"228";"84";"_renderA11yInstructionContent > instructionsHeading.l228c83";"yes";"no";"not-reviewed";""
"hac.modules.tab.order.rendera11yinstructioncontent.stepsheading.l251c58.849cd65b";"txt.b9f77d39a810";"Como fazer";"";"revisar";"javascript-string";"_renderA11yInstructionContent > stepsHeading";"src/plugin/modules/tab-order.js";"251";"59";"_renderA11yInstructionContent > stepsHeading.l251c58";"yes";"no";"not-reviewed";""
"hac.modules.tab.order.strong.text.1.56fc6209";"txt.5616068168ac";"${escapeHtml(boldMatch[1])}:";"";"texto-interface";"html-text";"strong";"src/plugin/modules/tab-order.js";"268";"24";"strong.text.1";"no";"no";"not-reviewed";""
"hac.modules.tab.order.html.text.1.3df6f1dd";"txt.6f531db0f681";"${boldMatch[2].includes('";"";"texto-interface";"html-text";"html";"src/plugin/modules/tab-order.js";"268";"61";"html.text.1";"no";"no";"not-reviewed";""
"hac.modules.tab.order.li.text.1.5ccce0d3";"txt.b1d7b857b58a";"${s.includes('";"";"texto-interface";"html-text";"li";"src/plugin/modules/tab-order.js";"269";"16";"li.text.1";"no";"no";"not-reviewed";""
"hac.modules.tab.order.title.l285c10.1312e3b5";"txt.62eedde4a36c";"a11y-instruction-modal-title-text";"";"texto-interface";"javascript-string";"title";"src/plugin/modules/tab-order.js";"285";"11";"title.l285c10";"yes";"no";"not-reviewed";""
"hac.modules.tab.order.a11y.instruction.modal.ids.l286c22.1e6697a8";"txt.918747d151c4";"a11y-instruction-modal-instructions-block";"";"vocabulario-dominio";"javascript-string";"A11Y_INSTRUCTION_MODAL_IDS";"src/plugin/modules/tab-order.js";"286";"23";"A11Y_INSTRUCTION_MODAL_IDS.l286c22";"yes";"no";"not-reviewed";""
"hac.modules.tab.order.instructionsheading.l287c24.1bcbcafd";"txt.cb829d6cfa30";"a11y-instruction-modal-instructions-heading";"";"texto-interface";"javascript-string";"instructionsHeading";"src/plugin/modules/tab-order.js";"287";"25";"instructionsHeading.l287c24";"yes";"no";"not-reviewed";""
"hac.modules.tab.order.instructionsbody.l288c21.833d230c";"txt.6f32566db39e";"a11y-instruction-modal-instructions-body";"";"texto-interface";"javascript-string";"instructionsBody";"src/plugin/modules/tab-order.js";"288";"22";"instructionsBody.l288c21";"yes";"no";"not-reviewed";""
"hac.modules.tab.order.stepsheading.l289c17.98e61407";"txt.0be1d473f4a8";"a11y-instruction-modal-steps-heading";"";"texto-interface";"javascript-string";"stepsHeading";"src/plugin/modules/tab-order.js";"289";"18";"stepsHeading.l289c17";"yes";"no";"not-reviewed";""
"hac.modules.tab.order.a11y.instruction.modal.ids.l290c10.409c3565";"txt.dc3a4dd357a3";"a11y-instruction-modal-steps";"";"vocabulario-dominio";"javascript-string";"A11Y_INSTRUCTION_MODAL_IDS";"src/plugin/modules/tab-order.js";"290";"11";"A11Y_INSTRUCTION_MODAL_IDS.l290c10";"yes";"no";"not-reviewed";""
"hac.modules.tab.order.a11y.instruction.modal.ids.l291c15.cda5961e";"txt.f41921b9dbfd";"a11y-instruction-modal-steps-block";"";"vocabulario-dominio";"javascript-string";"A11Y_INSTRUCTION_MODAL_IDS";"src/plugin/modules/tab-order.js";"291";"16";"A11Y_INSTRUCTION_MODAL_IDS.l291c15";"yes";"no";"not-reviewed";""
"hac.modules.tab.order.opena11yinstructionmanually.textcontent.l317c46.ee045438";"txt.438f5ae0e533";"Entendi, começar seleção";"";"texto-interface";"javascript-string";"openA11yInstructionManually > textContent";"src/plugin/modules/tab-order.js";"317";"47";"openA11yInstructionManually > textContent.l317c46";"yes";"no";"not-reviewed";""
"hac.modules.tab.order.opena11yinstructionthenstart.seenkey.l366c41.773f5f96";"txt.42d0c951eed5";"a11ySwipeInstructionSeen";"";"revisar";"javascript-string";"openA11yInstructionThenStart > seenKey";"src/plugin/modules/tab-order.js";"366";"42";"openA11yInstructionThenStart > seenKey.l366c41";"yes";"no";"not-reviewed";""
"hac.modules.tab.order.opena11yinstructionthenstart.seenkey.l366c70.ebe42439";"txt.2903f175ce5b";"a11yTabulacaoInstructionSeen";"";"revisar";"javascript-string";"openA11yInstructionThenStart > seenKey";"src/plugin/modules/tab-order.js";"366";"71";"openA11yInstructionThenStart > seenKey.l366c70";"yes";"no";"not-reviewed";""
"hac.modules.tab.order.opena11yinstructionthenstart.warn.l378c18.888871e7";"txt.320adb1c8c41";"[hac] openA11yInstructionThenStart: _renderA11yInstructionModal retornou false para feature=";"";"diagnostico-tecnico";"javascript-string";"openA11yInstructionThenStart > warn";"src/plugin/modules/tab-order.js";"378";"19";"openA11yInstructionThenStart > warn.l378c18";"yes";"no";"not-reviewed";""
"hac.modules.tab.order.opena11yinstructionthenstart.warn.l378c123.5237d046";"txt.a202a877a528";"— modal não será aberto, captura não iniciará.";"";"diagnostico-tecnico";"javascript-string";"openA11yInstructionThenStart > warn";"src/plugin/modules/tab-order.js";"378";"124";"openA11yInstructionThenStart > warn.l378c123";"yes";"no";"not-reviewed";""
"hac.modules.tab.order.opena11yinstructionthenstart.l395c60.3dca47ad";"txt.8108a85ad248";"Entendi, adicionar itens";"";"revisar";"javascript-string";"openA11yInstructionThenStart";"src/plugin/modules/tab-order.js";"395";"61";"openA11yInstructionThenStart.l395c60";"yes";"no";"not-reviewed";""
"hac.modules.tab.order.opena11yinstructionthenstart.l395c89.3929cbc2";"txt.438f5ae0e533";"Entendi, começar seleção";"";"revisar";"javascript-string";"openA11yInstructionThenStart";"src/plugin/modules/tab-order.js";"395";"90";"openA11yInstructionThenStart.l395c89";"yes";"no";"not-reviewed";""
"hac.modules.tab.order.confirma11yinstructionmodal.warn.l422c18.00d65398";"txt.254ec3aef951";"[hac] _confirmA11yInstructionModal: nenhum callback pendente ao confirmar — modal fechado sem iniciar nenhuma captura.";"";"diagnostico-tecnico";"javascript-string";"_confirmA11yInstructionModal > warn";"src/plugin/modules/tab-order.js";"422";"19";"_confirmA11yInstructionModal > warn.l422c18";"yes";"no";"not-reviewed";""
"hac.modules.tab.order.starttabordermanualmodeinner.showtoast.l456c15.cd541f2b";"txt.ee83f475e335";"A captura de Trilha de Swipe em andamento foi cancelada.";"";"mensagem-sistema";"javascript-string";"_startTabOrderManualModeInner > showToast";"src/plugin/modules/tab-order.js";"456";"16";"_startTabOrderManualModeInner > showToast.l456c15";"yes";"no";"not-reviewed";""
"hac.modules.tab.order.starttabordermanualmodeinner.ensurea11yprojectoriginthen.1e677b8e";"txt.7070dec2ad36";"Criando cópia de trabalho da tela…";"";"revisar";"javascript-string";"_startTabOrderManualModeInner > ensureA11yProjectOriginThen";"src/plugin/modules/tab-order.js";"474";"77";"_startTabOrderManualModeInner > ensureA11yProjectOriginThen.l474c76";"yes";"no";"not-reviewed";""
"hac.modules.tab.order.handletabordercopystarted.showtoast.l499c17.0d357c54";"txt.f85f13e52a84";"Não foi possível criar a cópia de trabalho. Tente novamente.";"";"mensagem-sistema";"javascript-string";"handleTabOrderCopyStarted > showToast";"src/plugin/modules/tab-order.js";"499";"18";"handleTabOrderCopyStarted > showToast.l499c17";"yes";"no";"not-reviewed";""
"hac.modules.tab.order.handletabordercopystarted.showtoast.l499c81.f12ca062";"txt.11f9578d05e6";"error";"";"mensagem-sistema";"javascript-string";"handleTabOrderCopyStarted > showToast";"src/plugin/modules/tab-order.js";"499";"82";"handleTabOrderCopyStarted > showToast.l499c81";"yes";"no";"not-reviewed";""
"hac.modules.tab.order.handletabordercopystarted.showtoast.l504c15.f1ec1eb0";"txt.5c31d05d4719";"Cópia da tela criada. Siga as instruções acima e clique nos elementos dela (segure shift, ou use marquise, pra marcar vários de uma vez).";"";"mensagem-sistema";"javascript-string";"handleTabOrderCopyStarted > showToast";"src/plugin/modules/tab-order.js";"504";"16";"handleTabOrderCopyStarted > showToast.l504c15";"yes";"no";"not-reviewed";""
"hac.modules.tab.order.starttaborderadditemsfromcard.showa11ycanvasloading.l603.49b9e38b";"txt.31f4a8d0babd";"Preparando cópia de trabalho…";"";"revisar";"javascript-string";"startTabOrderAddItemsFromCard > showA11yCanvasLoading";"src/plugin/modules/tab-order.js";"603";"75";"startTabOrderAddItemsFromCard > showA11yCanvasLoading.l603c74";"yes";"no";"not-reviewed";""
"hac.modules.tab.order.handletabordercloneresolved.showtoast.l627c15.4a0dcdc3";"txt.06103afa8975";"Não foi possível localizar a tela no canvas. Selecione novamente.";"";"mensagem-sistema";"javascript-string";"handleTabOrderCloneResolved > showToast";"src/plugin/modules/tab-order.js";"627";"16";"handleTabOrderCloneResolved > showToast.l627c15";"yes";"no";"not-reviewed";""
"hac.modules.tab.order.starttaborderadditemwait.label.l659c41.65bc1fd3";"txt.bb18c408f37b";"[data-tab-order-add-item-label]";"";"texto-interface";"javascript-string";"startTabOrderAddItemWait > label";"src/plugin/modules/tab-order.js";"659";"42";"startTabOrderAddItemWait > label.l659c41";"yes";"no";"not-reviewed";""
"hac.modules.tab.order.starttaborderadditemwait.textcontent.l662c34.350b4bc6";"txt.391f2e4bd258";"Concluir seleção";"";"texto-interface";"javascript-string";"startTabOrderAddItemWait > textContent";"src/plugin/modules/tab-order.js";"662";"35";"startTabOrderAddItemWait > textContent.l662c34";"yes";"no";"not-reviewed";""
"hac.modules.tab.order.starttaborderadditemwait.showtoast.l664c13.8fd0c30b";"txt.8952515fcc8f";"Segure shift e clique (ou use marquise) pra marcar quantos elementos novos precisar. Clique em ""Concluir seleção"" quando terminar.";"";"mensagem-sistema";"javascript-string";"startTabOrderAddItemWait > showToast";"src/plugin/modules/tab-order.js";"664";"14";"startTabOrderAddItemWait > showToast.l664c13";"yes";"no";"not-reviewed";""
"hac.modules.tab.order.taborderresetadditembutton.label.l681c41.da758456";"txt.bb18c408f37b";"[data-tab-order-add-item-label]";"";"texto-interface";"javascript-string";"_tabOrderResetAddItemButton > label";"src/plugin/modules/tab-order.js";"681";"42";"_tabOrderResetAddItemButton > label.l681c41";"yes";"no";"not-reviewed";""
"hac.modules.tab.order.taborderresetadditembutton.textcontent.l682c34.23231a2a";"txt.7e1d0b3dc865";"Adicionar item";"";"texto-interface";"javascript-string";"_tabOrderResetAddItemButton > textContent";"src/plugin/modules/tab-order.js";"682";"35";"_tabOrderResetAddItemButton > textContent.l682c34";"yes";"no";"not-reviewed";""
"hac.modules.tab.order.handletaborderaccumulatedcountchanged.label.l716c43.2ffc9e7b";"txt.bb18c408f37b";"[data-tab-order-add-item-label]";"";"texto-interface";"javascript-string";"handleTabOrderAccumulatedCountChanged > label";"src/plugin/modules/tab-order.js";"716";"44";"handleTabOrderAccumulatedCountChanged > label.l716c43";"yes";"no";"not-reviewed";""
"hac.modules.tab.order.handletaborderaccumulatedcountchanged.l717c48.493e2787";"txt.3b6ad75b22a2";"Concluir seleção (${count})";"";"revisar";"javascript-template";"handleTabOrderAccumulatedCountChanged";"src/plugin/modules/tab-order.js";"717";"49";"handleTabOrderAccumulatedCountChanged.l717c48";"no";"no";"not-reviewed";""
"hac.modules.tab.order.handletaborderaccumulatedcountchanged.l717c80.51173f2f";"txt.391f2e4bd258";"Concluir seleção";"";"revisar";"javascript-string";"handleTabOrderAccumulatedCountChanged";"src/plugin/modules/tab-order.js";"717";"81";"handleTabOrderAccumulatedCountChanged.l717c80";"yes";"no";"not-reviewed";""
"hac.modules.tab.order.rendertaborderpendinglist.emptyel.l813c43.20e2bbd8";"txt.a295a6f33b81";"a11y-tab-order-pending-empty";"";"texto-interface";"javascript-string";"_renderTabOrderPendingList > emptyEl";"src/plugin/modules/tab-order.js";"813";"44";"_renderTabOrderPendingList > emptyEl.l813c43";"yes";"no";"not-reviewed";""
"hac.modules.tab.order.span.1.title.52874548";"txt.551fecef4579";"Arrastar para reordenar";"";"texto-interface";"html-attribute:title";"span.1";"src/plugin/modules/tab-order.js";"832";"107";"span.1.title";"yes";"no";"not-reviewed";""
"hac.modules.tab.order.html.text.1.f229009f";"txt.06dce34c4858";"${it.drawFailed ? '";"";"texto-interface";"html-text";"html";"src/plugin/modules/tab-order.js";"836";"157";"html.text.1";"no";"no";"not-reviewed";""
"hac.modules.tab.order.i.2.title.cf72b9a7";"txt.e5e3160e78e5";"Selo não desenhado";"";"texto-interface";"html-attribute:title";"i.2";"src/plugin/modules/tab-order.js";"837";"107";"i.2.title";"yes";"no";"not-reviewed";""
"hac.modules.tab.order.button.1.title.e10c433c";"txt.4558a56ede30";"Remover da lista";"";"texto-interface";"html-attribute:title";"button.1";"src/plugin/modules/tab-order.js";"838";"36";"button.1.title";"yes";"no";"not-reviewed";""
"hac.modules.tab.order.button.1.aria.label.fc137b05";"txt.4558a56ede30";"Remover da lista";"";"acessibilidade";"html-attribute:aria-label";"button.1";"src/plugin/modules/tab-order.js";"838";"66";"button.1.aria-label";"yes";"no";"not-reviewed";""
"hac.modules.tab.order.taborderpendingdragstart.setdata.l855c33.e6258095";"txt.f919d9f15290";"text/plain";"";"revisar";"javascript-string";"_tabOrderPendingDragStart > setData";"src/plugin/modules/tab-order.js";"855";"34";"_tabOrderPendingDragStart > setData.l855c33";"yes";"no";"not-reviewed";""
"hac.modules.tab.order.handletaborderbadgedrawfailed.showtoast.l960c15.29ff8fc1";"txt.f4e6b07de653";"Não foi possível desenhar o selo deste item. Remova e adicione novamente.";"";"mensagem-sistema";"javascript-string";"handleTabOrderBadgeDrawFailed > showToast";"src/plugin/modules/tab-order.js";"960";"16";"handleTabOrderBadgeDrawFailed > showToast.l960c15";"yes";"no";"not-reviewed";""
"hac.modules.tab.order.canceltaborderreview.showtoast.l1025c15.19b8a5b4";"txt.3fe1364245e4";"Cancelando a varredura em andamento…";"";"mensagem-sistema";"javascript-string";"cancelTabOrderReview > showToast";"src/plugin/modules/tab-order.js";"1025";"16";"cancelTabOrderReview > showToast.l1025c15";"yes";"no";"not-reviewed";""
"hac.modules.tab.order.settimeout.l1035c21.e3357f28";"txt.6e095c709e3a";"[hac] cancelTabOrderReview: limpeza da cópia rascunho forçada após timeout — o loop de desenho automático não sinalizou o fim a tempo.";"";"diagnostico-tecnico";"javascript-string";"setTimeout";"src/plugin/modules/tab-order.js";"1035";"22";"setTimeout.l1035c21";"yes";"no";"not-reviewed";""
"hac.modules.tab.order.applytabordertocanvas.showa11ycanvasloading.l1109c48.65d165fd";"txt.63caadcb2fc2";"Desenhando 1 de ${list.length}...";"";"revisar";"javascript-template";"applyTabOrderToCanvas > showA11yCanvasLoading";"src/plugin/modules/tab-order.js";"1109";"49";"applyTabOrderToCanvas > showA11yCanvasLoading.l1109c48";"no";"no";"not-reviewed";""
"hac.modules.tab.order.applytabordertocanvas.textcontent.l1114c42.2601f4c5";"txt.97a8b7432bd3";"Desenhando ${i + 1} de ${list.length}...";"";"texto-interface";"javascript-template";"applyTabOrderToCanvas > textContent";"src/plugin/modules/tab-order.js";"1114";"43";"applyTabOrderToCanvas > textContent.l1114c42";"no";"no";"not-reviewed";""
"hac.modules.tab.order.loadingtext.l1116c51.b3d5ad7e";"txt.bb59cd7d4842";"a11y-post-area-loading-text";"";"texto-interface";"javascript-string";"loadingText";"src/plugin/modules/tab-order.js";"1116";"52";"loadingText.l1116c51";"yes";"no";"not-reviewed";""
"hac.modules.tab.order.applytabordertocanvas.textcontent.l1117c50.f322fe04";"txt.97a8b7432bd3";"Desenhando ${i + 1} de ${list.length}...";"";"texto-interface";"javascript-template";"applyTabOrderToCanvas > textContent";"src/plugin/modules/tab-order.js";"1117";"51";"applyTabOrderToCanvas > textContent.l1117c50";"no";"no";"not-reviewed";""
"hac.modules.tab.order.applytabordertocanvas.textcontent.l1130c71.33fa92eb";"txt.8ee77246e09e";"Criar ordem de tabulação";"";"texto-interface";"javascript-string";"applyTabOrderToCanvas > textContent";"src/plugin/modules/tab-order.js";"1130";"72";"applyTabOrderToCanvas > textContent.l1130c71";"yes";"no";"not-reviewed";""
"hac.modules.tab.order.applytabordertocanvas.showtoast.l1131c15.58bc4847";"txt.da59cc444063";"Não foi possível desenhar nenhum selo. Tente novamente.";"";"mensagem-sistema";"javascript-string";"applyTabOrderToCanvas > showToast";"src/plugin/modules/tab-order.js";"1131";"16";"applyTabOrderToCanvas > showToast.l1131c15";"yes";"no";"not-reviewed";""
"hac.modules.tab.order.applytabordertocanvas.showtoast.l1153c7.397f0ff4";"txt.c32a3718c4b2";"Ordem de tabulação concluída: ${failedCount} ${failedCount === 1 ? 'item falhou' : 'itens falharam'} ao desenhar e ${failedCount === 1 ? 'foi excluído' : 'foram excluídos'}.";"";"mensagem-sistema";"javascript-template";"applyTabOrderToCanvas > showToast";"src/plugin/modules/tab-order.js";"1153";"8";"applyTabOrderToCanvas > showToast.l1153c7";"no";"no";"not-reviewed";""
"hac.modules.tab.order.applytabordertocanvas.showtoast.l1154c7.6cf72684";"txt.e213ad1b5d19";"Ordem de tabulação concluída.";"";"mensagem-sistema";"javascript-string";"applyTabOrderToCanvas > showToast";"src/plugin/modules/tab-order.js";"1154";"8";"applyTabOrderToCanvas > showToast.l1154c7";"yes";"no";"not-reviewed";""
"hac.modules.tab.order.currenttaborderitems.l1171c18.67623740";"txt.01a2d1b3df12";"__sem_area__";"";"revisar";"javascript-string";"_currentTabOrderItems";"src/plugin/modules/tab-order.js";"1171";"19";"_currentTabOrderItems.l1171c18";"yes";"no";"not-reviewed";""
"hac.modules.tab.order.confirmgeneratetaborderfromlayers.showtoast.l1218c15.b2782c9f";"txt.cc01dc1179d6";"Aguarde a varredura em andamento terminar antes de iniciar outra.";"";"mensagem-sistema";"javascript-string";"_confirmGenerateTabOrderFromLayers > showToast";"src/plugin/modules/tab-order.js";"1218";"16";"_confirmGenerateTabOrderFromLayers > showToast.l1218c15";"yes";"no";"not-reviewed";""
"hac.modules.tab.order.confirmgeneratetaborderfromlayers.ensurea11yprojectorigi.4bc4f8fa";"txt.131f2d379004";"Varrendo elementos interativos da tela…";"";"revisar";"javascript-string";"_confirmGenerateTabOrderFromLayers > ensureA11yProjectOriginThen";"src/plugin/modules/tab-order.js";"1236";"77";"_confirmGenerateTabOrderFromLayers > ensureA11yProjectOriginThen.l1236c76";"yes";"no";"not-reviewed";""
"hac.modules.tab.order.addtaborderitemsfromlayers.showtoast.l1310c15.3753fc94";"txt.2c2b42994395";"Nenhum elemento interativo encontrado automaticamente. A cópia da tela já está pronta para marcação manual (""+ Adicionar item"").";"";"mensagem-sistema";"javascript-string";"addTabOrderItemsFromLayers > showToast";"src/plugin/modules/tab-order.js";"1310";"16";"addTabOrderItemsFromLayers > showToast.l1310c15";"yes";"no";"not-reviewed";""
"hac.modules.tab.order.addtaborderitemsfromlayers.showtoast.l1314c13.c55546e1";"txt.ad3c545a7c20";"${window._tabOrderPendingList.length} elemento${window._tabOrderPendingList.length === 1 ? '' : 's'} encontrado${window._tabOrderPendingList.length === 1 ? '' : 's'}, desenhando no canvas…";"";"mensagem-sistema";"javascript-template";"addTabOrderItemsFromLayers > showToast";"src/plugin/modules/tab-order.js";"1314";"14";"addTabOrderItemsFromLayers > showToast.l1314c13";"no";"no";"not-reviewed";""
"hac.modules.tab.order.rendertaborderlistforarea.readonly.l1373c31.cd890329";"txt.01a2d1b3df12";"__sem_area__";"";"revisar";"javascript-string";"_renderTabOrderListForArea > readOnly";"src/plugin/modules/tab-order.js";"1373";"32";"_renderTabOrderListForArea > readOnly.l1373c31";"yes";"no";"not-reviewed";""
"hac.modules.tab.order.li.text.1.f2f4060b";"txt.21c4e1c641f2";"${readOnly ? '' : `";"";"texto-interface";"html-text";"li";"src/plugin/modules/tab-order.js";"1382";"45";"li.text.1";"no";"no";"not-reviewed";""
"hac.modules.tab.order.span.1.title.4c479803";"txt.551fecef4579";"Arrastar para reordenar";"";"texto-interface";"html-attribute:title";"span.1";"src/plugin/modules/tab-order.js";"1383";"126";"span.1.title";"yes";"no";"not-reviewed";""
"hac.modules.tab.order.button.1.title.0fcbf5df";"txt.08f002c56c5f";"Focar no canvas";"";"texto-interface";"html-attribute:title";"button.1";"src/plugin/modules/tab-order.js";"1388";"36";"button.1.title";"yes";"no";"not-reviewed";""
"hac.modules.tab.order.button.1.aria.label.62b877af";"txt.08f002c56c5f";"Focar no canvas";"";"acessibilidade";"html-attribute:aria-label";"button.1";"src/plugin/modules/tab-order.js";"1388";"65";"button.1.aria-label";"yes";"no";"not-reviewed";""
"hac.modules.tab.order.button.2.title.e4699733";"txt.1e5dc8148ae0";"Remover da ordem de tabulação";"";"texto-interface";"html-attribute:title";"button.2";"src/plugin/modules/tab-order.js";"1393";"36";"button.2.title";"yes";"no";"not-reviewed";""
"hac.modules.tab.order.button.2.aria.label.b4a77666";"txt.1e5dc8148ae0";"Remover da ordem de tabulação";"";"acessibilidade";"html-attribute:aria-label";"button.2";"src/plugin/modules/tab-order.js";"1393";"79";"button.2.aria-label";"yes";"no";"not-reviewed";""
"hac.modules.tab.order.taborderdragstart.setdata.l1409c33.1f352699";"txt.f919d9f15290";"text/plain";"";"revisar";"javascript-string";"_tabOrderDragStart > setData";"src/plugin/modules/tab-order.js";"1409";"34";"_tabOrderDragStart > setData.l1409c33";"yes";"no";"not-reviewed";""
"hac.modules.tab.order.updatetabordernumbering.showtoast.l1487c15.437b7aed";"txt.ab983b5bb8a4";"A ordem já está atualizada no canvas.";"";"mensagem-sistema";"javascript-string";"updateTabOrderNumbering > showToast";"src/plugin/modules/tab-order.js";"1487";"16";"updateTabOrderNumbering > showToast.l1487c15";"yes";"no";"not-reviewed";""
"hac.modules.tab.order.updatetabordernumbering.showtoast.l1495c13.dec8886d";"txt.e8501468eb9b";"Ordem atualizada no canvas.";"";"mensagem-sistema";"javascript-string";"updateTabOrderNumbering > showToast";"src/plugin/modules/tab-order.js";"1495";"14";"updateTabOrderNumbering > showToast.l1495c13";"yes";"no";"not-reviewed";""
"hac.modules.tab.order.tabordernarrationphrase.name.l1527c71.45105247";"txt.471e5451c9f0";"Unnamed element";"";"revisar";"javascript-string";"_tabOrderNarrationPhrase > name";"src/plugin/modules/tab-order.js";"1527";"72";"_tabOrderNarrationPhrase > name.l1527c71";"yes";"no";"not-reviewed";""
"hac.modules.tab.order.tabordernarrationphrase.name.l1527c91.3e49ad4e";"txt.705f2024b9fa";"Elemento sem nome";"";"revisar";"javascript-string";"_tabOrderNarrationPhrase > name";"src/plugin/modules/tab-order.js";"1527";"92";"_tabOrderNarrationPhrase > name.l1527c91";"yes";"no";"not-reviewed";""
"hac.modules.tab.order.tabordernarrationphrase.labels.l1528c27.5e5eeead";"txt.094b0fe0e302";"en";"";"texto-interface";"javascript-string";"_tabOrderNarrationPhrase > labels";"src/plugin/modules/tab-order.js";"1528";"28";"_tabOrderNarrationPhrase > labels.l1528c27";"yes";"no";"not-reviewed";""
"hac.modules.tab.order.tabordernarrationphrase.l1530c22.b2cd1743";"txt.07d82dabc91f";"${typeLabel}, ${name}";"";"revisar";"javascript-template";"_tabOrderNarrationPhrase";"src/plugin/modules/tab-order.js";"1530";"23";"_tabOrderNarrationPhrase.l1530c22";"no";"no";"not-reviewed";""
"hac.modules.tab.order.settabordernarrationbuttonstate.toggle.l1544c24.2abf3199";"txt.150dc4530095";"dark:text-red-400";"";"revisar";"javascript-string";"_setTabOrderNarrationButtonState > toggle";"src/plugin/modules/tab-order.js";"1544";"25";"_setTabOrderNarrationButtonState > toggle.l1544c24";"yes";"no";"not-reviewed";""
"hac.modules.tab.order.settabordernarrationbuttonstate.toggle.l1546c24.77169313";"txt.1a422188de26";"dark:text-dark-muted";"";"revisar";"javascript-string";"_setTabOrderNarrationButtonState > toggle";"src/plugin/modules/tab-order.js";"1546";"25";"_setTabOrderNarrationButtonState > toggle.l1546c24";"yes";"no";"not-reviewed";""
"hac.modules.tab.order.tabordernarrationadvance.l1589c36.0a9c64a9";"txt.1080c8fd6427";"en-US";"";"revisar";"javascript-string";"_tabOrderNarrationAdvance";"src/plugin/modules/tab-order.js";"1589";"37";"_tabOrderNarrationAdvance.l1589c36";"yes";"no";"not-reviewed";""
"hac.modules.tab.order.tabordernarrationadvance.l1589c46.15063833";"txt.c697295ffaba";"pt-BR";"";"revisar";"javascript-string";"_tabOrderNarrationAdvance";"src/plugin/modules/tab-order.js";"1589";"47";"_tabOrderNarrationAdvance.l1589c46";"yes";"no";"not-reviewed";""
"hac.modules.tab.order.handletabordernarrationresolved.showtoast.l1622c15.8de2178a";"txt.6c49fda70f95";"Nenhum elemento na Ordem de Tabulação para narrar.";"";"mensagem-sistema";"javascript-string";"_handleTabOrderNarrationResolved > showToast";"src/plugin/modules/tab-order.js";"1622";"16";"_handleTabOrderNarrationResolved > showToast.l1622c15";"yes";"no";"not-reviewed";""
"hac.modules.tab.order.toggletabordernarration.showtoast.l1640c15.6df47637";"txt.46d15ae6a92e";"Simulação de leitura por voz não está disponível neste ambiente.";"";"mensagem-sistema";"javascript-string";"toggleTabOrderNarration > showToast";"src/plugin/modules/tab-order.js";"1640";"16";"toggleTabOrderNarration > showToast.l1640c15";"yes";"no";"not-reviewed";""
"hac.modules.tab.order.toggletabordernarration.showtoast.l1640c83.e87d415e";"txt.11f9578d05e6";"error";"";"mensagem-sistema";"javascript-string";"toggleTabOrderNarration > showToast";"src/plugin/modules/tab-order.js";"1640";"84";"toggleTabOrderNarration > showToast.l1640c83";"yes";"no";"not-reviewed";""
"hac.modules.tab.order.toggletabordernarration.showtoast.l1645c15.d4cca076";"txt.6c49fda70f95";"Nenhum elemento na Ordem de Tabulação para narrar.";"";"mensagem-sistema";"javascript-string";"toggleTabOrderNarration > showToast";"src/plugin/modules/tab-order.js";"1645";"16";"toggleTabOrderNarration > showToast.l1645c15";"yes";"no";"not-reviewed";""
"hac.modules.tab.order.deletetaborderitem.sort.l1687c53.89591cb2";"txt.01a2d1b3df12";"__sem_area__";"";"revisar";"javascript-string";"deleteTabOrderItem > sort";"src/plugin/modules/tab-order.js";"1687";"54";"deleteTabOrderItem > sort.l1687c53";"yes";"no";"not-reviewed";""
"hac.modules.tab.order.deletealltaborderforarea.showtoast.l1731c13.bc7fba6f";"txt.216a25099bab";"Ordem de tabulação removida.";"";"mensagem-sistema";"javascript-string";"deleteAllTabOrderForArea > showToast";"src/plugin/modules/tab-order.js";"1731";"14";"deleteAllTabOrderForArea > showToast.l1731c13";"yes";"no";"not-reviewed";""
"hac.refs.design.acessivel.mobile.wrapper.generated.componentoptions.0.0ea5d172";"txt.d1391a0e8e22";"Accordion";"";"vocabulario-lib-mobile";"json-value";"componentOptions.0";"src/plugin/refs/design-acessivel-mobile-wrapper.generated.json";"15";"6";"componentOptions.0";"no";"yes";"not-reviewed";"Gerado: altere a fonte indicada pelo pipeline, não este arquivo."
"hac.refs.design.acessivel.mobile.wrapper.generated.componentoptions.1.eac3207f";"txt.0a6354a274dd";"Account Select";"";"vocabulario-lib-mobile";"json-value";"componentOptions.1";"src/plugin/refs/design-acessivel-mobile-wrapper.generated.json";"16";"6";"componentOptions.1";"no";"yes";"not-reviewed";"Gerado: altere a fonte indicada pelo pipeline, não este arquivo."
"hac.refs.design.acessivel.mobile.wrapper.generated.componentoptions.2.3b96bd58";"txt.3c80f73231c9";"Alert Dialog";"";"vocabulario-lib-mobile";"json-value";"componentOptions.2";"src/plugin/refs/design-acessivel-mobile-wrapper.generated.json";"17";"6";"componentOptions.2";"no";"yes";"not-reviewed";"Gerado: altere a fonte indicada pelo pipeline, não este arquivo."
"hac.refs.design.acessivel.mobile.wrapper.generated.componentoptions.3.28638979";"txt.9c3bb49ffea1";"Avatar";"";"vocabulario-lib-mobile";"json-value";"componentOptions.3";"src/plugin/refs/design-acessivel-mobile-wrapper.generated.json";"18";"6";"componentOptions.3";"no";"yes";"not-reviewed";"Gerado: altere a fonte indicada pelo pipeline, não este arquivo."
"hac.refs.design.acessivel.mobile.wrapper.generated.componentoptions.4.ecae2c96";"txt.e94bcb2abe28";"Avatar Hero";"";"vocabulario-lib-mobile";"json-value";"componentOptions.4";"src/plugin/refs/design-acessivel-mobile-wrapper.generated.json";"19";"6";"componentOptions.4";"no";"yes";"not-reviewed";"Gerado: altere a fonte indicada pelo pipeline, não este arquivo."
"hac.refs.design.acessivel.mobile.wrapper.generated.componentoptions.5.0cfbfd30";"txt.adac3846b477";"Badge";"";"vocabulario-lib-mobile";"json-value";"componentOptions.5";"src/plugin/refs/design-acessivel-mobile-wrapper.generated.json";"20";"6";"componentOptions.5";"no";"yes";"not-reviewed";"Gerado: altere a fonte indicada pelo pipeline, não este arquivo."
"hac.refs.design.acessivel.mobile.wrapper.generated.componentoptions.6.a2cb3a1b";"txt.12491d38d974";"Badge Notification";"";"vocabulario-lib-mobile";"json-value";"componentOptions.6";"src/plugin/refs/design-acessivel-mobile-wrapper.generated.json";"21";"6";"componentOptions.6";"no";"yes";"not-reviewed";"Gerado: altere a fonte indicada pelo pipeline, não este arquivo."
"hac.refs.design.acessivel.mobile.wrapper.generated.componentoptions.7.0bf97710";"txt.43605fc720b8";"Badge Text";"";"vocabulario-lib-mobile";"json-value";"componentOptions.7";"src/plugin/refs/design-acessivel-mobile-wrapper.generated.json";"22";"6";"componentOptions.7";"no";"yes";"not-reviewed";"Gerado: altere a fonte indicada pelo pipeline, não este arquivo."
"hac.refs.design.acessivel.mobile.wrapper.generated.componentoptions.8.4e58eaee";"txt.7b7fcc78d6cd";"Button";"";"vocabulario-lib-mobile";"json-value";"componentOptions.8";"src/plugin/refs/design-acessivel-mobile-wrapper.generated.json";"23";"6";"componentOptions.8";"no";"yes";"not-reviewed";"Gerado: altere a fonte indicada pelo pipeline, não este arquivo."
"hac.refs.design.acessivel.mobile.wrapper.generated.componentoptions.9.bc6e8a36";"txt.2ab0591dbcf5";"Card";"";"vocabulario-lib-mobile";"json-value";"componentOptions.9";"src/plugin/refs/design-acessivel-mobile-wrapper.generated.json";"24";"6";"componentOptions.9";"no";"yes";"not-reviewed";"Gerado: altere a fonte indicada pelo pipeline, não este arquivo."
"hac.refs.design.acessivel.mobile.wrapper.generated.componentoptions.10.3168ca2a";"txt.5971887dae24";"Card Account";"";"vocabulario-lib-mobile";"json-value";"componentOptions.10";"src/plugin/refs/design-acessivel-mobile-wrapper.generated.json";"25";"6";"componentOptions.10";"no";"yes";"not-reviewed";"Gerado: altere a fonte indicada pelo pipeline, não este arquivo."
"hac.refs.design.acessivel.mobile.wrapper.generated.componentoptions.11.e0374597";"txt.38b18be47097";"Card Alert";"";"vocabulario-lib-mobile";"json-value";"componentOptions.11";"src/plugin/refs/design-acessivel-mobile-wrapper.generated.json";"26";"6";"componentOptions.11";"no";"yes";"not-reviewed";"Gerado: altere a fonte indicada pelo pipeline, não este arquivo."
"hac.refs.design.acessivel.mobile.wrapper.generated.componentoptions.12.ab021ad9";"txt.1bb7db201aad";"Card Carousel Vertical";"";"vocabulario-lib-mobile";"json-value";"componentOptions.12";"src/plugin/refs/design-acessivel-mobile-wrapper.generated.json";"27";"6";"componentOptions.12";"no";"yes";"not-reviewed";"Gerado: altere a fonte indicada pelo pipeline, não este arquivo."
"hac.refs.design.acessivel.mobile.wrapper.generated.componentoptions.13.92316830";"txt.6328592de25f";"Card Feed";"";"vocabulario-lib-mobile";"json-value";"componentOptions.13";"src/plugin/refs/design-acessivel-mobile-wrapper.generated.json";"28";"6";"componentOptions.13";"no";"yes";"not-reviewed";"Gerado: altere a fonte indicada pelo pipeline, não este arquivo."
"hac.refs.design.acessivel.mobile.wrapper.generated.componentoptions.14.7cc2dbb2";"txt.6fb1662eec05";"Card Notification";"";"vocabulario-lib-mobile";"json-value";"componentOptions.14";"src/plugin/refs/design-acessivel-mobile-wrapper.generated.json";"29";"6";"componentOptions.14";"no";"yes";"not-reviewed";"Gerado: altere a fonte indicada pelo pipeline, não este arquivo."
"hac.refs.design.acessivel.mobile.wrapper.generated.componentoptions.15.284ee214";"txt.5b034ceebe90";"Card Product Offer";"";"vocabulario-lib-mobile";"json-value";"componentOptions.15";"src/plugin/refs/design-acessivel-mobile-wrapper.generated.json";"30";"6";"componentOptions.15";"no";"yes";"not-reviewed";"Gerado: altere a fonte indicada pelo pipeline, não este arquivo."
"hac.refs.design.acessivel.mobile.wrapper.generated.componentoptions.16.1df5380f";"txt.9fce776beaf4";"Card Wallet";"";"vocabulario-lib-mobile";"json-value";"componentOptions.16";"src/plugin/refs/design-acessivel-mobile-wrapper.generated.json";"31";"6";"componentOptions.16";"no";"yes";"not-reviewed";"Gerado: altere a fonte indicada pelo pipeline, não este arquivo."
"hac.refs.design.acessivel.mobile.wrapper.generated.componentoptions.17.165c7b05";"txt.3a1c9d85fb98";"Card Widget";"";"vocabulario-lib-mobile";"json-value";"componentOptions.17";"src/plugin/refs/design-acessivel-mobile-wrapper.generated.json";"32";"6";"componentOptions.17";"no";"yes";"not-reviewed";"Gerado: altere a fonte indicada pelo pipeline, não este arquivo."
"hac.refs.design.acessivel.mobile.wrapper.generated.componentoptions.18.24f93bf4";"txt.57018890029a";"Checkbox";"";"vocabulario-lib-mobile";"json-value";"componentOptions.18";"src/plugin/refs/design-acessivel-mobile-wrapper.generated.json";"33";"6";"componentOptions.18";"no";"yes";"not-reviewed";"Gerado: altere a fonte indicada pelo pipeline, não este arquivo."
"hac.refs.design.acessivel.mobile.wrapper.generated.componentoptions.19.e8a4396e";"txt.1247eb8f560d";"Chips";"";"vocabulario-lib-mobile";"json-value";"componentOptions.19";"src/plugin/refs/design-acessivel-mobile-wrapper.generated.json";"34";"6";"componentOptions.19";"no";"yes";"not-reviewed";"Gerado: altere a fonte indicada pelo pipeline, não este arquivo."
"hac.refs.design.acessivel.mobile.wrapper.generated.componentoptions.20.5dd907de";"txt.51df1fa8d2f7";"Comparison Table";"";"vocabulario-lib-mobile";"json-value";"componentOptions.20";"src/plugin/refs/design-acessivel-mobile-wrapper.generated.json";"35";"6";"componentOptions.20";"no";"yes";"not-reviewed";"Gerado: altere a fonte indicada pelo pipeline, não este arquivo."
"hac.refs.design.acessivel.mobile.wrapper.generated.componentoptions.21.a4078b50";"txt.cf63cddc25f0";"Credit Card Button";"";"vocabulario-lib-mobile";"json-value";"componentOptions.21";"src/plugin/refs/design-acessivel-mobile-wrapper.generated.json";"36";"6";"componentOptions.21";"no";"yes";"not-reviewed";"Gerado: altere a fonte indicada pelo pipeline, não este arquivo."
"hac.refs.design.acessivel.mobile.wrapper.generated.componentoptions.22.0c5cca10";"txt.68f541574e36";"Date Picker";"";"vocabulario-lib-mobile";"json-value";"componentOptions.22";"src/plugin/refs/design-acessivel-mobile-wrapper.generated.json";"37";"6";"componentOptions.22";"no";"yes";"not-reviewed";"Gerado: altere a fonte indicada pelo pipeline, não este arquivo."
"hac.refs.design.acessivel.mobile.wrapper.generated.componentoptions.23.bb890afd";"txt.5879522ecdd7";"Digital Wallet Button";"";"vocabulario-lib-mobile";"json-value";"componentOptions.23";"src/plugin/refs/design-acessivel-mobile-wrapper.generated.json";"38";"6";"componentOptions.23";"no";"yes";"not-reviewed";"Gerado: altere a fonte indicada pelo pipeline, não este arquivo."
"hac.refs.design.acessivel.mobile.wrapper.generated.componentoptions.24.7edb5410";"txt.43ef8789347e";"Icon Button";"";"vocabulario-lib-mobile";"json-value";"componentOptions.24";"src/plugin/refs/design-acessivel-mobile-wrapper.generated.json";"39";"6";"componentOptions.24";"no";"yes";"not-reviewed";"Gerado: altere a fonte indicada pelo pipeline, não este arquivo."
"hac.refs.design.acessivel.mobile.wrapper.generated.componentoptions.25.f75abda5";"txt.1cc2e5c75753";"Icon Button Text";"";"vocabulario-lib-mobile";"json-value";"componentOptions.25";"src/plugin/refs/design-acessivel-mobile-wrapper.generated.json";"40";"6";"componentOptions.25";"no";"yes";"not-reviewed";"Gerado: altere a fonte indicada pelo pipeline, não este arquivo."
"hac.refs.design.acessivel.mobile.wrapper.generated.componentoptions.26.63ffffb3";"txt.286b31e223ba";"Input Chat";"";"vocabulario-lib-mobile";"json-value";"componentOptions.26";"src/plugin/refs/design-acessivel-mobile-wrapper.generated.json";"41";"6";"componentOptions.26";"no";"yes";"not-reviewed";"Gerado: altere a fonte indicada pelo pipeline, não este arquivo."
"hac.refs.design.acessivel.mobile.wrapper.generated.componentoptions.27.82223738";"txt.f99d81df6cf3";"Input Money";"";"vocabulario-lib-mobile";"json-value";"componentOptions.27";"src/plugin/refs/design-acessivel-mobile-wrapper.generated.json";"42";"6";"componentOptions.27";"no";"yes";"not-reviewed";"Gerado: altere a fonte indicada pelo pipeline, não este arquivo."
"hac.refs.design.acessivel.mobile.wrapper.generated.componentoptions.28.0896c782";"txt.e9272977bd59";"Input Pin";"";"vocabulario-lib-mobile";"json-value";"componentOptions.28";"src/plugin/refs/design-acessivel-mobile-wrapper.generated.json";"43";"6";"componentOptions.28";"no";"yes";"not-reviewed";"Gerado: altere a fonte indicada pelo pipeline, não este arquivo."
"hac.refs.design.acessivel.mobile.wrapper.generated.componentoptions.29.75487a94";"txt.e2315e8d0bf9";"Input Slider";"";"vocabulario-lib-mobile";"json-value";"componentOptions.29";"src/plugin/refs/design-acessivel-mobile-wrapper.generated.json";"44";"6";"componentOptions.29";"no";"yes";"not-reviewed";"Gerado: altere a fonte indicada pelo pipeline, não este arquivo."
"hac.refs.design.acessivel.mobile.wrapper.generated.componentoptions.30.6bf800fa";"txt.115c9e17b7c5";"Input Stepper";"";"vocabulario-lib-mobile";"json-value";"componentOptions.30";"src/plugin/refs/design-acessivel-mobile-wrapper.generated.json";"45";"6";"componentOptions.30";"no";"yes";"not-reviewed";"Gerado: altere a fonte indicada pelo pipeline, não este arquivo."
"hac.refs.design.acessivel.mobile.wrapper.generated.componentoptions.31.6201bf8a";"txt.00e5941d725f";"Input / Text Field Form";"";"vocabulario-lib-mobile";"json-value";"componentOptions.31";"src/plugin/refs/design-acessivel-mobile-wrapper.generated.json";"46";"6";"componentOptions.31";"no";"yes";"not-reviewed";"Gerado: altere a fonte indicada pelo pipeline, não este arquivo."
"hac.refs.design.acessivel.mobile.wrapper.generated.componentoptions.32.af5bace5";"txt.0dc7eb33e2d1";"Input / Text Field Single";"";"vocabulario-lib-mobile";"json-value";"componentOptions.32";"src/plugin/refs/design-acessivel-mobile-wrapper.generated.json";"47";"6";"componentOptions.32";"no";"yes";"not-reviewed";"Gerado: altere a fonte indicada pelo pipeline, não este arquivo."
"hac.refs.design.acessivel.mobile.wrapper.generated.componentoptions.33.facc280b";"txt.2948e750fa52";"List Accordion";"";"vocabulario-lib-mobile";"json-value";"componentOptions.33";"src/plugin/refs/design-acessivel-mobile-wrapper.generated.json";"48";"6";"componentOptions.33";"no";"yes";"not-reviewed";"Gerado: altere a fonte indicada pelo pipeline, não este arquivo."
"hac.refs.design.acessivel.mobile.wrapper.generated.componentoptions.34.d2fbb4a7";"txt.84c68ca22f80";"List Footer";"";"vocabulario-lib-mobile";"json-value";"componentOptions.34";"src/plugin/refs/design-acessivel-mobile-wrapper.generated.json";"49";"6";"componentOptions.34";"no";"yes";"not-reviewed";"Gerado: altere a fonte indicada pelo pipeline, não este arquivo."
"hac.refs.design.acessivel.mobile.wrapper.generated.componentoptions.35.da6eea73";"txt.61c40ac108b7";"List Item";"";"vocabulario-lib-mobile";"json-value";"componentOptions.35";"src/plugin/refs/design-acessivel-mobile-wrapper.generated.json";"50";"6";"componentOptions.35";"no";"yes";"not-reviewed";"Gerado: altere a fonte indicada pelo pipeline, não este arquivo."
"hac.refs.design.acessivel.mobile.wrapper.generated.componentoptions.36.bd2e3b11";"txt.a3ba8a4fa88a";"List Item Funds";"";"vocabulario-lib-mobile";"json-value";"componentOptions.36";"src/plugin/refs/design-acessivel-mobile-wrapper.generated.json";"51";"6";"componentOptions.36";"no";"yes";"not-reviewed";"Gerado: altere a fonte indicada pelo pipeline, não este arquivo."
"hac.refs.design.acessivel.mobile.wrapper.generated.componentoptions.37.c3deae85";"txt.63eff0f6c2da";"List Item Transaction";"";"vocabulario-lib-mobile";"json-value";"componentOptions.37";"src/plugin/refs/design-acessivel-mobile-wrapper.generated.json";"52";"6";"componentOptions.37";"no";"yes";"not-reviewed";"Gerado: altere a fonte indicada pelo pipeline, não este arquivo."
"hac.refs.design.acessivel.mobile.wrapper.generated.componentoptions.38.f4d1e6de";"txt.e95db2aa2861";"Loading Animation";"";"vocabulario-lib-mobile";"json-value";"componentOptions.38";"src/plugin/refs/design-acessivel-mobile-wrapper.generated.json";"53";"6";"componentOptions.38";"no";"yes";"not-reviewed";"Gerado: altere a fonte indicada pelo pipeline, não este arquivo."
"hac.refs.design.acessivel.mobile.wrapper.generated.componentoptions.39.4c1af6e1";"txt.252a25667dc7";"Menu";"";"vocabulario-lib-mobile";"json-value";"componentOptions.39";"src/plugin/refs/design-acessivel-mobile-wrapper.generated.json";"54";"6";"componentOptions.39";"no";"yes";"not-reviewed";"Gerado: altere a fonte indicada pelo pipeline, não este arquivo."
"hac.refs.design.acessivel.mobile.wrapper.generated.componentoptions.40.57bb757a";"txt.8acf19171cc3";"Popover";"";"vocabulario-lib-mobile";"json-value";"componentOptions.40";"src/plugin/refs/design-acessivel-mobile-wrapper.generated.json";"55";"6";"componentOptions.40";"no";"yes";"not-reviewed";"Gerado: altere a fonte indicada pelo pipeline, não este arquivo."
"hac.refs.design.acessivel.mobile.wrapper.generated.componentoptions.41.3cab1c3e";"txt.d645a455d4b4";"Product Card";"";"vocabulario-lib-mobile";"json-value";"componentOptions.41";"src/plugin/refs/design-acessivel-mobile-wrapper.generated.json";"56";"6";"componentOptions.41";"no";"yes";"not-reviewed";"Gerado: altere a fonte indicada pelo pipeline, não este arquivo."
"hac.refs.design.acessivel.mobile.wrapper.generated.componentoptions.42.78be32a0";"txt.5aaf8905f32a";"Progress";"";"vocabulario-lib-mobile";"json-value";"componentOptions.42";"src/plugin/refs/design-acessivel-mobile-wrapper.generated.json";"57";"6";"componentOptions.42";"no";"yes";"not-reviewed";"Gerado: altere a fonte indicada pelo pipeline, não este arquivo."
"hac.refs.design.acessivel.mobile.wrapper.generated.componentoptions.43.aabdd791";"txt.d432c3525b9d";"Radio";"";"vocabulario-lib-mobile";"json-value";"componentOptions.43";"src/plugin/refs/design-acessivel-mobile-wrapper.generated.json";"58";"6";"componentOptions.43";"no";"yes";"not-reviewed";"Gerado: altere a fonte indicada pelo pipeline, não este arquivo."
"hac.refs.design.acessivel.mobile.wrapper.generated.componentoptions.44.77b16acc";"txt.eaad36bafff7";"Search Bar";"";"vocabulario-lib-mobile";"json-value";"componentOptions.44";"src/plugin/refs/design-acessivel-mobile-wrapper.generated.json";"59";"6";"componentOptions.44";"no";"yes";"not-reviewed";"Gerado: altere a fonte indicada pelo pipeline, não este arquivo."
"hac.refs.design.acessivel.mobile.wrapper.generated.componentoptions.45.1935900a";"txt.0639d18f6e79";"Segmented Button";"";"vocabulario-lib-mobile";"json-value";"componentOptions.45";"src/plugin/refs/design-acessivel-mobile-wrapper.generated.json";"60";"6";"componentOptions.45";"no";"yes";"not-reviewed";"Gerado: altere a fonte indicada pelo pipeline, não este arquivo."
"hac.refs.design.acessivel.mobile.wrapper.generated.componentoptions.46.14f28e93";"txt.e10b3d0be11f";"Selectable Media";"";"vocabulario-lib-mobile";"json-value";"componentOptions.46";"src/plugin/refs/design-acessivel-mobile-wrapper.generated.json";"61";"6";"componentOptions.46";"no";"yes";"not-reviewed";"Gerado: altere a fonte indicada pelo pipeline, não este arquivo."
"hac.refs.design.acessivel.mobile.wrapper.generated.componentoptions.47.6088886a";"txt.542ebc9c55cd";"Sheet";"";"vocabulario-lib-mobile";"json-value";"componentOptions.47";"src/plugin/refs/design-acessivel-mobile-wrapper.generated.json";"62";"6";"componentOptions.47";"no";"yes";"not-reviewed";"Gerado: altere a fonte indicada pelo pipeline, não este arquivo."
"hac.refs.design.acessivel.mobile.wrapper.generated.componentoptions.48.92492415";"txt.ffb86c308dcf";"Shimmer";"";"vocabulario-lib-mobile";"json-value";"componentOptions.48";"src/plugin/refs/design-acessivel-mobile-wrapper.generated.json";"63";"6";"componentOptions.48";"no";"yes";"not-reviewed";"Gerado: altere a fonte indicada pelo pipeline, não este arquivo."
"hac.refs.design.acessivel.mobile.wrapper.generated.componentoptions.49.84f19bbc";"txt.703c518a2397";"Slider";"";"vocabulario-lib-mobile";"json-value";"componentOptions.49";"src/plugin/refs/design-acessivel-mobile-wrapper.generated.json";"64";"6";"componentOptions.49";"no";"yes";"not-reviewed";"Gerado: altere a fonte indicada pelo pipeline, não este arquivo."
"hac.refs.design.acessivel.mobile.wrapper.generated.componentoptions.50.85d3ad61";"txt.2e642905cfc3";"Snackbar";"";"vocabulario-lib-mobile";"json-value";"componentOptions.50";"src/plugin/refs/design-acessivel-mobile-wrapper.generated.json";"65";"6";"componentOptions.50";"no";"yes";"not-reviewed";"Gerado: altere a fonte indicada pelo pipeline, não este arquivo."
"hac.refs.design.acessivel.mobile.wrapper.generated.componentoptions.51.f9b6c09d";"txt.6be3172300a3";"Spinner";"";"vocabulario-lib-mobile";"json-value";"componentOptions.51";"src/plugin/refs/design-acessivel-mobile-wrapper.generated.json";"66";"6";"componentOptions.51";"no";"yes";"not-reviewed";"Gerado: altere a fonte indicada pelo pipeline, não este arquivo."
"hac.refs.design.acessivel.mobile.wrapper.generated.componentoptions.52.91b478b0";"txt.7da2b15f3fd4";"Swap Preview";"";"vocabulario-lib-mobile";"json-value";"componentOptions.52";"src/plugin/refs/design-acessivel-mobile-wrapper.generated.json";"67";"6";"componentOptions.52";"no";"yes";"not-reviewed";"Gerado: altere a fonte indicada pelo pipeline, não este arquivo."
"hac.refs.design.acessivel.mobile.wrapper.generated.componentoptions.53.c9817b50";"txt.01ba7992f85d";"Switch";"";"vocabulario-lib-mobile";"json-value";"componentOptions.53";"src/plugin/refs/design-acessivel-mobile-wrapper.generated.json";"68";"6";"componentOptions.53";"no";"yes";"not-reviewed";"Gerado: altere a fonte indicada pelo pipeline, não este arquivo."
"hac.refs.design.acessivel.mobile.wrapper.generated.componentoptions.54.4f35def0";"txt.72a26a3e0e42";"Tabs";"";"vocabulario-lib-mobile";"json-value";"componentOptions.54";"src/plugin/refs/design-acessivel-mobile-wrapper.generated.json";"69";"6";"componentOptions.54";"no";"yes";"not-reviewed";"Gerado: altere a fonte indicada pelo pipeline, não este arquivo."
"hac.refs.design.acessivel.mobile.wrapper.generated.componentoptions.55.fe9d7cfc";"txt.1937ed24ceb1";"Tile Button";"";"vocabulario-lib-mobile";"json-value";"componentOptions.55";"src/plugin/refs/design-acessivel-mobile-wrapper.generated.json";"70";"6";"componentOptions.55";"no";"yes";"not-reviewed";"Gerado: altere a fonte indicada pelo pipeline, não este arquivo."
"hac.refs.design.acessivel.mobile.wrapper.generated.componentoptions.56.daf6ccfa";"txt.16c00449a9a3";"Timeline";"";"vocabulario-lib-mobile";"json-value";"componentOptions.56";"src/plugin/refs/design-acessivel-mobile-wrapper.generated.json";"71";"6";"componentOptions.56";"no";"yes";"not-reviewed";"Gerado: altere a fonte indicada pelo pipeline, não este arquivo."
"hac.refs.design.acessivel.mobile.wrapper.generated.componentoptions.57.0e4268a2";"txt.b9614516e418";"Tipkit Inline";"";"vocabulario-lib-mobile";"json-value";"componentOptions.57";"src/plugin/refs/design-acessivel-mobile-wrapper.generated.json";"72";"6";"componentOptions.57";"no";"yes";"not-reviewed";"Gerado: altere a fonte indicada pelo pipeline, não este arquivo."
"hac.refs.design.acessivel.mobile.wrapper.generated.componentoptions.58.ad55e1fb";"txt.59dee5ac46d8";"Tipkit Popover";"";"vocabulario-lib-mobile";"json-value";"componentOptions.58";"src/plugin/refs/design-acessivel-mobile-wrapper.generated.json";"73";"6";"componentOptions.58";"no";"yes";"not-reviewed";"Gerado: altere a fonte indicada pelo pipeline, não este arquivo."
"hac.refs.design.acessivel.mobile.wrapper.generated.componentoptions.59.f26f80a4";"txt.e5bd72ae4b9a";"Toolbar";"";"vocabulario-lib-mobile";"json-value";"componentOptions.59";"src/plugin/refs/design-acessivel-mobile-wrapper.generated.json";"74";"6";"componentOptions.59";"no";"yes";"not-reviewed";"Gerado: altere a fonte indicada pelo pipeline, não este arquivo."
"hac.refs.design.acessivel.mobile.wrapper.generated.componentoptions.60.c303608d";"txt.83916160e91f";"Tooltip";"";"vocabulario-lib-mobile";"json-value";"componentOptions.60";"src/plugin/refs/design-acessivel-mobile-wrapper.generated.json";"75";"6";"componentOptions.60";"no";"yes";"not-reviewed";"Gerado: altere a fonte indicada pelo pipeline, não este arquivo."
"hac.refs.design.acessivel.mobile.wrapper.generated.componentoptions.61.6e039add";"txt.866a6e1892a6";"Top App Bar";"";"vocabulario-lib-mobile";"json-value";"componentOptions.61";"src/plugin/refs/design-acessivel-mobile-wrapper.generated.json";"76";"6";"componentOptions.61";"no";"yes";"not-reviewed";"Gerado: altere a fonte indicada pelo pipeline, não este arquivo."
"hac.refs.design.acessivel.mobile.wrapper.generated.componentoptions.62.e459ea61";"txt.f729581c6d59";"Value Section";"";"vocabulario-lib-mobile";"json-value";"componentOptions.62";"src/plugin/refs/design-acessivel-mobile-wrapper.generated.json";"77";"6";"componentOptions.62";"no";"yes";"not-reviewed";"Gerado: altere a fonte indicada pelo pipeline, não este arquivo."
"hac.refs.design.acessivel.mobile.wrapper.generated.componentoptions.63.5d0da999";"txt.06f4312db592";"Wheel Picker";"";"vocabulario-lib-mobile";"json-value";"componentOptions.63";"src/plugin/refs/design-acessivel-mobile-wrapper.generated.json";"78";"6";"componentOptions.63";"no";"yes";"not-reviewed";"Gerado: altere a fonte indicada pelo pipeline, não este arquivo."
"hac.refs.design.acessivel.mobile.wrapper.generated.componentoptions.64.d82e5d4b";"txt.f854270eaca9";"Imagem";"";"vocabulario-lib-mobile";"json-value";"componentOptions.64";"src/plugin/refs/design-acessivel-mobile-wrapper.generated.json";"79";"6";"componentOptions.64";"no";"yes";"not-reviewed";"Gerado: altere a fonte indicada pelo pipeline, não este arquivo."
"hac.refs.design.acessivel.mobile.wrapper.generated.componentoptions.65.a7fc6b6e";"txt.0f9e398b0a47";"Page Controler";"";"vocabulario-lib-mobile";"json-value";"componentOptions.65";"src/plugin/refs/design-acessivel-mobile-wrapper.generated.json";"80";"6";"componentOptions.65";"no";"yes";"not-reviewed";"Gerado: altere a fonte indicada pelo pipeline, não este arquivo."
"hac.refs.design.acessivel.web.wrapper.generated.wrapper.setname.f127797e";"txt.f5753c7a14f5";"[hac web] Box specs leitor de tela";"";"vocabulario-lib-web";"json-value";"wrapper.setName";"src/plugin/refs/design-acessivel-web-wrapper.generated.json";"9";"17";"wrapper.setName";"no";"yes";"not-reviewed";"Gerado: altere a fonte indicada pelo pipeline, não este arquivo."
"hac.refs.design.acessivel.web.wrapper.generated.wrapper.contentinstancebya11ytype.elemento.name.80edc731";"txt.ae389a2dd9e8";"Elementos e imagens";"";"vocabulario-lib-web";"json-value";"wrapper.contentInstanceByA11yType.elemento.name";"src/plugin/refs/design-acessivel-web-wrapper.generated.json";"18";"18";"wrapper.contentInstanceByA11yType.elemento.name";"no";"yes";"not-reviewed";"Gerado: altere a fonte indicada pelo pipeline, não este arquivo."
"hac.refs.design.acessivel.web.wrapper.generated.wrapper.contentinstancebya11ytype.elemento.properties.0..704ee046";"txt.c85743c8ea4a";"Variante";"";"vocabulario-lib-web";"json-value";"wrapper.contentInstanceByA11yType.elemento.properties.0.name";"src/plugin/refs/design-acessivel-web-wrapper.generated.json";"21";"22";"wrapper.contentInstanceByA11yType.elemento.properties.0.name";"no";"yes";"not-reviewed";"Gerado: altere a fonte indicada pelo pipeline, não este arquivo."
"hac.refs.design.acessivel.web.wrapper.generated.wrapper.contentinstancebya11ytype.elemento.properties.0..fed49a57";"txt.0e1d14a2180a";"VARIANT";"";"vocabulario-lib-web";"json-value";"wrapper.contentInstanceByA11yType.elemento.properties.0.type";"src/plugin/refs/design-acessivel-web-wrapper.generated.json";"22";"22";"wrapper.contentInstanceByA11yType.elemento.properties.0.type";"no";"yes";"not-reviewed";"Gerado: altere a fonte indicada pelo pipeline, não este arquivo."
"hac.refs.design.acessivel.web.wrapper.generated.wrapper.contentinstancebya11ytype.elemento.properties.0..bac25bfb";"txt.b997b3fca96a";"Componente";"";"vocabulario-lib-web";"json-value";"wrapper.contentInstanceByA11yType.elemento.properties.0.value";"src/plugin/refs/design-acessivel-web-wrapper.generated.json";"23";"23";"wrapper.contentInstanceByA11yType.elemento.properties.0.value";"no";"yes";"not-reviewed";"Gerado: altere a fonte indicada pelo pipeline, não este arquivo."
"hac.refs.design.acessivel.web.wrapper.generated.wrapper.contentinstancebya11ytype.elemento.properties.1..488b7541";"txt.b997b3fca96a";"Componente";"";"vocabulario-lib-web";"json-value";"wrapper.contentInstanceByA11yType.elemento.properties.1.name";"src/plugin/refs/design-acessivel-web-wrapper.generated.json";"26";"22";"wrapper.contentInstanceByA11yType.elemento.properties.1.name";"no";"yes";"not-reviewed";"Gerado: altere a fonte indicada pelo pipeline, não este arquivo."
"hac.refs.design.acessivel.web.wrapper.generated.wrapper.contentinstancebya11ytype.elemento.properties.1..fef3ec41";"txt.0e1d14a2180a";"VARIANT";"";"vocabulario-lib-web";"json-value";"wrapper.contentInstanceByA11yType.elemento.properties.1.type";"src/plugin/refs/design-acessivel-web-wrapper.generated.json";"27";"22";"wrapper.contentInstanceByA11yType.elemento.properties.1.type";"no";"yes";"not-reviewed";"Gerado: altere a fonte indicada pelo pipeline, não este arquivo."
"hac.refs.design.acessivel.web.wrapper.generated.wrapper.contentinstancebya11ytype.elemento.properties.1..0bf91034";"txt.7b7fcc78d6cd";"Button";"";"vocabulario-lib-web";"json-value";"wrapper.contentInstanceByA11yType.elemento.properties.1.value";"src/plugin/refs/design-acessivel-web-wrapper.generated.json";"28";"23";"wrapper.contentInstanceByA11yType.elemento.properties.1.value";"no";"yes";"not-reviewed";"Gerado: altere a fonte indicada pelo pipeline, não este arquivo."
"hac.refs.design.acessivel.web.wrapper.generated.wrapper.contentinstancebya11ytype.titulo.name.b4c61119";"txt.d3e75bbc154a";"Títulos";"";"vocabulario-lib-web";"json-value";"wrapper.contentInstanceByA11yType.titulo.name";"src/plugin/refs/design-acessivel-web-wrapper.generated.json";"33";"18";"wrapper.contentInstanceByA11yType.titulo.name";"no";"yes";"not-reviewed";"Gerado: altere a fonte indicada pelo pipeline, não este arquivo."
"hac.refs.design.acessivel.web.wrapper.generated.wrapper.contentinstancebya11ytype.titulo.properties.0.na.69a46374";"txt.e716f916ba0f";"Nível";"";"vocabulario-lib-web";"json-value";"wrapper.contentInstanceByA11yType.titulo.properties.0.name";"src/plugin/refs/design-acessivel-web-wrapper.generated.json";"36";"22";"wrapper.contentInstanceByA11yType.titulo.properties.0.name";"no";"yes";"not-reviewed";"Gerado: altere a fonte indicada pelo pipeline, não este arquivo."
"hac.refs.design.acessivel.web.wrapper.generated.wrapper.contentinstancebya11ytype.titulo.properties.0.ty.a94adc3e";"txt.0e1d14a2180a";"VARIANT";"";"vocabulario-lib-web";"json-value";"wrapper.contentInstanceByA11yType.titulo.properties.0.type";"src/plugin/refs/design-acessivel-web-wrapper.generated.json";"37";"22";"wrapper.contentInstanceByA11yType.titulo.properties.0.type";"no";"yes";"not-reviewed";"Gerado: altere a fonte indicada pelo pipeline, não este arquivo."
"hac.refs.design.acessivel.web.wrapper.generated.wrapper.contentinstancebya11ytype.titulo.properties.0.va.69efd3b5";"txt.ac4ae97285c1";"H1";"";"vocabulario-lib-web";"json-value";"wrapper.contentInstanceByA11yType.titulo.properties.0.value";"src/plugin/refs/design-acessivel-web-wrapper.generated.json";"38";"23";"wrapper.contentInstanceByA11yType.titulo.properties.0.value";"no";"yes";"not-reviewed";"Gerado: altere a fonte indicada pelo pipeline, não este arquivo."
"hac.refs.design.acessivel.web.wrapper.generated.wrapper.contentinstancebya11ytype.decorativo.name.cce76061";"txt.dec701da64f7";"Elementos decorativos";"";"vocabulario-lib-web";"json-value";"wrapper.contentInstanceByA11yType.decorativo.name";"src/plugin/refs/design-acessivel-web-wrapper.generated.json";"43";"18";"wrapper.contentInstanceByA11yType.decorativo.name";"no";"yes";"not-reviewed";"Gerado: altere a fonte indicada pelo pipeline, não este arquivo."
"hac.refs.design.acessivel.web.wrapper.generated.wrapper.contentinstancebya11ytype.decorativo.properties..8bed21a0";"txt.c358a1fc1734";"Observações";"";"vocabulario-lib-web";"json-value";"wrapper.contentInstanceByA11yType.decorativo.properties.0.name";"src/plugin/refs/design-acessivel-web-wrapper.generated.json";"46";"22";"wrapper.contentInstanceByA11yType.decorativo.properties.0.name";"no";"yes";"not-reviewed";"Gerado: altere a fonte indicada pelo pipeline, não este arquivo."
"hac.refs.design.acessivel.web.wrapper.generated.wrapper.contentinstancebya11ytype.decorativo.properties..88341f57";"txt.48647474b89f";"BOOLEAN";"";"vocabulario-lib-web";"json-value";"wrapper.contentInstanceByA11yType.decorativo.properties.0.type";"src/plugin/refs/design-acessivel-web-wrapper.generated.json";"47";"22";"wrapper.contentInstanceByA11yType.decorativo.properties.0.type";"no";"yes";"not-reviewed";"Gerado: altere a fonte indicada pelo pipeline, não este arquivo."
"hac.refs.design.acessivel.web.wrapper.generated.wrapper.contentinstancebya11ytype.estrutura.name.69494c37";"txt.2fb75ee3e5ab";"Estrutura da Página";"";"vocabulario-lib-web";"json-value";"wrapper.contentInstanceByA11yType.estrutura.name";"src/plugin/refs/design-acessivel-web-wrapper.generated.json";"53";"18";"wrapper.contentInstanceByA11yType.estrutura.name";"no";"yes";"not-reviewed";"Gerado: altere a fonte indicada pelo pipeline, não este arquivo."
"hac.refs.design.acessivel.web.wrapper.generated.wrapper.contentinstancebya11ytype.estrutura.properties.0.160616f3";"txt.7d20d5a7e6bd";"Variação";"";"vocabulario-lib-web";"json-value";"wrapper.contentInstanceByA11yType.estrutura.properties.0.name";"src/plugin/refs/design-acessivel-web-wrapper.generated.json";"56";"22";"wrapper.contentInstanceByA11yType.estrutura.properties.0.name";"no";"yes";"not-reviewed";"Gerado: altere a fonte indicada pelo pipeline, não este arquivo."
"hac.refs.design.acessivel.web.wrapper.generated.wrapper.contentinstancebya11ytype.estrutura.properties.0.df0e16f6";"txt.0e1d14a2180a";"VARIANT";"";"vocabulario-lib-web";"json-value";"wrapper.contentInstanceByA11yType.estrutura.properties.0.type";"src/plugin/refs/design-acessivel-web-wrapper.generated.json";"57";"22";"wrapper.contentInstanceByA11yType.estrutura.properties.0.type";"no";"yes";"not-reviewed";"Gerado: altere a fonte indicada pelo pipeline, não este arquivo."
"hac.refs.design.acessivel.web.wrapper.generated.wrapper.contentinstancebya11ytype.estrutura.properties.0.d2fec856";"txt.f745de63440f";"Marco de navegação";"";"vocabulario-lib-web";"json-value";"wrapper.contentInstanceByA11yType.estrutura.properties.0.value";"src/plugin/refs/design-acessivel-web-wrapper.generated.json";"58";"23";"wrapper.contentInstanceByA11yType.estrutura.properties.0.value";"no";"yes";"not-reviewed";"Gerado: altere a fonte indicada pelo pipeline, não este arquivo."
"hac.refs.design.acessivel.web.wrapper.generated.componentoptions.0.074cf6ec";"txt.0a6354a274dd";"Account Select";"";"vocabulario-lib-web";"json-value";"componentOptions.0";"src/plugin/refs/design-acessivel-web-wrapper.generated.json";"65";"6";"componentOptions.0";"no";"yes";"not-reviewed";"Gerado: altere a fonte indicada pelo pipeline, não este arquivo."
"hac.refs.design.acessivel.web.wrapper.generated.componentoptions.1.6f98b422";"txt.9c3bb49ffea1";"Avatar";"";"vocabulario-lib-web";"json-value";"componentOptions.1";"src/plugin/refs/design-acessivel-web-wrapper.generated.json";"66";"6";"componentOptions.1";"no";"yes";"not-reviewed";"Gerado: altere a fonte indicada pelo pipeline, não este arquivo."
"hac.refs.design.acessivel.web.wrapper.generated.componentoptions.2.47957353";"txt.12491d38d974";"Badge Notification";"";"vocabulario-lib-web";"json-value";"componentOptions.2";"src/plugin/refs/design-acessivel-web-wrapper.generated.json";"67";"6";"componentOptions.2";"no";"yes";"not-reviewed";"Gerado: altere a fonte indicada pelo pipeline, não este arquivo."
"hac.refs.design.acessivel.web.wrapper.generated.componentoptions.3.b15f39a3";"txt.43605fc720b8";"Badge Text";"";"vocabulario-lib-web";"json-value";"componentOptions.3";"src/plugin/refs/design-acessivel-web-wrapper.generated.json";"68";"6";"componentOptions.3";"no";"yes";"not-reviewed";"Gerado: altere a fonte indicada pelo pipeline, não este arquivo."
"hac.refs.design.acessivel.web.wrapper.generated.componentoptions.4.48bfa76c";"txt.5bb5a48337f5";"Batch Button";"";"vocabulario-lib-web";"json-value";"componentOptions.4";"src/plugin/refs/design-acessivel-web-wrapper.generated.json";"69";"6";"componentOptions.4";"no";"yes";"not-reviewed";"Gerado: altere a fonte indicada pelo pipeline, não este arquivo."
"hac.refs.design.acessivel.web.wrapper.generated.componentoptions.5.b2586e06";"txt.6e5ce570b4af";"Breadcrumb";"";"vocabulario-lib-web";"json-value";"componentOptions.5";"src/plugin/refs/design-acessivel-web-wrapper.generated.json";"70";"6";"componentOptions.5";"no";"yes";"not-reviewed";"Gerado: altere a fonte indicada pelo pipeline, não este arquivo."
"hac.refs.design.acessivel.web.wrapper.generated.componentoptions.6.47ca2bf0";"txt.7b7fcc78d6cd";"Button";"";"vocabulario-lib-web";"json-value";"componentOptions.6";"src/plugin/refs/design-acessivel-web-wrapper.generated.json";"71";"6";"componentOptions.6";"no";"yes";"not-reviewed";"Gerado: altere a fonte indicada pelo pipeline, não este arquivo."
"hac.refs.design.acessivel.web.wrapper.generated.componentoptions.7.ee5eed3a";"txt.2ab0591dbcf5";"Card";"";"vocabulario-lib-web";"json-value";"componentOptions.7";"src/plugin/refs/design-acessivel-web-wrapper.generated.json";"72";"6";"componentOptions.7";"no";"yes";"not-reviewed";"Gerado: altere a fonte indicada pelo pipeline, não este arquivo."
"hac.refs.design.acessivel.web.wrapper.generated.componentoptions.8.7240d877";"txt.38b18be47097";"Card Alert";"";"vocabulario-lib-web";"json-value";"componentOptions.8";"src/plugin/refs/design-acessivel-web-wrapper.generated.json";"73";"6";"componentOptions.8";"no";"yes";"not-reviewed";"Gerado: altere a fonte indicada pelo pipeline, não este arquivo."
"hac.refs.design.acessivel.web.wrapper.generated.componentoptions.9.f968e199";"txt.6fb1662eec05";"Card Notification";"";"vocabulario-lib-web";"json-value";"componentOptions.9";"src/plugin/refs/design-acessivel-web-wrapper.generated.json";"74";"6";"componentOptions.9";"no";"yes";"not-reviewed";"Gerado: altere a fonte indicada pelo pipeline, não este arquivo."
"hac.refs.design.acessivel.web.wrapper.generated.componentoptions.10.14723e95";"txt.98dd6348aac3";"Card Horizontal";"";"vocabulario-lib-web";"json-value";"componentOptions.10";"src/plugin/refs/design-acessivel-web-wrapper.generated.json";"75";"6";"componentOptions.10";"no";"yes";"not-reviewed";"Gerado: altere a fonte indicada pelo pipeline, não este arquivo."
"hac.refs.design.acessivel.web.wrapper.generated.componentoptions.11.5cb26e02";"txt.09ca5f086f43";"Card Vertical";"";"vocabulario-lib-web";"json-value";"componentOptions.11";"src/plugin/refs/design-acessivel-web-wrapper.generated.json";"76";"6";"componentOptions.11";"no";"yes";"not-reviewed";"Gerado: altere a fonte indicada pelo pipeline, não este arquivo."
"hac.refs.design.acessivel.web.wrapper.generated.componentoptions.12.8dc48725";"txt.3a1c9d85fb98";"Card Widget";"";"vocabulario-lib-web";"json-value";"componentOptions.12";"src/plugin/refs/design-acessivel-web-wrapper.generated.json";"77";"6";"componentOptions.12";"no";"yes";"not-reviewed";"Gerado: altere a fonte indicada pelo pipeline, não este arquivo."
"hac.refs.design.acessivel.web.wrapper.generated.componentoptions.13.0467e747";"txt.57018890029a";"Checkbox";"";"vocabulario-lib-web";"json-value";"componentOptions.13";"src/plugin/refs/design-acessivel-web-wrapper.generated.json";"78";"6";"componentOptions.13";"no";"yes";"not-reviewed";"Gerado: altere a fonte indicada pelo pipeline, não este arquivo."
"hac.refs.design.acessivel.web.wrapper.generated.componentoptions.14.f0ceb0f1";"txt.c6b6df0a9e1b";"Chip";"";"vocabulario-lib-web";"json-value";"componentOptions.14";"src/plugin/refs/design-acessivel-web-wrapper.generated.json";"79";"6";"componentOptions.14";"no";"yes";"not-reviewed";"Gerado: altere a fonte indicada pelo pipeline, não este arquivo."
"hac.refs.design.acessivel.web.wrapper.generated.componentoptions.15.adaaa9f7";"txt.68f541574e36";"Date Picker";"";"vocabulario-lib-web";"json-value";"componentOptions.15";"src/plugin/refs/design-acessivel-web-wrapper.generated.json";"80";"6";"componentOptions.15";"no";"yes";"not-reviewed";"Gerado: altere a fonte indicada pelo pipeline, não este arquivo."
"hac.refs.design.acessivel.web.wrapper.generated.componentoptions.16.58915dab";"txt.de9a230357dc";"Drawer Panel";"";"vocabulario-lib-web";"json-value";"componentOptions.16";"src/plugin/refs/design-acessivel-web-wrapper.generated.json";"81";"6";"componentOptions.16";"no";"yes";"not-reviewed";"Gerado: altere a fonte indicada pelo pipeline, não este arquivo."
"hac.refs.design.acessivel.web.wrapper.generated.componentoptions.17.e625527d";"txt.c248441213ee";"Dropdown Combobox";"";"vocabulario-lib-web";"json-value";"componentOptions.17";"src/plugin/refs/design-acessivel-web-wrapper.generated.json";"82";"6";"componentOptions.17";"no";"yes";"not-reviewed";"Gerado: altere a fonte indicada pelo pipeline, não este arquivo."
"hac.refs.design.acessivel.web.wrapper.generated.componentoptions.18.295835ab";"txt.388a1d8a70a2";"Dropdown Menu List";"";"vocabulario-lib-web";"json-value";"componentOptions.18";"src/plugin/refs/design-acessivel-web-wrapper.generated.json";"83";"6";"componentOptions.18";"no";"yes";"not-reviewed";"Gerado: altere a fonte indicada pelo pipeline, não este arquivo."
"hac.refs.design.acessivel.web.wrapper.generated.componentoptions.19.0db86ce0";"txt.d6dea0502460";"File Upload";"";"vocabulario-lib-web";"json-value";"componentOptions.19";"src/plugin/refs/design-acessivel-web-wrapper.generated.json";"84";"6";"componentOptions.19";"no";"yes";"not-reviewed";"Gerado: altere a fonte indicada pelo pipeline, não este arquivo."
"hac.refs.design.acessivel.web.wrapper.generated.componentoptions.20.40aa7624";"txt.d7eb6b340a11";"Footer";"";"vocabulario-lib-web";"json-value";"componentOptions.20";"src/plugin/refs/design-acessivel-web-wrapper.generated.json";"85";"6";"componentOptions.20";"no";"yes";"not-reviewed";"Gerado: altere a fonte indicada pelo pipeline, não este arquivo."
"hac.refs.design.acessivel.web.wrapper.generated.componentoptions.21.00d53445";"txt.594fd1615a34";"Header";"";"vocabulario-lib-web";"json-value";"componentOptions.21";"src/plugin/refs/design-acessivel-web-wrapper.generated.json";"86";"6";"componentOptions.21";"no";"yes";"not-reviewed";"Gerado: altere a fonte indicada pelo pipeline, não este arquivo."
"hac.refs.design.acessivel.web.wrapper.generated.componentoptions.22.24949f3f";"txt.43ef8789347e";"Icon Button";"";"vocabulario-lib-web";"json-value";"componentOptions.22";"src/plugin/refs/design-acessivel-web-wrapper.generated.json";"87";"6";"componentOptions.22";"no";"yes";"not-reviewed";"Gerado: altere a fonte indicada pelo pipeline, não este arquivo."
"hac.refs.design.acessivel.web.wrapper.generated.componentoptions.23.a1450262";"txt.1cc2e5c75753";"Icon Button Text";"";"vocabulario-lib-web";"json-value";"componentOptions.23";"src/plugin/refs/design-acessivel-web-wrapper.generated.json";"88";"6";"componentOptions.23";"no";"yes";"not-reviewed";"Gerado: altere a fonte indicada pelo pipeline, não este arquivo."
"hac.refs.design.acessivel.web.wrapper.generated.componentoptions.24.9ed5e9c3";"txt.2cb551232230";"Input / Chat";"";"vocabulario-lib-web";"json-value";"componentOptions.24";"src/plugin/refs/design-acessivel-web-wrapper.generated.json";"89";"6";"componentOptions.24";"no";"yes";"not-reviewed";"Gerado: altere a fonte indicada pelo pipeline, não este arquivo."
"hac.refs.design.acessivel.web.wrapper.generated.componentoptions.25.170fdfc5";"txt.e5c878ac6900";"Input / Date Field - Form";"";"vocabulario-lib-web";"json-value";"componentOptions.25";"src/plugin/refs/design-acessivel-web-wrapper.generated.json";"90";"6";"componentOptions.25";"no";"yes";"not-reviewed";"Gerado: altere a fonte indicada pelo pipeline, não este arquivo."
"hac.refs.design.acessivel.web.wrapper.generated.componentoptions.26.0735ff75";"txt.5a5ede6c9f4d";"Input / Password Field - Form";"";"vocabulario-lib-web";"json-value";"componentOptions.26";"src/plugin/refs/design-acessivel-web-wrapper.generated.json";"91";"6";"componentOptions.26";"no";"yes";"not-reviewed";"Gerado: altere a fonte indicada pelo pipeline, não este arquivo."
"hac.refs.design.acessivel.web.wrapper.generated.componentoptions.27.8f890fed";"txt.1c0dcad1a466";"Input / Select Field - Form";"";"vocabulario-lib-web";"json-value";"componentOptions.27";"src/plugin/refs/design-acessivel-web-wrapper.generated.json";"92";"6";"componentOptions.27";"no";"yes";"not-reviewed";"Gerado: altere a fonte indicada pelo pipeline, não este arquivo."
"hac.refs.design.acessivel.web.wrapper.generated.componentoptions.28.8d604eb1";"txt.eadfd83e8849";"Input / Text Area - Form";"";"vocabulario-lib-web";"json-value";"componentOptions.28";"src/plugin/refs/design-acessivel-web-wrapper.generated.json";"93";"6";"componentOptions.28";"no";"yes";"not-reviewed";"Gerado: altere a fonte indicada pelo pipeline, não este arquivo."
"hac.refs.design.acessivel.web.wrapper.generated.componentoptions.29.a5e3e124";"txt.e33f5868c25f";"Input / Text Field - Form";"";"vocabulario-lib-web";"json-value";"componentOptions.29";"src/plugin/refs/design-acessivel-web-wrapper.generated.json";"94";"6";"componentOptions.29";"no";"yes";"not-reviewed";"Gerado: altere a fonte indicada pelo pipeline, não este arquivo."
"hac.refs.design.acessivel.web.wrapper.generated.componentoptions.30.3a2bd65e";"txt.f99d81df6cf3";"Input Money";"";"vocabulario-lib-web";"json-value";"componentOptions.30";"src/plugin/refs/design-acessivel-web-wrapper.generated.json";"95";"6";"componentOptions.30";"no";"yes";"not-reviewed";"Gerado: altere a fonte indicada pelo pipeline, não este arquivo."
"hac.refs.design.acessivel.web.wrapper.generated.componentoptions.31.4a180b3f";"txt.e9272977bd59";"Input Pin";"";"vocabulario-lib-web";"json-value";"componentOptions.31";"src/plugin/refs/design-acessivel-web-wrapper.generated.json";"96";"6";"componentOptions.31";"no";"yes";"not-reviewed";"Gerado: altere a fonte indicada pelo pipeline, não este arquivo."
"hac.refs.design.acessivel.web.wrapper.generated.componentoptions.32.bade0b07";"txt.e2315e8d0bf9";"Input Slider";"";"vocabulario-lib-web";"json-value";"componentOptions.32";"src/plugin/refs/design-acessivel-web-wrapper.generated.json";"97";"6";"componentOptions.32";"no";"yes";"not-reviewed";"Gerado: altere a fonte indicada pelo pipeline, não este arquivo."
"hac.refs.design.acessivel.web.wrapper.generated.componentoptions.33.6ac0eacd";"txt.115c9e17b7c5";"Input Stepper";"";"vocabulario-lib-web";"json-value";"componentOptions.33";"src/plugin/refs/design-acessivel-web-wrapper.generated.json";"98";"6";"componentOptions.33";"no";"yes";"not-reviewed";"Gerado: altere a fonte indicada pelo pipeline, não este arquivo."
"hac.refs.design.acessivel.web.wrapper.generated.componentoptions.34.7d98e6e0";"txt.b4c639a4fe78";"Input With Chips - Form";"";"vocabulario-lib-web";"json-value";"componentOptions.34";"src/plugin/refs/design-acessivel-web-wrapper.generated.json";"99";"6";"componentOptions.34";"no";"yes";"not-reviewed";"Gerado: altere a fonte indicada pelo pipeline, não este arquivo."
"hac.refs.design.acessivel.web.wrapper.generated.componentoptions.35.9ce531f3";"txt.4f0aa52d656a";"Link";"";"vocabulario-lib-web";"json-value";"componentOptions.35";"src/plugin/refs/design-acessivel-web-wrapper.generated.json";"100";"6";"componentOptions.35";"no";"yes";"not-reviewed";"Gerado: altere a fonte indicada pelo pipeline, não este arquivo."
"hac.refs.design.acessivel.web.wrapper.generated.componentoptions.36.31562f28";"txt.61c40ac108b7";"List Item";"";"vocabulario-lib-web";"json-value";"componentOptions.36";"src/plugin/refs/design-acessivel-web-wrapper.generated.json";"101";"6";"componentOptions.36";"no";"yes";"not-reviewed";"Gerado: altere a fonte indicada pelo pipeline, não este arquivo."
"hac.refs.design.acessivel.web.wrapper.generated.componentoptions.37.05c72453";"txt.e95db2aa2861";"Loading Animation";"";"vocabulario-lib-web";"json-value";"componentOptions.37";"src/plugin/refs/design-acessivel-web-wrapper.generated.json";"102";"6";"componentOptions.37";"no";"yes";"not-reviewed";"Gerado: altere a fonte indicada pelo pipeline, não este arquivo."
"hac.refs.design.acessivel.web.wrapper.generated.componentoptions.38.82622b43";"txt.964a3b119be8";"Modal";"";"vocabulario-lib-web";"json-value";"componentOptions.38";"src/plugin/refs/design-acessivel-web-wrapper.generated.json";"103";"6";"componentOptions.38";"no";"yes";"not-reviewed";"Gerado: altere a fonte indicada pelo pipeline, não este arquivo."
"hac.refs.design.acessivel.web.wrapper.generated.componentoptions.39.d260b9a4";"txt.8c34060da16c";"Overflow Controller";"";"vocabulario-lib-web";"json-value";"componentOptions.39";"src/plugin/refs/design-acessivel-web-wrapper.generated.json";"104";"6";"componentOptions.39";"no";"yes";"not-reviewed";"Gerado: altere a fonte indicada pelo pipeline, não este arquivo."
"hac.refs.design.acessivel.web.wrapper.generated.componentoptions.40.fbaaeb91";"txt.31b8d545b193";"Paginator";"";"vocabulario-lib-web";"json-value";"componentOptions.40";"src/plugin/refs/design-acessivel-web-wrapper.generated.json";"105";"6";"componentOptions.40";"no";"yes";"not-reviewed";"Gerado: altere a fonte indicada pelo pipeline, não este arquivo."
"hac.refs.design.acessivel.web.wrapper.generated.componentoptions.41.472ad892";"txt.8acf19171cc3";"Popover";"";"vocabulario-lib-web";"json-value";"componentOptions.41";"src/plugin/refs/design-acessivel-web-wrapper.generated.json";"106";"6";"componentOptions.41";"no";"yes";"not-reviewed";"Gerado: altere a fonte indicada pelo pipeline, não este arquivo."
"hac.refs.design.acessivel.web.wrapper.generated.componentoptions.42.c0467f4a";"txt.5aaf8905f32a";"Progress";"";"vocabulario-lib-web";"json-value";"componentOptions.42";"src/plugin/refs/design-acessivel-web-wrapper.generated.json";"107";"6";"componentOptions.42";"no";"yes";"not-reviewed";"Gerado: altere a fonte indicada pelo pipeline, não este arquivo."
"hac.refs.design.acessivel.web.wrapper.generated.componentoptions.43.ac39ea03";"txt.2bc2aef2187b";"Progress List";"";"vocabulario-lib-web";"json-value";"componentOptions.43";"src/plugin/refs/design-acessivel-web-wrapper.generated.json";"108";"6";"componentOptions.43";"no";"yes";"not-reviewed";"Gerado: altere a fonte indicada pelo pipeline, não este arquivo."
"hac.refs.design.acessivel.web.wrapper.generated.componentoptions.44.60d2355e";"txt.d432c3525b9d";"Radio";"";"vocabulario-lib-web";"json-value";"componentOptions.44";"src/plugin/refs/design-acessivel-web-wrapper.generated.json";"109";"6";"componentOptions.44";"no";"yes";"not-reviewed";"Gerado: altere a fonte indicada pelo pipeline, não este arquivo."
"hac.refs.design.acessivel.web.wrapper.generated.componentoptions.45.5971eae9";"txt.6477b73b0fab";"Searchbar";"";"vocabulario-lib-web";"json-value";"componentOptions.45";"src/plugin/refs/design-acessivel-web-wrapper.generated.json";"110";"6";"componentOptions.45";"no";"yes";"not-reviewed";"Gerado: altere a fonte indicada pelo pipeline, não este arquivo."
"hac.refs.design.acessivel.web.wrapper.generated.componentoptions.46.55816493";"txt.a85392aabab1";"Search Results";"";"vocabulario-lib-web";"json-value";"componentOptions.46";"src/plugin/refs/design-acessivel-web-wrapper.generated.json";"111";"6";"componentOptions.46";"no";"yes";"not-reviewed";"Gerado: altere a fonte indicada pelo pipeline, não este arquivo."
"hac.refs.design.acessivel.web.wrapper.generated.componentoptions.47.613fc41c";"txt.0639d18f6e79";"Segmented Button";"";"vocabulario-lib-web";"json-value";"componentOptions.47";"src/plugin/refs/design-acessivel-web-wrapper.generated.json";"112";"6";"componentOptions.47";"no";"yes";"not-reviewed";"Gerado: altere a fonte indicada pelo pipeline, não este arquivo."
"hac.refs.design.acessivel.web.wrapper.generated.componentoptions.48.61e95c7e";"txt.9fec3077009b";"Sidebar Menu";"";"vocabulario-lib-web";"json-value";"componentOptions.48";"src/plugin/refs/design-acessivel-web-wrapper.generated.json";"113";"6";"componentOptions.48";"no";"yes";"not-reviewed";"Gerado: altere a fonte indicada pelo pipeline, não este arquivo."
"hac.refs.design.acessivel.web.wrapper.generated.componentoptions.49.a0cd3132";"txt.0d1e96f34f82";"Skeleton Load";"";"vocabulario-lib-web";"json-value";"componentOptions.49";"src/plugin/refs/design-acessivel-web-wrapper.generated.json";"114";"6";"componentOptions.49";"no";"yes";"not-reviewed";"Gerado: altere a fonte indicada pelo pipeline, não este arquivo."
"hac.refs.design.acessivel.web.wrapper.generated.componentoptions.50.6264f4aa";"txt.6be3172300a3";"Spinner";"";"vocabulario-lib-web";"json-value";"componentOptions.50";"src/plugin/refs/design-acessivel-web-wrapper.generated.json";"115";"6";"componentOptions.50";"no";"yes";"not-reviewed";"Gerado: altere a fonte indicada pelo pipeline, não este arquivo."
"hac.refs.design.acessivel.web.wrapper.generated.componentoptions.51.97f38bbc";"txt.52c8217c245d";"Stepper";"";"vocabulario-lib-web";"json-value";"componentOptions.51";"src/plugin/refs/design-acessivel-web-wrapper.generated.json";"116";"6";"componentOptions.51";"no";"yes";"not-reviewed";"Gerado: altere a fonte indicada pelo pipeline, não este arquivo."
"hac.refs.design.acessivel.web.wrapper.generated.componentoptions.52.3a0df3db";"txt.01ba7992f85d";"Switch";"";"vocabulario-lib-web";"json-value";"componentOptions.52";"src/plugin/refs/design-acessivel-web-wrapper.generated.json";"117";"6";"componentOptions.52";"no";"yes";"not-reviewed";"Gerado: altere a fonte indicada pelo pipeline, não este arquivo."
"hac.refs.design.acessivel.web.wrapper.generated.componentoptions.53.814e185d";"txt.e974602114f1";"Tab";"";"vocabulario-lib-web";"json-value";"componentOptions.53";"src/plugin/refs/design-acessivel-web-wrapper.generated.json";"118";"6";"componentOptions.53";"no";"yes";"not-reviewed";"Gerado: altere a fonte indicada pelo pipeline, não este arquivo."
"hac.refs.design.acessivel.web.wrapper.generated.componentoptions.54.01f89d40";"txt.4dfd1db82c15";"Table / Cell";"";"vocabulario-lib-web";"json-value";"componentOptions.54";"src/plugin/refs/design-acessivel-web-wrapper.generated.json";"119";"6";"componentOptions.54";"no";"yes";"not-reviewed";"Gerado: altere a fonte indicada pelo pipeline, não este arquivo."
"hac.refs.design.acessivel.web.wrapper.generated.componentoptions.55.c9e8aed5";"txt.9424fa2a062c";"Table / Header Cell";"";"vocabulario-lib-web";"json-value";"componentOptions.55";"src/plugin/refs/design-acessivel-web-wrapper.generated.json";"120";"6";"componentOptions.55";"no";"yes";"not-reviewed";"Gerado: altere a fonte indicada pelo pipeline, não este arquivo."
"hac.refs.design.acessivel.web.wrapper.generated.componentoptions.56.c8a37e0d";"txt.1937ed24ceb1";"Tile Button";"";"vocabulario-lib-web";"json-value";"componentOptions.56";"src/plugin/refs/design-acessivel-web-wrapper.generated.json";"121";"6";"componentOptions.56";"no";"yes";"not-reviewed";"Gerado: altere a fonte indicada pelo pipeline, não este arquivo."
"hac.refs.design.acessivel.web.wrapper.generated.componentoptions.57.f307883f";"txt.03f920e30be5";"Title Bar";"";"vocabulario-lib-web";"json-value";"componentOptions.57";"src/plugin/refs/design-acessivel-web-wrapper.generated.json";"122";"6";"componentOptions.57";"no";"yes";"not-reviewed";"Gerado: altere a fonte indicada pelo pipeline, não este arquivo."
"hac.refs.design.acessivel.web.wrapper.generated.componentoptions.58.2ca55260";"txt.2d885aa81d3c";"Toast";"";"vocabulario-lib-web";"json-value";"componentOptions.58";"src/plugin/refs/design-acessivel-web-wrapper.generated.json";"123";"6";"componentOptions.58";"no";"yes";"not-reviewed";"Gerado: altere a fonte indicada pelo pipeline, não este arquivo."
"hac.refs.design.acessivel.web.wrapper.generated.componentoptions.59.01ef24e0";"txt.83916160e91f";"Tooltip";"";"vocabulario-lib-web";"json-value";"componentOptions.59";"src/plugin/refs/design-acessivel-web-wrapper.generated.json";"124";"6";"componentOptions.59";"no";"yes";"not-reviewed";"Gerado: altere a fonte indicada pelo pipeline, não este arquivo."
"hac.refs.design.acessivel.web.wrapper.generated.componentoptions.60.e505115b";"txt.f854270eaca9";"Imagem";"";"vocabulario-lib-web";"json-value";"componentOptions.60";"src/plugin/refs/design-acessivel-web-wrapper.generated.json";"125";"6";"componentOptions.60";"no";"yes";"not-reviewed";"Gerado: altere a fonte indicada pelo pipeline, não este arquivo."
"hac.refs.design.acessivel.web.wrapper.generated.componentextravariantprops.imagem.variante.2dc87738";"txt.e3e04b6d486a";"Texto Alternativo";"";"vocabulario-lib-web";"json-value";"componentExtraVariantProps.Imagem.Variante";"src/plugin/refs/design-acessivel-web-wrapper.generated.json";"129";"20";"componentExtraVariantProps.Imagem.Variante";"no";"yes";"not-reviewed";"Gerado: altere a fonte indicada pelo pipeline, não este arquivo."
"hac.refs.design.acessivel.web.wrapper.generated.estrutura.variacoes.0.a0a7a844";"txt.f745de63440f";"Marco de navegação";"";"vocabulario-lib-web";"json-value";"estrutura.variacoes.0";"src/plugin/refs/design-acessivel-web-wrapper.generated.json";"135";"8";"estrutura.variacoes.0";"no";"yes";"not-reviewed";"Gerado: altere a fonte indicada pelo pipeline, não este arquivo."
"hac.refs.design.acessivel.web.wrapper.generated.estrutura.variacoes.1.590400b1";"txt.dead91f968b4";"Título da Página";"";"vocabulario-lib-web";"json-value";"estrutura.variacoes.1";"src/plugin/refs/design-acessivel-web-wrapper.generated.json";"136";"8";"estrutura.variacoes.1";"no";"yes";"not-reviewed";"Gerado: altere a fonte indicada pelo pipeline, não este arquivo."
"hac.refs.design.acessivel.web.wrapper.generated.estrutura.variacoes.2.3d8c2f99";"txt.113cff8ac7ee";"Idioma";"";"vocabulario-lib-web";"json-value";"estrutura.variacoes.2";"src/plugin/refs/design-acessivel-web-wrapper.generated.json";"137";"8";"estrutura.variacoes.2";"no";"yes";"not-reviewed";"Gerado: altere a fonte indicada pelo pipeline, não este arquivo."
"hac.refs.design.acessivel.web.wrapper.generated.estrutura.marcotipos.0.7c0abdc8";"txt.fea877d4f0f1";"Nav";"";"vocabulario-lib-web";"json-value";"estrutura.marcoTipos.0";"src/plugin/refs/design-acessivel-web-wrapper.generated.json";"140";"8";"estrutura.marcoTipos.0";"no";"yes";"not-reviewed";"Gerado: altere a fonte indicada pelo pipeline, não este arquivo."
"hac.refs.design.acessivel.web.wrapper.generated.estrutura.marcotipos.1.46d5cf4a";"txt.b28b7af69320";"Main";"";"vocabulario-lib-web";"json-value";"estrutura.marcoTipos.1";"src/plugin/refs/design-acessivel-web-wrapper.generated.json";"141";"8";"estrutura.marcoTipos.1";"no";"yes";"not-reviewed";"Gerado: altere a fonte indicada pelo pipeline, não este arquivo."
"hac.refs.design.acessivel.web.wrapper.generated.estrutura.marcotipos.2.8653205d";"txt.b77cad146760";"Aside";"";"vocabulario-lib-web";"json-value";"estrutura.marcoTipos.2";"src/plugin/refs/design-acessivel-web-wrapper.generated.json";"142";"8";"estrutura.marcoTipos.2";"no";"yes";"not-reviewed";"Gerado: altere a fonte indicada pelo pipeline, não este arquivo."
"hac.refs.design.acessivel.web.wrapper.generated.estrutura.idiomatipos.0.74d79092";"txt.fe34fd93c8e7";"Página";"";"vocabulario-lib-web";"json-value";"estrutura.idiomaTipos.0";"src/plugin/refs/design-acessivel-web-wrapper.generated.json";"145";"8";"estrutura.idiomaTipos.0";"no";"yes";"not-reviewed";"Gerado: altere a fonte indicada pelo pipeline, não este arquivo."
"hac.refs.design.acessivel.web.wrapper.generated.estrutura.idiomatipos.1.3d1aeffb";"txt.3653c5dfa95b";"Parte";"";"vocabulario-lib-web";"json-value";"estrutura.idiomaTipos.1";"src/plugin/refs/design-acessivel-web-wrapper.generated.json";"146";"8";"estrutura.idiomaTipos.1";"no";"yes";"not-reviewed";"Gerado: altere a fonte indicada pelo pipeline, não este arquivo."
"hac.refs.design.acessivel.web.wrapper.generated.estrutura.togglesbyvariacao.idioma.0.63967d5b";"txt.c358a1fc1734";"Observações";"";"vocabulario-lib-web";"json-value";"estrutura.togglesByVariacao.Idioma.0";"src/plugin/refs/design-acessivel-web-wrapper.generated.json";"152";"10";"estrutura.togglesByVariacao.Idioma.0";"no";"yes";"not-reviewed";"Gerado: altere a fonte indicada pelo pipeline, não este arquivo."
"hac.refs.design.acessivel.web.wrapper.generated.tituloniveis.0.af250cb8";"txt.ac4ae97285c1";"H1";"";"vocabulario-lib-web";"json-value";"tituloNiveis.0";"src/plugin/refs/design-acessivel-web-wrapper.generated.json";"157";"6";"tituloNiveis.0";"no";"yes";"not-reviewed";"Gerado: altere a fonte indicada pelo pipeline, não este arquivo."
"hac.refs.design.acessivel.web.wrapper.generated.tituloniveis.1.06788e45";"txt.bf1c365741a4";"H2";"";"vocabulario-lib-web";"json-value";"tituloNiveis.1";"src/plugin/refs/design-acessivel-web-wrapper.generated.json";"158";"6";"tituloNiveis.1";"no";"yes";"not-reviewed";"Gerado: altere a fonte indicada pelo pipeline, não este arquivo."
"hac.refs.design.acessivel.web.wrapper.generated.tituloniveis.2.35e05ec3";"txt.8dbc6058e033";"H3";"";"vocabulario-lib-web";"json-value";"tituloNiveis.2";"src/plugin/refs/design-acessivel-web-wrapper.generated.json";"159";"6";"tituloNiveis.2";"no";"yes";"not-reviewed";"Gerado: altere a fonte indicada pelo pipeline, não este arquivo."
"hac.refs.design.acessivel.web.wrapper.generated.tituloniveis.3.5d6446cf";"txt.4f92c044d819";"H4";"";"vocabulario-lib-web";"json-value";"tituloNiveis.3";"src/plugin/refs/design-acessivel-web-wrapper.generated.json";"160";"6";"tituloNiveis.3";"no";"yes";"not-reviewed";"Gerado: altere a fonte indicada pelo pipeline, não este arquivo."
"hac.refs.design.acessivel.web.wrapper.generated.tituloniveis.4.b11e1105";"txt.36e20656918e";"H5";"";"vocabulario-lib-web";"json-value";"tituloNiveis.4";"src/plugin/refs/design-acessivel-web-wrapper.generated.json";"161";"6";"tituloNiveis.4";"no";"yes";"not-reviewed";"Gerado: altere a fonte indicada pelo pipeline, não este arquivo."
"hac.refs.design.acessivel.web.wrapper.generated.tituloniveis.5.b066b462";"txt.6b7658601d20";"H6";"";"vocabulario-lib-web";"json-value";"tituloNiveis.5";"src/plugin/refs/design-acessivel-web-wrapper.generated.json";"162";"6";"tituloNiveis.5";"no";"yes";"not-reviewed";"Gerado: altere a fonte indicada pelo pipeline, não este arquivo."
"hac.refs.ficha.instruction.content.tabulacao.title.02dcb28c";"txt.37066ca9dc6a";"Ordem de Tabulação";"";"conteudo-instrucional";"json-value";"tabulacao.title";"src/plugin/refs/ficha-instruction-content.json";"16";"15";"tabulacao.title";"yes";"no";"not-reviewed";""
"hac.refs.ficha.instruction.content.tabulacao.instructionsheading.1328a60b";"txt.b0da0e72b688";"Instruções sobre o tipo de documentação";"";"conteudo-instrucional";"json-value";"tabulacao.instructionsHeading";"src/plugin/refs/ficha-instruction-content.json";"17";"29";"tabulacao.instructionsHeading";"yes";"no";"not-reviewed";""
"hac.refs.ficha.instruction.content.tabulacao.instructionsbody.5d718569";"txt.a52a00658a26";"É a sequência lógica que o Leitor de tela (VoiceOver/TalkBack) percorre nos elementos INTERATIVOS quando o usuário navega com outros devices em interfaces de toque como teclados, mouses com botões programáveis ou acionadores .";"";"conteudo-instrucional";"json-value";"tabulacao.instructionsBody";"src/plugin/refs/ficha-instruction-content.json";"18";"26";"tabulacao.instructionsBody";"yes";"no";"not-reviewed";""
"hac.refs.ficha.instruction.content.tabulacao.stepsheading.34dc4802";"txt.46bb2119dd49";"Como fazer a ordem de tabulação";"";"conteudo-instrucional";"json-value";"tabulacao.stepsHeading";"src/plugin/refs/ficha-instruction-content.json";"19";"22";"tabulacao.stepsHeading";"yes";"no";"not-reviewed";""
"hac.refs.ficha.instruction.content.tabulacao.steps.0.d0ac233f";"txt.2447267ce93c";"Selecione os componentes interativos e imagens essenciais: Selecione apenas os elementos acionáveis da tela (como botões ativos, links, campos de formulário e seletores) e imagens cujo conteúdo seja indispensável para a navegação.";"";"conteudo-instrucional";"json-value";"tabulacao.steps.0";"src/plugin/refs/ficha-instruction-content.json";"21";"8";"tabulacao.steps.0";"yes";"no";"not-reviewed";""
"hac.refs.ficha.instruction.content.tabulacao.steps.1.21d776e4";"txt.3ccbc35e8f42";"Siga a ordem de leitura ocidental: Selecione esses elementos sequencialmente respeitando o fluxo do layout, da esquerda para a direita, de cima para baixo.";"";"conteudo-instrucional";"json-value";"tabulacao.steps.1";"src/plugin/refs/ficha-instruction-content.json";"22";"8";"tabulacao.steps.1";"yes";"no";"not-reviewed";""
"hac.refs.ficha.instruction.content.tabulacao.steps.2.fea9ad71";"txt.98c84b5582fd";"Ignore elementos não interativos: Não inclua na seleção textos puramente estáticos, rótulos de campos, imagens decorativas ou botões desativados (disabled).";"";"conteudo-instrucional";"json-value";"tabulacao.steps.2";"src/plugin/refs/ficha-instruction-content.json";"23";"8";"tabulacao.steps.2";"yes";"no";"not-reviewed";""
"hac.refs.ficha.instruction.content.tabulacao.web.instructionsbody.c079549b";"txt.12ca089ea838";"É a sequência lógica que o Leitor de tela (NVDA/VoiceOver/Jaws) percorre nos elementos INTERATIVOS quando o usuário navega com devices como teclados, mouses com botões programáveis ou acionadores.";"";"conteudo-instrucional";"json-value";"tabulacao.web.instructionsBody";"src/plugin/refs/ficha-instruction-content.json";"28";"28";"tabulacao.web.instructionsBody";"yes";"no";"not-reviewed";""
"hac.refs.ficha.instruction.content.tabulacao.web.steps.0.3b0569b2";"txt.f357f9a5d61d";"Selecione os componentes interativos e imagens essenciais: Selecione apenas os elementos acionáveis da tela (como botões ativos, links, campos de formulário e seletores) cujo conteúdo seja indispensável para a navegação.";"";"conteudo-instrucional";"json-value";"tabulacao.web.steps.0";"src/plugin/refs/ficha-instruction-content.json";"30";"10";"tabulacao.web.steps.0";"yes";"no";"not-reviewed";""
"hac.refs.ficha.instruction.content.tabulacao.web.steps.1.cbee9880";"txt.3ccbc35e8f42";"Siga a ordem de leitura ocidental: Selecione esses elementos sequencialmente respeitando o fluxo do layout, da esquerda para a direita, de cima para baixo.";"";"conteudo-instrucional";"json-value";"tabulacao.web.steps.1";"src/plugin/refs/ficha-instruction-content.json";"31";"10";"tabulacao.web.steps.1";"yes";"no";"not-reviewed";""
"hac.refs.ficha.instruction.content.tabulacao.web.steps.2.44797d06";"txt.54a287d96b81";"Ignore elementos não interativos: Não inclua na seleção textos puramente estáticos, rótulos de campos, imagens ou elementos desativados (Disabled).";"";"conteudo-instrucional";"json-value";"tabulacao.web.steps.2";"src/plugin/refs/ficha-instruction-content.json";"32";"10";"tabulacao.web.steps.2";"yes";"no";"not-reviewed";""
"hac.refs.ficha.instruction.content.swipe.title.7c2b6e70";"txt.abf9c03c35ba";"Ordem de Leitura Mobile (Swipe)";"";"conteudo-instrucional";"json-value";"swipe.title";"src/plugin/refs/ficha-instruction-content.json";"38";"15";"swipe.title";"yes";"no";"not-reviewed";""
"hac.refs.ficha.instruction.content.swipe.instructionsheading.c2ad2015";"txt.1f2a81b20d38";"Instruções sobre a documentação";"";"conteudo-instrucional";"json-value";"swipe.instructionsHeading";"src/plugin/refs/ficha-instruction-content.json";"39";"29";"swipe.instructionsHeading";"yes";"no";"not-reviewed";""
"hac.refs.ficha.instruction.content.swipe.instructionsbody.a66401be";"txt.001d0766e9bd";"Essa documentação trata-se de como o leitor de tela (VoiceOver/Talkback) deve seguir sequencialmente de forma nativa com a navegação via Swipe, ou seja, sem os atalhos do rotor.";"";"conteudo-instrucional";"json-value";"swipe.instructionsBody";"src/plugin/refs/ficha-instruction-content.json";"40";"26";"swipe.instructionsBody";"yes";"no";"not-reviewed";""
"hac.refs.ficha.instruction.content.swipe.stepsheading.08766b4e";"txt.a696fa57c796";"Como fazer a ordem de Leitura Mobile (Swipe)";"";"conteudo-instrucional";"json-value";"swipe.stepsHeading";"src/plugin/refs/ficha-instruction-content.json";"41";"22";"swipe.stepsHeading";"yes";"no";"not-reviewed";""
"hac.refs.ficha.instruction.content.swipe.steps.0.53573bc9";"txt.f2faa5694496";"Selecione todos os elementos na tela: Classifique elemento a elemento na tela de forma que demonstre um caminho ao qual o leitor de telas deve percorrer quando navegável nativamente com Basic Swipe.";"";"conteudo-instrucional";"json-value";"swipe.steps.0";"src/plugin/refs/ficha-instruction-content.json";"43";"8";"swipe.steps.0";"yes";"no";"not-reviewed";""
"hac.refs.ficha.instruction.content.swipe.steps.1.c55f5d96";"txt.3ccbc35e8f42";"Siga a ordem de leitura ocidental: Selecione esses elementos sequencialmente respeitando o fluxo do layout, da esquerda para a direita, de cima para baixo.";"";"conteudo-instrucional";"json-value";"swipe.steps.1";"src/plugin/refs/ficha-instruction-content.json";"44";"8";"swipe.steps.1";"yes";"no";"not-reviewed";""
"hac.refs.ficha.instruction.content.leitortela.title.63a96ef4";"txt.a6e1b0f8df14";"Especificações para Leitor de Tela";"";"conteudo-instrucional";"json-value";"leitorTela.title";"src/plugin/refs/ficha-instruction-content.json";"50";"15";"leitorTela.title";"yes";"no";"not-reviewed";""
"hac.refs.ficha.instruction.content.leitortela.instructionsheading.e9669544";"txt.1f2a81b20d38";"Instruções sobre a documentação";"";"conteudo-instrucional";"json-value";"leitorTela.instructionsHeading";"src/plugin/refs/ficha-instruction-content.json";"51";"29";"leitorTela.instructionsHeading";"yes";"no";"not-reviewed";""
"hac.refs.ficha.instruction.content.leitortela.instructionsbody.c0033e01";"txt.e3e88f097aa9";"Especificar para leitores de tela consiste em definir como as tecnologias assistivas (VoiceOver/Talkback) interpretam e anunciam os elementos da interface. Essa documentação assegura que o conteúdo seja plenamente compreendido e inclusivo, fornecendo as orientações fundamentais para que o time de desenvolvimento implemente a experiência exatamente como projetada.";"";"conteudo-instrucional";"json-value";"leitorTela.instructionsBody";"src/plugin/refs/ficha-instruction-content.json";"52";"26";"leitorTela.instructionsBody";"yes";"no";"not-reviewed";""
"hac.refs.ficha.instruction.content.leitortela.stepsheading.d1fb0225";"txt.c6e6a362d042";"Como fazer as especificações para Leitor de Tela";"";"conteudo-instrucional";"json-value";"leitorTela.stepsHeading";"src/plugin/refs/ficha-instruction-content.json";"53";"22";"leitorTela.stepsHeading";"yes";"no";"not-reviewed";""
"hac.refs.ficha.instruction.content.leitortela.steps.0.e9892bad";"txt.cc9fe5c65f04";"Classifique os componentes: Utilize o conector de Elementos Interativos e Imagens para classificar os componentes interativos e imagens essenciais para o contexto da sua interface. Siga a ordem numérica dentro do círculo.";"";"conteudo-instrucional";"json-value";"leitorTela.steps.0";"src/plugin/refs/ficha-instruction-content.json";"55";"8";"leitorTela.steps.0";"yes";"no";"not-reviewed";""
"hac.refs.ficha.instruction.content.leitortela.steps.1.b5fbe87e";"txt.5409d4481f27";"Especifique os títulos: Se o elemento que você está documentando for um título, utilize o conector Títulos para marcá-lo. No mobile (React Native) não é necessário mapear a hierarquia de níveis como no desktop, todo título usa o mesmo marcador ""H"", sem distinção H1-H6.";"";"conteudo-instrucional";"json-value";"leitorTela.steps.1";"src/plugin/refs/ficha-instruction-content.json";"56";"8";"leitorTela.steps.1";"yes";"no";"not-reviewed";""
"hac.refs.ficha.instruction.content.leitortela.steps.2.37182b47";"txt.9f66fc65c780";"Ignore itens decorativos: Imagens e ícones puramente ilustrativos não são lidos pelo leitor de tela, classifique-os com o conector Elementos Decorativos.";"";"conteudo-instrucional";"json-value";"leitorTela.steps.2";"src/plugin/refs/ficha-instruction-content.json";"57";"8";"leitorTela.steps.2";"yes";"no";"not-reviewed";""
"hac.refs.ficha.instruction.content.leitortela.web.instructionsbody.dccebaf3";"txt.cf3c941c19de";"Especificar para leitores de tela consiste em definir como as tecnologias assistivas (NVDA/VoiceOver/Jaws) interpretam e anunciam os elementos da interface. Essa documentação assegura que o conteúdo seja plenamente compreendido e inclusivo, fornecendo as orientações fundamentais para que o time de desenvolvimento implemente a experiência exatamente como projetada.";"";"conteudo-instrucional";"json-value";"leitorTela.web.instructionsBody";"src/plugin/refs/ficha-instruction-content.json";"62";"28";"leitorTela.web.instructionsBody";"yes";"no";"not-reviewed";""
"hac.refs.ficha.instruction.content.leitortela.web.steps.0.50032db7";"txt.b9881d83de49";"Classifique os componentes: Utilize o conector de Elementos Interativos e Imagens para classificar os componentes interativos e imagens essenciais para o contexto da sua interface. Siga a ordem numérica ou alfabética dentro do círculo.";"";"conteudo-instrucional";"json-value";"leitorTela.web.steps.0";"src/plugin/refs/ficha-instruction-content.json";"64";"10";"leitorTela.web.steps.0";"yes";"no";"not-reviewed";""
"hac.refs.ficha.instruction.content.leitortela.web.steps.1.10176e17";"txt.8f52bb10226d";"Especifique os títulos: Se o elemento que você está documentando for um título, utilize o conector Nível de Título para marcá-lo, a estrutura da interface segue a lógica de H1 até H6. O H1 é o título principal (único por página), seguido por H2, H3 e assim por diante. Essa ordem permite que usuários de leitores de tela entendam o sumário do conteúdo.";"";"conteudo-instrucional";"json-value";"leitorTela.web.steps.1";"src/plugin/refs/ficha-instruction-content.json";"65";"10";"leitorTela.web.steps.1";"yes";"no";"not-reviewed";""
"hac.refs.ficha.instruction.content.leitortela.web.steps.2.ea58a43e";"txt.157f177f3418";"Especifique a estrutura da página: Utilize o conector Estrutura da Página para marcar a estrutura da página, esses elementos semânticos que estruturam o “esqueleto” de uma interface e indicam as seções de conteúdo e para que servem, exemplos: <header>, <main>, <footer>, etc.";"";"conteudo-instrucional";"json-value";"leitorTela.web.steps.2";"src/plugin/refs/ficha-instruction-content.json";"66";"10";"leitorTela.web.steps.2";"yes";"no";"not-reviewed";""
"hac.refs.ficha.instruction.content.leitortela.web.steps.3.2009ed5e";"txt.9f66fc65c780";"Ignore itens decorativos: Imagens e ícones puramente ilustrativos não são lidos pelo leitor de tela, classifique-os com o conector Elementos Decorativos.";"";"conteudo-instrucional";"json-value";"leitorTela.web.steps.3";"src/plugin/refs/ficha-instruction-content.json";"67";"10";"leitorTela.web.steps.3";"yes";"no";"not-reviewed";""
"hac.views.home.h2.text.1.c8ea4495";"txt.3b3fd45639aa";"Boas-vindas ao Handoff de Acessibilidade CAIXA";"";"texto-interface";"html-text";"h2";"src/plugin/views/home.html";"87";"78";"h2.text.1";"yes";"no";"not-reviewed";""
"hac.views.home.p.text.1.02f8a590";"txt.b1abea254730";"Documente ordem de tabulação e especificação para Leitor de Tela de forma simples, rápida e escalável com o DSC.";"";"texto-interface";"html-text";"p";"src/plugin/views/home.html";"88";"158";"p.text.1";"yes";"no";"not-reviewed";""
"hac.views.home.p.text.2.8da6b37a";"txt.ad460c354c6e";"Escolha qual lib o seu projeto se encaixa:";"";"texto-interface";"html-text";"p";"src/plugin/views/home.html";"94";"116";"p.text.2";"yes";"no";"not-reviewed";""
"hac.views.home.p.text.3.efc58a7f";"txt.5d64152f69d7";"Super DSC Mobile";"";"texto-interface";"html-text";"p";"src/plugin/views/home.html";"121";"113";"p.text.3";"yes";"no";"not-reviewed";""
"hac.views.home.p.text.4.b46ee7ea";"txt.88e1fa356c78";"Super DSC Web";"";"texto-interface";"html-text";"p";"src/plugin/views/home.html";"128";"113";"p.text.4";"yes";"no";"not-reviewed";""
"hac.views.home.h2.text.2.5b0d7830";"txt.175f46f69fd0";"Qual biblioteca web?";"";"texto-interface";"html-text";"h2";"src/plugin/views/home.html";"142";"76";"h2.text.2";"yes";"no";"not-reviewed";""
"hac.views.home.p.text.5.ee44fecb";"txt.3f2ad8e4a4b2";"As duas coexistem hoje enquanto a migração de design system não termina.";"";"texto-interface";"html-text";"p";"src/plugin/views/home.html";"143";"134";"p.text.5";"yes";"no";"not-reviewed";""
"hac.views.home.span.text.1.b78a0339";"txt.f6b8c99928b8";"DSC Web Angular & React";"";"texto-interface";"html-text";"span";"src/plugin/views/home.html";"159";"122";"span.text.1";"yes";"no";"not-reviewed";""
"hac.views.home.span.text.2.7caf7050";"txt.3ca3de359736";"Legada";"";"texto-interface";"html-text";"span";"src/plugin/views/home.html";"160";"131";"span.text.2";"yes";"no";"not-reviewed";""
"hac.views.home.span.text.3.d5199f2e";"txt.88e1fa356c78";"Super DSC Web";"";"texto-interface";"html-text";"span";"src/plugin/views/home.html";"169";"122";"span.text.3";"yes";"no";"not-reviewed";""
"hac.views.home.span.text.4.47143b6d";"txt.0d9796707df6";"Nova · Recomendada";"";"texto-interface";"html-text";"span";"src/plugin/views/home.html";"170";"131";"span.text.4";"yes";"no";"not-reviewed";""
"hac.views.home.button.text.1.d48c6342";"txt.1505adfd7cfd";"Voltar";"";"texto-interface";"html-text";"button";"src/plugin/views/home.html";"174";"233";"button.text.1";"yes";"no";"not-reviewed";""
"hac.views.modals.a11y.category.picker.title.text.text.4148ebb0";"txt.de843bb6dfcf";"Nova especificação";"";"texto-interface";"html-text";"a11y-category-picker-title-text";"src/plugin/views/modals.html";"14";"50";"a11y-category-picker-title-text.text";"yes";"no";"not-reviewed";""
"hac.views.modals.button.1.title.c1480f66";"txt.5749fbf846d2";"Fechar";"";"texto-interface";"html-attribute:title";"button.1";"src/plugin/views/modals.html";"16";"61";"button.1.title";"yes";"no";"not-reviewed";""
"hac.views.modals.button.1.aria.label.7b0b4349";"txt.5749fbf846d2";"Fechar";"";"acessibilidade";"html-attribute:aria-label";"button.1";"src/plugin/views/modals.html";"16";"81";"button.1.aria-label";"yes";"no";"not-reviewed";""
"hac.views.modals.p.text.1.3bdc45f2";"txt.91bdac27ad01";"Selecionado no canvas";"";"texto-interface";"html-text";"p";"src/plugin/views/modals.html";"35";"124";"p.text.1";"yes";"no";"not-reviewed";""
"hac.views.modals.html.text.1.123fdcdf";"txt.2fb75ee3e5ab";"Estrutura da Página";"";"texto-interface";"html-text";"html";"src/plugin/views/modals.html";"43";"113";"html.text.1";"yes";"no";"not-reviewed";""
"hac.views.modals.a11y.category.btn.titulo.label.text.e1e0c84b";"txt.91e5dc8c41f2";"Nível de Título";"";"texto-interface";"html-text";"a11y-category-btn-titulo-label";"src/plugin/views/modals.html";"52";"53";"a11y-category-btn-titulo-label.text";"yes";"no";"not-reviewed";""
"hac.views.modals.html.text.2.72b40852";"txt.ae389a2dd9e8";"Elementos e Imagens";"";"texto-interface";"html-text";"html";"src/plugin/views/modals.html";"56";"112";"html.text.2";"yes";"no";"not-reviewed";""
"hac.views.modals.html.text.3.a2c350a2";"txt.51c2f95692b8";"Elemento Decorativo";"";"texto-interface";"html-text";"html";"src/plugin/views/modals.html";"60";"114";"html.text.3";"yes";"no";"not-reviewed";""
"hac.views.modals.script.text.1.09783f74";"txt.97de298defc8";"(function () {\nfunction renderA11yCategoryPickerBadges() {\nif (typeof A11Y_CATEGORIES === 'undefined' || typeof renderA11yCategoryBadgeSvg === 'undefined') return;\ndocument.querySelectorAll('.a11y-cat-badge-picker[data-a11y-cat]').forEach(function (el) {\nvar catKey = el.getAttribute('data-a11y-cat');\nif (!A11Y_CATEGORIES[catKey]) return;\nel.innerHTML = renderA11yCategoryBadgeSvg(catKey, 18);\n});\n}\n\nfunction attachObserver() {\nvar modal = document.getElementById('a11y-category-picker-modal');\nif (!modal) return;\nvar observer = new MutationObserver(function () {\nif (!modal.classList.contains('hidden')) renderA11yCategoryPickerBadges();\n});\nobserver.observe(modal, { attributes: true, attributeFilter: ['class'] });\n}\n\nif (document.readyState === 'loading') {\ndocument.addEventListener('DOMContentLoaded', attachObserver);\n} else {\nattachObserver();\n}\n})();";"";"texto-interface";"html-text";"script";"src/plugin/views/modals.html";"73";"9";"script.text.1";"yes";"no";"not-reviewed";""
"hac.views.modals.a11y.modal.title.text.text.7b38038d";"txt.5e40d99cdc7d";"Especificação de Acessibilidade";"";"texto-interface";"html-text";"a11y-modal-title-text";"src/plugin/views/modals.html";"111";"46";"a11y-modal-title-text.text";"yes";"no";"not-reviewed";""
"hac.views.modals.a11y.modal.category.edit.btn.title.7a06ecd2";"txt.df5448e93321";"Alterar categoria";"";"texto-interface";"html-attribute:title";"a11y-modal-category-edit-btn";"src/plugin/views/modals.html";"115";"122";"a11y-modal-category-edit-btn.title";"yes";"no";"not-reviewed";""
"hac.views.modals.a11y.modal.category.edit.btn.aria.label.a7c0fc11";"txt.df5448e93321";"Alterar categoria";"";"acessibilidade";"html-attribute:aria-label";"a11y-modal-category-edit-btn";"src/plugin/views/modals.html";"115";"153";"a11y-modal-category-edit-btn.aria-label";"yes";"no";"not-reviewed";""
"hac.views.modals.btn.a11y.wizard.focus.title.1eee20c8";"txt.a4641c2370b3";"Localizar no canvas";"";"texto-interface";"html-attribute:title";"btn-a11y-wizard-focus";"src/plugin/views/modals.html";"128";"92";"btn-a11y-wizard-focus.title";"yes";"no";"not-reviewed";""
"hac.views.modals.btn.a11y.wizard.focus.aria.label.93381f4d";"txt.a4641c2370b3";"Localizar no canvas";"";"acessibilidade";"html-attribute:aria-label";"btn-a11y-wizard-focus";"src/plugin/views/modals.html";"128";"125";"btn-a11y-wizard-focus.aria-label";"yes";"no";"not-reviewed";""
"hac.views.modals.span.text.1.a1b507e5";"txt.b50aae9de20e";"Focar";"";"texto-interface";"html-text";"span";"src/plugin/views/modals.html";"130";"103";"span.text.1";"yes";"no";"not-reviewed";""
"hac.views.modals.button.8.title.133938c3";"txt.5749fbf846d2";"Fechar";"";"texto-interface";"html-attribute:title";"button.8";"src/plugin/views/modals.html";"132";"53";"button.8.title";"yes";"no";"not-reviewed";""
"hac.views.modals.button.8.aria.label.342980f3";"txt.5749fbf846d2";"Fechar";"";"acessibilidade";"html-attribute:aria-label";"button.8";"src/plugin/views/modals.html";"132";"73";"button.8.aria-label";"yes";"no";"not-reviewed";""
"hac.views.modals.btn.a11y.wizard.prev.title.9a4e0b90";"txt.c1125e0b9ccd";"Item anterior";"";"texto-interface";"html-attribute:title";"btn-a11y-wizard-prev";"src/plugin/views/modals.html";"144";"98";"btn-a11y-wizard-prev.title";"yes";"no";"not-reviewed";""
"hac.views.modals.btn.a11y.wizard.prev.aria.label.09b9fb5f";"txt.c1125e0b9ccd";"Item anterior";"";"acessibilidade";"html-attribute:aria-label";"btn-a11y-wizard-prev";"src/plugin/views/modals.html";"144";"125";"btn-a11y-wizard-prev.aria-label";"yes";"no";"not-reviewed";""
"hac.views.modals.a11y.wizard.index.input.aria.label.af1967cb";"txt.811b0fbab025";"Ir para o item número";"";"acessibilidade";"html-attribute:aria-label";"a11y-wizard-index-input";"src/plugin/views/modals.html";"151";"25";"a11y-wizard-index-input.aria-label";"yes";"no";"not-reviewed";""
"hac.views.modals.a11y.wizard.index.total.text.40effe3a";"txt.0ae4f5ba6afb";"de —";"";"texto-interface";"html-text";"a11y-wizard-index-total";"src/plugin/views/modals.html";"153";"166";"a11y-wizard-index-total.text";"yes";"no";"not-reviewed";""
"hac.views.modals.btn.a11y.wizard.next.title.fc52254d";"txt.438d4cbf1cfa";"Próximo item";"";"texto-interface";"html-attribute:title";"btn-a11y-wizard-next";"src/plugin/views/modals.html";"155";"97";"btn-a11y-wizard-next.title";"yes";"no";"not-reviewed";""
"hac.views.modals.btn.a11y.wizard.next.aria.label.12bb5de2";"txt.438d4cbf1cfa";"Próximo item";"";"acessibilidade";"html-attribute:aria-label";"btn-a11y-wizard-next";"src/plugin/views/modals.html";"155";"123";"btn-a11y-wizard-next.aria-label";"yes";"no";"not-reviewed";""
"hac.views.modals.span.text.2.57dbe2af";"txt.aac475cd285e";"Camada no canvas:";"";"texto-interface";"html-text";"span";"src/plugin/views/modals.html";"168";"66";"span.text.2";"yes";"no";"not-reviewed";""
"hac.views.modals.span.text.3.fed71b3e";"txt.a47fc2c6082b";"Está dentro de:";"";"texto-interface";"html-text";"span";"src/plugin/views/modals.html";"180";"66";"span.text.3";"yes";"no";"not-reviewed";""
"hac.views.modals.span.text.4.c7bd4129";"txt.c5cb8135f0c0";"Componente DSC:";"";"texto-interface";"html-text";"span";"src/plugin/views/modals.html";"184";"66";"span.text.4";"yes";"no";"not-reviewed";""
"hac.views.modals.p.text.2.58a03442";"txt.2ebba67f1e03";"Já existe uma especificação para este elemento.";"";"texto-interface";"html-text";"p";"src/plugin/views/modals.html";"196";"119";"p.text.2";"yes";"no";"not-reviewed";""
"hac.views.modals.btn.a11y.modal.edit.duplicate.text.d1c75185";"txt.19fb3d9eb45a";"Editar especificação existente";"";"texto-interface";"html-text";"btn-a11y-modal-edit-duplicate";"src/plugin/views/modals.html";"198";"135";"btn-a11y-modal-edit-duplicate.text";"yes";"no";"not-reviewed";""
"hac.views.modals.label.text.1.f9415268";"txt.5e9b60f69165";"Tag";"";"texto-interface";"html-text";"label";"src/plugin/views/modals.html";"253";"164";"label.text.1";"yes";"no";"not-reviewed";""
"hac.views.modals.label.text.2.95cc1e0c";"txt.5ca09a1c5b54";"Label (accessibilityLabel)";"";"texto-interface";"html-text";"label";"src/plugin/views/modals.html";"270";"150";"label.text.2";"yes";"no";"not-reviewed";""
"hac.views.modals.a11y.el.label.placeholder.05544772";"txt.0a9e9ed2560f";"Ex: Botão de enviar formulário";"";"texto-interface";"html-attribute:placeholder";"a11y-el-label";"src/plugin/views/modals.html";"273";"80";"a11y-el-label.placeholder";"yes";"no";"not-reviewed";""
"hac.views.modals.p.text.3.0a885d38";"txt.73731b9780ed";"Nome Acessível";"";"texto-interface";"html-text";"p";"src/plugin/views/modals.html";"288";"136";"p.text.3";"yes";"no";"not-reviewed";""
"hac.views.modals.a11y.el.mobile.observacoes.inline.wrap.text.1950135e";"txt.bf334e42bc85";"real\n(logo abaixo, fora desta linha) é MOVIDO pra cá via\nappendChild por _updateA11yMobileObservacoesVisibility quando\nnão há Nome Acessível/Label ocupando o espaço — mesmo padrão\nde realocação já usado pelo campo de texto acessível acima\n(nunca duplica elemento, o checkbox é sempre o mesmo nó).\nAlinhamento vertical (2026-09-24, pedido do usuário:\n""centralize o checkbox na linha""): mt-[1.375rem] compensa a\naltura do";"";"texto-interface";"html-text";"a11y-el-mobile-observacoes-inline-wrap";"src/plugin/views/modals.html";"295";"67";"a11y-el-mobile-observacoes-inline-wrap.text";"yes";"no";"not-reviewed";""
"hac.views.modals.span.text.5.788c9716";"txt.c358a1fc1734";"Observações";"";"texto-interface";"html-text";"span";"src/plugin/views/modals.html";"324";"119";"span.text.5";"yes";"no";"not-reviewed";""
"hac.views.modals.a11y.el.tag.error.text.a4dc1e83";"txt.011874183ec1";"Formato: A, B, A1, A2, A1.1, A1.2...";"";"texto-interface";"html-text";"a11y-el-tag-error";"src/plugin/views/modals.html";"326";"124";"a11y-el-tag-error.text";"yes";"no";"not-reviewed";""
"hac.views.modals.textarea.1.placeholder.947c7b56";"txt.f9a92e282992";"Insira seu texto de observações.";"";"texto-interface";"html-attribute:placeholder";"textarea.1";"src/plugin/views/modals.html";"335";"83";"textarea.1.placeholder";"yes";"no";"not-reviewed";""
"hac.views.modals.input.text.1.ace8d7bd";"txt.76593620dbfc";"em si\npermanecem no DOM como `hidden` (sem label visual, nunca\nclicáveis) só para PRESERVAR DADO HISTÓRICO: _prefillA11ySpecForEdit\n(accessibility.js) precisa continuar achando\n`input[name=""a11y-el-mobile-variant""][value=sub.variant]` pra\nreaplicar corretamente a variante salva de specs mobile ANTIGAS\nque tenham usado ""link""/""texto alternativo"" — se esses";"";"texto-interface";"html-text";"input";"src/plugin/views/modals.html";"367";"71";"input.text.1";"yes";"no";"not-reviewed";""
"hac.views.modals.p.text.4.65c3f3b7";"txt.e50027acb691";"Variante (mobile)";"";"texto-interface";"html-text";"p";"src/plugin/views/modals.html";"383";"121";"p.text.4";"yes";"no";"not-reviewed";""
"hac.views.modals.label.text.3.f6098655";"txt.5e9b60f69165";"Tag";"";"texto-interface";"html-text";"label";"src/plugin/views/modals.html";"425";"171";"label.text.3";"yes";"no";"not-reviewed";""
"hac.views.modals.a11y.estrutura.tag.input.placeholder.a464f89c";"txt.878ab9413b0b";"A, A1...";"";"texto-interface";"html-attribute:placeholder";"a11y-estrutura-tag-input";"src/plugin/views/modals.html";"426";"99";"a11y-estrutura-tag-input.placeholder";"yes";"no";"not-reviewed";""
"hac.views.modals.label.text.4.6ed3318f";"txt.39ef0f239f6c";"Subtipo";"";"texto-interface";"html-text";"label";"src/plugin/views/modals.html";"432";"176";"label.text.4";"yes";"no";"not-reviewed";""
"hac.views.modals.option.text.1.bfe3d355";"txt.c369fb5dee00";"Idiomas";"";"texto-interface";"html-text";"option";"src/plugin/views/modals.html";"435";"39";"option.text.1";"yes";"no";"not-reviewed";""
"hac.views.modals.option.text.2.e1661923";"txt.f745de63440f";"Marco de Navegação";"";"texto-interface";"html-text";"option";"src/plugin/views/modals.html";"436";"50";"option.text.2";"yes";"no";"not-reviewed";""
"hac.views.modals.option.text.3.dfefc9a6";"txt.dead91f968b4";"Título da Página";"";"texto-interface";"html-text";"option";"src/plugin/views/modals.html";"437";"48";"option.text.3";"yes";"no";"not-reviewed";""
"hac.views.modals.option.text.4.3cfdd6bb";"txt.c811fb3c974d";"Customizável";"";"texto-interface";"html-text";"option";"src/plugin/views/modals.html";"438";"44";"option.text.4";"yes";"no";"not-reviewed";""
"hac.views.modals.a11y.estrutura.tag.error.text.e890d329";"txt.011874183ec1";"Formato: A, B, A1, A2, A1.1, A1.2...";"";"texto-interface";"html-text";"a11y-estrutura-tag-error";"src/plugin/views/modals.html";"442";"131";"a11y-estrutura-tag-error.text";"yes";"no";"not-reviewed";""
"hac.views.modals.label.text.5.388bee9a";"txt.87b2bdad3870";"Idioma de";"";"texto-interface";"html-text";"label";"src/plugin/views/modals.html";"445";"174";"label.text.5";"yes";"no";"not-reviewed";""
"hac.views.modals.option.text.5.73bb75b4";"txt.6f8c57246166";"Da página";"";"texto-interface";"html-text";"option";"src/plugin/views/modals.html";"448";"39";"option.text.5";"yes";"no";"not-reviewed";""
"hac.views.modals.option.text.6.acffcd23";"txt.a84778a25727";"Das partes";"";"texto-interface";"html-text";"option";"src/plugin/views/modals.html";"449";"40";"option.text.6";"yes";"no";"not-reviewed";""
"hac.views.modals.label.text.6.e4190ff3";"txt.3829486b93ec";"Marco";"";"texto-interface";"html-text";"label";"src/plugin/views/modals.html";"454";"172";"label.text.6";"yes";"no";"not-reviewed";""
"hac.views.modals.option.text.7.7f793c9d";"txt.594fd1615a34";"Header";"";"texto-interface";"html-text";"option";"src/plugin/views/modals.html";"457";"36";"option.text.7";"yes";"no";"not-reviewed";""
"hac.views.modals.option.text.8.993f9ba2";"txt.fea877d4f0f1";"Nav";"";"texto-interface";"html-text";"option";"src/plugin/views/modals.html";"458";"33";"option.text.8";"yes";"no";"not-reviewed";""
"hac.views.modals.option.text.9.3d199566";"txt.b28b7af69320";"Main";"";"texto-interface";"html-text";"option";"src/plugin/views/modals.html";"459";"34";"option.text.9";"yes";"no";"not-reviewed";""
"hac.views.modals.option.text.10.f6472f0b";"txt.b77cad146760";"Aside";"";"texto-interface";"html-text";"option";"src/plugin/views/modals.html";"460";"35";"option.text.10";"yes";"no";"not-reviewed";""
"hac.views.modals.option.text.11.77b0a876";"txt.d7eb6b340a11";"Footer";"";"texto-interface";"html-text";"option";"src/plugin/views/modals.html";"461";"36";"option.text.11";"yes";"no";"not-reviewed";""
"hac.views.modals.option.text.12.06c4e489";"txt.c811fb3c974d";"Customizável";"";"texto-interface";"html-text";"option";"src/plugin/views/modals.html";"462";"42";"option.text.12";"yes";"no";"not-reviewed";""
"hac.views.modals.label.text.7.c30cb833";"txt.e9df693ec666";"Descrição";"";"texto-interface";"html-text";"label";"src/plugin/views/modals.html";"468";"159";"label.text.7";"yes";"no";"not-reviewed";""
"hac.views.modals.p.text.5.7f0a1907";"txt.e626b601a40b";"Nota de Código";"";"texto-interface";"html-text";"p";"src/plugin/views/modals.html";"476";"121";"p.text.5";"yes";"no";"not-reviewed";""
"hac.views.modals.p.text.6.e600fc44";"txt.abb8d380c9b1";"Campos do componente";"";"texto-interface";"html-text";"p";"src/plugin/views/modals.html";"484";"121";"p.text.6";"yes";"no";"not-reviewed";""
"hac.views.modals.label.text.8.df2a1c63";"txt.e716f916ba0f";"Nível";"";"texto-interface";"html-text";"label";"src/plugin/views/modals.html";"513";"169";"label.text.8";"yes";"no";"not-reviewed";""
"hac.views.modals.option.text.13.15df70c9";"txt.ac4ae97285c1";"H1";"";"texto-interface";"html-text";"option";"src/plugin/views/modals.html";"516";"32";"option.text.13";"yes";"no";"not-reviewed";""
"hac.views.modals.option.text.14.9ba767c2";"txt.bf1c365741a4";"H2";"";"texto-interface";"html-text";"option";"src/plugin/views/modals.html";"517";"32";"option.text.14";"yes";"no";"not-reviewed";""
"hac.views.modals.option.text.15.0b227b7f";"txt.8dbc6058e033";"H3";"";"texto-interface";"html-text";"option";"src/plugin/views/modals.html";"518";"32";"option.text.15";"yes";"no";"not-reviewed";""
"hac.views.modals.option.text.16.7a84174e";"txt.4f92c044d819";"H4";"";"texto-interface";"html-text";"option";"src/plugin/views/modals.html";"519";"32";"option.text.16";"yes";"no";"not-reviewed";""
"hac.views.modals.option.text.17.88a605a4";"txt.36e20656918e";"H5";"";"texto-interface";"html-text";"option";"src/plugin/views/modals.html";"520";"32";"option.text.17";"yes";"no";"not-reviewed";""
"hac.views.modals.option.text.18.4ff9940d";"txt.6b7658601d20";"H6";"";"texto-interface";"html-text";"option";"src/plugin/views/modals.html";"521";"32";"option.text.18";"yes";"no";"not-reviewed";""
"hac.views.modals.option.text.19.cf4f9294";"txt.6016218e6004";"H (mobile, sem nível)";"";"texto-interface";"html-text";"option";"src/plugin/views/modals.html";"522";"36";"option.text.19";"yes";"no";"not-reviewed";""
"hac.views.modals.select.text.1.2800b245";"txt.4827af11dbe6";"com opção única é\ninteração sem escolha real. _applyA11yTituloOriginLock esconde\no";"";"texto-interface";"html-text";"select";"src/plugin/views/modals.html";"525";"55";"select.text.1";"yes";"no";"not-reviewed";""
"hac.views.modals.select.text.2.0411e47f";"txt.fbb10572e8cc";"acima e mostra este bloco read-only em vez dele\nquando a11yOrigin==='mobile'; o";"";"texto-interface";"html-text";"select";"src/plugin/views/modals.html";"527";"26";"select.text.2";"yes";"no";"not-reviewed";""
"hac.views.modals.a11y.titulo.nivel.fixed.text.79092e85";"txt.6016218e6004";"H (mobile, sem nível)";"";"texto-interface";"html-text";"a11y-titulo-nivel-fixed";"src/plugin/views/modals.html";"531";"221";"a11y-titulo-nivel-fixed.text";"yes";"no";"not-reviewed";""
"hac.views.modals.p.text.7.2c6a122f";"txt.e9df693ec666";"Descrição";"";"texto-interface";"html-text";"p";"src/plugin/views/modals.html";"535";"123";"p.text.7";"yes";"no";"not-reviewed";""
"hac.views.modals.p.text.8.49e6add3";"txt.e626b601a40b";"Nota de Código";"";"texto-interface";"html-text";"p";"src/plugin/views/modals.html";"539";"123";"p.text.8";"yes";"no";"not-reviewed";""
"hac.views.modals.p.text.9.ea80e630";"txt.abb8d380c9b1";"Campos do componente";"";"texto-interface";"html-text";"p";"src/plugin/views/modals.html";"552";"121";"p.text.9";"yes";"no";"not-reviewed";""
"hac.views.modals.label.text.9.0bb2b489";"txt.39ef0f239f6c";"Subtipo";"";"texto-interface";"html-text";"label";"src/plugin/views/modals.html";"576";"175";"label.text.9";"yes";"no";"not-reviewed";""
"hac.views.modals.option.text.20.bd55e555";"txt.25f6a07fcd48";"Gerais";"";"texto-interface";"html-text";"option";"src/plugin/views/modals.html";"579";"36";"option.text.20";"yes";"no";"not-reviewed";""
"hac.views.modals.option.text.21.c132f637";"txt.f854270eaca9";"Imagem";"";"texto-interface";"html-text";"option";"src/plugin/views/modals.html";"580";"36";"option.text.21";"yes";"no";"not-reviewed";""
"hac.views.modals.select.text.3.a3c35a04";"txt.a69b86b4f419";"com opção única é\ninteração sem escolha real. _applyA11yDecorativoOriginLock\nesconde o";"";"texto-interface";"html-text";"select";"src/plugin/views/modals.html";"585";"52";"select.text.3";"yes";"no";"not-reviewed";""
"hac.views.modals.select.text.4.34a5eaea";"txt.6d044bcae769";"acima e mostra este bloco read-only quando\na11yOrigin==='mobile'; o";"";"texto-interface";"html-text";"select";"src/plugin/views/modals.html";"587";"34";"select.text.4";"yes";"no";"not-reviewed";""
"hac.views.modals.a11y.decorativo.subtipo.fixed.text.bd635144";"txt.ea445cb02593";"Elemento Decorativo (mobile, sem subtipo)";"";"texto-interface";"html-text";"a11y-decorativo-subtipo-fixed";"src/plugin/views/modals.html";"591";"227";"a11y-decorativo-subtipo-fixed.text";"yes";"no";"not-reviewed";""
"hac.views.modals.p.text.10.32be5b56";"txt.e9df693ec666";"Descrição";"";"texto-interface";"html-text";"p";"src/plugin/views/modals.html";"595";"123";"p.text.10";"yes";"no";"not-reviewed";""
"hac.views.modals.a11y.fixed.descricao.dec.text.41bb8e4c";"txt.7d252c113f2b";"Não deve ser anunciado pelo Leitor de Tela.";"";"texto-interface";"html-text";"a11y-fixed-descricao-dec";"src/plugin/views/modals.html";"596";"110";"a11y-fixed-descricao-dec.text";"yes";"no";"not-reviewed";""
"hac.views.modals.p.text.11.e21af3d4";"txt.e626b601a40b";"Nota de Código";"";"texto-interface";"html-text";"p";"src/plugin/views/modals.html";"602";"123";"p.text.11";"yes";"no";"not-reviewed";""
"hac.views.modals.p.text.12.8f3042d1";"txt.abb8d380c9b1";"Campos do componente";"";"texto-interface";"html-text";"p";"src/plugin/views/modals.html";"616";"121";"p.text.12";"yes";"no";"not-reviewed";""
"hac.views.modals.label.text.10.27a5155c";"txt.7b8120cc9a91";"Modo de marcação";"";"texto-interface";"html-text";"label";"src/plugin/views/modals.html";"623";"136";"label.text.10";"yes";"no";"not-reviewed";""
"hac.views.modals.span.text.6.b1c002ab";"txt.a16efcde6ea5";"Contorno";"";"texto-interface";"html-text";"span";"src/plugin/views/modals.html";"628";"156";"span.text.6";"yes";"no";"not-reviewed";""
"hac.views.modals.span.text.7.42b1aa08";"txt.41df2a9278c4";"Linha";"";"texto-interface";"html-text";"span";"src/plugin/views/modals.html";"633";"156";"span.text.7";"yes";"no";"not-reviewed";""
"hac.views.modals.p.text.13.65df4642";"txt.3d83a5863db0";"Contorno envolve o elemento com uma moldura. Linha liga um ponto do elemento ao card com um traço.";"";"texto-interface";"html-text";"p";"src/plugin/views/modals.html";"636";"127";"p.text.13";"yes";"no";"not-reviewed";""
"hac.views.modals.label.text.11.ada72271";"txt.671c2b5905aa";"Lado da Guia";"";"texto-interface";"html-text";"label";"src/plugin/views/modals.html";"641";"136";"label.text.11";"yes";"no";"not-reviewed";""
"hac.views.modals.span.text.8.b2635219";"txt.f35d51a7b531";"Dir.";"";"texto-interface";"html-text";"span";"src/plugin/views/modals.html";"646";"174";"span.text.8";"yes";"no";"not-reviewed";""
"hac.views.modals.span.text.9.14a2e7cf";"txt.c07c75c1d500";"Esq.";"";"texto-interface";"html-text";"span";"src/plugin/views/modals.html";"651";"174";"span.text.9";"yes";"no";"not-reviewed";""
"hac.views.modals.span.text.10.8e6f6a5e";"txt.5e1e5ee98571";"Topo";"";"texto-interface";"html-text";"span";"src/plugin/views/modals.html";"656";"174";"span.text.10";"yes";"no";"not-reviewed";""
"hac.views.modals.span.text.11.c8b01907";"txt.1405df66cbe2";"Base";"";"texto-interface";"html-text";"span";"src/plugin/views/modals.html";"661";"174";"span.text.11";"yes";"no";"not-reviewed";""
"hac.views.modals.button.text.1.f655c208";"txt.62b1466cf22e";"Cancelar";"";"texto-interface";"html-text";"button";"src/plugin/views/modals.html";"669";"176";"button.text.1";"yes";"no";"not-reviewed";""
"hac.views.modals.btn.a11y.wizard.discard.text.6ad4c6ce";"txt.c88fe9e2bb9d";"Descartar";"";"texto-interface";"html-text";"btn-a11y-wizard-discard";"src/plugin/views/modals.html";"674";"261";"btn-a11y-wizard-discard.text";"yes";"no";"not-reviewed";""
"hac.views.modals.btn.a11y.confirm.text.e065d835";"txt.1ce04f516b65";"Aplicar";"";"texto-interface";"html-text";"btn-a11y-confirm";"src/plugin/views/modals.html";"675";"264";"btn-a11y-confirm.text";"yes";"no";"not-reviewed";""
"hac.views.modals.html.text.4.469eb94c";"txt.26edd591c064";"Selecionar Tela";"";"texto-interface";"html-text";"html";"src/plugin/views/modals.html";"687";"83";"html.text.4";"yes";"no";"not-reviewed";""
"hac.views.modals.button.15.title.3da44ebb";"txt.5749fbf846d2";"Fechar";"";"texto-interface";"html-attribute:title";"button.15";"src/plugin/views/modals.html";"689";"51";"button.15.title";"yes";"no";"not-reviewed";""
"hac.views.modals.button.15.aria.label.72327e85";"txt.5749fbf846d2";"Fechar";"";"acessibilidade";"html-attribute:aria-label";"button.15";"src/plugin/views/modals.html";"689";"71";"button.15.aria-label";"yes";"no";"not-reviewed";""
"hac.views.modals.p.text.14.307dfbba";"txt.a589f57d9a3d";"Seleciona o frame no canvas e clique em ""Atualizar nome"" para recuperar o nome do frame. O marcador criado organiza as specs dessa tela na listagem.";"";"texto-interface";"html-text";"p";"src/plugin/views/modals.html";"695";"118";"p.text.14";"yes";"no";"not-reviewed";""
"hac.views.modals.label.text.12.29f9aa91";"txt.7b50c4baf6c6";"Rótulo da tela";"";"texto-interface";"html-text";"label";"src/plugin/views/modals.html";"707";"148";"label.text.12";"yes";"no";"not-reviewed";""
"hac.views.modals.button.16.title.9dff66d9";"txt.91a96bcd00db";"Puxar nome do elemento selecionado no canvas";"";"texto-interface";"html-attribute:title";"button.16";"src/plugin/views/modals.html";"708";"86";"button.16.title";"yes";"no";"not-reviewed";""
"hac.views.modals.button.16.aria.label.80342f13";"txt.91a96bcd00db";"Puxar nome do elemento selecionado no canvas";"";"acessibilidade";"html-attribute:aria-label";"button.16";"src/plugin/views/modals.html";"708";"144";"button.16.aria-label";"yes";"no";"not-reviewed";""
"hac.views.modals.html.text.5.b702d0a2";"txt.fa8296150636";"Atualizar nome";"";"texto-interface";"html-text";"html";"src/plugin/views/modals.html";"710";"61";"html.text.5";"yes";"no";"not-reviewed";""
"hac.views.modals.a11y.area.label.input.placeholder.b0690baf";"txt.b43aa12075e4";"Ex: Home Portal DSC";"";"texto-interface";"html-attribute:placeholder";"a11y-area-label-input";"src/plugin/views/modals.html";"713";"68";"a11y-area-label-input.placeholder";"yes";"no";"not-reviewed";""
"hac.views.modals.button.text.2.f5ebecc2";"txt.62b1466cf22e";"Cancelar";"";"texto-interface";"html-text";"button";"src/plugin/views/modals.html";"733";"171";"button.text.2";"yes";"no";"not-reviewed";""
"hac.views.modals.button.text.3.e6000a83";"txt.02ecdb02cd7d";"Selecionar";"";"texto-interface";"html-text";"button";"src/plugin/views/modals.html";"734";"194";"button.text.3";"yes";"no";"not-reviewed";""
"hac.views.modals.html.text.6.88b48a83";"txt.82c58a664caa";"Processando";"";"texto-interface";"html-text";"html";"src/plugin/views/modals.html";"773";"86";"html.text.6";"yes";"no";"not-reviewed";""
"hac.views.modals.p.text.15.ee41e5ab";"txt.96abb55c9f2e";"Este handoff usa qual biblioteca de componentes?";"";"texto-interface";"html-text";"p";"src/plugin/views/modals.html";"779";"118";"p.text.15";"yes";"no";"not-reviewed";""
"hac.views.modals.span.text.12.616c7a97";"txt.ca84d1343b96";"Web";"";"texto-interface";"html-text";"span";"src/plugin/views/modals.html";"786";"78";"span.text.12";"yes";"no";"not-reviewed";""
"hac.views.modals.span.text.13.2f55bff1";"txt.83d6311e87d4";"Mobile";"";"texto-interface";"html-text";"span";"src/plugin/views/modals.html";"791";"78";"span.text.13";"yes";"no";"not-reviewed";""
"hac.views.modals.a11y.post.area.loading.text.text.9344e7db";"txt.b4536f71c510";"Detectando componentes…";"";"texto-interface";"html-text";"a11y-post-area-loading-text";"src/plugin/views/modals.html";"800";"135";"a11y-post-area-loading-text.text";"yes";"no";"not-reviewed";""
"hac.views.modals.html.text.7.4239cdd9";"txt.2426dd75b32e";"Biblioteca necessária";"";"texto-interface";"html-text";"html";"src/plugin/views/modals.html";"813";"88";"html.text.7";"yes";"no";"not-reviewed";""
"hac.views.modals.button.21.title.cd1e9701";"txt.5749fbf846d2";"Fechar";"";"texto-interface";"html-attribute:title";"button.21";"src/plugin/views/modals.html";"815";"74";"button.21.title";"yes";"no";"not-reviewed";""
"hac.views.modals.button.21.aria.label.f6c15244";"txt.5749fbf846d2";"Fechar";"";"acessibilidade";"html-attribute:aria-label";"button.21";"src/plugin/views/modals.html";"815";"94";"button.21.aria-label";"yes";"no";"not-reviewed";""
"hac.views.modals.p.text.16.e86a5b7a";"txt.4dd87ebeab30";"As specs de acessibilidade reaproveitam os componentes oficiais da biblioteca";"";"texto-interface";"html-text";"p";"src/plugin/views/modals.html";"820";"118";"p.text.16";"yes";"no";"not-reviewed";""
"hac.views.modals.strong.text.1.d18672c6";"txt.41510f5fb2a2";"Design Acessível";"";"texto-interface";"html-text";"strong";"src/plugin/views/modals.html";"821";"95";"strong.text.1";"yes";"no";"not-reviewed";""
"hac.views.modals.html.text.8.226181e7";"txt.b06e7d66721f";"da CAIXA. Ela ainda não está acessível neste arquivo.";"";"texto-interface";"html-text";"html";"src/plugin/views/modals.html";"821";"120";"html.text.8";"yes";"no";"not-reviewed";""
"hac.views.modals.li.text.1.41d9048c";"txt.b858b0669070";"Abra o painel";"";"texto-interface";"html-text";"li";"src/plugin/views/modals.html";"824";"13";"li.text.1";"yes";"no";"not-reviewed";""
"hac.views.modals.strong.text.2.65d00f00";"txt.3685e330ec52";"Assets";"";"texto-interface";"html-text";"strong";"src/plugin/views/modals.html";"824";"35";"strong.text.2";"yes";"no";"not-reviewed";""
"hac.views.modals.html.text.9.38191ae5";"txt.d49d7ebab9b7";"na barra lateral do Figma.";"";"texto-interface";"html-text";"html";"src/plugin/views/modals.html";"824";"50";"html.text.9";"yes";"no";"not-reviewed";""
"hac.views.modals.li.text.2.d51ab511";"txt.e6bd0d144691";"Vá em";"";"texto-interface";"html-text";"li";"src/plugin/views/modals.html";"825";"13";"li.text.2";"yes";"no";"not-reviewed";""
"hac.views.modals.strong.text.3.5e150324";"txt.6bf9a1be3c87";"Bibliotecas de equipe";"";"texto-interface";"html-text";"strong";"src/plugin/views/modals.html";"825";"27";"strong.text.3";"yes";"no";"not-reviewed";""
"hac.views.modals.html.text.10.778a76a0";"txt.2bea3e021dfc";"e busque por";"";"texto-interface";"html-text";"html";"src/plugin/views/modals.html";"825";"57";"html.text.10";"yes";"no";"not-reviewed";""
"hac.views.modals.strong.text.4.a41ecd8a";"txt.41510f5fb2a2";"Design Acessível";"";"texto-interface";"html-text";"strong";"src/plugin/views/modals.html";"825";"79";"strong.text.4";"yes";"no";"not-reviewed";""
"hac.views.modals.li.text.3.4d529acb";"txt.71e134aeeecd";"Habilite a biblioteca para este arquivo.";"";"texto-interface";"html-text";"li";"src/plugin/views/modals.html";"826";"13";"li.text.3";"yes";"no";"not-reviewed";""
"hac.views.modals.p.text.17.a8765837";"txt.bdece1b04ac0";"Se não encontrar a biblioteca na busca, ela pode não estar publicada para o seu time. Peça a um admin do DSC para compartilhá-la.";"";"texto-interface";"html-text";"p";"src/plugin/views/modals.html";"828";"118";"p.text.17";"yes";"no";"not-reviewed";""
"hac.views.modals.button.text.4.fe8a1fde";"txt.5749fbf846d2";"Fechar";"";"texto-interface";"html-text";"button";"src/plugin/views/modals.html";"833";"192";"button.text.4";"yes";"no";"not-reviewed";""
"hac.views.modals.button.text.5.ec747009";"txt.0469a76cb6f3";"Já habilitei, tentar de novo";"";"texto-interface";"html-text";"button";"src/plugin/views/modals.html";"834";"171";"button.text.5";"yes";"no";"not-reviewed";""
"hac.views.modals.html.text.11.e29f8e28";"txt.b8a722defbf3";"Handoff já existe neste arquivo";"";"texto-interface";"html-text";"html";"src/plugin/views/modals.html";"854";"86";"html.text.11";"yes";"no";"not-reviewed";""
"hac.views.modals.button.24.title.82946ad2";"txt.5749fbf846d2";"Fechar";"";"texto-interface";"html-attribute:title";"button.24";"src/plugin/views/modals.html";"856";"72";"button.24.title";"yes";"no";"not-reviewed";""
"hac.views.modals.button.24.aria.label.ea59f7fd";"txt.5749fbf846d2";"Fechar";"";"acessibilidade";"html-attribute:aria-label";"button.24";"src/plugin/views/modals.html";"856";"92";"button.24.aria-label";"yes";"no";"not-reviewed";""
"hac.views.modals.button.text.6.4d0d9551";"txt.4b820b6a16da";"Entendi";"";"texto-interface";"html-text";"button";"src/plugin/views/modals.html";"864";"187";"button.text.6";"yes";"no";"not-reviewed";""
"hac.views.modals.html.text.12.61962b1f";"txt.5403b580b9ce";"Traga as telas para o handoff";"";"texto-interface";"html-text";"html";"src/plugin/views/modals.html";"889";"85";"html.text.12";"yes";"no";"not-reviewed";""
"hac.views.modals.button.26.title.65e2ef8c";"txt.5749fbf846d2";"Fechar";"";"texto-interface";"html-attribute:title";"button.26";"src/plugin/views/modals.html";"891";"73";"button.26.title";"yes";"no";"not-reviewed";""
"hac.views.modals.button.26.aria.label.bc1dcef5";"txt.5749fbf846d2";"Fechar";"";"acessibilidade";"html-attribute:aria-label";"button.26";"src/plugin/views/modals.html";"891";"93";"button.26.aria-label";"yes";"no";"not-reviewed";""
"hac.views.modals.span.text.14.76dacf72";"txt.b9f77d39a810";"Como fazer";"";"texto-interface";"html-text";"span";"src/plugin/views/modals.html";"901";"78";"span.text.14";"yes";"no";"not-reviewed";""
"hac.views.modals.li.text.4.9463395a";"txt.78cc85cc3f52";"Vá até a página onde estão as telas que você quer documentar.";"";"texto-interface";"html-text";"li";"src/plugin/views/modals.html";"906";"17";"li.text.4";"yes";"no";"not-reviewed";""
"hac.views.modals.li.text.5.d9842136";"txt.04a78549515a";"Selecione as telas e copie com";"";"texto-interface";"html-text";"li";"src/plugin/views/modals.html";"907";"17";"li.text.5";"yes";"no";"not-reviewed";""
"hac.views.modals.strong.text.5.9b15135e";"txt.66013b82e44b";"Ctrl + C";"";"texto-interface";"html-text";"strong";"src/plugin/views/modals.html";"907";"56";"strong.text.5";"yes";"no";"not-reviewed";""
"hac.views.modals.html.text.13.fcda1e88";"txt.d4a5db2687ec";"(ou Cmd + C no Mac).";"";"texto-interface";"html-text";"html";"src/plugin/views/modals.html";"907";"83";"html.text.13";"yes";"no";"not-reviewed";""
"hac.views.modals.li.text.6.92b6c8b0";"txt.3ec88af82a48";"Volte para a página do handoff e cole com";"";"texto-interface";"html-text";"li";"src/plugin/views/modals.html";"908";"17";"li.text.6";"yes";"no";"not-reviewed";""
"hac.views.modals.strong.text.6.9d10f2af";"txt.ab7780b442b0";"Ctrl + V";"";"texto-interface";"html-text";"strong";"src/plugin/views/modals.html";"908";"67";"strong.text.6";"yes";"no";"not-reviewed";""
"hac.views.modals.html.text.14.6e07a37d";"txt.7a3809d09ec6";"(ou Cmd + V).";"";"texto-interface";"html-text";"html";"src/plugin/views/modals.html";"908";"94";"html.text.14";"yes";"no";"not-reviewed";""
"hac.views.modals.li.text.7.ad50d15f";"txt.8b60029ffcfc";"Repita para telas de outras páginas, se houver — pode colar todas aqui.";"";"texto-interface";"html-text";"li";"src/plugin/views/modals.html";"909";"17";"li.text.7";"yes";"no";"not-reviewed";""
"hac.views.modals.li.text.8.1f4d2e5e";"txt.115efb53b541";"Com as telas já aqui, use";"";"texto-interface";"html-text";"li";"src/plugin/views/modals.html";"910";"17";"li.text.8";"yes";"no";"not-reviewed";""
"hac.views.modals.strong.text.7.cc9d80aa";"txt.26edd591c064";"Selecionar Tela";"";"texto-interface";"html-text";"strong";"src/plugin/views/modals.html";"910";"51";"strong.text.7";"yes";"no";"not-reviewed";""
"hac.views.modals.html.text.15.6dd32b30";"txt.e3964b89e0db";"para começar a documentar cada uma.";"";"texto-interface";"html-text";"html";"src/plugin/views/modals.html";"910";"75";"html.text.15";"yes";"no";"not-reviewed";""
"hac.views.modals.span.text.15.e4685a89";"txt.5719a2434f0a";"Por que uma página separada?";"";"texto-interface";"html-text";"span";"src/plugin/views/modals.html";"918";"78";"span.text.15";"yes";"no";"not-reviewed";""
"hac.views.modals.p.text.18.deb0b5d8";"txt.71f517badd0f";"O handoff de acessibilidade vira um material próprio, que o time de desenvolvimento consulta sem precisar navegar pelo arquivo de produto. Trabalhar sobre cópias também mantém as telas originais intactas: nada do que o hac desenha aqui — selos, réplicas, fichas — toca o design original.";"";"texto-interface";"html-text";"p";"src/plugin/views/modals.html";"922";"122";"p.text.18";"yes";"no";"not-reviewed";""
"hac.views.modals.p.text.19.a57d7841";"txt.b6a6ccd8efbb";"Já existe documentação neste arquivo?";"";"texto-interface";"html-text";"p";"src/plugin/views/modals.html";"935";"77";"p.text.19";"yes";"no";"not-reviewed";""
"hac.views.modals.p.text.20.e6343f1e";"txt.079574b76026";"Busca em todas as páginas do arquivo por handoffs de acessibilidade já iniciados — seus ou de outros designers.";"";"texto-interface";"html-text";"p";"src/plugin/views/modals.html";"936";"131";"p.text.20";"yes";"no";"not-reviewed";""
"hac.views.modals.html.text.16.97b3cad6";"txt.30a125aefa16";"Buscar documentação existente";"";"texto-interface";"html-text";"html";"src/plugin/views/modals.html";"941";"78";"html.text.16";"yes";"no";"not-reviewed";""
"hac.views.modals.span.text.16.51697059";"txt.fb349ce2c86d";"Buscando em todas as páginas do arquivo…";"";"texto-interface";"html-text";"span";"src/plugin/views/modals.html";"945";"73";"span.text.16";"yes";"no";"not-reviewed";""
"hac.views.modals.button.text.7.9801c8c4";"txt.4b820b6a16da";"Entendi";"";"texto-interface";"html-text";"button";"src/plugin/views/modals.html";"951";"217";"button.text.7";"yes";"no";"not-reviewed";""
"hac.views.modals.html.text.17.fb03c5db";"txt.2085364450c8";"Finalizar Handoff de Acessibilidade";"";"texto-interface";"html-text";"html";"src/plugin/views/modals.html";"968";"85";"html.text.17";"yes";"no";"not-reviewed";""
"hac.views.modals.button.31.title.78c2c6a2";"txt.5749fbf846d2";"Fechar";"";"texto-interface";"html-attribute:title";"button.31";"src/plugin/views/modals.html";"970";"74";"button.31.title";"yes";"no";"not-reviewed";""
"hac.views.modals.button.31.aria.label.0df0ab0b";"txt.5749fbf846d2";"Fechar";"";"acessibilidade";"html-attribute:aria-label";"button.31";"src/plugin/views/modals.html";"970";"94";"button.31.aria-label";"yes";"no";"not-reviewed";""
"hac.views.modals.p.text.21.cc00db96";"txt.0e4e8b84ffea";"Todas as telas do projeto têm o checklist de acessibilidade fechado.";"";"texto-interface";"html-text";"p";"src/plugin/views/modals.html";"975";"82";"p.text.21";"yes";"no";"not-reviewed";""
"hac.views.modals.p.text.22.345178fb";"txt.cf5deebbc97b";"Finalizar marca esta geração do handoff como concluída e inicia uma nova versão. Você pode continuar editando o projeto normalmente depois.";"";"texto-interface";"html-text";"p";"src/plugin/views/modals.html";"977";"82";"p.text.22";"yes";"no";"not-reviewed";""
"hac.views.modals.button.text.8.83fd3bc3";"txt.62b1466cf22e";"Cancelar";"";"texto-interface";"html-text";"button";"src/plugin/views/modals.html";"980";"258";"button.text.8";"yes";"no";"not-reviewed";""
"hac.views.modals.button.text.9.a272d499";"txt.071c46d7919b";"Finalizar";"";"texto-interface";"html-text";"button";"src/plugin/views/modals.html";"981";"171";"button.text.9";"yes";"no";"not-reviewed";""
"hac.views.modals.a11y.instruction.modal.title.text.text.f501d1a4";"txt.37066ca9dc6a";"Ordem de Tabulação";"";"texto-interface";"html-text";"a11y-instruction-modal-title-text";"src/plugin/views/modals.html";"1050";"142";"a11y-instruction-modal-title-text.text";"yes";"no";"not-reviewed";""
"hac.views.modals.button.34.title.a9cc7e48";"txt.5749fbf846d2";"Fechar";"";"texto-interface";"html-attribute:title";"button.34";"src/plugin/views/modals.html";"1052";"62";"button.34.title";"yes";"no";"not-reviewed";""
"hac.views.modals.button.34.aria.label.a9ad319a";"txt.5749fbf846d2";"Fechar";"";"acessibilidade";"html-attribute:aria-label";"button.34";"src/plugin/views/modals.html";"1052";"82";"button.34.aria-label";"yes";"no";"not-reviewed";""
"hac.views.modals.a11y.instruction.modal.instructions.heading.text.00e37ca5";"txt.b0da0e72b688";"Instruções sobre o tipo de documentação";"";"texto-interface";"html-text";"a11y-instruction-modal-instructions-heading";"src/plugin/views/modals.html";"1058";"128";"a11y-instruction-modal-instructions-heading.text";"yes";"no";"not-reviewed";""
"hac.views.modals.a11y.instruction.modal.steps.heading.text.e31a3505";"txt.b9f77d39a810";"Como fazer";"";"texto-interface";"html-text";"a11y-instruction-modal-steps-heading";"src/plugin/views/modals.html";"1062";"121";"a11y-instruction-modal-steps-heading.text";"yes";"no";"not-reviewed";""
"hac.views.modals.btn.a11y.instruction.modal.continue.text.0c29b7ab";"txt.438f5ae0e533";"Entendi, começar seleção";"";"texto-interface";"html-text";"btn-a11y-instruction-modal-continue";"src/plugin/views/modals.html";"1067";"248";"btn-a11y-instruction-modal-continue.text";"yes";"no";"not-reviewed";""
"hac.views.modals.html.text.18.e6405b62";"txt.37066ca9dc6a";"Ordem de Tabulação";"";"texto-interface";"html-text";"html";"src/plugin/views/modals.html";"1084";"91";"html.text.18";"yes";"no";"not-reviewed";""
"hac.views.modals.button.36.title.94049ff4";"txt.62b1466cf22e";"Cancelar";"";"texto-interface";"html-attribute:title";"button.36";"src/plugin/views/modals.html";"1092";"55";"button.36.title";"yes";"no";"not-reviewed";""
"hac.views.modals.button.36.aria.label.448b610b";"txt.62b1466cf22e";"Cancelar";"";"acessibilidade";"html-attribute:aria-label";"button.36";"src/plugin/views/modals.html";"1092";"77";"button.36.aria-label";"yes";"no";"not-reviewed";""
"hac.views.modals.p.text.23.4d72986a";"txt.96b494b0e0ca";"Esta é a sequência marcada no canvas. Arraste para reordenar ou remova um item antes de confirmar. Use ""Adicionar item"" para incluir mais elementos (segure shift e clique, ou use marquise, pra marcar vários de uma vez): eles sempre somam ao final da ordem já existente.";"";"texto-interface";"html-text";"p";"src/plugin/views/modals.html";"1099";"121";"p.text.23";"yes";"no";"not-reviewed";""
"hac.views.modals.span.text.17.796b78a0";"txt.7e1d0b3dc865";"Adicionar item";"";"texto-interface";"html-text";"span";"src/plugin/views/modals.html";"1105";"43";"span.text.17";"yes";"no";"not-reviewed";""
"hac.views.modals.a11y.tab.order.pending.empty.text.610598ab";"txt.b05b7726f46a";"Nenhum item ainda. Clique num elemento do canvas para começar.";"";"texto-interface";"html-text";"a11y-tab-order-pending-empty";"src/plugin/views/modals.html";"1112";"151";"a11y-tab-order-pending-empty.text";"yes";"no";"not-reviewed";""
"hac.views.modals.button.text.10.b8c86839";"txt.62b1466cf22e";"Cancelar";"";"texto-interface";"html-text";"button";"src/plugin/views/modals.html";"1116";"171";"button.text.10";"yes";"no";"not-reviewed";""
"hac.views.modals.btn.tab.order.apply.text.96192b96";"txt.8ee77246e09e";"Criar ordem de tabulação";"";"texto-interface";"html-text";"btn-tab-order-apply";"src/plugin/views/modals.html";"1118";"206";"btn-tab-order-apply.text";"yes";"no";"not-reviewed";""
"hac.views.modals.a11y.swipe.path.review.title.text.text.c09ad68c";"txt.2a4c8bb6df7a";"Trilha de Ordem de Leitura";"";"texto-interface";"html-text";"a11y-swipe-path-review-title-text";"src/plugin/views/modals.html";"1146";"130";"a11y-swipe-path-review-title-text.text";"yes";"no";"not-reviewed";""
"hac.views.modals.button.40.title.dd84cf1c";"txt.62b1466cf22e";"Cancelar";"";"texto-interface";"html-attribute:title";"button.40";"src/plugin/views/modals.html";"1152";"56";"button.40.title";"yes";"no";"not-reviewed";""
"hac.views.modals.button.40.aria.label.0c9cf4ff";"txt.62b1466cf22e";"Cancelar";"";"acessibilidade";"html-attribute:aria-label";"button.40";"src/plugin/views/modals.html";"1152";"78";"button.40.aria-label";"yes";"no";"not-reviewed";""
"hac.views.modals.a11y.swipe.path.review.instruction.text.f2bf1eab";"txt.ad8c5a498d49";"Esta é a trilha marcada no canvas, já na ordem espacial resolvida automaticamente. Arraste para reordenar ou remova um ponto antes de confirmar.";"";"texto-interface";"html-text";"a11y-swipe-path-review-instruction";"src/plugin/views/modals.html";"1159";"161";"a11y-swipe-path-review-instruction.text";"yes";"no";"not-reviewed";""
"hac.views.modals.span.text.18.aedaf849";"txt.2629163bf164";"Adicionar ponto";"";"texto-interface";"html-text";"span";"src/plugin/views/modals.html";"1165";"45";"span.text.18";"yes";"no";"not-reviewed";""
"hac.views.modals.a11y.swipe.path.pending.empty.text.9a24805c";"txt.320bbc968291";"Nenhum ponto ainda. Clique num elemento do canvas para começar.";"";"texto-interface";"html-text";"a11y-swipe-path-pending-empty";"src/plugin/views/modals.html";"1172";"152";"a11y-swipe-path-pending-empty.text";"yes";"no";"not-reviewed";""
"hac.views.modals.button.text.11.ce440b6a";"txt.62b1466cf22e";"Cancelar";"";"texto-interface";"html-text";"button";"src/plugin/views/modals.html";"1176";"172";"button.text.11";"yes";"no";"not-reviewed";""
"hac.views.modals.a11y.swipe.path.review.confirm.text.text.01e7edbd";"txt.f172156528f3";"Criar trilha de ordem de leitura";"";"texto-interface";"html-text";"a11y-swipe-path-review-confirm-text";"src/plugin/views/modals.html";"1179";"54";"a11y-swipe-path-review-confirm-text.text";"yes";"no";"not-reviewed";""
"hac.views.modals.html.text.19.b76a7486";"txt.44c0921615b3";"Mapeamento Automatizado";"";"texto-interface";"html-text";"html";"src/plugin/views/modals.html";"1197";"85";"html.text.19";"yes";"no";"not-reviewed";""
"hac.views.modals.btn.a11y.batch.rescan.title.907c760d";"txt.1a979c88db7b";"Reescanear esta tela";"";"texto-interface";"html-attribute:title";"btn-a11y-batch-rescan";"src/plugin/views/modals.html";"1204";"81";"btn-a11y-batch-rescan.title";"yes";"no";"not-reviewed";""
"hac.views.modals.btn.a11y.batch.rescan.aria.label.b5ed5e51";"txt.1a979c88db7b";"Reescanear esta tela";"";"acessibilidade";"html-attribute:aria-label";"btn-a11y-batch-rescan";"src/plugin/views/modals.html";"1204";"115";"btn-a11y-batch-rescan.aria-label";"yes";"no";"not-reviewed";""
"hac.views.modals.button.45.title.80579b8e";"txt.5749fbf846d2";"Fechar";"";"texto-interface";"html-attribute:title";"button.45";"src/plugin/views/modals.html";"1208";"61";"button.45.title";"yes";"no";"not-reviewed";""
"hac.views.modals.button.45.aria.label.34e1b7e6";"txt.5749fbf846d2";"Fechar";"";"acessibilidade";"html-attribute:aria-label";"button.45";"src/plugin/views/modals.html";"1208";"81";"button.45.aria-label";"yes";"no";"not-reviewed";""
"hac.views.modals.label.text.13.1a3cabf9";"txt.c657c2686d2d";"Tela mapeada para especificação";"";"texto-interface";"html-text";"label";"src/plugin/views/modals.html";"1216";"165";"label.text.13";"yes";"no";"not-reviewed";""
"hac.views.modals.p.text.24.3db26c1d";"txt.bb1a21cf1542";"Todas as especificações do lote nascem dentro desta tela.";"";"texto-interface";"html-text";"p";"src/plugin/views/modals.html";"1220";"125";"p.text.24";"yes";"no";"not-reviewed";""
"hac.views.modals.p.text.25.1bdaf4e7";"txt.22e6632609d5";"Os itens abrem um a um para revisão: nenhum vira especificação sem sua confirmação.";"";"texto-interface";"html-text";"p";"src/plugin/views/modals.html";"1223";"120";"p.text.25";"yes";"no";"not-reviewed";""
"hac.views.modals.span.text.19.cf847eb7";"txt.39930e8f7edd";"Esta é uma busca simples por componentes reconhecidos do DSC: ela pode não pegar tudo. Revise se todos os itens passíveis de especificação desta tela foram de fato documentados.";"";"texto-interface";"html-text";"span";"src/plugin/views/modals.html";"1234";"15";"span.text.19";"yes";"no";"not-reviewed";""
"hac.views.modals.a11y.batch.summary.groups.title.text.ea20cea5";"txt.d9435dc20142";"Componentes detectados";"";"texto-interface";"html-text";"a11y-batch-summary-groups-title";"src/plugin/views/modals.html";"1245";"162";"a11y-batch-summary-groups-title.text";"yes";"no";"not-reviewed";""
"hac.views.modals.a11y.token.review.title.text.3128846e";"txt.355c56decc8d";"Possíveis títulos sem token DSC";"";"texto-interface";"html-text";"a11y-token-review-title";"src/plugin/views/modals.html";"1265";"156";"a11y-token-review-title.text";"yes";"no";"not-reviewed";""
"hac.views.modals.p.text.26.c873c941";"txt.8ba9eddd500a";"Sem estilo do DSC vinculado, a detecção automática não pega.";"";"texto-interface";"html-text";"p";"src/plugin/views/modals.html";"1270";"119";"p.text.26";"yes";"no";"not-reviewed";""
"hac.views.modals.span.text.20.c1eb64fa";"txt.92e1bf47c1c4";"Pra resolver, vincule um Text Style do DSC no Figma e escaneie de novo.";"";"texto-interface";"html-text";"span";"src/plugin/views/modals.html";"1272";"74";"span.text.20";"yes";"no";"not-reviewed";""
"hac.views.modals.btn.a11y.batch.confirm.text.49c49b15";"txt.8a91797a2a4e";"Iniciar Revisão";"";"texto-interface";"html-text";"btn-a11y-batch-confirm";"src/plugin/views/modals.html";"1281";"177";"btn-a11y-batch-confirm.text";"yes";"no";"not-reviewed";""
"hac.views.modals.a11y.help.modal.title.text.f523af60";"txt.7bf94bf49f02";"Entendendo as categorias";"";"texto-interface";"html-text";"a11y-help-modal-title";"src/plugin/views/modals.html";"1303";"97";"a11y-help-modal-title.text";"yes";"no";"not-reviewed";""
"hac.views.modals.button.49.title.45d00a00";"txt.5749fbf846d2";"Fechar";"";"texto-interface";"html-attribute:title";"button.49";"src/plugin/views/modals.html";"1304";"71";"button.49.title";"yes";"no";"not-reviewed";""
"hac.views.modals.button.49.aria.label.69a44020";"txt.5749fbf846d2";"Fechar";"";"acessibilidade";"html-attribute:aria-label";"button.49";"src/plugin/views/modals.html";"1304";"91";"button.49.aria-label";"yes";"no";"not-reviewed";""
"hac.views.modals.p.text.27.e9c76d85";"txt.cf3c941c19de";"Especificar para leitores de tela consiste em definir como as tecnologias assistivas (NVDA/VoiceOver/Jaws) interpretam e anunciam os elementos da interface. Essa documentação assegura que o conteúdo seja plenamente compreendido e inclusivo, fornecendo as orientações fundamentais para que o time de desenvolvimento implemente a experiência exatamente como projetada.";"";"texto-interface";"html-text";"p";"src/plugin/views/modals.html";"1317";"152";"p.text.27";"yes";"no";"not-reviewed";""
"hac.views.modals.p.text.28.4bbf23db";"txt.e3e88f097aa9";"Especificar para leitores de tela consiste em definir como as tecnologias assistivas (VoiceOver/Talkback) interpretam e anunciam os elementos da interface. Essa documentação assegura que o conteúdo seja plenamente compreendido e inclusivo, fornecendo as orientações fundamentais para que o time de desenvolvimento implemente a experiência exatamente como projetada.";"";"texto-interface";"html-text";"p";"src/plugin/views/modals.html";"1320";"162";"p.text.28";"yes";"no";"not-reviewed";""
"hac.views.modals.p.text.29.9ebb7163";"txt.2fb75ee3e5ab";"Estrutura da Página";"";"texto-interface";"html-text";"p";"src/plugin/views/modals.html";"1338";"75";"p.text.29";"yes";"no";"not-reviewed";""
"hac.views.modals.p.text.30.44ce8a4e";"txt.7758a88b390c";"Utilizado para marcar elementos semânticos que estruturam o ""esqueleto"" de uma página, indicando as seções de conteúdo e para que servem, exemplos: <header>, <main>, <footer>, etc.";"";"texto-interface";"html-text";"p";"src/plugin/views/modals.html";"1339";"122";"p.text.30";"yes";"no";"not-reviewed";""
"hac.views.modals.a11y.categories.help.titulo.label.text.d5b508a9";"txt.91e5dc8c41f2";"Nível de Título";"";"texto-interface";"html-text";"a11y-categories-help-titulo-label";"src/plugin/views/modals.html";"1349";"114";"a11y-categories-help-titulo-label.text";"yes";"no";"not-reviewed";""
"hac.views.modals.p.text.31.b0002174";"txt.3f6ecd288d15";"Utilizado para estruturar os cabeçalhos da interface (H1-H6) logicamente. O H1 é o título principal (único por página), seguido por H2, H3 e assim por diante. Essa ordem permite que usuários de leitores de tela entendam o sumário do conteúdo.";"";"texto-interface";"html-text";"p";"src/plugin/views/modals.html";"1350";"150";"p.text.31";"yes";"no";"not-reviewed";""
"hac.views.modals.p.text.32.77cbd97e";"txt.ba09734d0e98";"Utilizado para estruturar os cabeçalhos da interface, permitindo que o leitor de tela navegue diretamente entre os tópicos que foram definidos como títulos de conteúdo.";"";"texto-interface";"html-text";"p";"src/plugin/views/modals.html";"1351";"160";"p.text.32";"yes";"no";"not-reviewed";""
"hac.views.modals.p.text.33.7eb66a93";"txt.492bcdf81c97";"Elementos Interativos e Imagens";"";"texto-interface";"html-text";"p";"src/plugin/views/modals.html";"1358";"75";"p.text.33";"yes";"no";"not-reviewed";""
"hac.views.modals.p.text.34.4d77aa4d";"txt.c827d57fb67b";"Utilizado para referenciar componentes no DSC Super App, garantir nome acessível aos elementos e descrever textos alternativos nas imagens.";"";"texto-interface";"html-text";"p";"src/plugin/views/modals.html";"1359";"122";"p.text.34";"yes";"no";"not-reviewed";""
"hac.views.modals.p.text.35.36c4aba0";"txt.dec701da64f7";"Elementos Decorativos";"";"texto-interface";"html-text";"p";"src/plugin/views/modals.html";"1366";"75";"p.text.35";"yes";"no";"not-reviewed";""
"hac.views.modals.p.text.36.5c57ee91";"txt.641a44ee558a";"Utilizado para marcar os elementos que devem ser ignorados pelo leitor de tela, como por exemplo imagens que não passam conteúdo ou função, formas abstratas, divisores ou ícones decorativos.";"";"texto-interface";"html-text";"p";"src/plugin/views/modals.html";"1367";"122";"p.text.36";"yes";"no";"not-reviewed";""
"hac.views.modals.span.text.21.c73abb4d";"txt.9385742ccfac";"Estrutura padrão de cada spec";"";"texto-interface";"html-text";"span";"src/plugin/views/modals.html";"1389";"127";"span.text.21";"yes";"no";"not-reviewed";""
"hac.views.modals.p.text.37.6a423e06";"txt.7ad25902324b";"Toda categoria segue os mesmos campos:";"";"texto-interface";"html-text";"p";"src/plugin/views/modals.html";"1393";"124";"p.text.37";"yes";"no";"not-reviewed";""
"hac.views.modals.strong.text.8.6546233e";"txt.e9df693ec666";"Descrição";"";"texto-interface";"html-text";"strong";"src/plugin/views/modals.html";"1393";"171";"strong.text.8";"yes";"no";"not-reviewed";""
"hac.views.modals.html.text.20.e98a7dcd";"txt.3a4f900caa4f";"(como o elemento deve ou não ser lido) e";"";"texto-interface";"html-text";"html";"src/plugin/views/modals.html";"1393";"189";"html.text.20";"yes";"no";"not-reviewed";""
"hac.views.modals.strong.text.9.52891221";"txt.8904c1be0349";"Notas de Código";"";"texto-interface";"html-text";"strong";"src/plugin/views/modals.html";"1393";"239";"strong.text.9";"yes";"no";"not-reviewed";""
"hac.views.modals.html.text.21.12e4eb08";"txt.50f1fe7f0710";"(apontamento técnico pro dev), quando aplicável à variante escolhida.";"";"texto-interface";"html-text";"html";"src/plugin/views/modals.html";"1393";"263";"html.text.21";"yes";"no";"not-reviewed";""
"hac.views.modals.span.text.22.53aca977";"txt.dda2356d709d";"Tela → Especificação";"";"texto-interface";"html-text";"span";"src/plugin/views/modals.html";"1400";"127";"span.text.22";"yes";"no";"not-reviewed";""
"hac.views.modals.strong.text.10.d4ef9d16";"txt.26edd591c064";"Selecionar Tela";"";"texto-interface";"html-text";"strong";"src/plugin/views/modals.html";"1404";"132";"strong.text.10";"yes";"no";"not-reviewed";""
"hac.views.modals.html.text.22.b5f1d72b";"txt.b6b0e57dbd74";"(selo azul numerado) é o pré-requisito: identifica uma seção ou bloco da tela e agrupa, na listagem lateral, todas as especificações criadas dentro dela. Cada uma das categorias acima é uma";"";"texto-interface";"html-text";"html";"src/plugin/views/modals.html";"1404";"156";"html.text.22";"yes";"no";"not-reviewed";""
"hac.views.modals.strong.text.11.445db442";"txt.379c4d4bf08b";"Especificação";"";"texto-interface";"html-text";"strong";"src/plugin/views/modals.html";"1404";"355";"strong.text.11";"yes";"no";"not-reviewed";""
"hac.views.modals.html.text.23.fab67161";"txt.9b77fa82f063";", sempre criada dentro de uma tela já selecionada.";"";"texto-interface";"html-text";"html";"src/plugin/views/modals.html";"1404";"377";"html.text.23";"yes";"no";"not-reviewed";""
"hac.views.modals.strong.text.12.1bc23756";"txt.a16efcde6ea5";"Contorno";"";"texto-interface";"html-text";"strong";"src/plugin/views/modals.html";"1405";"132";"strong.text.12";"yes";"no";"not-reviewed";""
"hac.views.modals.html.text.24.585ee07a";"txt.a701fe2981d3";"(padrão) envolve o elemento inteiro com uma moldura, com o selo embutido num dos cantos.";"";"texto-interface";"html-text";"html";"src/plugin/views/modals.html";"1405";"149";"html.text.24";"yes";"no";"not-reviewed";""
"hac.views.modals.strong.text.13.4ac53f76";"txt.41df2a9278c4";"Linha";"";"texto-interface";"html-text";"strong";"src/plugin/views/modals.html";"1405";"247";"strong.text.13";"yes";"no";"not-reviewed";""
"hac.views.modals.html.text.25.9b6426b6";"txt.6b5689a11869";"liga um ponto do elemento ao card de detalhamento com um traço, sem contornar a tela, útil quando o elemento é pequeno ou está muito próximo de outros. Os dois são desenhados sobre uma cópia de trabalho do elemento, nunca sobre o frame original do seu design: o original nunca é alterado.";"";"texto-interface";"html-text";"html";"src/plugin/views/modals.html";"1405";"261";"html.text.25";"yes";"no";"not-reviewed";""
"hac.views.modals.span.text.23.7dd89eed";"txt.e03db010ef33";"Casos de borda comuns";"";"texto-interface";"html-text";"span";"src/plugin/views/modals.html";"1412";"127";"span.text.23";"yes";"no";"not-reviewed";""
"hac.views.modals.p.text.38.fdee07b3";"txt.0fa6152aceae";"Um ícone ao lado de um texto que já explica a mesma coisa (ex.: ícone de lixeira ao lado do texto ""Excluir"") é";"";"texto-interface";"html-text";"p";"src/plugin/views/modals.html";"1416";"124";"p.text.38";"yes";"no";"not-reviewed";""
"hac.views.modals.em.text.1.6862a921";"txt.7b308cab01a6";"decorativo";"";"texto-interface";"html-text";"em";"src/plugin/views/modals.html";"1416";"239";"em.text.1";"yes";"no";"not-reviewed";""
"hac.views.modals.html.text.26.f3ec66d6";"txt.4d2b36393cb1";": o texto já basta. Já um ícone sozinho, sem texto ao lado, que representa uma ação (ex.: só o ícone de lixeira, sem rótulo visível) é";"";"texto-interface";"html-text";"html";"src/plugin/views/modals.html";"1416";"254";"html.text.26";"yes";"no";"not-reviewed";""
"hac.views.modals.em.text.2.f579580b";"txt.410870c91720";"Elemento e Imagem";"";"texto-interface";"html-text";"em";"src/plugin/views/modals.html";"1416";"393";"em.text.2";"yes";"no";"not-reviewed";""
"hac.views.modals.html.text.27.c2fb08b5";"txt.bdb1613cf34f";", e precisa de descrição explicando a função.";"";"texto-interface";"html-text";"html";"src/plugin/views/modals.html";"1416";"415";"html.text.27";"yes";"no";"not-reviewed";""
"hac.views.modals.p.text.39.077f94ea";"txt.99bb50a521eb";"Uma imagem que só ilustra/decora a tela (banner, ilustração de fundo) é";"";"texto-interface";"html-text";"p";"src/plugin/views/modals.html";"1417";"124";"p.text.39";"yes";"no";"not-reviewed";""
"hac.views.modals.em.text.3.004a9390";"txt.2ef640a147ae";"decorativa";"";"texto-interface";"html-text";"em";"src/plugin/views/modals.html";"1417";"200";"em.text.3";"yes";"no";"not-reviewed";""
"hac.views.modals.html.text.28.a6bc0f88";"txt.d6fffaa75c86";". Uma imagem que carrega informação que não está em texto em nenhum outro lugar (gráfico, print de comprovante, foto de um documento) é";"";"texto-interface";"html-text";"html";"src/plugin/views/modals.html";"1417";"215";"html.text.28";"yes";"no";"not-reviewed";""
"hac.views.modals.em.text.4.fbaec636";"txt.410870c91720";"Elemento e Imagem";"";"texto-interface";"html-text";"em";"src/plugin/views/modals.html";"1417";"355";"em.text.4";"yes";"no";"not-reviewed";""
"hac.views.modals.html.text.29.200aab9e";"txt.c8cd3532a993";"e precisa de texto alternativo descrevendo o conteúdo.";"";"texto-interface";"html-text";"html";"src/plugin/views/modals.html";"1417";"377";"html.text.29";"yes";"no";"not-reviewed";""
"hac.views.modals.p.text.40.135e40b8";"txt.5432a615a866";"No final, o time de dev não recebe um documento à parte: consome direto o";"";"texto-interface";"html-text";"p";"src/plugin/views/modals.html";"1418";"124";"p.text.40";"yes";"no";"not-reviewed";""
"hac.views.modals.strong.text.14.1b705aea";"txt.2571b7914b0b";"Handoff de Acessibilidade";"";"texto-interface";"html-text";"strong";"src/plugin/views/modals.html";"1418";"206";"strong.text.14";"yes";"no";"not-reviewed";""
"hac.views.modals.html.text.30.456a200a";"txt.e57a65c1e243";"gerado na aba Handoff de cada tela, que reúne Descrição e Notas de Código de cada especificação já registrada no canvas.";"";"texto-interface";"html-text";"html";"src/plugin/views/modals.html";"1418";"240";"html.text.30";"yes";"no";"not-reviewed";""
"hac.views.modals.script.text.2.0db3b9d1";"txt.a525e5e6a550";"(function () {\nfunction renderA11yCategoriesHelpBadges() {\nif (typeof A11Y_CATEGORIES === 'undefined' || typeof renderA11yCategoryBadgeSvg === 'undefined') return; // defensivo — nunca deveria faltar quando o modal já pode ser aberto\ndocument.querySelectorAll('.a11y-cat-badge[data-a11y-cat]').forEach(function (el) {\nvar catKey = el.getAttribute('data-a11y-cat');\nif (!A11Y_CATEGORIES[catKey]) return;\n// Forma real da categoria (círculo/estrela/quadrado) via SVG puro —\n// substitui o antigo círculo com borda + ícone Lucide. A borda/cor\n// inline não é mais necessária aqui (a cor já vem preenchida no SVG).\nel.style.borderColor = 'transparent';\nel.innerHTML = renderA11yCategoryBadgeSvg(catKey, 28);\n});\n}\n\nfunction attachObserver() {\nvar modal = document.getElementById('a11y-categories-help-modal');\nif (!modal) return;\nvar observer = new MutationObserver(function () {\nif (!modal.classList.contains('hidden')) renderA11yCategoriesHelpBadges();\n});\nobserver.observe(modal, { attributes: true, attributeFilter: ['class'] });\n}\n\n// Guard pros dois casos possíveis: script avaliado durante o parsing\n// (documento ainda ""loading"", caso normal aqui) ou já carregado por algum\n// motivo — nunca perde o attach por causa de timing de DOMContentLoaded.\nif (document.readyState === 'loading') {\ndocument.addEventListener('DOMContentLoaded', attachObserver);\n} else {\nattachObserver();\n}\n})();";"";"texto-interface";"html-text";"script";"src/plugin/views/modals.html";"1439";"9";"script.text.2";"yes";"no";"not-reviewed";""
"hac.views.modals.button.53.aria.label.ca922bb8";"txt.5749fbf846d2";"Fechar";"";"acessibilidade";"html-attribute:aria-label";"button.53";"src/plugin/views/modals.html";"1485";"53";"button.53.aria-label";"yes";"no";"not-reviewed";""
"hac.views.modals.html.text.31.7ed54313";"txt.1bfb1079ad87";"Sobre o hac";"";"texto-interface";"html-text";"html";"src/plugin/views/modals.html";"1505";"96";"html.text.31";"yes";"no";"not-reviewed";""
"hac.views.modals.button.54.title.7e22b45c";"txt.5749fbf846d2";"Fechar";"";"texto-interface";"html-attribute:title";"button.54";"src/plugin/views/modals.html";"1507";"62";"button.54.title";"yes";"no";"not-reviewed";""
"hac.views.modals.button.54.aria.label.48f05019";"txt.5749fbf846d2";"Fechar";"";"acessibilidade";"html-attribute:aria-label";"button.54";"src/plugin/views/modals.html";"1507";"82";"button.54.aria-label";"yes";"no";"not-reviewed";""
"hac.views.modals.strong.text.15.3321b4ee";"txt.5aca2c82a2f4";"HAC";"";"texto-interface";"html-text";"strong";"src/plugin/views/modals.html";"1518";"17";"strong.text.15";"yes";"no";"not-reviewed";""
"hac.views.modals.html.text.32.b78be243";"txt.654462ab0bc2";"— Handoff de Acessibilidade CAIXA. Documenta, direto no canvas do Figma, como cada elemento da tela deve ser interpretado por um leitor de tela e em que ordem o teclado deve navegá-la.";"";"texto-interface";"html-text";"html";"src/plugin/views/modals.html";"1518";"29";"html.text.32";"yes";"no";"not-reviewed";""
"hac.views.modals.dt.text.1.01e09ef3";"txt.c0fd4beaf49f";"Versão";"";"texto-interface";"html-text";"dt";"src/plugin/views/modals.html";"1522";"114";"dt.text.1";"yes";"no";"not-reviewed";""
"hac.views.modals.dt.text.2.fa11f27a";"txt.81e7886018e4";"Vertical responsável";"";"texto-interface";"html-text";"dt";"src/plugin/views/modals.html";"1526";"114";"dt.text.2";"yes";"no";"not-reviewed";""
"hac.views.modals.dd.text.1.7c967f77";"txt.2319af1437e6";"Acessibilidade";"";"texto-interface";"html-text";"dd";"src/plugin/views/modals.html";"1527";"68";"dd.text.1";"yes";"no";"not-reviewed";""
"hac.views.modals.dt.text.3.0ff0c937";"txt.0dbd8e0ed054";"Plataforma do projeto";"";"texto-interface";"html-text";"dt";"src/plugin/views/modals.html";"1531";"116";"dt.text.3";"yes";"no";"not-reviewed";""
"hac.views.modals.button.text.12.a4b46dbf";"txt.b38aca7dfaea";"Trocar";"";"texto-interface";"html-text";"button";"src/plugin/views/modals.html";"1535";"198";"button.text.12";"yes";"no";"not-reviewed";""
"hac.views.modals.p.text.41.11b62d8f";"txt.ac9600b38509";"Manutenção";"";"texto-interface";"html-text";"p";"src/plugin/views/modals.html";"1547";"111";"p.text.41";"yes";"no";"not-reviewed";""
"hac.views.modals.html.text.33.f196c766";"txt.d851537942fc";"Limpar cache";"";"texto-interface";"html-text";"html";"src/plugin/views/modals.html";"1550";"84";"html.text.33";"yes";"no";"not-reviewed";""
"hac.views.modals.html.text.34.81130695";"txt.ddb40a12ad53";"Limpar tudo (cache + canvas)";"";"texto-interface";"html-text";"html";"src/plugin/views/modals.html";"1555";"82";"html.text.34";"yes";"no";"not-reviewed";""
"hac.views.modals.button.text.13.05c8925c";"txt.5749fbf846d2";"Fechar";"";"texto-interface";"html-text";"button";"src/plugin/views/modals.html";"1561";"180";"button.text.13";"yes";"no";"not-reviewed";""
"hac.views.modals.a11y.confirm.modal.title.text.text.ed0e0934";"txt.edc840d427be";"Confirmar ação";"";"texto-interface";"html-text";"a11y-confirm-modal-title-text";"src/plugin/views/modals.html";"1580";"135";"a11y-confirm-modal-title-text.text";"yes";"no";"not-reviewed";""
"hac.views.modals.button.59.title.c5c969b0";"txt.62b1466cf22e";"Cancelar";"";"texto-interface";"html-attribute:title";"button.59";"src/plugin/views/modals.html";"1582";"57";"button.59.title";"yes";"no";"not-reviewed";""
"hac.views.modals.button.59.aria.label.cc65a7f9";"txt.5749fbf846d2";"Fechar";"";"acessibilidade";"html-attribute:aria-label";"button.59";"src/plugin/views/modals.html";"1582";"79";"button.59.aria-label";"yes";"no";"not-reviewed";""
"hac.views.modals.a11y.confirm.modal.cancel.btn.title.9d1e47e6";"txt.62b1466cf22e";"Cancelar";"";"texto-interface";"html-attribute:title";"a11y-confirm-modal-cancel-btn";"src/plugin/views/modals.html";"1590";"92";"a11y-confirm-modal-cancel-btn.title";"yes";"no";"not-reviewed";""
"hac.views.modals.a11y.confirm.modal.cancel.btn.text.20d7bb13";"txt.62b1466cf22e";"Cancelar";"";"texto-interface";"html-text";"a11y-confirm-modal-cancel-btn";"src/plugin/views/modals.html";"1590";"227";"a11y-confirm-modal-cancel-btn.text";"yes";"no";"not-reviewed";""
"hac.views.modals.a11y.confirm.modal.confirm.btn.text.51c606f1";"txt.4f0e5eb69067";"Confirmar";"";"texto-interface";"html-text";"a11y-confirm-modal-confirm-btn";"src/plugin/views/modals.html";"1591";"240";"a11y-confirm-modal-confirm-btn.text";"yes";"no";"not-reviewed";""
"hac.views.specifications.button.1.aria.label.9c3934e8";"txt.99fe52168ad5";"Voltar para a página inicial";"";"acessibilidade";"html-attribute:aria-label";"button.1";"src/plugin/views/specifications.html";"21";"59";"button.1.aria-label";"yes";"no";"not-reviewed";""
"hac.views.specifications.a11y.header.title.text.d21b57ee";"txt.2319af1437e6";"Acessibilidade";"";"texto-interface";"html-text";"a11y-header-title";"src/plugin/views/specifications.html";"24";"94";"a11y-header-title.text";"yes";"no";"not-reviewed";""
"hac.views.specifications.btn.a11y.more.actions.title.b4159eb3";"txt.36b6b95cf4a9";"Mais ações";"";"texto-interface";"html-attribute:title";"btn-a11y-more-actions";"src/plugin/views/specifications.html";"30";"20";"btn-a11y-more-actions.title";"yes";"no";"not-reviewed";""
"hac.views.specifications.btn.a11y.more.actions.aria.label.c5cf5517";"txt.36b6b95cf4a9";"Mais ações";"";"acessibilidade";"html-attribute:aria-label";"btn-a11y-more-actions";"src/plugin/views/specifications.html";"30";"44";"btn-a11y-more-actions.aria-label";"yes";"no";"not-reviewed";""
"hac.views.specifications.html.text.1.3770907a";"txt.b3d710b1eb71";"Como utilizar o Plugin";"";"texto-interface";"html-text";"html";"src/plugin/views/specifications.html";"36";"131";"html.text.1";"yes";"no";"not-reviewed";""
"hac.views.specifications.html.text.2.acd813d1";"txt.cdcc172a4269";"Como funciona o handoff";"";"texto-interface";"html-text";"html";"src/plugin/views/specifications.html";"41";"128";"html.text.2";"yes";"no";"not-reviewed";""
"hac.views.specifications.btn.a11y.select.screen.header.title.17a7b7cc";"txt.26edd591c064";"Selecionar tela";"";"texto-interface";"html-attribute:title";"btn-a11y-select-screen-header";"src/plugin/views/specifications.html";"46";"122";"btn-a11y-select-screen-header.title";"yes";"no";"not-reviewed";""
"hac.views.specifications.btn.a11y.select.screen.header.aria.label.08c246dd";"txt.26edd591c064";"Selecionar tela";"";"acessibilidade";"html-attribute:aria-label";"btn-a11y-select-screen-header";"src/plugin/views/specifications.html";"46";"151";"btn-a11y-select-screen-header.aria-label";"yes";"no";"not-reviewed";""
"hac.views.specifications.span.text.1.80b5f565";"txt.26edd591c064";"Selecionar Tela";"";"texto-interface";"html-text";"span";"src/plugin/views/specifications.html";"48";"17";"span.text.1";"yes";"no";"not-reviewed";""
"hac.views.specifications.h4.text.1.4b5cd126";"txt.1e2f2be12c33";"Telas Documentadas (";"";"texto-interface";"html-text";"h4";"src/plugin/views/specifications.html";"79";"117";"h4.text.1";"yes";"no";"not-reviewed";""
"hac.views.specifications.button.6.aria.label.e100a653";"txt.3cfe63338f14";"Voltar para a lista de telas";"";"acessibilidade";"html-attribute:aria-label";"button.6";"src/plugin/views/specifications.html";"150";"62";"button.6.aria-label";"yes";"no";"not-reviewed";""
"hac.views.specifications.a11y.workspace.title.text.c3db1fff";"txt.92601ed7e85c";"Tela";"";"texto-interface";"html-text";"a11y-workspace-title";"src/plugin/views/specifications.html";"153";"95";"a11y-workspace-title.text";"yes";"no";"not-reviewed";""
"hac.views.specifications.btn.a11y.workspace.more.actions.title.88ae2734";"txt.36b6b95cf4a9";"Mais ações";"";"texto-interface";"html-attribute:title";"btn-a11y-workspace-more-actions";"src/plugin/views/specifications.html";"159";"18";"btn-a11y-workspace-more-actions.title";"yes";"no";"not-reviewed";""
"hac.views.specifications.btn.a11y.workspace.more.actions.aria.label.e16044a8";"txt.36b6b95cf4a9";"Mais ações";"";"acessibilidade";"html-attribute:aria-label";"btn-a11y-workspace-more-actions";"src/plugin/views/specifications.html";"159";"42";"btn-a11y-workspace-more-actions.aria-label";"yes";"no";"not-reviewed";""
"hac.views.specifications.html.text.3.d02acd32";"txt.08f002c56c5f";"Focar no canvas";"";"texto-interface";"html-text";"html";"src/plugin/views/specifications.html";"165";"121";"html.text.3";"yes";"no";"not-reviewed";""
"hac.views.specifications.html.text.4.c8c2418d";"txt.deb0ae418ba9";"Ocultar/Mostrar no canvas";"";"texto-interface";"html-text";"html";"src/plugin/views/specifications.html";"170";"122";"html.text.4";"yes";"no";"not-reviewed";""
"hac.views.specifications.html.text.5.1c40a2c8";"txt.df5ab335477b";"Remover tela";"";"texto-interface";"html-text";"html";"src/plugin/views/specifications.html";"175";"86";"html.text.5";"yes";"no";"not-reviewed";""
"hac.views.specifications.span.text.2.f9e13245";"txt.afd410875455";"Tabulação";"";"texto-interface";"html-text";"span";"src/plugin/views/specifications.html";"202";"32";"span.text.2";"yes";"no";"not-reviewed";""
"hac.views.specifications.span.text.3.686fa034";"txt.54f46d64bf13";"Swipe";"";"texto-interface";"html-text";"span";"src/plugin/views/specifications.html";"207";"32";"span.text.3";"yes";"no";"not-reviewed";""
"hac.views.specifications.span.text.4.a95da597";"txt.2cccdb3dac0d";"Leitor de Tela";"";"texto-interface";"html-text";"span";"src/plugin/views/specifications.html";"212";"32";"span.text.4";"yes";"no";"not-reviewed";""
"hac.views.specifications.span.text.5.c66e1068";"txt.29e3cd750be2";"Resumo";"";"texto-interface";"html-text";"span";"src/plugin/views/specifications.html";"217";"32";"span.text.5";"yes";"no";"not-reviewed";""
